epoch,lr-AdamW/pg1,lr-AdamW/pg2,step,train_AverageAccuracy,train_AverageF1Score,train_AverageJaccardIndex,train_AveragePrecision,train_AverageRecall,train_ClasswiseAccuracy_0,train_ClasswiseAccuracy_1,train_ClasswiseAccuracy_2,train_ClasswiseAccuracy_3,train_ClasswiseAccuracy_4,train_ClasswiseF1Score_0,train_ClasswiseF1Score_1,train_ClasswiseF1Score_2,train_ClasswiseF1Score_3,train_ClasswiseF1Score_4,train_ClasswiseJaccardIndex_0,train_ClasswiseJaccardIndex_1,train_ClasswiseJaccardIndex_2,train_ClasswiseJaccardIndex_3,train_ClasswiseJaccardIndex_4,train_ClasswisePrecision_0,train_ClasswisePrecision_1,train_ClasswisePrecision_2,train_ClasswisePrecision_3,train_ClasswisePrecision_4,train_ClasswiseRecall_0,train_ClasswiseRecall_1,train_ClasswiseRecall_2,train_ClasswiseRecall_3,train_ClasswiseRecall_4,train_OverallAccuracy,train_OverallF1Score,train_OverallJaccardIndex,train_OverallPrecision,train_OverallRecall,train_loss,val_AverageAccuracy,val_AverageF1Score,val_AverageJaccardIndex,val_AveragePrecision,val_AverageRecall,val_ClasswiseAccuracy_0,val_ClasswiseAccuracy_1,val_ClasswiseAccuracy_2,val_ClasswiseAccuracy_3,val_ClasswiseAccuracy_4,val_ClasswiseF1Score_0,val_ClasswiseF1Score_1,val_ClasswiseF1Score_2,val_ClasswiseF1Score_3,val_ClasswiseF1Score_4,val_ClasswiseJaccardIndex_0,val_ClasswiseJaccardIndex_1,val_ClasswiseJaccardIndex_2,val_ClasswiseJaccardIndex_3,val_ClasswiseJaccardIndex_4,val_ClasswisePrecision_0,val_ClasswisePrecision_1,val_ClasswisePrecision_2,val_ClasswisePrecision_3,val_ClasswisePrecision_4,val_ClasswiseRecall_0,val_ClasswiseRecall_1,val_ClasswiseRecall_2,val_ClasswiseRecall_3,val_ClasswiseRecall_4,val_OverallAccuracy,val_OverallF1Score,val_OverallJaccardIndex,val_OverallPrecision,val_OverallRecall,val_loss
,1e-05,0.0001,0,,,,,,,,,,,,,,,,,,,,,,,,,,,,,,,,,,,,,,,,,,,,,,,,,,,,,,,,,,,,,,,,,,,,,,,,
0,,,4,,,,,,,,,,,,,,,,,,,,,,,,,,,,,,,,,,,,0.9833014607429504,,,,,,,,,,,,,,,,,,,,,,,,,,,,,,,,,,,,
0,,,9,,,,,,,,,,,,,,,,,,,,,,,,,,,,,,,,,,,,0.9689009189605713,,,,,,,,,,,,,,,,,,,,,,,,,,,,,,,,,,,,
0,,,14,,,,,,,,,,,,,,,,,,,,,,,,,,,,,,,,,,,,0.9432945251464844,,,,,,,,,,,,,,,,,,,,,,,,,,,,,,,,,,,,
0,,,19,,,,,,,,,,,,,,,,,,,,,,,,,,,,,,,,,,,,0.9438475370407104,,,,,,,,,,,,,,,,,,,,,,,,,,,,,,,,,,,,
0,,,24,,,,,,,,,,,,,,,,,,,,,,,,,,,,,,,,,,,,0.8463218808174133,,,,,,,,,,,,,,,,,,,,,,,,,,,,,,,,,,,,
0,,,29,,,,,,,,,,,,,,,,,,,,,,,,,,,,,,,,,,,,0.8747398257255554,,,,,,,,,,,,,,,,,,,,,,,,,,,,,,,,,,,,
0,,,34,,,,,,,,,,,,,,,,,,,,,,,,,,,,,,,,,,,,0.9142541289329529,,,,,,,,,,,,,,,,,,,,,,,,,,,,,,,,,,,,
0,,,39,,,,,,,,,,,,,,,,,,,,,,,,,,,,,,,,,,,,0.8065235614776611,,,,,,,,,,,,,,,,,,,,,,,,,,,,,,,,,,,,
0,,,44,,,,,,,,,,,,,,,,,,,,,,,,,,,,,,,,,,,,0.8230988383293152,,,,,,,,,,,,,,,,,,,,,,,,,,,,,,,,,,,,
0,,,49,,,,,,,,,,,,,,,,,,,,,,,,,,,,,,,,,,,,0.814118504524231,,,,,,,,,,,,,,,,,,,,,,,,,,,,,,,,,,,,
0,,,54,,,,,,,,,,,,,,,,,,,,,,,,,,,,,,,,,,,,0.7944622039794922,,,,,,,,,,,,,,,,,,,,,,,,,,,,,,,,,,,,
0,,,59,,,,,,,,,,,,,,,,,,,,,,,,,,,,,,,,,,,,0.8142580389976501,,,,,,,,,,,,,,,,,,,,,,,,,,,,,,,,,,,,
0,,,64,,,,,,,,,,,,,,,,,,,,,,,,,,,,,,,,,,,,0.7510247826576233,,,,,,,,,,,,,,,,,,,,,,,,,,,,,,,,,,,,
0,,,69,,,,,,,,,,,,,,,,,,,,,,,,,,,,,,,,,,,,0.8309682011604309,,,,,,,,,,,,,,,,,,,,,,,,,,,,,,,,,,,,
0,,,74,,,,,,,,,,,,,,,,,,,,,,,,,,,,,,,,,,,,0.8081113696098328,,,,,,,,,,,,,,,,,,,,,,,,,,,,,,,,,,,,
0,,,79,,,,,,,,,,,,,,,,,,,,,,,,,,,,,,,,,,,,0.7638915777206421,,,,,,,,,,,,,,,,,,,,,,,,,,,,,,,,,,,,
0,,,84,,,,,,,,,,,,,,,,,,,,,,,,,,,,,,,,,,,,0.455191969871521,,,,,,,,,,,,,,,,,,,,,,,,,,,,,,,,,,,,
0,,,89,,,,,,,,,,,,,,,,,,,,,,,,,,,,,,,,,,,,0.7299467325210571,,,,,,,,,,,,,,,,,,,,,,,,,,,,,,,,,,,,
0,,,94,,,,,,,,,,,,,,,,,,,,,,,,,,,,,,,,,,,,0.7025510668754578,,,,,,,,,,,,,,,,,,,,,,,,,,,,,,,,,,,,
0,,,99,,,,,,,,,,,,,,,,,,,,,,,,,,,,,,,,,,,,0.7098519802093506,,,,,,,,,,,,,,,,,,,,,,,,,,,,,,,,,,,,
0,,,104,,,,,,,,,,,,,,,,,,,,,,,,,,,,,,,,,,,,0.5247766971588135,,,,,,,,,,,,,,,,,,,,,,,,,,,,,,,,,,,,
0,,,109,,,,,,,,,,,,,,,,,,,,,,,,,,,,,,,,,,,,0.8613094687461853,,,,,,,,,,,,,,,,,,,,,,,,,,,,,,,,,,,,
0,,,114,,,,,,,,,,,,,,,,,,,,,,,,,,,,,,,,,,,,0.8920485973358154,,,,,,,,,,,,,,,,,,,,,,,,,,,,,,,,,,,,
0,,,119,,,,,,,,,,,,,,,,,,,,,,,,,,,,,,,,,,,,0.6326180696487427,,,,,,,,,,,,,,,,,,,,,,,,,,,,,,,,,,,,
0,,,124,,,,,,,,,,,,,,,,,,,,,,,,,,,,,,,,,,,,0.7670420408248901,,,,,,,,,,,,,,,,,,,,,,,,,,,,,,,,,,,,
0,,,129,,,,,,,,,,,,,,,,,,,,,,,,,,,,,,,,,,,,0.6655056476593018,,,,,,,,,,,,,,,,,,,,,,,,,,,,,,,,,,,,
0,,,134,,,,,,,,,,,,,,,,,,,,,,,,,,,,,,,,,,,,0.37048035860061646,,,,,,,,,,,,,,,,,,,,,,,,,,,,,,,,,,,,
0,,,139,,,,,,,,,,,,,,,,,,,,,,,,,,,,,,,,,,,,0.7648088932037354,,,,,,,,,,,,,,,,,,,,,,,,,,,,,,,,,,,,
0,,,144,,,,,,,,,,,,,,,,,,,,,,,,,,,,,,,,,,,,0.5982203483581543,,,,,,,,,,,,,,,,,,,,,,,,,,,,,,,,,,,,
0,,,149,,,,,,,,,,,,,,,,,,,,,,,,,,,,,,,,,,,,0.8040169477462769,,,,,,,,,,,,,,,,,,,,,,,,,,,,,,,,,,,,
0,,,154,,,,,,,,,,,,,,,,,,,,,,,,,,,,,,,,,,,,0.8164553642272949,,,,,,,,,,,,,,,,,,,,,,,,,,,,,,,,,,,,
0,,,159,,,,,,,,,,,,,,,,,,,,,,,,,,,,,,,,,,,,0.7766510248184204,,,,,,,,,,,,,,,,,,,,,,,,,,,,,,,,,,,,
0,,,164,,,,,,,,,,,,,,,,,,,,,,,,,,,,,,,,,,,,0.6822208762168884,,,,,,,,,,,,,,,,,,,,,,,,,,,,,,,,,,,,
0,,,169,,,,,,,,,,,,,,,,,,,,,,,,,,,,,,,,,,,,0.46541309356689453,,,,,,,,,,,,,,,,,,,,,,,,,,,,,,,,,,,,
0,,,174,,,,,,,,,,,,,,,,,,,,,,,,,,,,,,,,,,,,0.3144944906234741,,,,,,,,,,,,,,,,,,,,,,,,,,,,,,,,,,,,
0,,,179,,,,,,,,,,,,,,,,,,,,,,,,,,,,,,,,,,,,0.599875807762146,,,,,,,,,,,,,,,,,,,,,,,,,,,,,,,,,,,,
0,,,184,,,,,,,,,,,,,,,,,,,,,,,,,,,,,,,,,,,,0.6929327249526978,,,,,,,,,,,,,,,,,,,,,,,,,,,,,,,,,,,,
0,,,189,,,,,,,,,,,,,,,,,,,,,,,,,,,,,,,,,,,,0.809028148651123,,,,,,,,,,,,,,,,,,,,,,,,,,,,,,,,,,,,
0,,,194,,,,,,,,,,,,,,,,,,,,,,,,,,,,,,,,,,,,0.7127114534378052,,,,,,,,,,,,,,,,,,,,,,,,,,,,,,,,,,,,
0,,,199,,,,,,,,,,,,,,,,,,,,,,,,,,,,,,,,,,,,0.6533666849136353,,,,,,,,,,,,,,,,,,,,,,,,,,,,,,,,,,,,
0,,,204,,,,,,,,,,,,,,,,,,,,,,,,,,,,,,,,,,,,0.7516716122627258,,,,,,,,,,,,,,,,,,,,,,,,,,,,,,,,,,,,
0,,,209,,,,,,,,,,,,,,,,,,,,,,,,,,,,,,,,,,,,0.7311170101165771,,,,,,,,,,,,,,,,,,,,,,,,,,,,,,,,,,,,
0,,,214,,,,,,,,,,,,,,,,,,,,,,,,,,,,,,,,,,,,0.4587855339050293,,,,,,,,,,,,,,,,,,,,,,,,,,,,,,,,,,,,
0,,,219,,,,,,,,,,,,,,,,,,,,,,,,,,,,,,,,,,,,0.6465597748756409,,,,,,,,,,,,,,,,,,,,,,,,,,,,,,,,,,,,
0,,,224,,,,,,,,,,,,,,,,,,,,,,,,,,,,,,,,,,,,0.7638151049613953,,,,,,,,,,,,,,,,,,,,,,,,,,,,,,,,,,,,
0,,,229,,,,,,,,,,,,,,,,,,,,,,,,,,,,,,,,,,,,0.4058660864830017,,,,,,,,,,,,,,,,,,,,,,,,,,,,,,,,,,,,
0,,,234,,,,,,,,,,,,,,,,,,,,,,,,,,,,,,,,,,,,0.6896936297416687,,,,,,,,,,,,,,,,,,,,,,,,,,,,,,,,,,,,
0,,,239,,,,,,,,,,,,,,,,,,,,,,,,,,,,,,,,,,,,0.782155454158783,,,,,,,,,,,,,,,,,,,,,,,,,,,,,,,,,,,,
0,,,244,,,,,,,,,,,,,,,,,,,,,,,,,,,,,,,,,,,,0.43128952383995056,,,,,,,,,,,,,,,,,,,,,,,,,,,,,,,,,,,,
0,,,249,,,,,,,,,,,,,,,,,,,,,,,,,,,,,,,,,,,,0.7835997343063354,,,,,,,,,,,,,,,,,,,,,,,,,,,,,,,,,,,,
0,,,254,,,,,,,,,,,,,,,,,,,,,,,,,,,,,,,,,,,,0.6679343581199646,,,,,,,,,,,,,,,,,,,,,,,,,,,,,,,,,,,,
0,,,259,,,,,,,,,,,,,,,,,,,,,,,,,,,,,,,,,,,,0.33500126004219055,,,,,,,,,,,,,,,,,,,,,,,,,,,,,,,,,,,,
0,,,264,,,,,,,,,,,,,,,,,,,,,,,,,,,,,,,,,,,,0.5646931529045105,,,,,,,,,,,,,,,,,,,,,,,,,,,,,,,,,,,,
0,,,269,,,,,,,,,,,,,,,,,,,,,,,,,,,,,,,,,,,,0.5313910841941833,,,,,,,,,,,,,,,,,,,,,,,,,,,,,,,,,,,,
0,,,274,,,,,,,,,,,,,,,,,,,,,,,,,,,,,,,,,,,,0.5899559259414673,,,,,,,,,,,,,,,,,,,,,,,,,,,,,,,,,,,,
0,,,279,,,,,,,,,,,,,,,,,,,,,,,,,,,,,,,,,,,,0.4804993271827698,,,,,,,,,,,,,,,,,,,,,,,,,,,,,,,,,,,,
0,,,284,,,,,,,,,,,,,,,,,,,,,,,,,,,,,,,,,,,,0.6017908453941345,,,,,,,,,,,,,,,,,,,,,,,,,,,,,,,,,,,,
0,,,289,,,,,,,,,,,,,,,,,,,,,,,,,,,,,,,,,,,,0.4324724078178406,,,,,,,,,,,,,,,,,,,,,,,,,,,,,,,,,,,,
0,,,294,,,,,,,,,,,,,,,,,,,,,,,,,,,,,,,,,,,,0.4551945924758911,,,,,,,,,,,,,,,,,,,,,,,,,,,,,,,,,,,,
0,,,299,,,,,,,,,,,,,,,,,,,,,,,,,,,,,,,,,,,,0.5224111080169678,,,,,,,,,,,,,,,,,,,,,,,,,,,,,,,,,,,,
0,,,304,,,,,,,,,,,,,,,,,,,,,,,,,,,,,,,,,,,,0.41034364700317383,,,,,,,,,,,,,,,,,,,,,,,,,,,,,,,,,,,,
0,,,309,,,,,,,,,,,,,,,,,,,,,,,,,,,,,,,,,,,,0.42392605543136597,,,,,,,,,,,,,,,,,,,,,,,,,,,,,,,,,,,,
0,,,314,,,,,,,,,,,,,,,,,,,,,,,,,,,,,,,,,,,,0.4659424424171448,,,,,,,,,,,,,,,,,,,,,,,,,,,,,,,,,,,,
0,,,319,,,,,,,,,,,,,,,,,,,,,,,,,,,,,,,,,,,,0.7359670400619507,,,,,,,,,,,,,,,,,,,,,,,,,,,,,,,,,,,,
0,,,324,,,,,,,,,,,,,,,,,,,,,,,,,,,,,,,,,,,,0.3923594653606415,,,,,,,,,,,,,,,,,,,,,,,,,,,,,,,,,,,,
0,,,329,,,,,,,,,,,,,,,,,,,,,,,,,,,,,,,,,,,,0.7926673889160156,,,,,,,,,,,,,,,,,,,,,,,,,,,,,,,,,,,,
0,,,334,,,,,,,,,,,,,,,,,,,,,,,,,,,,,,,,,,,,0.5048567652702332,,,,,,,,,,,,,,,,,,,,,,,,,,,,,,,,,,,,
0,,,339,,,,,,,,,,,,,,,,,,,,,,,,,,,,,,,,,,,,0.6449236273765564,,,,,,,,,,,,,,,,,,,,,,,,,,,,,,,,,,,,
0,,,344,,,,,,,,,,,,,,,,,,,,,,,,,,,,,,,,,,,,0.7303296327590942,,,,,,,,,,,,,,,,,,,,,,,,,,,,,,,,,,,,
0,,,349,,,,,,,,,,,,,,,,,,,,,,,,,,,,,,,,,,,,0.7430441975593567,,,,,,,,,,,,,,,,,,,,,,,,,,,,,,,,,,,,
0,,,354,,,,,,,,,,,,,,,,,,,,,,,,,,,,,,,,,,,,0.32698380947113037,,,,,,,,,,,,,,,,,,,,,,,,,,,,,,,,,,,,
0,,,359,,,,,,,,,,,,,,,,,,,,,,,,,,,,,,,,,,,,0.6552780270576477,,,,,,,,,,,,,,,,,,,,,,,,,,,,,,,,,,,,
0,,,364,,,,,,,,,,,,,,,,,,,,,,,,,,,,,,,,,,,,0.6090032458305359,,,,,,,,,,,,,,,,,,,,,,,,,,,,,,,,,,,,
0,,,369,,,,,,,,,,,,,,,,,,,,,,,,,,,,,,,,,,,,0.6892104744911194,,,,,,,,,,,,,,,,,,,,,,,,,,,,,,,,,,,,
0,,,374,,,,,,,,,,,,,,,,,,,,,,,,,,,,,,,,,,,,0.47290509939193726,,,,,,,,,,,,,,,,,,,,,,,,,,,,,,,,,,,,
0,,,379,,,,,,,,,,,,,,,,,,,,,,,,,,,,,,,,,,,,0.4993553161621094,,,,,,,,,,,,,,,,,,,,,,,,,,,,,,,,,,,,
0,,,384,,,,,,,,,,,,,,,,,,,,,,,,,,,,,,,,,,,,0.6818904280662537,,,,,,,,,,,,,,,,,,,,,,,,,,,,,,,,,,,,
0,,,389,,,,,,,,,,,,,,,,,,,,,,,,,,,,,,,,,,,,0.5133154392242432,,,,,,,,,,,,,,,,,,,,,,,,,,,,,,,,,,,,
0,,,394,,,,,,,,,,,,,,,,,,,,,,,,,,,,,,,,,,,,0.39270517230033875,,,,,,,,,,,,,,,,,,,,,,,,,,,,,,,,,,,,
0,,,399,,,,,,,,,,,,,,,,,,,,,,,,,,,,,,,,,,,,0.7204552292823792,,,,,,,,,,,,,,,,,,,,,,,,,,,,,,,,,,,,
0,,,404,,,,,,,,,,,,,,,,,,,,,,,,,,,,,,,,,,,,0.6956191062927246,,,,,,,,,,,,,,,,,,,,,,,,,,,,,,,,,,,,
0,,,409,,,,,,,,,,,,,,,,,,,,,,,,,,,,,,,,,,,,0.7749822735786438,,,,,,,,,,,,,,,,,,,,,,,,,,,,,,,,,,,,
0,,,414,,,,,,,,,,,,,,,,,,,,,,,,,,,,,,,,,,,,0.5196100473403931,,,,,,,,,,,,,,,,,,,,,,,,,,,,,,,,,,,,
0,,,419,,,,,,,,,,,,,,,,,,,,,,,,,,,,,,,,,,,,0.5843813419342041,,,,,,,,,,,,,,,,,,,,,,,,,,,,,,,,,,,,
0,,,424,,,,,,,,,,,,,,,,,,,,,,,,,,,,,,,,,,,,0.7343672513961792,,,,,,,,,,,,,,,,,,,,,,,,,,,,,,,,,,,,
0,,,429,,,,,,,,,,,,,,,,,,,,,,,,,,,,,,,,,,,,0.4608486592769623,,,,,,,,,,,,,,,,,,,,,,,,,,,,,,,,,,,,
0,,,434,,,,,,,,,,,,,,,,,,,,,,,,,,,,,,,,,,,,0.35847294330596924,,,,,,,,,,,,,,,,,,,,,,,,,,,,,,,,,,,,
0,,,439,,,,,,,,,,,,,,,,,,,,,,,,,,,,,,,,,,,,0.6176846027374268,,,,,,,,,,,,,,,,,,,,,,,,,,,,,,,,,,,,
0,,,444,,,,,,,,,,,,,,,,,,,,,,,,,,,,,,,,,,,,0.5805349946022034,,,,,,,,,,,,,,,,,,,,,,,,,,,,,,,,,,,,
0,,,449,,,,,,,,,,,,,,,,,,,,,,,,,,,,,,,,,,,,0.4551946818828583,,,,,,,,,,,,,,,,,,,,,,,,,,,,,,,,,,,,
0,,,454,,,,,,,,,,,,,,,,,,,,,,,,,,,,,,,,,,,,0.7341015338897705,,,,,,,,,,,,,,,,,,,,,,,,,,,,,,,,,,,,
0,,,459,,,,,,,,,,,,,,,,,,,,,,,,,,,,,,,,,,,,0.6851614713668823,,,,,,,,,,,,,,,,,,,,,,,,,,,,,,,,,,,,
0,,,464,,,,,,,,,,,,,,,,,,,,,,,,,,,,,,,,,,,,0.6716346740722656,,,,,,,,,,,,,,,,,,,,,,,,,,,,,,,,,,,,
0,,,469,,,,,,,,,,,,,,,,,,,,,,,,,,,,,,,,,,,,0.7729911804199219,,,,,,,,,,,,,,,,,,,,,,,,,,,,,,,,,,,,
0,,,474,,,,,,,,,,,,,,,,,,,,,,,,,,,,,,,,,,,,0.3577839434146881,,,,,,,,,,,,,,,,,,,,,,,,,,,,,,,,,,,,
0,,,479,,,,,,,,,,,,,,,,,,,,,,,,,,,,,,,,,,,,0.5466652512550354,,,,,,,,,,,,,,,,,,,,,,,,,,,,,,,,,,,,
0,,,484,,,,,,,,,,,,,,,,,,,,,,,,,,,,,,,,,,,,0.7573334574699402,,,,,,,,,,,,,,,,,,,,,,,,,,,,,,,,,,,,
0,,,489,,,,,,,,,,,,,,,,,,,,,,,,,,,,,,,,,,,,0.33587366342544556,,,,,,,,,,,,,,,,,,,,,,,,,,,,,,,,,,,,
0,,,494,,,,,,,,,,,,,,,,,,,,,,,,,,,,,,,,,,,,0.30316251516342163,,,,,,,,,,,,,,,,,,,,,,,,,,,,,,,,,,,,
0,,,499,,,,,,,,,,,,,,,,,,,,,,,,,,,,,,,,,,,,0.7172858715057373,,,,,,,,,,,,,,,,,,,,,,,,,,,,,,,,,,,,
0,,,504,,,,,,,,,,,,,,,,,,,,,,,,,,,,,,,,,,,,0.6427640318870544,,,,,,,,,,,,,,,,,,,,,,,,,,,,,,,,,,,,
0,,,509,,,,,,,,,,,,,,,,,,,,,,,,,,,,,,,,,,,,0.7152994275093079,,,,,,,,,,,,,,,,,,,,,,,,,,,,,,,,,,,,
0,,,514,,,,,,,,,,,,,,,,,,,,,,,,,,,,,,,,,,,,0.32194918394088745,,,,,,,,,,,,,,,,,,,,,,,,,,,,,,,,,,,,
0,,,519,,,,,,,,,,,,,,,,,,,,,,,,,,,,,,,,,,,,0.7904742956161499,,,,,,,,,,,,,,,,,,,,,,,,,,,,,,,,,,,,
0,,,524,,,,,,,,,,,,,,,,,,,,,,,,,,,,,,,,,,,,0.49548548460006714,,,,,,,,,,,,,,,,,,,,,,,,,,,,,,,,,,,,
0,,,529,,,,,,,,,,,,,,,,,,,,,,,,,,,,,,,,,,,,0.5378401875495911,,,,,,,,,,,,,,,,,,,,,,,,,,,,,,,,,,,,
0,,,534,,,,,,,,,,,,,,,,,,,,,,,,,,,,,,,,,,,,0.7591087818145752,,,,,,,,,,,,,,,,,,,,,,,,,,,,,,,,,,,,
0,,,539,,,,,,,,,,,,,,,,,,,,,,,,,,,,,,,,,,,,0.7200229167938232,,,,,,,,,,,,,,,,,,,,,,,,,,,,,,,,,,,,
0,,,544,,,,,,,,,,,,,,,,,,,,,,,,,,,,,,,,,,,,0.7059460282325745,,,,,,,,,,,,,,,,,,,,,,,,,,,,,,,,,,,,
0,,,549,,,,,,,,,,,,,,,,,,,,,,,,,,,,,,,,,,,,0.6239486336708069,,,,,,,,,,,,,,,,,,,,,,,,,,,,,,,,,,,,
0,,,554,,,,,,,,,,,,,,,,,,,,,,,,,,,,,,,,,,,,0.3957517445087433,,,,,,,,,,,,,,,,,,,,,,,,,,,,,,,,,,,,
0,,,559,,,,,,,,,,,,,,,,,,,,,,,,,,,,,,,,,,,,0.4018748998641968,,,,,,,,,,,,,,,,,,,,,,,,,,,,,,,,,,,,
0,,,564,,,,,,,,,,,,,,,,,,,,,,,,,,,,,,,,,,,,0.7123469710350037,,,,,,,,,,,,,,,,,,,,,,,,,,,,,,,,,,,,
0,,,569,,,,,,,,,,,,,,,,,,,,,,,,,,,,,,,,,,,,0.3682900071144104,,,,,,,,,,,,,,,,,,,,,,,,,,,,,,,,,,,,
0,,,574,,,,,,,,,,,,,,,,,,,,,,,,,,,,,,,,,,,,0.6947752833366394,,,,,,,,,,,,,,,,,,,,,,,,,,,,,,,,,,,,
0,,,579,,,,,,,,,,,,,,,,,,,,,,,,,,,,,,,,,,,,0.3554688096046448,,,,,,,,,,,,,,,,,,,,,,,,,,,,,,,,,,,,
0,,,584,,,,,,,,,,,,,,,,,,,,,,,,,,,,,,,,,,,,0.6490967273712158,,,,,,,,,,,,,,,,,,,,,,,,,,,,,,,,,,,,
0,,,589,,,,,,,,,,,,,,,,,,,,,,,,,,,,,,,,,,,,0.3747202754020691,,,,,,,,,,,,,,,,,,,,,,,,,,,,,,,,,,,,
0,,,594,,,,,,,,,,,,,,,,,,,,,,,,,,,,,,,,,,,,0.7136762142181396,,,,,,,,,,,,,,,,,,,,,,,,,,,,,,,,,,,,
0,,,599,,,,,,,,,,,,,,,,,,,,,,,,,,,,,,,,,,,,0.7003273963928223,,,,,,,,,,,,,,,,,,,,,,,,,,,,,,,,,,,,
0,,,604,,,,,,,,,,,,,,,,,,,,,,,,,,,,,,,,,,,,0.5120212435722351,,,,,,,,,,,,,,,,,,,,,,,,,,,,,,,,,,,,
0,,,609,,,,,,,,,,,,,,,,,,,,,,,,,,,,,,,,,,,,0.37995707988739014,,,,,,,,,,,,,,,,,,,,,,,,,,,,,,,,,,,,
0,,,614,,,,,,,,,,,,,,,,,,,,,,,,,,,,,,,,,,,,0.7970055341720581,,,,,,,,,,,,,,,,,,,,,,,,,,,,,,,,,,,,
0,,,619,,,,,,,,,,,,,,,,,,,,,,,,,,,,,,,,,,,,0.481182336807251,,,,,,,,,,,,,,,,,,,,,,,,,,,,,,,,,,,,
0,,,624,,,,,,,,,,,,,,,,,,,,,,,,,,,,,,,,,,,,0.6459100246429443,,,,,,,,,,,,,,,,,,,,,,,,,,,,,,,,,,,,
0,,,629,,,,,,,,,,,,,,,,,,,,,,,,,,,,,,,,,,,,0.32382452487945557,,,,,,,,,,,,,,,,,,,,,,,,,,,,,,,,,,,,
0,,,634,,,,,,,,,,,,,,,,,,,,,,,,,,,,,,,,,,,,0.7948912978172302,,,,,,,,,,,,,,,,,,,,,,,,,,,,,,,,,,,,
0,,,639,,,,,,,,,,,,,,,,,,,,,,,,,,,,,,,,,,,,0.7212697863578796,,,,,,,,,,,,,,,,,,,,,,,,,,,,,,,,,,,,
0,,,644,,,,,,,,,,,,,,,,,,,,,,,,,,,,,,,,,,,,0.7008361220359802,,,,,,,,,,,,,,,,,,,,,,,,,,,,,,,,,,,,
0,,,649,,,,,,,,,,,,,,,,,,,,,,,,,,,,,,,,,,,,0.416018545627594,,,,,,,,,,,,,,,,,,,,,,,,,,,,,,,,,,,,
0,,,654,,,,,,,,,,,,,,,,,,,,,,,,,,,,,,,,,,,,0.3427547514438629,,,,,,,,,,,,,,,,,,,,,,,,,,,,,,,,,,,,
0,,,659,,,,,,,,,,,,,,,,,,,,,,,,,,,,,,,,,,,,0.7175256609916687,,,,,,,,,,,,,,,,,,,,,,,,,,,,,,,,,,,,
0,,,664,,,,,,,,,,,,,,,,,,,,,,,,,,,,,,,,,,,,0.5195100903511047,,,,,,,,,,,,,,,,,,,,,,,,,,,,,,,,,,,,
0,,,669,,,,,,,,,,,,,,,,,,,,,,,,,,,,,,,,,,,,0.36974087357521057,,,,,,,,,,,,,,,,,,,,,,,,,,,,,,,,,,,,
0,,,674,,,,,,,,,,,,,,,,,,,,,,,,,,,,,,,,,,,,0.44552773237228394,,,,,,,,,,,,,,,,,,,,,,,,,,,,,,,,,,,,
0,,,679,,,,,,,,,,,,,,,,,,,,,,,,,,,,,,,,,,,,0.31372779607772827,,,,,,,,,,,,,,,,,,,,,,,,,,,,,,,,,,,,
0,,,684,,,,,,,,,,,,,,,,,,,,,,,,,,,,,,,,,,,,0.44596928358078003,,,,,,,,,,,,,,,,,,,,,,,,,,,,,,,,,,,,
0,,,689,,,,,,,,,,,,,,,,,,,,,,,,,,,,,,,,,,,,0.4627918004989624,,,,,,,,,,,,,,,,,,,,,,,,,,,,,,,,,,,,
0,,,694,,,,,,,,,,,,,,,,,,,,,,,,,,,,,,,,,,,,0.7226282358169556,,,,,,,,,,,,,,,,,,,,,,,,,,,,,,,,,,,,
0,,,699,,,,,,,,,,,,,,,,,,,,,,,,,,,,,,,,,,,,0.6096566915512085,,,,,,,,,,,,,,,,,,,,,,,,,,,,,,,,,,,,
0,,,704,,,,,,,,,,,,,,,,,,,,,,,,,,,,,,,,,,,,0.7264313101768494,,,,,,,,,,,,,,,,,,,,,,,,,,,,,,,,,,,,
0,,,709,,,,,,,,,,,,,,,,,,,,,,,,,,,,,,,,,,,,0.6597382426261902,,,,,,,,,,,,,,,,,,,,,,,,,,,,,,,,,,,,
0,,,714,,,,,,,,,,,,,,,,,,,,,,,,,,,,,,,,,,,,0.3783920705318451,,,,,,,,,,,,,,,,,,,,,,,,,,,,,,,,,,,,
0,,,719,,,,,,,,,,,,,,,,,,,,,,,,,,,,,,,,,,,,0.7044384479522705,,,,,,,,,,,,,,,,,,,,,,,,,,,,,,,,,,,,
0,,,724,,,,,,,,,,,,,,,,,,,,,,,,,,,,,,,,,,,,0.5370387434959412,,,,,,,,,,,,,,,,,,,,,,,,,,,,,,,,,,,,
0,,,729,,,,,,,,,,,,,,,,,,,,,,,,,,,,,,,,,,,,0.6962642669677734,,,,,,,,,,,,,,,,,,,,,,,,,,,,,,,,,,,,
0,,,734,,,,,,,,,,,,,,,,,,,,,,,,,,,,,,,,,,,,0.37716537714004517,,,,,,,,,,,,,,,,,,,,,,,,,,,,,,,,,,,,
0,,,739,,,,,,,,,,,,,,,,,,,,,,,,,,,,,,,,,,,,0.3645603060722351,,,,,,,,,,,,,,,,,,,,,,,,,,,,,,,,,,,,
0,,,744,,,,,,,,,,,,,,,,,,,,,,,,,,,,,,,,,,,,0.3718532919883728,,,,,,,,,,,,,,,,,,,,,,,,,,,,,,,,,,,,
0,,,749,,,,,,,,,,,,,,,,,,,,,,,,,,,,,,,,,,,,0.3792322278022766,,,,,,,,,,,,,,,,,,,,,,,,,,,,,,,,,,,,
0,,,754,,,,,,,,,,,,,,,,,,,,,,,,,,,,,,,,,,,,0.7285851240158081,,,,,,,,,,,,,,,,,,,,,,,,,,,,,,,,,,,,
0,,,759,,,,,,,,,,,,,,,,,,,,,,,,,,,,,,,,,,,,0.5265966057777405,,,,,,,,,,,,,,,,,,,,,,,,,,,,,,,,,,,,
0,,,764,,,,,,,,,,,,,,,,,,,,,,,,,,,,,,,,,,,,0.5831086039543152,,,,,,,,,,,,,,,,,,,,,,,,,,,,,,,,,,,,
0,,,769,,,,,,,,,,,,,,,,,,,,,,,,,,,,,,,,,,,,0.7219440937042236,,,,,,,,,,,,,,,,,,,,,,,,,,,,,,,,,,,,
0,,,774,,,,,,,,,,,,,,,,,,,,,,,,,,,,,,,,,,,,0.4015900492668152,,,,,,,,,,,,,,,,,,,,,,,,,,,,,,,,,,,,
0,,,779,,,,,,,,,,,,,,,,,,,,,,,,,,,,,,,,,,,,0.3944573402404785,,,,,,,,,,,,,,,,,,,,,,,,,,,,,,,,,,,,
0,,,784,,,,,,,,,,,,,,,,,,,,,,,,,,,,,,,,,,,,0.5003127455711365,,,,,,,,,,,,,,,,,,,,,,,,,,,,,,,,,,,,
0,,,789,,,,,,,,,,,,,,,,,,,,,,,,,,,,,,,,,,,,0.6799208521842957,,,,,,,,,,,,,,,,,,,,,,,,,,,,,,,,,,,,
0,,,794,,,,,,,,,,,,,,,,,,,,,,,,,,,,,,,,,,,,0.5660367012023926,,,,,,,,,,,,,,,,,,,,,,,,,,,,,,,,,,,,
0,,,799,,,,,,,,,,,,,,,,,,,,,,,,,,,,,,,,,,,,0.7122655510902405,,,,,,,,,,,,,,,,,,,,,,,,,,,,,,,,,,,,
0,,,804,,,,,,,,,,,,,,,,,,,,,,,,,,,,,,,,,,,,0.4455944001674652,,,,,,,,,,,,,,,,,,,,,,,,,,,,,,,,,,,,
0,,,809,,,,,,,,,,,,,,,,,,,,,,,,,,,,,,,,,,,,0.4239298403263092,,,,,,,,,,,,,,,,,,,,,,,,,,,,,,,,,,,,
0,,,814,,,,,,,,,,,,,,,,,,,,,,,,,,,,,,,,,,,,0.6946548819541931,,,,,,,,,,,,,,,,,,,,,,,,,,,,,,,,,,,,
0,,,819,,,,,,,,,,,,,,,,,,,,,,,,,,,,,,,,,,,,0.34464430809020996,,,,,,,,,,,,,,,,,,,,,,,,,,,,,,,,,,,,
0,,,824,,,,,,,,,,,,,,,,,,,,,,,,,,,,,,,,,,,,0.4966074228286743,,,,,,,,,,,,,,,,,,,,,,,,,,,,,,,,,,,,
0,,,829,,,,,,,,,,,,,,,,,,,,,,,,,,,,,,,,,,,,0.3860286474227905,,,,,,,,,,,,,,,,,,,,,,,,,,,,,,,,,,,,
0,,,834,,,,,,,,,,,,,,,,,,,,,,,,,,,,,,,,,,,,0.46432027220726013,,,,,,,,,,,,,,,,,,,,,,,,,,,,,,,,,,,,
0,,,839,,,,,,,,,,,,,,,,,,,,,,,,,,,,,,,,,,,,0.6481667160987854,,,,,,,,,,,,,,,,,,,,,,,,,,,,,,,,,,,,
0,,,844,,,,,,,,,,,,,,,,,,,,,,,,,,,,,,,,,,,,0.5161755681037903,,,,,,,,,,,,,,,,,,,,,,,,,,,,,,,,,,,,
0,,,849,,,,,,,,,,,,,,,,,,,,,,,,,,,,,,,,,,,,0.6431752443313599,,,,,,,,,,,,,,,,,,,,,,,,,,,,,,,,,,,,
0,,,854,,,,,,,,,,,,,,,,,,,,,,,,,,,,,,,,,,,,0.675190269947052,,,,,,,,,,,,,,,,,,,,,,,,,,,,,,,,,,,,
0,,,859,,,,,,,,,,,,,,,,,,,,,,,,,,,,,,,,,,,,0.6745387315750122,,,,,,,,,,,,,,,,,,,,,,,,,,,,,,,,,,,,
0,,,864,,,,,,,,,,,,,,,,,,,,,,,,,,,,,,,,,,,,0.6968803405761719,,,,,,,,,,,,,,,,,,,,,,,,,,,,,,,,,,,,
0,,,869,,,,,,,,,,,,,,,,,,,,,,,,,,,,,,,,,,,,0.45133572816848755,,,,,,,,,,,,,,,,,,,,,,,,,,,,,,,,,,,,
0,,,874,,,,,,,,,,,,,,,,,,,,,,,,,,,,,,,,,,,,0.6899005174636841,,,,,,,,,,,,,,,,,,,,,,,,,,,,,,,,,,,,
0,,,879,,,,,,,,,,,,,,,,,,,,,,,,,,,,,,,,,,,,0.7080419063568115,,,,,,,,,,,,,,,,,,,,,,,,,,,,,,,,,,,,
0,,,884,,,,,,,,,,,,,,,,,,,,,,,,,,,,,,,,,,,,0.6428154706954956,,,,,,,,,,,,,,,,,,,,,,,,,,,,,,,,,,,,
0,,,889,,,,,,,,,,,,,,,,,,,,,,,,,,,,,,,,,,,,0.6414942741394043,,,,,,,,,,,,,,,,,,,,,,,,,,,,,,,,,,,,
0,,,894,,,,,,,,,,,,,,,,,,,,,,,,,,,,,,,,,,,,0.6255313754081726,,,,,,,,,,,,,,,,,,,,,,,,,,,,,,,,,,,,
0,,,899,,,,,,,,,,,,,,,,,,,,,,,,,,,,,,,,,,,,0.28677740693092346,,,,,,,,,,,,,,,,,,,,,,,,,,,,,,,,,,,,
0,,,904,,,,,,,,,,,,,,,,,,,,,,,,,,,,,,,,,,,,0.5980485677719116,,,,,,,,,,,,,,,,,,,,,,,,,,,,,,,,,,,,
0,,,909,,,,,,,,,,,,,,,,,,,,,,,,,,,,,,,,,,,,0.7249858379364014,,,,,,,,,,,,,,,,,,,,,,,,,,,,,,,,,,,,
0,,,914,,,,,,,,,,,,,,,,,,,,,,,,,,,,,,,,,,,,0.5151900053024292,,,,,,,,,,,,,,,,,,,,,,,,,,,,,,,,,,,,
0,,,919,,,,,,,,,,,,,,,,,,,,,,,,,,,,,,,,,,,,0.23074449598789215,,,,,,,,,,,,,,,,,,,,,,,,,,,,,,,,,,,,
0,,,920,,,,,,,,,,,,,,,,,,,,,,,,,,,,,,,,,,,,,0.7346073389053345,0.7078371047973633,0.5960590839385986,0.6867421865463257,0.7346073389053345,0.0,0.8654168248176575,0.8020635843276978,0.9333981275558472,0.33755066990852356,0.0,0.8762258887290955,0.7991337776184082,0.8725723624229431,0.28341642022132874,0.0,0.7797170877456665,0.6654644012451172,0.7739498019218445,0.1651049256324768,0.0,0.8873084187507629,0.7962252497673035,0.8191891312599182,0.24424579739570618,0.0,0.8654168248176575,0.8020635843276978,0.9333981275558472,0.33755066990852356,0.83433997631073,0.83433997631073,0.7157660722732544,0.83433997631073,0.83433997631073,0.5389583110809326
0,,,920,0.4732620120048523,0.45953670144081116,0.35768648982048035,0.4561871886253357,0.4732620120048523,0.0,0.7576656937599182,0.7715808749198914,0.7556554079055786,0.08140801638364792,0.0,0.7961883544921875,0.7161111831665039,0.6774499416351318,0.10793408751487732,0.0,0.6613894701004028,0.5577672719955444,0.5122300982475281,0.057045627385377884,0.0,0.8388381600379944,0.6680821180343628,0.6139138340950012,0.16010184586048126,0.0,0.7576656937599182,0.7715808749198914,0.7556554079055786,0.08140801638364792,0.7502690553665161,0.7502690553665161,0.6003444790840149,0.7502690553665161,0.7502690553665161,,,,,,,,,,,,,,,,,,,,,,,,,,,,,,,,,,,,,
,1e-05,0.0001,921,,,,,,,,,,,,,,,,,,,,,,,,,,,,,,,,,,,,,,,,,,,,,,,,,,,,,,,,,,,,,,,,,,,,,,,,
1,,,924,,,,,,,,,,,,,,,,,,,,,,,,,,,,,,,,,,,,0.6191596984863281,,,,,,,,,,,,,,,,,,,,,,,,,,,,,,,,,,,,
1,,,929,,,,,,,,,,,,,,,,,,,,,,,,,,,,,,,,,,,,0.6676266193389893,,,,,,,,,,,,,,,,,,,,,,,,,,,,,,,,,,,,
1,,,934,,,,,,,,,,,,,,,,,,,,,,,,,,,,,,,,,,,,0.5708135962486267,,,,,,,,,,,,,,,,,,,,,,,,,,,,,,,,,,,,
1,,,939,,,,,,,,,,,,,,,,,,,,,,,,,,,,,,,,,,,,0.3009379506111145,,,,,,,,,,,,,,,,,,,,,,,,,,,,,,,,,,,,
1,,,944,,,,,,,,,,,,,,,,,,,,,,,,,,,,,,,,,,,,0.36517998576164246,,,,,,,,,,,,,,,,,,,,,,,,,,,,,,,,,,,,
1,,,949,,,,,,,,,,,,,,,,,,,,,,,,,,,,,,,,,,,,0.4089840054512024,,,,,,,,,,,,,,,,,,,,,,,,,,,,,,,,,,,,
1,,,954,,,,,,,,,,,,,,,,,,,,,,,,,,,,,,,,,,,,0.6283364295959473,,,,,,,,,,,,,,,,,,,,,,,,,,,,,,,,,,,,
1,,,959,,,,,,,,,,,,,,,,,,,,,,,,,,,,,,,,,,,,0.6425856947898865,,,,,,,,,,,,,,,,,,,,,,,,,,,,,,,,,,,,
1,,,964,,,,,,,,,,,,,,,,,,,,,,,,,,,,,,,,,,,,0.6206075549125671,,,,,,,,,,,,,,,,,,,,,,,,,,,,,,,,,,,,
1,,,969,,,,,,,,,,,,,,,,,,,,,,,,,,,,,,,,,,,,0.6558402180671692,,,,,,,,,,,,,,,,,,,,,,,,,,,,,,,,,,,,
1,,,974,,,,,,,,,,,,,,,,,,,,,,,,,,,,,,,,,,,,0.43990737199783325,,,,,,,,,,,,,,,,,,,,,,,,,,,,,,,,,,,,
1,,,979,,,,,,,,,,,,,,,,,,,,,,,,,,,,,,,,,,,,0.7585775852203369,,,,,,,,,,,,,,,,,,,,,,,,,,,,,,,,,,,,
1,,,984,,,,,,,,,,,,,,,,,,,,,,,,,,,,,,,,,,,,0.6998848915100098,,,,,,,,,,,,,,,,,,,,,,,,,,,,,,,,,,,,
1,,,989,,,,,,,,,,,,,,,,,,,,,,,,,,,,,,,,,,,,0.5306867957115173,,,,,,,,,,,,,,,,,,,,,,,,,,,,,,,,,,,,
1,,,994,,,,,,,,,,,,,,,,,,,,,,,,,,,,,,,,,,,,0.2955552339553833,,,,,,,,,,,,,,,,,,,,,,,,,,,,,,,,,,,,
1,,,999,,,,,,,,,,,,,,,,,,,,,,,,,,,,,,,,,,,,0.6910855174064636,,,,,,,,,,,,,,,,,,,,,,,,,,,,,,,,,,,,
1,,,1004,,,,,,,,,,,,,,,,,,,,,,,,,,,,,,,,,,,,0.31581631302833557,,,,,,,,,,,,,,,,,,,,,,,,,,,,,,,,,,,,
1,,,1009,,,,,,,,,,,,,,,,,,,,,,,,,,,,,,,,,,,,0.46559005975723267,,,,,,,,,,,,,,,,,,,,,,,,,,,,,,,,,,,,
1,,,1014,,,,,,,,,,,,,,,,,,,,,,,,,,,,,,,,,,,,0.40308648347854614,,,,,,,,,,,,,,,,,,,,,,,,,,,,,,,,,,,,
1,,,1019,,,,,,,,,,,,,,,,,,,,,,,,,,,,,,,,,,,,0.7571161985397339,,,,,,,,,,,,,,,,,,,,,,,,,,,,,,,,,,,,
1,,,1024,,,,,,,,,,,,,,,,,,,,,,,,,,,,,,,,,,,,0.30345475673675537,,,,,,,,,,,,,,,,,,,,,,,,,,,,,,,,,,,,
1,,,1029,,,,,,,,,,,,,,,,,,,,,,,,,,,,,,,,,,,,0.3922106921672821,,,,,,,,,,,,,,,,,,,,,,,,,,,,,,,,,,,,
1,,,1034,,,,,,,,,,,,,,,,,,,,,,,,,,,,,,,,,,,,0.42750614881515503,,,,,,,,,,,,,,,,,,,,,,,,,,,,,,,,,,,,
1,,,1039,,,,,,,,,,,,,,,,,,,,,,,,,,,,,,,,,,,,0.6982302665710449,,,,,,,,,,,,,,,,,,,,,,,,,,,,,,,,,,,,
1,,,1044,,,,,,,,,,,,,,,,,,,,,,,,,,,,,,,,,,,,0.668536365032196,,,,,,,,,,,,,,,,,,,,,,,,,,,,,,,,,,,,
1,,,1049,,,,,,,,,,,,,,,,,,,,,,,,,,,,,,,,,,,,0.42650800943374634,,,,,,,,,,,,,,,,,,,,,,,,,,,,,,,,,,,,
1,,,1054,,,,,,,,,,,,,,,,,,,,,,,,,,,,,,,,,,,,0.6135789752006531,,,,,,,,,,,,,,,,,,,,,,,,,,,,,,,,,,,,
1,,,1059,,,,,,,,,,,,,,,,,,,,,,,,,,,,,,,,,,,,0.740260124206543,,,,,,,,,,,,,,,,,,,,,,,,,,,,,,,,,,,,
1,,,1064,,,,,,,,,,,,,,,,,,,,,,,,,,,,,,,,,,,,0.661767303943634,,,,,,,,,,,,,,,,,,,,,,,,,,,,,,,,,,,,
1,,,1069,,,,,,,,,,,,,,,,,,,,,,,,,,,,,,,,,,,,0.3732116222381592,,,,,,,,,,,,,,,,,,,,,,,,,,,,,,,,,,,,
1,,,1074,,,,,,,,,,,,,,,,,,,,,,,,,,,,,,,,,,,,0.5575975179672241,,,,,,,,,,,,,,,,,,,,,,,,,,,,,,,,,,,,
1,,,1079,,,,,,,,,,,,,,,,,,,,,,,,,,,,,,,,,,,,0.3208818733692169,,,,,,,,,,,,,,,,,,,,,,,,,,,,,,,,,,,,
1,,,1084,,,,,,,,,,,,,,,,,,,,,,,,,,,,,,,,,,,,0.787083625793457,,,,,,,,,,,,,,,,,,,,,,,,,,,,,,,,,,,,
1,,,1089,,,,,,,,,,,,,,,,,,,,,,,,,,,,,,,,,,,,0.6146824359893799,,,,,,,,,,,,,,,,,,,,,,,,,,,,,,,,,,,,
1,,,1094,,,,,,,,,,,,,,,,,,,,,,,,,,,,,,,,,,,,0.6691247820854187,,,,,,,,,,,,,,,,,,,,,,,,,,,,,,,,,,,,
1,,,1099,,,,,,,,,,,,,,,,,,,,,,,,,,,,,,,,,,,,0.6467421650886536,,,,,,,,,,,,,,,,,,,,,,,,,,,,,,,,,,,,
1,,,1104,,,,,,,,,,,,,,,,,,,,,,,,,,,,,,,,,,,,0.4977472424507141,,,,,,,,,,,,,,,,,,,,,,,,,,,,,,,,,,,,
1,,,1109,,,,,,,,,,,,,,,,,,,,,,,,,,,,,,,,,,,,0.345712274312973,,,,,,,,,,,,,,,,,,,,,,,,,,,,,,,,,,,,
1,,,1114,,,,,,,,,,,,,,,,,,,,,,,,,,,,,,,,,,,,0.2694985866546631,,,,,,,,,,,,,,,,,,,,,,,,,,,,,,,,,,,,
1,,,1119,,,,,,,,,,,,,,,,,,,,,,,,,,,,,,,,,,,,0.7728877067565918,,,,,,,,,,,,,,,,,,,,,,,,,,,,,,,,,,,,
1,,,1124,,,,,,,,,,,,,,,,,,,,,,,,,,,,,,,,,,,,0.3537743091583252,,,,,,,,,,,,,,,,,,,,,,,,,,,,,,,,,,,,
1,,,1129,,,,,,,,,,,,,,,,,,,,,,,,,,,,,,,,,,,,0.47834163904190063,,,,,,,,,,,,,,,,,,,,,,,,,,,,,,,,,,,,
1,,,1134,,,,,,,,,,,,,,,,,,,,,,,,,,,,,,,,,,,,0.4689735770225525,,,,,,,,,,,,,,,,,,,,,,,,,,,,,,,,,,,,
1,,,1139,,,,,,,,,,,,,,,,,,,,,,,,,,,,,,,,,,,,0.5899454951286316,,,,,,,,,,,,,,,,,,,,,,,,,,,,,,,,,,,,
1,,,1144,,,,,,,,,,,,,,,,,,,,,,,,,,,,,,,,,,,,0.5192574262619019,,,,,,,,,,,,,,,,,,,,,,,,,,,,,,,,,,,,
1,,,1149,,,,,,,,,,,,,,,,,,,,,,,,,,,,,,,,,,,,0.5985492467880249,,,,,,,,,,,,,,,,,,,,,,,,,,,,,,,,,,,,
1,,,1154,,,,,,,,,,,,,,,,,,,,,,,,,,,,,,,,,,,,0.41109389066696167,,,,,,,,,,,,,,,,,,,,,,,,,,,,,,,,,,,,
1,,,1159,,,,,,,,,,,,,,,,,,,,,,,,,,,,,,,,,,,,0.6075857877731323,,,,,,,,,,,,,,,,,,,,,,,,,,,,,,,,,,,,
1,,,1164,,,,,,,,,,,,,,,,,,,,,,,,,,,,,,,,,,,,0.37982821464538574,,,,,,,,,,,,,,,,,,,,,,,,,,,,,,,,,,,,
1,,,1169,,,,,,,,,,,,,,,,,,,,,,,,,,,,,,,,,,,,0.31554263830184937,,,,,,,,,,,,,,,,,,,,,,,,,,,,,,,,,,,,
1,,,1174,,,,,,,,,,,,,,,,,,,,,,,,,,,,,,,,,,,,0.43361780047416687,,,,,,,,,,,,,,,,,,,,,,,,,,,,,,,,,,,,
1,,,1179,,,,,,,,,,,,,,,,,,,,,,,,,,,,,,,,,,,,0.6481242775917053,,,,,,,,,,,,,,,,,,,,,,,,,,,,,,,,,,,,
1,,,1184,,,,,,,,,,,,,,,,,,,,,,,,,,,,,,,,,,,,0.46926039457321167,,,,,,,,,,,,,,,,,,,,,,,,,,,,,,,,,,,,
1,,,1189,,,,,,,,,,,,,,,,,,,,,,,,,,,,,,,,,,,,0.6103034615516663,,,,,,,,,,,,,,,,,,,,,,,,,,,,,,,,,,,,
1,,,1194,,,,,,,,,,,,,,,,,,,,,,,,,,,,,,,,,,,,0.708750307559967,,,,,,,,,,,,,,,,,,,,,,,,,,,,,,,,,,,,
1,,,1199,,,,,,,,,,,,,,,,,,,,,,,,,,,,,,,,,,,,0.7173810601234436,,,,,,,,,,,,,,,,,,,,,,,,,,,,,,,,,,,,
1,,,1204,,,,,,,,,,,,,,,,,,,,,,,,,,,,,,,,,,,,0.3891829252243042,,,,,,,,,,,,,,,,,,,,,,,,,,,,,,,,,,,,
1,,,1209,,,,,,,,,,,,,,,,,,,,,,,,,,,,,,,,,,,,0.361232727766037,,,,,,,,,,,,,,,,,,,,,,,,,,,,,,,,,,,,
1,,,1214,,,,,,,,,,,,,,,,,,,,,,,,,,,,,,,,,,,,0.42532044649124146,,,,,,,,,,,,,,,,,,,,,,,,,,,,,,,,,,,,
1,,,1219,,,,,,,,,,,,,,,,,,,,,,,,,,,,,,,,,,,,0.6274355053901672,,,,,,,,,,,,,,,,,,,,,,,,,,,,,,,,,,,,
1,,,1224,,,,,,,,,,,,,,,,,,,,,,,,,,,,,,,,,,,,0.6388007998466492,,,,,,,,,,,,,,,,,,,,,,,,,,,,,,,,,,,,
1,,,1229,,,,,,,,,,,,,,,,,,,,,,,,,,,,,,,,,,,,0.5725834965705872,,,,,,,,,,,,,,,,,,,,,,,,,,,,,,,,,,,,
1,,,1234,,,,,,,,,,,,,,,,,,,,,,,,,,,,,,,,,,,,0.5025652050971985,,,,,,,,,,,,,,,,,,,,,,,,,,,,,,,,,,,,
1,,,1239,,,,,,,,,,,,,,,,,,,,,,,,,,,,,,,,,,,,0.32174575328826904,,,,,,,,,,,,,,,,,,,,,,,,,,,,,,,,,,,,
1,,,1244,,,,,,,,,,,,,,,,,,,,,,,,,,,,,,,,,,,,0.3944825530052185,,,,,,,,,,,,,,,,,,,,,,,,,,,,,,,,,,,,
1,,,1249,,,,,,,,,,,,,,,,,,,,,,,,,,,,,,,,,,,,0.6801428198814392,,,,,,,,,,,,,,,,,,,,,,,,,,,,,,,,,,,,
1,,,1254,,,,,,,,,,,,,,,,,,,,,,,,,,,,,,,,,,,,0.35098886489868164,,,,,,,,,,,,,,,,,,,,,,,,,,,,,,,,,,,,
1,,,1259,,,,,,,,,,,,,,,,,,,,,,,,,,,,,,,,,,,,0.7188962697982788,,,,,,,,,,,,,,,,,,,,,,,,,,,,,,,,,,,,
1,,,1264,,,,,,,,,,,,,,,,,,,,,,,,,,,,,,,,,,,,0.286424845457077,,,,,,,,,,,,,,,,,,,,,,,,,,,,,,,,,,,,
1,,,1269,,,,,,,,,,,,,,,,,,,,,,,,,,,,,,,,,,,,0.5085920095443726,,,,,,,,,,,,,,,,,,,,,,,,,,,,,,,,,,,,
1,,,1274,,,,,,,,,,,,,,,,,,,,,,,,,,,,,,,,,,,,0.7362232804298401,,,,,,,,,,,,,,,,,,,,,,,,,,,,,,,,,,,,
1,,,1279,,,,,,,,,,,,,,,,,,,,,,,,,,,,,,,,,,,,0.736588716506958,,,,,,,,,,,,,,,,,,,,,,,,,,,,,,,,,,,,
1,,,1284,,,,,,,,,,,,,,,,,,,,,,,,,,,,,,,,,,,,0.2957223355770111,,,,,,,,,,,,,,,,,,,,,,,,,,,,,,,,,,,,
1,,,1289,,,,,,,,,,,,,,,,,,,,,,,,,,,,,,,,,,,,0.41971874237060547,,,,,,,,,,,,,,,,,,,,,,,,,,,,,,,,,,,,
1,,,1294,,,,,,,,,,,,,,,,,,,,,,,,,,,,,,,,,,,,0.3432067334651947,,,,,,,,,,,,,,,,,,,,,,,,,,,,,,,,,,,,
1,,,1299,,,,,,,,,,,,,,,,,,,,,,,,,,,,,,,,,,,,0.6710435152053833,,,,,,,,,,,,,,,,,,,,,,,,,,,,,,,,,,,,
1,,,1304,,,,,,,,,,,,,,,,,,,,,,,,,,,,,,,,,,,,0.614409863948822,,,,,,,,,,,,,,,,,,,,,,,,,,,,,,,,,,,,
1,,,1309,,,,,,,,,,,,,,,,,,,,,,,,,,,,,,,,,,,,0.33573010563850403,,,,,,,,,,,,,,,,,,,,,,,,,,,,,,,,,,,,
1,,,1314,,,,,,,,,,,,,,,,,,,,,,,,,,,,,,,,,,,,0.3404845893383026,,,,,,,,,,,,,,,,,,,,,,,,,,,,,,,,,,,,
1,,,1319,,,,,,,,,,,,,,,,,,,,,,,,,,,,,,,,,,,,0.2914232611656189,,,,,,,,,,,,,,,,,,,,,,,,,,,,,,,,,,,,
1,,,1324,,,,,,,,,,,,,,,,,,,,,,,,,,,,,,,,,,,,0.6857856512069702,,,,,,,,,,,,,,,,,,,,,,,,,,,,,,,,,,,,
1,,,1329,,,,,,,,,,,,,,,,,,,,,,,,,,,,,,,,,,,,0.3617461919784546,,,,,,,,,,,,,,,,,,,,,,,,,,,,,,,,,,,,
1,,,1334,,,,,,,,,,,,,,,,,,,,,,,,,,,,,,,,,,,,0.6450411081314087,,,,,,,,,,,,,,,,,,,,,,,,,,,,,,,,,,,,
1,,,1339,,,,,,,,,,,,,,,,,,,,,,,,,,,,,,,,,,,,0.5813263654708862,,,,,,,,,,,,,,,,,,,,,,,,,,,,,,,,,,,,
1,,,1344,,,,,,,,,,,,,,,,,,,,,,,,,,,,,,,,,,,,0.42518821358680725,,,,,,,,,,,,,,,,,,,,,,,,,,,,,,,,,,,,
1,,,1349,,,,,,,,,,,,,,,,,,,,,,,,,,,,,,,,,,,,0.5288064479827881,,,,,,,,,,,,,,,,,,,,,,,,,,,,,,,,,,,,
1,,,1354,,,,,,,,,,,,,,,,,,,,,,,,,,,,,,,,,,,,0.3576040267944336,,,,,,,,,,,,,,,,,,,,,,,,,,,,,,,,,,,,
1,,,1359,,,,,,,,,,,,,,,,,,,,,,,,,,,,,,,,,,,,0.3220685124397278,,,,,,,,,,,,,,,,,,,,,,,,,,,,,,,,,,,,
1,,,1364,,,,,,,,,,,,,,,,,,,,,,,,,,,,,,,,,,,,0.6842352151870728,,,,,,,,,,,,,,,,,,,,,,,,,,,,,,,,,,,,
1,,,1369,,,,,,,,,,,,,,,,,,,,,,,,,,,,,,,,,,,,0.6955744624137878,,,,,,,,,,,,,,,,,,,,,,,,,,,,,,,,,,,,
1,,,1374,,,,,,,,,,,,,,,,,,,,,,,,,,,,,,,,,,,,0.6981542110443115,,,,,,,,,,,,,,,,,,,,,,,,,,,,,,,,,,,,
1,,,1379,,,,,,,,,,,,,,,,,,,,,,,,,,,,,,,,,,,,0.7358328104019165,,,,,,,,,,,,,,,,,,,,,,,,,,,,,,,,,,,,
1,,,1384,,,,,,,,,,,,,,,,,,,,,,,,,,,,,,,,,,,,0.6764222979545593,,,,,,,,,,,,,,,,,,,,,,,,,,,,,,,,,,,,
1,,,1389,,,,,,,,,,,,,,,,,,,,,,,,,,,,,,,,,,,,0.5507720708847046,,,,,,,,,,,,,,,,,,,,,,,,,,,,,,,,,,,,
1,,,1394,,,,,,,,,,,,,,,,,,,,,,,,,,,,,,,,,,,,0.6936823129653931,,,,,,,,,,,,,,,,,,,,,,,,,,,,,,,,,,,,
1,,,1399,,,,,,,,,,,,,,,,,,,,,,,,,,,,,,,,,,,,0.3649696707725525,,,,,,,,,,,,,,,,,,,,,,,,,,,,,,,,,,,,
1,,,1404,,,,,,,,,,,,,,,,,,,,,,,,,,,,,,,,,,,,0.6678572297096252,,,,,,,,,,,,,,,,,,,,,,,,,,,,,,,,,,,,
1,,,1409,,,,,,,,,,,,,,,,,,,,,,,,,,,,,,,,,,,,0.6870476007461548,,,,,,,,,,,,,,,,,,,,,,,,,,,,,,,,,,,,
1,,,1414,,,,,,,,,,,,,,,,,,,,,,,,,,,,,,,,,,,,0.37682044506073,,,,,,,,,,,,,,,,,,,,,,,,,,,,,,,,,,,,
1,,,1419,,,,,,,,,,,,,,,,,,,,,,,,,,,,,,,,,,,,0.5917656421661377,,,,,,,,,,,,,,,,,,,,,,,,,,,,,,,,,,,,
1,,,1424,,,,,,,,,,,,,,,,,,,,,,,,,,,,,,,,,,,,0.29524409770965576,,,,,,,,,,,,,,,,,,,,,,,,,,,,,,,,,,,,
1,,,1429,,,,,,,,,,,,,,,,,,,,,,,,,,,,,,,,,,,,0.7124312520027161,,,,,,,,,,,,,,,,,,,,,,,,,,,,,,,,,,,,
1,,,1434,,,,,,,,,,,,,,,,,,,,,,,,,,,,,,,,,,,,0.6003937721252441,,,,,,,,,,,,,,,,,,,,,,,,,,,,,,,,,,,,
1,,,1439,,,,,,,,,,,,,,,,,,,,,,,,,,,,,,,,,,,,0.2787370979785919,,,,,,,,,,,,,,,,,,,,,,,,,,,,,,,,,,,,
1,,,1444,,,,,,,,,,,,,,,,,,,,,,,,,,,,,,,,,,,,0.38115257024765015,,,,,,,,,,,,,,,,,,,,,,,,,,,,,,,,,,,,
1,,,1449,,,,,,,,,,,,,,,,,,,,,,,,,,,,,,,,,,,,0.5649429559707642,,,,,,,,,,,,,,,,,,,,,,,,,,,,,,,,,,,,
1,,,1454,,,,,,,,,,,,,,,,,,,,,,,,,,,,,,,,,,,,0.3992308974266052,,,,,,,,,,,,,,,,,,,,,,,,,,,,,,,,,,,,
1,,,1459,,,,,,,,,,,,,,,,,,,,,,,,,,,,,,,,,,,,0.6604445576667786,,,,,,,,,,,,,,,,,,,,,,,,,,,,,,,,,,,,
1,,,1464,,,,,,,,,,,,,,,,,,,,,,,,,,,,,,,,,,,,0.35626235604286194,,,,,,,,,,,,,,,,,,,,,,,,,,,,,,,,,,,,
1,,,1469,,,,,,,,,,,,,,,,,,,,,,,,,,,,,,,,,,,,0.22832012176513672,,,,,,,,,,,,,,,,,,,,,,,,,,,,,,,,,,,,
1,,,1474,,,,,,,,,,,,,,,,,,,,,,,,,,,,,,,,,,,,0.3118532598018646,,,,,,,,,,,,,,,,,,,,,,,,,,,,,,,,,,,,
1,,,1479,,,,,,,,,,,,,,,,,,,,,,,,,,,,,,,,,,,,0.46577608585357666,,,,,,,,,,,,,,,,,,,,,,,,,,,,,,,,,,,,
1,,,1484,,,,,,,,,,,,,,,,,,,,,,,,,,,,,,,,,,,,0.4150649309158325,,,,,,,,,,,,,,,,,,,,,,,,,,,,,,,,,,,,
1,,,1489,,,,,,,,,,,,,,,,,,,,,,,,,,,,,,,,,,,,0.3206385672092438,,,,,,,,,,,,,,,,,,,,,,,,,,,,,,,,,,,,
1,,,1494,,,,,,,,,,,,,,,,,,,,,,,,,,,,,,,,,,,,0.45252394676208496,,,,,,,,,,,,,,,,,,,,,,,,,,,,,,,,,,,,
1,,,1499,,,,,,,,,,,,,,,,,,,,,,,,,,,,,,,,,,,,0.5893654823303223,,,,,,,,,,,,,,,,,,,,,,,,,,,,,,,,,,,,
1,,,1504,,,,,,,,,,,,,,,,,,,,,,,,,,,,,,,,,,,,0.6810383796691895,,,,,,,,,,,,,,,,,,,,,,,,,,,,,,,,,,,,
1,,,1509,,,,,,,,,,,,,,,,,,,,,,,,,,,,,,,,,,,,0.4550941288471222,,,,,,,,,,,,,,,,,,,,,,,,,,,,,,,,,,,,
1,,,1514,,,,,,,,,,,,,,,,,,,,,,,,,,,,,,,,,,,,0.6548606753349304,,,,,,,,,,,,,,,,,,,,,,,,,,,,,,,,,,,,
1,,,1519,,,,,,,,,,,,,,,,,,,,,,,,,,,,,,,,,,,,0.3535189628601074,,,,,,,,,,,,,,,,,,,,,,,,,,,,,,,,,,,,
1,,,1524,,,,,,,,,,,,,,,,,,,,,,,,,,,,,,,,,,,,0.39784228801727295,,,,,,,,,,,,,,,,,,,,,,,,,,,,,,,,,,,,
1,,,1529,,,,,,,,,,,,,,,,,,,,,,,,,,,,,,,,,,,,0.36819136142730713,,,,,,,,,,,,,,,,,,,,,,,,,,,,,,,,,,,,
1,,,1534,,,,,,,,,,,,,,,,,,,,,,,,,,,,,,,,,,,,0.5526056885719299,,,,,,,,,,,,,,,,,,,,,,,,,,,,,,,,,,,,
1,,,1539,,,,,,,,,,,,,,,,,,,,,,,,,,,,,,,,,,,,0.2835063338279724,,,,,,,,,,,,,,,,,,,,,,,,,,,,,,,,,,,,
1,,,1544,,,,,,,,,,,,,,,,,,,,,,,,,,,,,,,,,,,,0.6686601638793945,,,,,,,,,,,,,,,,,,,,,,,,,,,,,,,,,,,,
1,,,1549,,,,,,,,,,,,,,,,,,,,,,,,,,,,,,,,,,,,0.3946115970611572,,,,,,,,,,,,,,,,,,,,,,,,,,,,,,,,,,,,
1,,,1554,,,,,,,,,,,,,,,,,,,,,,,,,,,,,,,,,,,,0.43270301818847656,,,,,,,,,,,,,,,,,,,,,,,,,,,,,,,,,,,,
1,,,1559,,,,,,,,,,,,,,,,,,,,,,,,,,,,,,,,,,,,0.2693908214569092,,,,,,,,,,,,,,,,,,,,,,,,,,,,,,,,,,,,
1,,,1564,,,,,,,,,,,,,,,,,,,,,,,,,,,,,,,,,,,,0.3088231086730957,,,,,,,,,,,,,,,,,,,,,,,,,,,,,,,,,,,,
1,,,1569,,,,,,,,,,,,,,,,,,,,,,,,,,,,,,,,,,,,0.4205974340438843,,,,,,,,,,,,,,,,,,,,,,,,,,,,,,,,,,,,
1,,,1574,,,,,,,,,,,,,,,,,,,,,,,,,,,,,,,,,,,,0.6771414875984192,,,,,,,,,,,,,,,,,,,,,,,,,,,,,,,,,,,,
1,,,1579,,,,,,,,,,,,,,,,,,,,,,,,,,,,,,,,,,,,0.39796361327171326,,,,,,,,,,,,,,,,,,,,,,,,,,,,,,,,,,,,
1,,,1584,,,,,,,,,,,,,,,,,,,,,,,,,,,,,,,,,,,,0.2792690396308899,,,,,,,,,,,,,,,,,,,,,,,,,,,,,,,,,,,,
1,,,1589,,,,,,,,,,,,,,,,,,,,,,,,,,,,,,,,,,,,0.5888922810554504,,,,,,,,,,,,,,,,,,,,,,,,,,,,,,,,,,,,
1,,,1594,,,,,,,,,,,,,,,,,,,,,,,,,,,,,,,,,,,,0.6598734855651855,,,,,,,,,,,,,,,,,,,,,,,,,,,,,,,,,,,,
1,,,1599,,,,,,,,,,,,,,,,,,,,,,,,,,,,,,,,,,,,0.3898956775665283,,,,,,,,,,,,,,,,,,,,,,,,,,,,,,,,,,,,
1,,,1604,,,,,,,,,,,,,,,,,,,,,,,,,,,,,,,,,,,,0.6559311151504517,,,,,,,,,,,,,,,,,,,,,,,,,,,,,,,,,,,,
1,,,1609,,,,,,,,,,,,,,,,,,,,,,,,,,,,,,,,,,,,0.6528368592262268,,,,,,,,,,,,,,,,,,,,,,,,,,,,,,,,,,,,
1,,,1614,,,,,,,,,,,,,,,,,,,,,,,,,,,,,,,,,,,,0.39521417021751404,,,,,,,,,,,,,,,,,,,,,,,,,,,,,,,,,,,,
1,,,1619,,,,,,,,,,,,,,,,,,,,,,,,,,,,,,,,,,,,0.6244978904724121,,,,,,,,,,,,,,,,,,,,,,,,,,,,,,,,,,,,
1,,,1624,,,,,,,,,,,,,,,,,,,,,,,,,,,,,,,,,,,,0.540520191192627,,,,,,,,,,,,,,,,,,,,,,,,,,,,,,,,,,,,
1,,,1629,,,,,,,,,,,,,,,,,,,,,,,,,,,,,,,,,,,,0.5742409825325012,,,,,,,,,,,,,,,,,,,,,,,,,,,,,,,,,,,,
1,,,1634,,,,,,,,,,,,,,,,,,,,,,,,,,,,,,,,,,,,0.5290384292602539,,,,,,,,,,,,,,,,,,,,,,,,,,,,,,,,,,,,
1,,,1639,,,,,,,,,,,,,,,,,,,,,,,,,,,,,,,,,,,,0.7122268080711365,,,,,,,,,,,,,,,,,,,,,,,,,,,,,,,,,,,,
1,,,1644,,,,,,,,,,,,,,,,,,,,,,,,,,,,,,,,,,,,0.6529529094696045,,,,,,,,,,,,,,,,,,,,,,,,,,,,,,,,,,,,
1,,,1649,,,,,,,,,,,,,,,,,,,,,,,,,,,,,,,,,,,,0.5228790640830994,,,,,,,,,,,,,,,,,,,,,,,,,,,,,,,,,,,,
1,,,1654,,,,,,,,,,,,,,,,,,,,,,,,,,,,,,,,,,,,0.286537230014801,,,,,,,,,,,,,,,,,,,,,,,,,,,,,,,,,,,,
1,,,1659,,,,,,,,,,,,,,,,,,,,,,,,,,,,,,,,,,,,0.31513121724128723,,,,,,,,,,,,,,,,,,,,,,,,,,,,,,,,,,,,
1,,,1664,,,,,,,,,,,,,,,,,,,,,,,,,,,,,,,,,,,,0.4251894950866699,,,,,,,,,,,,,,,,,,,,,,,,,,,,,,,,,,,,
1,,,1669,,,,,,,,,,,,,,,,,,,,,,,,,,,,,,,,,,,,0.36189472675323486,,,,,,,,,,,,,,,,,,,,,,,,,,,,,,,,,,,,
1,,,1674,,,,,,,,,,,,,,,,,,,,,,,,,,,,,,,,,,,,0.40811479091644287,,,,,,,,,,,,,,,,,,,,,,,,,,,,,,,,,,,,
1,,,1679,,,,,,,,,,,,,,,,,,,,,,,,,,,,,,,,,,,,0.35429149866104126,,,,,,,,,,,,,,,,,,,,,,,,,,,,,,,,,,,,
1,,,1684,,,,,,,,,,,,,,,,,,,,,,,,,,,,,,,,,,,,0.6457547545433044,,,,,,,,,,,,,,,,,,,,,,,,,,,,,,,,,,,,
1,,,1689,,,,,,,,,,,,,,,,,,,,,,,,,,,,,,,,,,,,0.34930697083473206,,,,,,,,,,,,,,,,,,,,,,,,,,,,,,,,,,,,
1,,,1694,,,,,,,,,,,,,,,,,,,,,,,,,,,,,,,,,,,,0.5877509117126465,,,,,,,,,,,,,,,,,,,,,,,,,,,,,,,,,,,,
1,,,1699,,,,,,,,,,,,,,,,,,,,,,,,,,,,,,,,,,,,0.42616596817970276,,,,,,,,,,,,,,,,,,,,,,,,,,,,,,,,,,,,
1,,,1704,,,,,,,,,,,,,,,,,,,,,,,,,,,,,,,,,,,,0.6827443242073059,,,,,,,,,,,,,,,,,,,,,,,,,,,,,,,,,,,,
1,,,1709,,,,,,,,,,,,,,,,,,,,,,,,,,,,,,,,,,,,0.4213126301765442,,,,,,,,,,,,,,,,,,,,,,,,,,,,,,,,,,,,
1,,,1714,,,,,,,,,,,,,,,,,,,,,,,,,,,,,,,,,,,,0.2877161502838135,,,,,,,,,,,,,,,,,,,,,,,,,,,,,,,,,,,,
1,,,1719,,,,,,,,,,,,,,,,,,,,,,,,,,,,,,,,,,,,0.33898237347602844,,,,,,,,,,,,,,,,,,,,,,,,,,,,,,,,,,,,
1,,,1724,,,,,,,,,,,,,,,,,,,,,,,,,,,,,,,,,,,,0.7166968584060669,,,,,,,,,,,,,,,,,,,,,,,,,,,,,,,,,,,,
1,,,1729,,,,,,,,,,,,,,,,,,,,,,,,,,,,,,,,,,,,0.760683536529541,,,,,,,,,,,,,,,,,,,,,,,,,,,,,,,,,,,,
1,,,1734,,,,,,,,,,,,,,,,,,,,,,,,,,,,,,,,,,,,0.4274022579193115,,,,,,,,,,,,,,,,,,,,,,,,,,,,,,,,,,,,
1,,,1739,,,,,,,,,,,,,,,,,,,,,,,,,,,,,,,,,,,,0.6710423827171326,,,,,,,,,,,,,,,,,,,,,,,,,,,,,,,,,,,,
1,,,1744,,,,,,,,,,,,,,,,,,,,,,,,,,,,,,,,,,,,0.29161733388900757,,,,,,,,,,,,,,,,,,,,,,,,,,,,,,,,,,,,
1,,,1749,,,,,,,,,,,,,,,,,,,,,,,,,,,,,,,,,,,,0.4139755964279175,,,,,,,,,,,,,,,,,,,,,,,,,,,,,,,,,,,,
1,,,1754,,,,,,,,,,,,,,,,,,,,,,,,,,,,,,,,,,,,0.7070037722587585,,,,,,,,,,,,,,,,,,,,,,,,,,,,,,,,,,,,
1,,,1759,,,,,,,,,,,,,,,,,,,,,,,,,,,,,,,,,,,,0.5291895270347595,,,,,,,,,,,,,,,,,,,,,,,,,,,,,,,,,,,,
1,,,1764,,,,,,,,,,,,,,,,,,,,,,,,,,,,,,,,,,,,0.4192650318145752,,,,,,,,,,,,,,,,,,,,,,,,,,,,,,,,,,,,
1,,,1769,,,,,,,,,,,,,,,,,,,,,,,,,,,,,,,,,,,,0.4101824164390564,,,,,,,,,,,,,,,,,,,,,,,,,,,,,,,,,,,,
1,,,1774,,,,,,,,,,,,,,,,,,,,,,,,,,,,,,,,,,,,0.41097965836524963,,,,,,,,,,,,,,,,,,,,,,,,,,,,,,,,,,,,
1,,,1779,,,,,,,,,,,,,,,,,,,,,,,,,,,,,,,,,,,,0.4061945974826813,,,,,,,,,,,,,,,,,,,,,,,,,,,,,,,,,,,,
1,,,1784,,,,,,,,,,,,,,,,,,,,,,,,,,,,,,,,,,,,0.7337126731872559,,,,,,,,,,,,,,,,,,,,,,,,,,,,,,,,,,,,
1,,,1789,,,,,,,,,,,,,,,,,,,,,,,,,,,,,,,,,,,,0.744002640247345,,,,,,,,,,,,,,,,,,,,,,,,,,,,,,,,,,,,
1,,,1794,,,,,,,,,,,,,,,,,,,,,,,,,,,,,,,,,,,,0.3146134614944458,,,,,,,,,,,,,,,,,,,,,,,,,,,,,,,,,,,,
1,,,1799,,,,,,,,,,,,,,,,,,,,,,,,,,,,,,,,,,,,0.7219103574752808,,,,,,,,,,,,,,,,,,,,,,,,,,,,,,,,,,,,
1,,,1804,,,,,,,,,,,,,,,,,,,,,,,,,,,,,,,,,,,,0.5141118168830872,,,,,,,,,,,,,,,,,,,,,,,,,,,,,,,,,,,,
1,,,1809,,,,,,,,,,,,,,,,,,,,,,,,,,,,,,,,,,,,0.31802865862846375,,,,,,,,,,,,,,,,,,,,,,,,,,,,,,,,,,,,
1,,,1814,,,,,,,,,,,,,,,,,,,,,,,,,,,,,,,,,,,,0.7379597425460815,,,,,,,,,,,,,,,,,,,,,,,,,,,,,,,,,,,,
1,,,1819,,,,,,,,,,,,,,,,,,,,,,,,,,,,,,,,,,,,0.5594256520271301,,,,,,,,,,,,,,,,,,,,,,,,,,,,,,,,,,,,
1,,,1824,,,,,,,,,,,,,,,,,,,,,,,,,,,,,,,,,,,,0.6846975684165955,,,,,,,,,,,,,,,,,,,,,,,,,,,,,,,,,,,,
1,,,1829,,,,,,,,,,,,,,,,,,,,,,,,,,,,,,,,,,,,0.3080371916294098,,,,,,,,,,,,,,,,,,,,,,,,,,,,,,,,,,,,
1,,,1834,,,,,,,,,,,,,,,,,,,,,,,,,,,,,,,,,,,,0.32253724336624146,,,,,,,,,,,,,,,,,,,,,,,,,,,,,,,,,,,,
1,,,1839,,,,,,,,,,,,,,,,,,,,,,,,,,,,,,,,,,,,0.342637836933136,,,,,,,,,,,,,,,,,,,,,,,,,,,,,,,,,,,,
1,,,1841,,,,,,,,,,,,,,,,,,,,,,,,,,,,,,,,,,,,,0.751836895942688,0.7184545993804932,0.6077592372894287,0.6935646533966064,0.751836895942688,0.0,0.8726655840873718,0.8082575798034668,0.9496182799339294,0.3768060803413391,0.0,0.8822599053382874,0.8100496530532837,0.877479076385498,0.3040298819541931,0.0,0.7893245220184326,0.6807424426078796,0.7817040085792542,0.1792660653591156,0.0,0.8920673727989197,0.8118496537208557,0.8155263662338257,0.254815012216568,0.0,0.8726655840873718,0.8082575798034668,0.9496182799339294,0.3768060803413391,0.842090904712677,0.842090904712677,0.7272512316703796,0.842090904712677,0.842090904712677,0.5110154151916504
1,,,1841,0.6866090297698975,0.6743990778923035,0.5559450387954712,0.6644946336746216,0.6866090297698975,0.0,0.8258689045906067,0.7991572618484497,0.8546444177627563,0.26676565408706665,0.0,0.8477320075035095,0.773628294467926,0.8390135765075684,0.23722249269485474,0.0,0.7357072830200195,0.6308268904685974,0.7226730585098267,0.13457313179969788,0.0,0.8707840442657471,0.7496798634529114,0.8239442110061646,0.2135704904794693,0.0,0.8258689045906067,0.7991572618484497,0.8546444177627563,0.26676565408706665,0.8063994646072388,0.806399405002594,0.6756024360656738,0.8063994646072388,0.8063994646072388,,,,,,,,,,,,,,,,,,,,,,,,,,,,,,,,,,,,,
,1e-05,0.0001,1842,,,,,,,,,,,,,,,,,,,,,,,,,,,,,,,,,,,,,,,,,,,,,,,,,,,,,,,,,,,,,,,,,,,,,,,,
2,,,1844,,,,,,,,,,,,,,,,,,,,,,,,,,,,,,,,,,,,0.3974263370037079,,,,,,,,,,,,,,,,,,,,,,,,,,,,,,,,,,,,
2,,,1849,,,,,,,,,,,,,,,,,,,,,,,,,,,,,,,,,,,,0.6814442276954651,,,,,,,,,,,,,,,,,,,,,,,,,,,,,,,,,,,,
2,,,1854,,,,,,,,,,,,,,,,,,,,,,,,,,,,,,,,,,,,0.2800901532173157,,,,,,,,,,,,,,,,,,,,,,,,,,,,,,,,,,,,
2,,,1859,,,,,,,,,,,,,,,,,,,,,,,,,,,,,,,,,,,,0.6540245413780212,,,,,,,,,,,,,,,,,,,,,,,,,,,,,,,,,,,,
2,,,1864,,,,,,,,,,,,,,,,,,,,,,,,,,,,,,,,,,,,0.2816879153251648,,,,,,,,,,,,,,,,,,,,,,,,,,,,,,,,,,,,
2,,,1869,,,,,,,,,,,,,,,,,,,,,,,,,,,,,,,,,,,,0.33059942722320557,,,,,,,,,,,,,,,,,,,,,,,,,,,,,,,,,,,,
2,,,1874,,,,,,,,,,,,,,,,,,,,,,,,,,,,,,,,,,,,0.33819472789764404,,,,,,,,,,,,,,,,,,,,,,,,,,,,,,,,,,,,
2,,,1879,,,,,,,,,,,,,,,,,,,,,,,,,,,,,,,,,,,,0.31337082386016846,,,,,,,,,,,,,,,,,,,,,,,,,,,,,,,,,,,,
2,,,1884,,,,,,,,,,,,,,,,,,,,,,,,,,,,,,,,,,,,0.27787742018699646,,,,,,,,,,,,,,,,,,,,,,,,,,,,,,,,,,,,
2,,,1889,,,,,,,,,,,,,,,,,,,,,,,,,,,,,,,,,,,,0.500821590423584,,,,,,,,,,,,,,,,,,,,,,,,,,,,,,,,,,,,
2,,,1894,,,,,,,,,,,,,,,,,,,,,,,,,,,,,,,,,,,,0.299744576215744,,,,,,,,,,,,,,,,,,,,,,,,,,,,,,,,,,,,
2,,,1899,,,,,,,,,,,,,,,,,,,,,,,,,,,,,,,,,,,,0.7044245600700378,,,,,,,,,,,,,,,,,,,,,,,,,,,,,,,,,,,,
2,,,1904,,,,,,,,,,,,,,,,,,,,,,,,,,,,,,,,,,,,0.46175122261047363,,,,,,,,,,,,,,,,,,,,,,,,,,,,,,,,,,,,
2,,,1909,,,,,,,,,,,,,,,,,,,,,,,,,,,,,,,,,,,,0.5494515895843506,,,,,,,,,,,,,,,,,,,,,,,,,,,,,,,,,,,,
2,,,1914,,,,,,,,,,,,,,,,,,,,,,,,,,,,,,,,,,,,0.6537291407585144,,,,,,,,,,,,,,,,,,,,,,,,,,,,,,,,,,,,
2,,,1919,,,,,,,,,,,,,,,,,,,,,,,,,,,,,,,,,,,,0.5102246403694153,,,,,,,,,,,,,,,,,,,,,,,,,,,,,,,,,,,,
2,,,1924,,,,,,,,,,,,,,,,,,,,,,,,,,,,,,,,,,,,0.5325659513473511,,,,,,,,,,,,,,,,,,,,,,,,,,,,,,,,,,,,
2,,,1929,,,,,,,,,,,,,,,,,,,,,,,,,,,,,,,,,,,,0.5180273652076721,,,,,,,,,,,,,,,,,,,,,,,,,,,,,,,,,,,,
2,,,1934,,,,,,,,,,,,,,,,,,,,,,,,,,,,,,,,,,,,0.581068217754364,,,,,,,,,,,,,,,,,,,,,,,,,,,,,,,,,,,,
2,,,1939,,,,,,,,,,,,,,,,,,,,,,,,,,,,,,,,,,,,0.3256477415561676,,,,,,,,,,,,,,,,,,,,,,,,,,,,,,,,,,,,
2,,,1944,,,,,,,,,,,,,,,,,,,,,,,,,,,,,,,,,,,,0.5964521765708923,,,,,,,,,,,,,,,,,,,,,,,,,,,,,,,,,,,,
2,,,1949,,,,,,,,,,,,,,,,,,,,,,,,,,,,,,,,,,,,0.3967787027359009,,,,,,,,,,,,,,,,,,,,,,,,,,,,,,,,,,,,
2,,,1954,,,,,,,,,,,,,,,,,,,,,,,,,,,,,,,,,,,,0.7166972756385803,,,,,,,,,,,,,,,,,,,,,,,,,,,,,,,,,,,,
2,,,1959,,,,,,,,,,,,,,,,,,,,,,,,,,,,,,,,,,,,0.3169362246990204,,,,,,,,,,,,,,,,,,,,,,,,,,,,,,,,,,,,
2,,,1964,,,,,,,,,,,,,,,,,,,,,,,,,,,,,,,,,,,,0.6725519895553589,,,,,,,,,,,,,,,,,,,,,,,,,,,,,,,,,,,,
2,,,1969,,,,,,,,,,,,,,,,,,,,,,,,,,,,,,,,,,,,0.6459271311759949,,,,,,,,,,,,,,,,,,,,,,,,,,,,,,,,,,,,
2,,,1974,,,,,,,,,,,,,,,,,,,,,,,,,,,,,,,,,,,,0.6816424131393433,,,,,,,,,,,,,,,,,,,,,,,,,,,,,,,,,,,,
2,,,1979,,,,,,,,,,,,,,,,,,,,,,,,,,,,,,,,,,,,0.27937254309654236,,,,,,,,,,,,,,,,,,,,,,,,,,,,,,,,,,,,
2,,,1984,,,,,,,,,,,,,,,,,,,,,,,,,,,,,,,,,,,,0.4179990291595459,,,,,,,,,,,,,,,,,,,,,,,,,,,,,,,,,,,,
2,,,1989,,,,,,,,,,,,,,,,,,,,,,,,,,,,,,,,,,,,0.42159658670425415,,,,,,,,,,,,,,,,,,,,,,,,,,,,,,,,,,,,
2,,,1994,,,,,,,,,,,,,,,,,,,,,,,,,,,,,,,,,,,,0.4955527186393738,,,,,,,,,,,,,,,,,,,,,,,,,,,,,,,,,,,,
2,,,1999,,,,,,,,,,,,,,,,,,,,,,,,,,,,,,,,,,,,0.7314411401748657,,,,,,,,,,,,,,,,,,,,,,,,,,,,,,,,,,,,
2,,,2004,,,,,,,,,,,,,,,,,,,,,,,,,,,,,,,,,,,,0.32287466526031494,,,,,,,,,,,,,,,,,,,,,,,,,,,,,,,,,,,,
2,,,2009,,,,,,,,,,,,,,,,,,,,,,,,,,,,,,,,,,,,0.3095954954624176,,,,,,,,,,,,,,,,,,,,,,,,,,,,,,,,,,,,
2,,,2014,,,,,,,,,,,,,,,,,,,,,,,,,,,,,,,,,,,,0.602942168712616,,,,,,,,,,,,,,,,,,,,,,,,,,,,,,,,,,,,
2,,,2019,,,,,,,,,,,,,,,,,,,,,,,,,,,,,,,,,,,,0.3918202519416809,,,,,,,,,,,,,,,,,,,,,,,,,,,,,,,,,,,,
2,,,2024,,,,,,,,,,,,,,,,,,,,,,,,,,,,,,,,,,,,0.4288065433502197,,,,,,,,,,,,,,,,,,,,,,,,,,,,,,,,,,,,
2,,,2029,,,,,,,,,,,,,,,,,,,,,,,,,,,,,,,,,,,,0.5694822072982788,,,,,,,,,,,,,,,,,,,,,,,,,,,,,,,,,,,,
2,,,2034,,,,,,,,,,,,,,,,,,,,,,,,,,,,,,,,,,,,0.6264505982398987,,,,,,,,,,,,,,,,,,,,,,,,,,,,,,,,,,,,
2,,,2039,,,,,,,,,,,,,,,,,,,,,,,,,,,,,,,,,,,,0.4013320207595825,,,,,,,,,,,,,,,,,,,,,,,,,,,,,,,,,,,,
2,,,2044,,,,,,,,,,,,,,,,,,,,,,,,,,,,,,,,,,,,0.6758571267127991,,,,,,,,,,,,,,,,,,,,,,,,,,,,,,,,,,,,
2,,,2049,,,,,,,,,,,,,,,,,,,,,,,,,,,,,,,,,,,,0.4209980368614197,,,,,,,,,,,,,,,,,,,,,,,,,,,,,,,,,,,,
2,,,2054,,,,,,,,,,,,,,,,,,,,,,,,,,,,,,,,,,,,0.6732110977172852,,,,,,,,,,,,,,,,,,,,,,,,,,,,,,,,,,,,
2,,,2059,,,,,,,,,,,,,,,,,,,,,,,,,,,,,,,,,,,,0.698084831237793,,,,,,,,,,,,,,,,,,,,,,,,,,,,,,,,,,,,
2,,,2064,,,,,,,,,,,,,,,,,,,,,,,,,,,,,,,,,,,,0.6146249175071716,,,,,,,,,,,,,,,,,,,,,,,,,,,,,,,,,,,,
2,,,2069,,,,,,,,,,,,,,,,,,,,,,,,,,,,,,,,,,,,0.7472428679466248,,,,,,,,,,,,,,,,,,,,,,,,,,,,,,,,,,,,
2,,,2074,,,,,,,,,,,,,,,,,,,,,,,,,,,,,,,,,,,,0.28496047854423523,,,,,,,,,,,,,,,,,,,,,,,,,,,,,,,,,,,,
2,,,2079,,,,,,,,,,,,,,,,,,,,,,,,,,,,,,,,,,,,0.37446334958076477,,,,,,,,,,,,,,,,,,,,,,,,,,,,,,,,,,,,
2,,,2084,,,,,,,,,,,,,,,,,,,,,,,,,,,,,,,,,,,,0.35590726137161255,,,,,,,,,,,,,,,,,,,,,,,,,,,,,,,,,,,,
2,,,2089,,,,,,,,,,,,,,,,,,,,,,,,,,,,,,,,,,,,0.6994729042053223,,,,,,,,,,,,,,,,,,,,,,,,,,,,,,,,,,,,
2,,,2094,,,,,,,,,,,,,,,,,,,,,,,,,,,,,,,,,,,,0.6988603472709656,,,,,,,,,,,,,,,,,,,,,,,,,,,,,,,,,,,,
2,,,2099,,,,,,,,,,,,,,,,,,,,,,,,,,,,,,,,,,,,0.4912983775138855,,,,,,,,,,,,,,,,,,,,,,,,,,,,,,,,,,,,
2,,,2104,,,,,,,,,,,,,,,,,,,,,,,,,,,,,,,,,,,,0.4029380977153778,,,,,,,,,,,,,,,,,,,,,,,,,,,,,,,,,,,,
2,,,2109,,,,,,,,,,,,,,,,,,,,,,,,,,,,,,,,,,,,0.7179335355758667,,,,,,,,,,,,,,,,,,,,,,,,,,,,,,,,,,,,
2,,,2114,,,,,,,,,,,,,,,,,,,,,,,,,,,,,,,,,,,,0.5075418949127197,,,,,,,,,,,,,,,,,,,,,,,,,,,,,,,,,,,,
2,,,2119,,,,,,,,,,,,,,,,,,,,,,,,,,,,,,,,,,,,0.26011794805526733,,,,,,,,,,,,,,,,,,,,,,,,,,,,,,,,,,,,
2,,,2124,,,,,,,,,,,,,,,,,,,,,,,,,,,,,,,,,,,,0.32408273220062256,,,,,,,,,,,,,,,,,,,,,,,,,,,,,,,,,,,,
2,,,2129,,,,,,,,,,,,,,,,,,,,,,,,,,,,,,,,,,,,0.7111703157424927,,,,,,,,,,,,,,,,,,,,,,,,,,,,,,,,,,,,
2,,,2134,,,,,,,,,,,,,,,,,,,,,,,,,,,,,,,,,,,,0.6772613525390625,,,,,,,,,,,,,,,,,,,,,,,,,,,,,,,,,,,,
2,,,2139,,,,,,,,,,,,,,,,,,,,,,,,,,,,,,,,,,,,0.525331437587738,,,,,,,,,,,,,,,,,,,,,,,,,,,,,,,,,,,,
2,,,2144,,,,,,,,,,,,,,,,,,,,,,,,,,,,,,,,,,,,0.3795391023159027,,,,,,,,,,,,,,,,,,,,,,,,,,,,,,,,,,,,
2,,,2149,,,,,,,,,,,,,,,,,,,,,,,,,,,,,,,,,,,,0.25857800245285034,,,,,,,,,,,,,,,,,,,,,,,,,,,,,,,,,,,,
2,,,2154,,,,,,,,,,,,,,,,,,,,,,,,,,,,,,,,,,,,0.6650291085243225,,,,,,,,,,,,,,,,,,,,,,,,,,,,,,,,,,,,
2,,,2159,,,,,,,,,,,,,,,,,,,,,,,,,,,,,,,,,,,,0.43154484033584595,,,,,,,,,,,,,,,,,,,,,,,,,,,,,,,,,,,,
2,,,2164,,,,,,,,,,,,,,,,,,,,,,,,,,,,,,,,,,,,0.7583222389221191,,,,,,,,,,,,,,,,,,,,,,,,,,,,,,,,,,,,
2,,,2169,,,,,,,,,,,,,,,,,,,,,,,,,,,,,,,,,,,,0.6597577333450317,,,,,,,,,,,,,,,,,,,,,,,,,,,,,,,,,,,,
2,,,2174,,,,,,,,,,,,,,,,,,,,,,,,,,,,,,,,,,,,0.25769346952438354,,,,,,,,,,,,,,,,,,,,,,,,,,,,,,,,,,,,
2,,,2179,,,,,,,,,,,,,,,,,,,,,,,,,,,,,,,,,,,,0.6475472450256348,,,,,,,,,,,,,,,,,,,,,,,,,,,,,,,,,,,,
2,,,2184,,,,,,,,,,,,,,,,,,,,,,,,,,,,,,,,,,,,0.4117106795310974,,,,,,,,,,,,,,,,,,,,,,,,,,,,,,,,,,,,
2,,,2189,,,,,,,,,,,,,,,,,,,,,,,,,,,,,,,,,,,,0.7333735227584839,,,,,,,,,,,,,,,,,,,,,,,,,,,,,,,,,,,,
2,,,2194,,,,,,,,,,,,,,,,,,,,,,,,,,,,,,,,,,,,0.6716433763504028,,,,,,,,,,,,,,,,,,,,,,,,,,,,,,,,,,,,
2,,,2199,,,,,,,,,,,,,,,,,,,,,,,,,,,,,,,,,,,,0.34930405020713806,,,,,,,,,,,,,,,,,,,,,,,,,,,,,,,,,,,,
2,,,2204,,,,,,,,,,,,,,,,,,,,,,,,,,,,,,,,,,,,0.6431812047958374,,,,,,,,,,,,,,,,,,,,,,,,,,,,,,,,,,,,
2,,,2209,,,,,,,,,,,,,,,,,,,,,,,,,,,,,,,,,,,,0.41532954573631287,,,,,,,,,,,,,,,,,,,,,,,,,,,,,,,,,,,,
2,,,2214,,,,,,,,,,,,,,,,,,,,,,,,,,,,,,,,,,,,0.30394604802131653,,,,,,,,,,,,,,,,,,,,,,,,,,,,,,,,,,,,
2,,,2219,,,,,,,,,,,,,,,,,,,,,,,,,,,,,,,,,,,,0.6800121665000916,,,,,,,,,,,,,,,,,,,,,,,,,,,,,,,,,,,,
2,,,2224,,,,,,,,,,,,,,,,,,,,,,,,,,,,,,,,,,,,0.7475008368492126,,,,,,,,,,,,,,,,,,,,,,,,,,,,,,,,,,,,
2,,,2229,,,,,,,,,,,,,,,,,,,,,,,,,,,,,,,,,,,,0.2811043858528137,,,,,,,,,,,,,,,,,,,,,,,,,,,,,,,,,,,,
2,,,2234,,,,,,,,,,,,,,,,,,,,,,,,,,,,,,,,,,,,0.30928146839141846,,,,,,,,,,,,,,,,,,,,,,,,,,,,,,,,,,,,
2,,,2239,,,,,,,,,,,,,,,,,,,,,,,,,,,,,,,,,,,,0.3259524703025818,,,,,,,,,,,,,,,,,,,,,,,,,,,,,,,,,,,,
2,,,2244,,,,,,,,,,,,,,,,,,,,,,,,,,,,,,,,,,,,0.6402457356452942,,,,,,,,,,,,,,,,,,,,,,,,,,,,,,,,,,,,
2,,,2249,,,,,,,,,,,,,,,,,,,,,,,,,,,,,,,,,,,,0.3321758210659027,,,,,,,,,,,,,,,,,,,,,,,,,,,,,,,,,,,,
2,,,2254,,,,,,,,,,,,,,,,,,,,,,,,,,,,,,,,,,,,0.4228380024433136,,,,,,,,,,,,,,,,,,,,,,,,,,,,,,,,,,,,
2,,,2259,,,,,,,,,,,,,,,,,,,,,,,,,,,,,,,,,,,,0.555986225605011,,,,,,,,,,,,,,,,,,,,,,,,,,,,,,,,,,,,
2,,,2264,,,,,,,,,,,,,,,,,,,,,,,,,,,,,,,,,,,,0.4900445342063904,,,,,,,,,,,,,,,,,,,,,,,,,,,,,,,,,,,,
2,,,2269,,,,,,,,,,,,,,,,,,,,,,,,,,,,,,,,,,,,0.42854541540145874,,,,,,,,,,,,,,,,,,,,,,,,,,,,,,,,,,,,
2,,,2274,,,,,,,,,,,,,,,,,,,,,,,,,,,,,,,,,,,,0.27131491899490356,,,,,,,,,,,,,,,,,,,,,,,,,,,,,,,,,,,,
2,,,2279,,,,,,,,,,,,,,,,,,,,,,,,,,,,,,,,,,,,0.3353574872016907,,,,,,,,,,,,,,,,,,,,,,,,,,,,,,,,,,,,
2,,,2284,,,,,,,,,,,,,,,,,,,,,,,,,,,,,,,,,,,,0.39428025484085083,,,,,,,,,,,,,,,,,,,,,,,,,,,,,,,,,,,,
2,,,2289,,,,,,,,,,,,,,,,,,,,,,,,,,,,,,,,,,,,0.6993211507797241,,,,,,,,,,,,,,,,,,,,,,,,,,,,,,,,,,,,
2,,,2294,,,,,,,,,,,,,,,,,,,,,,,,,,,,,,,,,,,,0.40977054834365845,,,,,,,,,,,,,,,,,,,,,,,,,,,,,,,,,,,,
2,,,2299,,,,,,,,,,,,,,,,,,,,,,,,,,,,,,,,,,,,0.6492148041725159,,,,,,,,,,,,,,,,,,,,,,,,,,,,,,,,,,,,
2,,,2304,,,,,,,,,,,,,,,,,,,,,,,,,,,,,,,,,,,,0.6705318689346313,,,,,,,,,,,,,,,,,,,,,,,,,,,,,,,,,,,,
2,,,2309,,,,,,,,,,,,,,,,,,,,,,,,,,,,,,,,,,,,0.7862159609794617,,,,,,,,,,,,,,,,,,,,,,,,,,,,,,,,,,,,
2,,,2314,,,,,,,,,,,,,,,,,,,,,,,,,,,,,,,,,,,,0.3095766305923462,,,,,,,,,,,,,,,,,,,,,,,,,,,,,,,,,,,,
2,,,2319,,,,,,,,,,,,,,,,,,,,,,,,,,,,,,,,,,,,0.7280792593955994,,,,,,,,,,,,,,,,,,,,,,,,,,,,,,,,,,,,
2,,,2324,,,,,,,,,,,,,,,,,,,,,,,,,,,,,,,,,,,,0.6344279050827026,,,,,,,,,,,,,,,,,,,,,,,,,,,,,,,,,,,,
2,,,2329,,,,,,,,,,,,,,,,,,,,,,,,,,,,,,,,,,,,0.265815794467926,,,,,,,,,,,,,,,,,,,,,,,,,,,,,,,,,,,,
2,,,2334,,,,,,,,,,,,,,,,,,,,,,,,,,,,,,,,,,,,0.38494056463241577,,,,,,,,,,,,,,,,,,,,,,,,,,,,,,,,,,,,
2,,,2339,,,,,,,,,,,,,,,,,,,,,,,,,,,,,,,,,,,,0.44131964445114136,,,,,,,,,,,,,,,,,,,,,,,,,,,,,,,,,,,,
2,,,2344,,,,,,,,,,,,,,,,,,,,,,,,,,,,,,,,,,,,0.37939953804016113,,,,,,,,,,,,,,,,,,,,,,,,,,,,,,,,,,,,
2,,,2349,,,,,,,,,,,,,,,,,,,,,,,,,,,,,,,,,,,,0.6579216122627258,,,,,,,,,,,,,,,,,,,,,,,,,,,,,,,,,,,,
2,,,2354,,,,,,,,,,,,,,,,,,,,,,,,,,,,,,,,,,,,0.2966553866863251,,,,,,,,,,,,,,,,,,,,,,,,,,,,,,,,,,,,
2,,,2359,,,,,,,,,,,,,,,,,,,,,,,,,,,,,,,,,,,,0.6274536848068237,,,,,,,,,,,,,,,,,,,,,,,,,,,,,,,,,,,,
2,,,2364,,,,,,,,,,,,,,,,,,,,,,,,,,,,,,,,,,,,0.4525538682937622,,,,,,,,,,,,,,,,,,,,,,,,,,,,,,,,,,,,
2,,,2369,,,,,,,,,,,,,,,,,,,,,,,,,,,,,,,,,,,,0.6868299841880798,,,,,,,,,,,,,,,,,,,,,,,,,,,,,,,,,,,,
2,,,2374,,,,,,,,,,,,,,,,,,,,,,,,,,,,,,,,,,,,0.704585611820221,,,,,,,,,,,,,,,,,,,,,,,,,,,,,,,,,,,,
2,,,2379,,,,,,,,,,,,,,,,,,,,,,,,,,,,,,,,,,,,0.2505619525909424,,,,,,,,,,,,,,,,,,,,,,,,,,,,,,,,,,,,
2,,,2384,,,,,,,,,,,,,,,,,,,,,,,,,,,,,,,,,,,,0.23882655799388885,,,,,,,,,,,,,,,,,,,,,,,,,,,,,,,,,,,,
2,,,2389,,,,,,,,,,,,,,,,,,,,,,,,,,,,,,,,,,,,0.6057453155517578,,,,,,,,,,,,,,,,,,,,,,,,,,,,,,,,,,,,
2,,,2394,,,,,,,,,,,,,,,,,,,,,,,,,,,,,,,,,,,,0.7166501879692078,,,,,,,,,,,,,,,,,,,,,,,,,,,,,,,,,,,,
2,,,2399,,,,,,,,,,,,,,,,,,,,,,,,,,,,,,,,,,,,0.4382626414299011,,,,,,,,,,,,,,,,,,,,,,,,,,,,,,,,,,,,
2,,,2404,,,,,,,,,,,,,,,,,,,,,,,,,,,,,,,,,,,,0.6601885557174683,,,,,,,,,,,,,,,,,,,,,,,,,,,,,,,,,,,,
2,,,2409,,,,,,,,,,,,,,,,,,,,,,,,,,,,,,,,,,,,0.6160805225372314,,,,,,,,,,,,,,,,,,,,,,,,,,,,,,,,,,,,
2,,,2414,,,,,,,,,,,,,,,,,,,,,,,,,,,,,,,,,,,,0.43614643812179565,,,,,,,,,,,,,,,,,,,,,,,,,,,,,,,,,,,,
2,,,2419,,,,,,,,,,,,,,,,,,,,,,,,,,,,,,,,,,,,0.47166359424591064,,,,,,,,,,,,,,,,,,,,,,,,,,,,,,,,,,,,
2,,,2424,,,,,,,,,,,,,,,,,,,,,,,,,,,,,,,,,,,,0.5578160881996155,,,,,,,,,,,,,,,,,,,,,,,,,,,,,,,,,,,,
2,,,2429,,,,,,,,,,,,,,,,,,,,,,,,,,,,,,,,,,,,0.37478870153427124,,,,,,,,,,,,,,,,,,,,,,,,,,,,,,,,,,,,
2,,,2434,,,,,,,,,,,,,,,,,,,,,,,,,,,,,,,,,,,,0.27113625407218933,,,,,,,,,,,,,,,,,,,,,,,,,,,,,,,,,,,,
2,,,2439,,,,,,,,,,,,,,,,,,,,,,,,,,,,,,,,,,,,0.5648813843727112,,,,,,,,,,,,,,,,,,,,,,,,,,,,,,,,,,,,
2,,,2444,,,,,,,,,,,,,,,,,,,,,,,,,,,,,,,,,,,,0.32269763946533203,,,,,,,,,,,,,,,,,,,,,,,,,,,,,,,,,,,,
2,,,2449,,,,,,,,,,,,,,,,,,,,,,,,,,,,,,,,,,,,0.6253142356872559,,,,,,,,,,,,,,,,,,,,,,,,,,,,,,,,,,,,
2,,,2454,,,,,,,,,,,,,,,,,,,,,,,,,,,,,,,,,,,,0.36812806129455566,,,,,,,,,,,,,,,,,,,,,,,,,,,,,,,,,,,,
2,,,2459,,,,,,,,,,,,,,,,,,,,,,,,,,,,,,,,,,,,0.4752635359764099,,,,,,,,,,,,,,,,,,,,,,,,,,,,,,,,,,,,
2,,,2464,,,,,,,,,,,,,,,,,,,,,,,,,,,,,,,,,,,,0.35746318101882935,,,,,,,,,,,,,,,,,,,,,,,,,,,,,,,,,,,,
2,,,2469,,,,,,,,,,,,,,,,,,,,,,,,,,,,,,,,,,,,0.6434475183486938,,,,,,,,,,,,,,,,,,,,,,,,,,,,,,,,,,,,
2,,,2474,,,,,,,,,,,,,,,,,,,,,,,,,,,,,,,,,,,,0.3158780336380005,,,,,,,,,,,,,,,,,,,,,,,,,,,,,,,,,,,,
2,,,2479,,,,,,,,,,,,,,,,,,,,,,,,,,,,,,,,,,,,0.4175466299057007,,,,,,,,,,,,,,,,,,,,,,,,,,,,,,,,,,,,
2,,,2484,,,,,,,,,,,,,,,,,,,,,,,,,,,,,,,,,,,,0.36787766218185425,,,,,,,,,,,,,,,,,,,,,,,,,,,,,,,,,,,,
2,,,2489,,,,,,,,,,,,,,,,,,,,,,,,,,,,,,,,,,,,0.434268057346344,,,,,,,,,,,,,,,,,,,,,,,,,,,,,,,,,,,,
2,,,2494,,,,,,,,,,,,,,,,,,,,,,,,,,,,,,,,,,,,0.40948355197906494,,,,,,,,,,,,,,,,,,,,,,,,,,,,,,,,,,,,
2,,,2499,,,,,,,,,,,,,,,,,,,,,,,,,,,,,,,,,,,,0.3860175311565399,,,,,,,,,,,,,,,,,,,,,,,,,,,,,,,,,,,,
2,,,2504,,,,,,,,,,,,,,,,,,,,,,,,,,,,,,,,,,,,0.4786792993545532,,,,,,,,,,,,,,,,,,,,,,,,,,,,,,,,,,,,
2,,,2509,,,,,,,,,,,,,,,,,,,,,,,,,,,,,,,,,,,,0.6576715707778931,,,,,,,,,,,,,,,,,,,,,,,,,,,,,,,,,,,,
2,,,2514,,,,,,,,,,,,,,,,,,,,,,,,,,,,,,,,,,,,0.40284377336502075,,,,,,,,,,,,,,,,,,,,,,,,,,,,,,,,,,,,
2,,,2519,,,,,,,,,,,,,,,,,,,,,,,,,,,,,,,,,,,,0.26624786853790283,,,,,,,,,,,,,,,,,,,,,,,,,,,,,,,,,,,,
2,,,2524,,,,,,,,,,,,,,,,,,,,,,,,,,,,,,,,,,,,0.4188689589500427,,,,,,,,,,,,,,,,,,,,,,,,,,,,,,,,,,,,
2,,,2529,,,,,,,,,,,,,,,,,,,,,,,,,,,,,,,,,,,,0.7528700828552246,,,,,,,,,,,,,,,,,,,,,,,,,,,,,,,,,,,,
2,,,2534,,,,,,,,,,,,,,,,,,,,,,,,,,,,,,,,,,,,0.6757063865661621,,,,,,,,,,,,,,,,,,,,,,,,,,,,,,,,,,,,
2,,,2539,,,,,,,,,,,,,,,,,,,,,,,,,,,,,,,,,,,,0.4274282455444336,,,,,,,,,,,,,,,,,,,,,,,,,,,,,,,,,,,,
2,,,2544,,,,,,,,,,,,,,,,,,,,,,,,,,,,,,,,,,,,0.6568287014961243,,,,,,,,,,,,,,,,,,,,,,,,,,,,,,,,,,,,
2,,,2549,,,,,,,,,,,,,,,,,,,,,,,,,,,,,,,,,,,,0.6872482299804688,,,,,,,,,,,,,,,,,,,,,,,,,,,,,,,,,,,,
2,,,2554,,,,,,,,,,,,,,,,,,,,,,,,,,,,,,,,,,,,0.21480971574783325,,,,,,,,,,,,,,,,,,,,,,,,,,,,,,,,,,,,
2,,,2559,,,,,,,,,,,,,,,,,,,,,,,,,,,,,,,,,,,,0.7390691041946411,,,,,,,,,,,,,,,,,,,,,,,,,,,,,,,,,,,,
2,,,2564,,,,,,,,,,,,,,,,,,,,,,,,,,,,,,,,,,,,0.4386882185935974,,,,,,,,,,,,,,,,,,,,,,,,,,,,,,,,,,,,
2,,,2569,,,,,,,,,,,,,,,,,,,,,,,,,,,,,,,,,,,,0.6952667236328125,,,,,,,,,,,,,,,,,,,,,,,,,,,,,,,,,,,,
2,,,2574,,,,,,,,,,,,,,,,,,,,,,,,,,,,,,,,,,,,0.7102029323577881,,,,,,,,,,,,,,,,,,,,,,,,,,,,,,,,,,,,
2,,,2579,,,,,,,,,,,,,,,,,,,,,,,,,,,,,,,,,,,,0.5411579012870789,,,,,,,,,,,,,,,,,,,,,,,,,,,,,,,,,,,,
2,,,2584,,,,,,,,,,,,,,,,,,,,,,,,,,,,,,,,,,,,0.3589823842048645,,,,,,,,,,,,,,,,,,,,,,,,,,,,,,,,,,,,
2,,,2589,,,,,,,,,,,,,,,,,,,,,,,,,,,,,,,,,,,,0.6316629648208618,,,,,,,,,,,,,,,,,,,,,,,,,,,,,,,,,,,,
2,,,2594,,,,,,,,,,,,,,,,,,,,,,,,,,,,,,,,,,,,0.41465362906455994,,,,,,,,,,,,,,,,,,,,,,,,,,,,,,,,,,,,
2,,,2599,,,,,,,,,,,,,,,,,,,,,,,,,,,,,,,,,,,,0.32377558946609497,,,,,,,,,,,,,,,,,,,,,,,,,,,,,,,,,,,,
2,,,2604,,,,,,,,,,,,,,,,,,,,,,,,,,,,,,,,,,,,0.6896454095840454,,,,,,,,,,,,,,,,,,,,,,,,,,,,,,,,,,,,
2,,,2609,,,,,,,,,,,,,,,,,,,,,,,,,,,,,,,,,,,,0.46343129873275757,,,,,,,,,,,,,,,,,,,,,,,,,,,,,,,,,,,,
2,,,2614,,,,,,,,,,,,,,,,,,,,,,,,,,,,,,,,,,,,0.3324853777885437,,,,,,,,,,,,,,,,,,,,,,,,,,,,,,,,,,,,
2,,,2619,,,,,,,,,,,,,,,,,,,,,,,,,,,,,,,,,,,,0.341670423746109,,,,,,,,,,,,,,,,,,,,,,,,,,,,,,,,,,,,
2,,,2624,,,,,,,,,,,,,,,,,,,,,,,,,,,,,,,,,,,,0.4132562279701233,,,,,,,,,,,,,,,,,,,,,,,,,,,,,,,,,,,,
2,,,2629,,,,,,,,,,,,,,,,,,,,,,,,,,,,,,,,,,,,0.6796387434005737,,,,,,,,,,,,,,,,,,,,,,,,,,,,,,,,,,,,
2,,,2634,,,,,,,,,,,,,,,,,,,,,,,,,,,,,,,,,,,,0.3838196396827698,,,,,,,,,,,,,,,,,,,,,,,,,,,,,,,,,,,,
2,,,2639,,,,,,,,,,,,,,,,,,,,,,,,,,,,,,,,,,,,0.4627220928668976,,,,,,,,,,,,,,,,,,,,,,,,,,,,,,,,,,,,
2,,,2644,,,,,,,,,,,,,,,,,,,,,,,,,,,,,,,,,,,,0.34897512197494507,,,,,,,,,,,,,,,,,,,,,,,,,,,,,,,,,,,,
2,,,2649,,,,,,,,,,,,,,,,,,,,,,,,,,,,,,,,,,,,0.4998541474342346,,,,,,,,,,,,,,,,,,,,,,,,,,,,,,,,,,,,
2,,,2654,,,,,,,,,,,,,,,,,,,,,,,,,,,,,,,,,,,,0.4543428421020508,,,,,,,,,,,,,,,,,,,,,,,,,,,,,,,,,,,,
2,,,2659,,,,,,,,,,,,,,,,,,,,,,,,,,,,,,,,,,,,0.37809157371520996,,,,,,,,,,,,,,,,,,,,,,,,,,,,,,,,,,,,
2,,,2664,,,,,,,,,,,,,,,,,,,,,,,,,,,,,,,,,,,,0.2919081747531891,,,,,,,,,,,,,,,,,,,,,,,,,,,,,,,,,,,,
2,,,2669,,,,,,,,,,,,,,,,,,,,,,,,,,,,,,,,,,,,0.7424365878105164,,,,,,,,,,,,,,,,,,,,,,,,,,,,,,,,,,,,
2,,,2674,,,,,,,,,,,,,,,,,,,,,,,,,,,,,,,,,,,,0.31391531229019165,,,,,,,,,,,,,,,,,,,,,,,,,,,,,,,,,,,,
2,,,2679,,,,,,,,,,,,,,,,,,,,,,,,,,,,,,,,,,,,0.22997444868087769,,,,,,,,,,,,,,,,,,,,,,,,,,,,,,,,,,,,
2,,,2684,,,,,,,,,,,,,,,,,,,,,,,,,,,,,,,,,,,,0.6268077492713928,,,,,,,,,,,,,,,,,,,,,,,,,,,,,,,,,,,,
2,,,2689,,,,,,,,,,,,,,,,,,,,,,,,,,,,,,,,,,,,0.7244101166725159,,,,,,,,,,,,,,,,,,,,,,,,,,,,,,,,,,,,
2,,,2694,,,,,,,,,,,,,,,,,,,,,,,,,,,,,,,,,,,,0.32808324694633484,,,,,,,,,,,,,,,,,,,,,,,,,,,,,,,,,,,,
2,,,2699,,,,,,,,,,,,,,,,,,,,,,,,,,,,,,,,,,,,0.4707868695259094,,,,,,,,,,,,,,,,,,,,,,,,,,,,,,,,,,,,
2,,,2704,,,,,,,,,,,,,,,,,,,,,,,,,,,,,,,,,,,,0.421614408493042,,,,,,,,,,,,,,,,,,,,,,,,,,,,,,,,,,,,
2,,,2709,,,,,,,,,,,,,,,,,,,,,,,,,,,,,,,,,,,,0.47512146830558777,,,,,,,,,,,,,,,,,,,,,,,,,,,,,,,,,,,,
2,,,2714,,,,,,,,,,,,,,,,,,,,,,,,,,,,,,,,,,,,0.6345911026000977,,,,,,,,,,,,,,,,,,,,,,,,,,,,,,,,,,,,
2,,,2719,,,,,,,,,,,,,,,,,,,,,,,,,,,,,,,,,,,,0.8063680529594421,,,,,,,,,,,,,,,,,,,,,,,,,,,,,,,,,,,,
2,,,2724,,,,,,,,,,,,,,,,,,,,,,,,,,,,,,,,,,,,0.7101391553878784,,,,,,,,,,,,,,,,,,,,,,,,,,,,,,,,,,,,
2,,,2729,,,,,,,,,,,,,,,,,,,,,,,,,,,,,,,,,,,,0.4480668306350708,,,,,,,,,,,,,,,,,,,,,,,,,,,,,,,,,,,,
2,,,2734,,,,,,,,,,,,,,,,,,,,,,,,,,,,,,,,,,,,0.7095938324928284,,,,,,,,,,,,,,,,,,,,,,,,,,,,,,,,,,,,
2,,,2739,,,,,,,,,,,,,,,,,,,,,,,,,,,,,,,,,,,,0.3760926425457001,,,,,,,,,,,,,,,,,,,,,,,,,,,,,,,,,,,,
2,,,2744,,,,,,,,,,,,,,,,,,,,,,,,,,,,,,,,,,,,0.6965303421020508,,,,,,,,,,,,,,,,,,,,,,,,,,,,,,,,,,,,
2,,,2749,,,,,,,,,,,,,,,,,,,,,,,,,,,,,,,,,,,,0.6349632143974304,,,,,,,,,,,,,,,,,,,,,,,,,,,,,,,,,,,,
2,,,2754,,,,,,,,,,,,,,,,,,,,,,,,,,,,,,,,,,,,0.2864571511745453,,,,,,,,,,,,,,,,,,,,,,,,,,,,,,,,,,,,
2,,,2759,,,,,,,,,,,,,,,,,,,,,,,,,,,,,,,,,,,,0.6024599671363831,,,,,,,,,,,,,,,,,,,,,,,,,,,,,,,,,,,,
2,,,2762,,,,,,,,,,,,,,,,,,,,,,,,,,,,,,,,,,,,,0.7550723552703857,0.719714343547821,0.6095197200775146,0.6945207715034485,0.7550723552703857,0.0,0.8363540768623352,0.8605703711509705,0.9452121257781982,0.3781527280807495,0.0,0.876409649848938,0.8168603181838989,0.8817633390426636,0.3038240671157837,0.0,0.7800081372261047,0.6904174089431763,0.788530170917511,0.17912296950817108,0.0,0.9204950928688049,0.7773758172988892,0.8262969255447388,0.2539152204990387,0.0,0.8363540768623352,0.8605703711509705,0.9452121257781982,0.3781527280807495,0.8400882482528687,0.8400882482528687,0.7242690324783325,0.8400882482528687,0.8400882482528687,0.5002699494361877
2,,,2762,0.6961770057678223,0.6847189664840698,0.5658921003341675,0.675593912601471,0.6961770057678223,0.0,0.838361382484436,0.8011116981506348,0.8477959036827087,0.29743891954421997,0.0,0.8552086353302002,0.7827646732330322,0.8391474485397339,0.26175493001937866,0.0,0.747043251991272,0.6430676579475403,0.7228716611862183,0.15058574080467224,0.0,0.8727469444274902,0.7652391791343689,0.8306736350059509,0.23371584713459015,0.0,0.838361382484436,0.8011116981506348,0.8477959036827087,0.29743891954421997,0.814795732498169,0.814795732498169,0.6874728202819824,0.814795732498169,0.814795732498169,,,,,,,,,,,,,,,,,,,,,,,,,,,,,,,,,,,,,
,1e-05,0.0001,2763,,,,,,,,,,,,,,,,,,,,,,,,,,,,,,,,,,,,,,,,,,,,,,,,,,,,,,,,,,,,,,,,,,,,,,,,
3,,,2764,,,,,,,,,,,,,,,,,,,,,,,,,,,,,,,,,,,,0.674593448638916,,,,,,,,,,,,,,,,,,,,,,,,,,,,,,,,,,,,
3,,,2769,,,,,,,,,,,,,,,,,,,,,,,,,,,,,,,,,,,,0.36792951822280884,,,,,,,,,,,,,,,,,,,,,,,,,,,,,,,,,,,,
3,,,2774,,,,,,,,,,,,,,,,,,,,,,,,,,,,,,,,,,,,0.6055845022201538,,,,,,,,,,,,,,,,,,,,,,,,,,,,,,,,,,,,
3,,,2779,,,,,,,,,,,,,,,,,,,,,,,,,,,,,,,,,,,,0.652187168598175,,,,,,,,,,,,,,,,,,,,,,,,,,,,,,,,,,,,
3,,,2784,,,,,,,,,,,,,,,,,,,,,,,,,,,,,,,,,,,,0.3939893841743469,,,,,,,,,,,,,,,,,,,,,,,,,,,,,,,,,,,,
3,,,2789,,,,,,,,,,,,,,,,,,,,,,,,,,,,,,,,,,,,0.6952862739562988,,,,,,,,,,,,,,,,,,,,,,,,,,,,,,,,,,,,
3,,,2794,,,,,,,,,,,,,,,,,,,,,,,,,,,,,,,,,,,,0.3983975350856781,,,,,,,,,,,,,,,,,,,,,,,,,,,,,,,,,,,,
3,,,2799,,,,,,,,,,,,,,,,,,,,,,,,,,,,,,,,,,,,0.24268653988838196,,,,,,,,,,,,,,,,,,,,,,,,,,,,,,,,,,,,
3,,,2804,,,,,,,,,,,,,,,,,,,,,,,,,,,,,,,,,,,,0.3665023446083069,,,,,,,,,,,,,,,,,,,,,,,,,,,,,,,,,,,,
3,,,2809,,,,,,,,,,,,,,,,,,,,,,,,,,,,,,,,,,,,0.3567012548446655,,,,,,,,,,,,,,,,,,,,,,,,,,,,,,,,,,,,
3,,,2814,,,,,,,,,,,,,,,,,,,,,,,,,,,,,,,,,,,,0.6222609281539917,,,,,,,,,,,,,,,,,,,,,,,,,,,,,,,,,,,,
3,,,2819,,,,,,,,,,,,,,,,,,,,,,,,,,,,,,,,,,,,0.5568413734436035,,,,,,,,,,,,,,,,,,,,,,,,,,,,,,,,,,,,
3,,,2824,,,,,,,,,,,,,,,,,,,,,,,,,,,,,,,,,,,,0.35542309284210205,,,,,,,,,,,,,,,,,,,,,,,,,,,,,,,,,,,,
3,,,2829,,,,,,,,,,,,,,,,,,,,,,,,,,,,,,,,,,,,0.6820192337036133,,,,,,,,,,,,,,,,,,,,,,,,,,,,,,,,,,,,
3,,,2834,,,,,,,,,,,,,,,,,,,,,,,,,,,,,,,,,,,,0.4819527268409729,,,,,,,,,,,,,,,,,,,,,,,,,,,,,,,,,,,,
3,,,2839,,,,,,,,,,,,,,,,,,,,,,,,,,,,,,,,,,,,0.3102051019668579,,,,,,,,,,,,,,,,,,,,,,,,,,,,,,,,,,,,
3,,,2844,,,,,,,,,,,,,,,,,,,,,,,,,,,,,,,,,,,,0.6899576187133789,,,,,,,,,,,,,,,,,,,,,,,,,,,,,,,,,,,,
3,,,2849,,,,,,,,,,,,,,,,,,,,,,,,,,,,,,,,,,,,0.422250360250473,,,,,,,,,,,,,,,,,,,,,,,,,,,,,,,,,,,,
3,,,2854,,,,,,,,,,,,,,,,,,,,,,,,,,,,,,,,,,,,0.3168201744556427,,,,,,,,,,,,,,,,,,,,,,,,,,,,,,,,,,,,
3,,,2859,,,,,,,,,,,,,,,,,,,,,,,,,,,,,,,,,,,,0.6346418261528015,,,,,,,,,,,,,,,,,,,,,,,,,,,,,,,,,,,,
3,,,2864,,,,,,,,,,,,,,,,,,,,,,,,,,,,,,,,,,,,0.6716261506080627,,,,,,,,,,,,,,,,,,,,,,,,,,,,,,,,,,,,
3,,,2869,,,,,,,,,,,,,,,,,,,,,,,,,,,,,,,,,,,,0.39431673288345337,,,,,,,,,,,,,,,,,,,,,,,,,,,,,,,,,,,,
3,,,2874,,,,,,,,,,,,,,,,,,,,,,,,,,,,,,,,,,,,0.40300679206848145,,,,,,,,,,,,,,,,,,,,,,,,,,,,,,,,,,,,
3,,,2879,,,,,,,,,,,,,,,,,,,,,,,,,,,,,,,,,,,,0.29550665616989136,,,,,,,,,,,,,,,,,,,,,,,,,,,,,,,,,,,,
3,,,2884,,,,,,,,,,,,,,,,,,,,,,,,,,,,,,,,,,,,0.6826147437095642,,,,,,,,,,,,,,,,,,,,,,,,,,,,,,,,,,,,
3,,,2889,,,,,,,,,,,,,,,,,,,,,,,,,,,,,,,,,,,,0.26293784379959106,,,,,,,,,,,,,,,,,,,,,,,,,,,,,,,,,,,,
3,,,2894,,,,,,,,,,,,,,,,,,,,,,,,,,,,,,,,,,,,0.5032439231872559,,,,,,,,,,,,,,,,,,,,,,,,,,,,,,,,,,,,
3,,,2899,,,,,,,,,,,,,,,,,,,,,,,,,,,,,,,,,,,,0.3282058835029602,,,,,,,,,,,,,,,,,,,,,,,,,,,,,,,,,,,,
3,,,2904,,,,,,,,,,,,,,,,,,,,,,,,,,,,,,,,,,,,0.3215685486793518,,,,,,,,,,,,,,,,,,,,,,,,,,,,,,,,,,,,
3,,,2909,,,,,,,,,,,,,,,,,,,,,,,,,,,,,,,,,,,,0.311739444732666,,,,,,,,,,,,,,,,,,,,,,,,,,,,,,,,,,,,
3,,,2914,,,,,,,,,,,,,,,,,,,,,,,,,,,,,,,,,,,,0.367449015378952,,,,,,,,,,,,,,,,,,,,,,,,,,,,,,,,,,,,
3,,,2919,,,,,,,,,,,,,,,,,,,,,,,,,,,,,,,,,,,,0.3340429663658142,,,,,,,,,,,,,,,,,,,,,,,,,,,,,,,,,,,,
3,,,2924,,,,,,,,,,,,,,,,,,,,,,,,,,,,,,,,,,,,0.6553612351417542,,,,,,,,,,,,,,,,,,,,,,,,,,,,,,,,,,,,
3,,,2929,,,,,,,,,,,,,,,,,,,,,,,,,,,,,,,,,,,,0.7243892550468445,,,,,,,,,,,,,,,,,,,,,,,,,,,,,,,,,,,,
3,,,2934,,,,,,,,,,,,,,,,,,,,,,,,,,,,,,,,,,,,0.5235445499420166,,,,,,,,,,,,,,,,,,,,,,,,,,,,,,,,,,,,
3,,,2939,,,,,,,,,,,,,,,,,,,,,,,,,,,,,,,,,,,,0.6855247616767883,,,,,,,,,,,,,,,,,,,,,,,,,,,,,,,,,,,,
3,,,2944,,,,,,,,,,,,,,,,,,,,,,,,,,,,,,,,,,,,0.6483683586120605,,,,,,,,,,,,,,,,,,,,,,,,,,,,,,,,,,,,
3,,,2949,,,,,,,,,,,,,,,,,,,,,,,,,,,,,,,,,,,,0.25094470381736755,,,,,,,,,,,,,,,,,,,,,,,,,,,,,,,,,,,,
3,,,2954,,,,,,,,,,,,,,,,,,,,,,,,,,,,,,,,,,,,0.33687135577201843,,,,,,,,,,,,,,,,,,,,,,,,,,,,,,,,,,,,
3,,,2959,,,,,,,,,,,,,,,,,,,,,,,,,,,,,,,,,,,,0.39314213395118713,,,,,,,,,,,,,,,,,,,,,,,,,,,,,,,,,,,,
3,,,2964,,,,,,,,,,,,,,,,,,,,,,,,,,,,,,,,,,,,0.34858205914497375,,,,,,,,,,,,,,,,,,,,,,,,,,,,,,,,,,,,
3,,,2969,,,,,,,,,,,,,,,,,,,,,,,,,,,,,,,,,,,,0.7008290886878967,,,,,,,,,,,,,,,,,,,,,,,,,,,,,,,,,,,,
3,,,2974,,,,,,,,,,,,,,,,,,,,,,,,,,,,,,,,,,,,0.6959677338600159,,,,,,,,,,,,,,,,,,,,,,,,,,,,,,,,,,,,
3,,,2979,,,,,,,,,,,,,,,,,,,,,,,,,,,,,,,,,,,,0.2903420031070709,,,,,,,,,,,,,,,,,,,,,,,,,,,,,,,,,,,,
3,,,2984,,,,,,,,,,,,,,,,,,,,,,,,,,,,,,,,,,,,0.6772211790084839,,,,,,,,,,,,,,,,,,,,,,,,,,,,,,,,,,,,
3,,,2989,,,,,,,,,,,,,,,,,,,,,,,,,,,,,,,,,,,,0.5613995790481567,,,,,,,,,,,,,,,,,,,,,,,,,,,,,,,,,,,,
3,,,2994,,,,,,,,,,,,,,,,,,,,,,,,,,,,,,,,,,,,0.5239930152893066,,,,,,,,,,,,,,,,,,,,,,,,,,,,,,,,,,,,
3,,,2999,,,,,,,,,,,,,,,,,,,,,,,,,,,,,,,,,,,,0.5295898914337158,,,,,,,,,,,,,,,,,,,,,,,,,,,,,,,,,,,,
3,,,3004,,,,,,,,,,,,,,,,,,,,,,,,,,,,,,,,,,,,0.33594071865081787,,,,,,,,,,,,,,,,,,,,,,,,,,,,,,,,,,,,
3,,,3009,,,,,,,,,,,,,,,,,,,,,,,,,,,,,,,,,,,,0.6664335131645203,,,,,,,,,,,,,,,,,,,,,,,,,,,,,,,,,,,,
3,,,3014,,,,,,,,,,,,,,,,,,,,,,,,,,,,,,,,,,,,0.5213951468467712,,,,,,,,,,,,,,,,,,,,,,,,,,,,,,,,,,,,
3,,,3019,,,,,,,,,,,,,,,,,,,,,,,,,,,,,,,,,,,,0.3269307315349579,,,,,,,,,,,,,,,,,,,,,,,,,,,,,,,,,,,,
3,,,3024,,,,,,,,,,,,,,,,,,,,,,,,,,,,,,,,,,,,0.46258050203323364,,,,,,,,,,,,,,,,,,,,,,,,,,,,,,,,,,,,
3,,,3029,,,,,,,,,,,,,,,,,,,,,,,,,,,,,,,,,,,,0.5165789723396301,,,,,,,,,,,,,,,,,,,,,,,,,,,,,,,,,,,,
3,,,3034,,,,,,,,,,,,,,,,,,,,,,,,,,,,,,,,,,,,0.38505882024765015,,,,,,,,,,,,,,,,,,,,,,,,,,,,,,,,,,,,
3,,,3039,,,,,,,,,,,,,,,,,,,,,,,,,,,,,,,,,,,,0.34037429094314575,,,,,,,,,,,,,,,,,,,,,,,,,,,,,,,,,,,,
3,,,3044,,,,,,,,,,,,,,,,,,,,,,,,,,,,,,,,,,,,0.347686767578125,,,,,,,,,,,,,,,,,,,,,,,,,,,,,,,,,,,,
3,,,3049,,,,,,,,,,,,,,,,,,,,,,,,,,,,,,,,,,,,0.3970798850059509,,,,,,,,,,,,,,,,,,,,,,,,,,,,,,,,,,,,
3,,,3054,,,,,,,,,,,,,,,,,,,,,,,,,,,,,,,,,,,,0.2821541726589203,,,,,,,,,,,,,,,,,,,,,,,,,,,,,,,,,,,,
3,,,3059,,,,,,,,,,,,,,,,,,,,,,,,,,,,,,,,,,,,0.5947380661964417,,,,,,,,,,,,,,,,,,,,,,,,,,,,,,,,,,,,
3,,,3064,,,,,,,,,,,,,,,,,,,,,,,,,,,,,,,,,,,,0.4943258762359619,,,,,,,,,,,,,,,,,,,,,,,,,,,,,,,,,,,,
3,,,3069,,,,,,,,,,,,,,,,,,,,,,,,,,,,,,,,,,,,0.6825374960899353,,,,,,,,,,,,,,,,,,,,,,,,,,,,,,,,,,,,
3,,,3074,,,,,,,,,,,,,,,,,,,,,,,,,,,,,,,,,,,,0.3820682764053345,,,,,,,,,,,,,,,,,,,,,,,,,,,,,,,,,,,,
3,,,3079,,,,,,,,,,,,,,,,,,,,,,,,,,,,,,,,,,,,0.4598531126976013,,,,,,,,,,,,,,,,,,,,,,,,,,,,,,,,,,,,
3,,,3084,,,,,,,,,,,,,,,,,,,,,,,,,,,,,,,,,,,,0.26969292759895325,,,,,,,,,,,,,,,,,,,,,,,,,,,,,,,,,,,,
3,,,3089,,,,,,,,,,,,,,,,,,,,,,,,,,,,,,,,,,,,0.34187352657318115,,,,,,,,,,,,,,,,,,,,,,,,,,,,,,,,,,,,
3,,,3094,,,,,,,,,,,,,,,,,,,,,,,,,,,,,,,,,,,,0.6999144554138184,,,,,,,,,,,,,,,,,,,,,,,,,,,,,,,,,,,,
3,,,3099,,,,,,,,,,,,,,,,,,,,,,,,,,,,,,,,,,,,0.7098796367645264,,,,,,,,,,,,,,,,,,,,,,,,,,,,,,,,,,,,
3,,,3104,,,,,,,,,,,,,,,,,,,,,,,,,,,,,,,,,,,,0.6231891512870789,,,,,,,,,,,,,,,,,,,,,,,,,,,,,,,,,,,,
3,,,3109,,,,,,,,,,,,,,,,,,,,,,,,,,,,,,,,,,,,0.6563519835472107,,,,,,,,,,,,,,,,,,,,,,,,,,,,,,,,,,,,
3,,,3114,,,,,,,,,,,,,,,,,,,,,,,,,,,,,,,,,,,,0.6468742489814758,,,,,,,,,,,,,,,,,,,,,,,,,,,,,,,,,,,,
3,,,3119,,,,,,,,,,,,,,,,,,,,,,,,,,,,,,,,,,,,0.6656220555305481,,,,,,,,,,,,,,,,,,,,,,,,,,,,,,,,,,,,
3,,,3124,,,,,,,,,,,,,,,,,,,,,,,,,,,,,,,,,,,,0.2553916573524475,,,,,,,,,,,,,,,,,,,,,,,,,,,,,,,,,,,,
3,,,3129,,,,,,,,,,,,,,,,,,,,,,,,,,,,,,,,,,,,0.3827047348022461,,,,,,,,,,,,,,,,,,,,,,,,,,,,,,,,,,,,
3,,,3134,,,,,,,,,,,,,,,,,,,,,,,,,,,,,,,,,,,,0.26435184478759766,,,,,,,,,,,,,,,,,,,,,,,,,,,,,,,,,,,,
3,,,3139,,,,,,,,,,,,,,,,,,,,,,,,,,,,,,,,,,,,0.4903123378753662,,,,,,,,,,,,,,,,,,,,,,,,,,,,,,,,,,,,
3,,,3144,,,,,,,,,,,,,,,,,,,,,,,,,,,,,,,,,,,,0.4097154140472412,,,,,,,,,,,,,,,,,,,,,,,,,,,,,,,,,,,,
3,,,3149,,,,,,,,,,,,,,,,,,,,,,,,,,,,,,,,,,,,0.3448106646537781,,,,,,,,,,,,,,,,,,,,,,,,,,,,,,,,,,,,
3,,,3154,,,,,,,,,,,,,,,,,,,,,,,,,,,,,,,,,,,,0.29903513193130493,,,,,,,,,,,,,,,,,,,,,,,,,,,,,,,,,,,,
3,,,3159,,,,,,,,,,,,,,,,,,,,,,,,,,,,,,,,,,,,0.6584333777427673,,,,,,,,,,,,,,,,,,,,,,,,,,,,,,,,,,,,
3,,,3164,,,,,,,,,,,,,,,,,,,,,,,,,,,,,,,,,,,,0.3039160370826721,,,,,,,,,,,,,,,,,,,,,,,,,,,,,,,,,,,,
3,,,3169,,,,,,,,,,,,,,,,,,,,,,,,,,,,,,,,,,,,0.3375507593154907,,,,,,,,,,,,,,,,,,,,,,,,,,,,,,,,,,,,
3,,,3174,,,,,,,,,,,,,,,,,,,,,,,,,,,,,,,,,,,,0.690306544303894,,,,,,,,,,,,,,,,,,,,,,,,,,,,,,,,,,,,
3,,,3179,,,,,,,,,,,,,,,,,,,,,,,,,,,,,,,,,,,,0.3425444960594177,,,,,,,,,,,,,,,,,,,,,,,,,,,,,,,,,,,,
3,,,3184,,,,,,,,,,,,,,,,,,,,,,,,,,,,,,,,,,,,0.4173277020454407,,,,,,,,,,,,,,,,,,,,,,,,,,,,,,,,,,,,
3,,,3189,,,,,,,,,,,,,,,,,,,,,,,,,,,,,,,,,,,,0.6970048546791077,,,,,,,,,,,,,,,,,,,,,,,,,,,,,,,,,,,,
3,,,3194,,,,,,,,,,,,,,,,,,,,,,,,,,,,,,,,,,,,0.7273674011230469,,,,,,,,,,,,,,,,,,,,,,,,,,,,,,,,,,,,
3,,,3199,,,,,,,,,,,,,,,,,,,,,,,,,,,,,,,,,,,,0.6733443140983582,,,,,,,,,,,,,,,,,,,,,,,,,,,,,,,,,,,,
3,,,3204,,,,,,,,,,,,,,,,,,,,,,,,,,,,,,,,,,,,0.6329120397567749,,,,,,,,,,,,,,,,,,,,,,,,,,,,,,,,,,,,
3,,,3209,,,,,,,,,,,,,,,,,,,,,,,,,,,,,,,,,,,,0.548582911491394,,,,,,,,,,,,,,,,,,,,,,,,,,,,,,,,,,,,
3,,,3214,,,,,,,,,,,,,,,,,,,,,,,,,,,,,,,,,,,,0.6590555906295776,,,,,,,,,,,,,,,,,,,,,,,,,,,,,,,,,,,,
3,,,3219,,,,,,,,,,,,,,,,,,,,,,,,,,,,,,,,,,,,0.654747486114502,,,,,,,,,,,,,,,,,,,,,,,,,,,,,,,,,,,,
3,,,3224,,,,,,,,,,,,,,,,,,,,,,,,,,,,,,,,,,,,0.619154691696167,,,,,,,,,,,,,,,,,,,,,,,,,,,,,,,,,,,,
3,,,3229,,,,,,,,,,,,,,,,,,,,,,,,,,,,,,,,,,,,0.3019002079963684,,,,,,,,,,,,,,,,,,,,,,,,,,,,,,,,,,,,
3,,,3234,,,,,,,,,,,,,,,,,,,,,,,,,,,,,,,,,,,,0.36661607027053833,,,,,,,,,,,,,,,,,,,,,,,,,,,,,,,,,,,,
3,,,3239,,,,,,,,,,,,,,,,,,,,,,,,,,,,,,,,,,,,0.6887468695640564,,,,,,,,,,,,,,,,,,,,,,,,,,,,,,,,,,,,
3,,,3244,,,,,,,,,,,,,,,,,,,,,,,,,,,,,,,,,,,,0.6514759659767151,,,,,,,,,,,,,,,,,,,,,,,,,,,,,,,,,,,,
3,,,3249,,,,,,,,,,,,,,,,,,,,,,,,,,,,,,,,,,,,0.44164085388183594,,,,,,,,,,,,,,,,,,,,,,,,,,,,,,,,,,,,
3,,,3254,,,,,,,,,,,,,,,,,,,,,,,,,,,,,,,,,,,,0.4782083034515381,,,,,,,,,,,,,,,,,,,,,,,,,,,,,,,,,,,,
3,,,3259,,,,,,,,,,,,,,,,,,,,,,,,,,,,,,,,,,,,0.26435571908950806,,,,,,,,,,,,,,,,,,,,,,,,,,,,,,,,,,,,
3,,,3264,,,,,,,,,,,,,,,,,,,,,,,,,,,,,,,,,,,,0.6674050092697144,,,,,,,,,,,,,,,,,,,,,,,,,,,,,,,,,,,,
3,,,3269,,,,,,,,,,,,,,,,,,,,,,,,,,,,,,,,,,,,0.3805679678916931,,,,,,,,,,,,,,,,,,,,,,,,,,,,,,,,,,,,
3,,,3274,,,,,,,,,,,,,,,,,,,,,,,,,,,,,,,,,,,,0.7169562578201294,,,,,,,,,,,,,,,,,,,,,,,,,,,,,,,,,,,,
3,,,3279,,,,,,,,,,,,,,,,,,,,,,,,,,,,,,,,,,,,0.6443789005279541,,,,,,,,,,,,,,,,,,,,,,,,,,,,,,,,,,,,
3,,,3284,,,,,,,,,,,,,,,,,,,,,,,,,,,,,,,,,,,,0.3950812816619873,,,,,,,,,,,,,,,,,,,,,,,,,,,,,,,,,,,,
3,,,3289,,,,,,,,,,,,,,,,,,,,,,,,,,,,,,,,,,,,0.6947340965270996,,,,,,,,,,,,,,,,,,,,,,,,,,,,,,,,,,,,
3,,,3294,,,,,,,,,,,,,,,,,,,,,,,,,,,,,,,,,,,,0.7339808940887451,,,,,,,,,,,,,,,,,,,,,,,,,,,,,,,,,,,,
3,,,3299,,,,,,,,,,,,,,,,,,,,,,,,,,,,,,,,,,,,0.6793763637542725,,,,,,,,,,,,,,,,,,,,,,,,,,,,,,,,,,,,
3,,,3304,,,,,,,,,,,,,,,,,,,,,,,,,,,,,,,,,,,,0.3216274678707123,,,,,,,,,,,,,,,,,,,,,,,,,,,,,,,,,,,,
3,,,3309,,,,,,,,,,,,,,,,,,,,,,,,,,,,,,,,,,,,0.6825283765792847,,,,,,,,,,,,,,,,,,,,,,,,,,,,,,,,,,,,
3,,,3314,,,,,,,,,,,,,,,,,,,,,,,,,,,,,,,,,,,,0.30415427684783936,,,,,,,,,,,,,,,,,,,,,,,,,,,,,,,,,,,,
3,,,3319,,,,,,,,,,,,,,,,,,,,,,,,,,,,,,,,,,,,0.678134560585022,,,,,,,,,,,,,,,,,,,,,,,,,,,,,,,,,,,,
3,,,3324,,,,,,,,,,,,,,,,,,,,,,,,,,,,,,,,,,,,0.6543936133384705,,,,,,,,,,,,,,,,,,,,,,,,,,,,,,,,,,,,
3,,,3329,,,,,,,,,,,,,,,,,,,,,,,,,,,,,,,,,,,,0.6451166272163391,,,,,,,,,,,,,,,,,,,,,,,,,,,,,,,,,,,,
3,,,3334,,,,,,,,,,,,,,,,,,,,,,,,,,,,,,,,,,,,0.4315647482872009,,,,,,,,,,,,,,,,,,,,,,,,,,,,,,,,,,,,
3,,,3339,,,,,,,,,,,,,,,,,,,,,,,,,,,,,,,,,,,,0.609104335308075,,,,,,,,,,,,,,,,,,,,,,,,,,,,,,,,,,,,
3,,,3344,,,,,,,,,,,,,,,,,,,,,,,,,,,,,,,,,,,,0.29659074544906616,,,,,,,,,,,,,,,,,,,,,,,,,,,,,,,,,,,,
3,,,3349,,,,,,,,,,,,,,,,,,,,,,,,,,,,,,,,,,,,0.4204285442829132,,,,,,,,,,,,,,,,,,,,,,,,,,,,,,,,,,,,
3,,,3354,,,,,,,,,,,,,,,,,,,,,,,,,,,,,,,,,,,,0.3366668224334717,,,,,,,,,,,,,,,,,,,,,,,,,,,,,,,,,,,,
3,,,3359,,,,,,,,,,,,,,,,,,,,,,,,,,,,,,,,,,,,0.45006561279296875,,,,,,,,,,,,,,,,,,,,,,,,,,,,,,,,,,,,
3,,,3364,,,,,,,,,,,,,,,,,,,,,,,,,,,,,,,,,,,,0.6371590495109558,,,,,,,,,,,,,,,,,,,,,,,,,,,,,,,,,,,,
3,,,3369,,,,,,,,,,,,,,,,,,,,,,,,,,,,,,,,,,,,0.38271552324295044,,,,,,,,,,,,,,,,,,,,,,,,,,,,,,,,,,,,
3,,,3374,,,,,,,,,,,,,,,,,,,,,,,,,,,,,,,,,,,,0.2941510081291199,,,,,,,,,,,,,,,,,,,,,,,,,,,,,,,,,,,,
3,,,3379,,,,,,,,,,,,,,,,,,,,,,,,,,,,,,,,,,,,0.4603315591812134,,,,,,,,,,,,,,,,,,,,,,,,,,,,,,,,,,,,
3,,,3384,,,,,,,,,,,,,,,,,,,,,,,,,,,,,,,,,,,,0.7448064684867859,,,,,,,,,,,,,,,,,,,,,,,,,,,,,,,,,,,,
3,,,3389,,,,,,,,,,,,,,,,,,,,,,,,,,,,,,,,,,,,0.4879700541496277,,,,,,,,,,,,,,,,,,,,,,,,,,,,,,,,,,,,
3,,,3394,,,,,,,,,,,,,,,,,,,,,,,,,,,,,,,,,,,,0.27692535519599915,,,,,,,,,,,,,,,,,,,,,,,,,,,,,,,,,,,,
3,,,3399,,,,,,,,,,,,,,,,,,,,,,,,,,,,,,,,,,,,0.66704922914505,,,,,,,,,,,,,,,,,,,,,,,,,,,,,,,,,,,,
3,,,3404,,,,,,,,,,,,,,,,,,,,,,,,,,,,,,,,,,,,0.49463731050491333,,,,,,,,,,,,,,,,,,,,,,,,,,,,,,,,,,,,
3,,,3409,,,,,,,,,,,,,,,,,,,,,,,,,,,,,,,,,,,,0.626915454864502,,,,,,,,,,,,,,,,,,,,,,,,,,,,,,,,,,,,
3,,,3414,,,,,,,,,,,,,,,,,,,,,,,,,,,,,,,,,,,,0.39689990878105164,,,,,,,,,,,,,,,,,,,,,,,,,,,,,,,,,,,,
3,,,3419,,,,,,,,,,,,,,,,,,,,,,,,,,,,,,,,,,,,0.2860397696495056,,,,,,,,,,,,,,,,,,,,,,,,,,,,,,,,,,,,
3,,,3424,,,,,,,,,,,,,,,,,,,,,,,,,,,,,,,,,,,,0.3455723226070404,,,,,,,,,,,,,,,,,,,,,,,,,,,,,,,,,,,,
3,,,3429,,,,,,,,,,,,,,,,,,,,,,,,,,,,,,,,,,,,0.608749270439148,,,,,,,,,,,,,,,,,,,,,,,,,,,,,,,,,,,,
3,,,3434,,,,,,,,,,,,,,,,,,,,,,,,,,,,,,,,,,,,0.3213692307472229,,,,,,,,,,,,,,,,,,,,,,,,,,,,,,,,,,,,
3,,,3439,,,,,,,,,,,,,,,,,,,,,,,,,,,,,,,,,,,,0.676956057548523,,,,,,,,,,,,,,,,,,,,,,,,,,,,,,,,,,,,
3,,,3444,,,,,,,,,,,,,,,,,,,,,,,,,,,,,,,,,,,,0.3906513452529907,,,,,,,,,,,,,,,,,,,,,,,,,,,,,,,,,,,,
3,,,3449,,,,,,,,,,,,,,,,,,,,,,,,,,,,,,,,,,,,0.43191495537757874,,,,,,,,,,,,,,,,,,,,,,,,,,,,,,,,,,,,
3,,,3454,,,,,,,,,,,,,,,,,,,,,,,,,,,,,,,,,,,,0.3430161774158478,,,,,,,,,,,,,,,,,,,,,,,,,,,,,,,,,,,,
3,,,3459,,,,,,,,,,,,,,,,,,,,,,,,,,,,,,,,,,,,0.326105535030365,,,,,,,,,,,,,,,,,,,,,,,,,,,,,,,,,,,,
3,,,3464,,,,,,,,,,,,,,,,,,,,,,,,,,,,,,,,,,,,0.37973111867904663,,,,,,,,,,,,,,,,,,,,,,,,,,,,,,,,,,,,
3,,,3469,,,,,,,,,,,,,,,,,,,,,,,,,,,,,,,,,,,,0.49481266736984253,,,,,,,,,,,,,,,,,,,,,,,,,,,,,,,,,,,,
3,,,3474,,,,,,,,,,,,,,,,,,,,,,,,,,,,,,,,,,,,0.604216992855072,,,,,,,,,,,,,,,,,,,,,,,,,,,,,,,,,,,,
3,,,3479,,,,,,,,,,,,,,,,,,,,,,,,,,,,,,,,,,,,0.3660268783569336,,,,,,,,,,,,,,,,,,,,,,,,,,,,,,,,,,,,
3,,,3484,,,,,,,,,,,,,,,,,,,,,,,,,,,,,,,,,,,,0.3339274227619171,,,,,,,,,,,,,,,,,,,,,,,,,,,,,,,,,,,,
3,,,3489,,,,,,,,,,,,,,,,,,,,,,,,,,,,,,,,,,,,0.33569303154945374,,,,,,,,,,,,,,,,,,,,,,,,,,,,,,,,,,,,
3,,,3494,,,,,,,,,,,,,,,,,,,,,,,,,,,,,,,,,,,,0.5160322785377502,,,,,,,,,,,,,,,,,,,,,,,,,,,,,,,,,,,,
3,,,3499,,,,,,,,,,,,,,,,,,,,,,,,,,,,,,,,,,,,0.2857481837272644,,,,,,,,,,,,,,,,,,,,,,,,,,,,,,,,,,,,
3,,,3504,,,,,,,,,,,,,,,,,,,,,,,,,,,,,,,,,,,,0.6984696388244629,,,,,,,,,,,,,,,,,,,,,,,,,,,,,,,,,,,,
3,,,3509,,,,,,,,,,,,,,,,,,,,,,,,,,,,,,,,,,,,0.6962202787399292,,,,,,,,,,,,,,,,,,,,,,,,,,,,,,,,,,,,
3,,,3514,,,,,,,,,,,,,,,,,,,,,,,,,,,,,,,,,,,,0.5968814492225647,,,,,,,,,,,,,,,,,,,,,,,,,,,,,,,,,,,,
3,,,3519,,,,,,,,,,,,,,,,,,,,,,,,,,,,,,,,,,,,0.3142586648464203,,,,,,,,,,,,,,,,,,,,,,,,,,,,,,,,,,,,
3,,,3524,,,,,,,,,,,,,,,,,,,,,,,,,,,,,,,,,,,,0.6471365094184875,,,,,,,,,,,,,,,,,,,,,,,,,,,,,,,,,,,,
3,,,3529,,,,,,,,,,,,,,,,,,,,,,,,,,,,,,,,,,,,0.5344656109809875,,,,,,,,,,,,,,,,,,,,,,,,,,,,,,,,,,,,
3,,,3534,,,,,,,,,,,,,,,,,,,,,,,,,,,,,,,,,,,,0.37931638956069946,,,,,,,,,,,,,,,,,,,,,,,,,,,,,,,,,,,,
3,,,3539,,,,,,,,,,,,,,,,,,,,,,,,,,,,,,,,,,,,0.2944748103618622,,,,,,,,,,,,,,,,,,,,,,,,,,,,,,,,,,,,
3,,,3544,,,,,,,,,,,,,,,,,,,,,,,,,,,,,,,,,,,,0.6407182812690735,,,,,,,,,,,,,,,,,,,,,,,,,,,,,,,,,,,,
3,,,3549,,,,,,,,,,,,,,,,,,,,,,,,,,,,,,,,,,,,0.347917377948761,,,,,,,,,,,,,,,,,,,,,,,,,,,,,,,,,,,,
3,,,3554,,,,,,,,,,,,,,,,,,,,,,,,,,,,,,,,,,,,0.2131136804819107,,,,,,,,,,,,,,,,,,,,,,,,,,,,,,,,,,,,
3,,,3559,,,,,,,,,,,,,,,,,,,,,,,,,,,,,,,,,,,,0.3248217701911926,,,,,,,,,,,,,,,,,,,,,,,,,,,,,,,,,,,,
3,,,3564,,,,,,,,,,,,,,,,,,,,,,,,,,,,,,,,,,,,0.6621465682983398,,,,,,,,,,,,,,,,,,,,,,,,,,,,,,,,,,,,
3,,,3569,,,,,,,,,,,,,,,,,,,,,,,,,,,,,,,,,,,,0.3676619529724121,,,,,,,,,,,,,,,,,,,,,,,,,,,,,,,,,,,,
3,,,3574,,,,,,,,,,,,,,,,,,,,,,,,,,,,,,,,,,,,0.4652975797653198,,,,,,,,,,,,,,,,,,,,,,,,,,,,,,,,,,,,
3,,,3579,,,,,,,,,,,,,,,,,,,,,,,,,,,,,,,,,,,,0.3159825801849365,,,,,,,,,,,,,,,,,,,,,,,,,,,,,,,,,,,,
3,,,3584,,,,,,,,,,,,,,,,,,,,,,,,,,,,,,,,,,,,0.2648545503616333,,,,,,,,,,,,,,,,,,,,,,,,,,,,,,,,,,,,
3,,,3589,,,,,,,,,,,,,,,,,,,,,,,,,,,,,,,,,,,,0.2973119616508484,,,,,,,,,,,,,,,,,,,,,,,,,,,,,,,,,,,,
3,,,3594,,,,,,,,,,,,,,,,,,,,,,,,,,,,,,,,,,,,0.7044801115989685,,,,,,,,,,,,,,,,,,,,,,,,,,,,,,,,,,,,
3,,,3599,,,,,,,,,,,,,,,,,,,,,,,,,,,,,,,,,,,,0.2968052923679352,,,,,,,,,,,,,,,,,,,,,,,,,,,,,,,,,,,,
3,,,3604,,,,,,,,,,,,,,,,,,,,,,,,,,,,,,,,,,,,0.7287857532501221,,,,,,,,,,,,,,,,,,,,,,,,,,,,,,,,,,,,
3,,,3609,,,,,,,,,,,,,,,,,,,,,,,,,,,,,,,,,,,,0.6249934434890747,,,,,,,,,,,,,,,,,,,,,,,,,,,,,,,,,,,,
3,,,3614,,,,,,,,,,,,,,,,,,,,,,,,,,,,,,,,,,,,0.6985993385314941,,,,,,,,,,,,,,,,,,,,,,,,,,,,,,,,,,,,
3,,,3619,,,,,,,,,,,,,,,,,,,,,,,,,,,,,,,,,,,,0.4161999821662903,,,,,,,,,,,,,,,,,,,,,,,,,,,,,,,,,,,,
3,,,3624,,,,,,,,,,,,,,,,,,,,,,,,,,,,,,,,,,,,0.4483245313167572,,,,,,,,,,,,,,,,,,,,,,,,,,,,,,,,,,,,
3,,,3629,,,,,,,,,,,,,,,,,,,,,,,,,,,,,,,,,,,,0.33637964725494385,,,,,,,,,,,,,,,,,,,,,,,,,,,,,,,,,,,,
3,,,3634,,,,,,,,,,,,,,,,,,,,,,,,,,,,,,,,,,,,0.7291353344917297,,,,,,,,,,,,,,,,,,,,,,,,,,,,,,,,,,,,
3,,,3639,,,,,,,,,,,,,,,,,,,,,,,,,,,,,,,,,,,,0.48932531476020813,,,,,,,,,,,,,,,,,,,,,,,,,,,,,,,,,,,,
3,,,3644,,,,,,,,,,,,,,,,,,,,,,,,,,,,,,,,,,,,0.6268919706344604,,,,,,,,,,,,,,,,,,,,,,,,,,,,,,,,,,,,
3,,,3649,,,,,,,,,,,,,,,,,,,,,,,,,,,,,,,,,,,,0.44692930579185486,,,,,,,,,,,,,,,,,,,,,,,,,,,,,,,,,,,,
3,,,3654,,,,,,,,,,,,,,,,,,,,,,,,,,,,,,,,,,,,0.4395543336868286,,,,,,,,,,,,,,,,,,,,,,,,,,,,,,,,,,,,
3,,,3659,,,,,,,,,,,,,,,,,,,,,,,,,,,,,,,,,,,,0.670777440071106,,,,,,,,,,,,,,,,,,,,,,,,,,,,,,,,,,,,
3,,,3664,,,,,,,,,,,,,,,,,,,,,,,,,,,,,,,,,,,,0.5135055780410767,,,,,,,,,,,,,,,,,,,,,,,,,,,,,,,,,,,,
3,,,3669,,,,,,,,,,,,,,,,,,,,,,,,,,,,,,,,,,,,0.41465646028518677,,,,,,,,,,,,,,,,,,,,,,,,,,,,,,,,,,,,
3,,,3674,,,,,,,,,,,,,,,,,,,,,,,,,,,,,,,,,,,,0.3169777989387512,,,,,,,,,,,,,,,,,,,,,,,,,,,,,,,,,,,,
3,,,3679,,,,,,,,,,,,,,,,,,,,,,,,,,,,,,,,,,,,0.4387280344963074,,,,,,,,,,,,,,,,,,,,,,,,,,,,,,,,,,,,
3,,,3683,,,,,,,,,,,,,,,,,,,,,,,,,,,,,,,,,,,,,0.7598051428794861,0.7230149507522583,0.6134195327758789,0.6991515755653381,0.7598051428794861,0.0,0.8296273350715637,0.8691822290420532,0.9352363348007202,0.4051746428012848,0.0,0.8752396106719971,0.8183627128601074,0.888698399066925,0.3097590506076813,0.0,0.7781565189361572,0.6925667524337769,0.7996914982795715,0.18326324224472046,0.0,0.9261592030525208,0.7731575965881348,0.8465724587440491,0.25071707367897034,0.0,0.8296273350715637,0.8691822290420532,0.9352363348007202,0.4051746428012848,0.8395331501960754,0.8395331501960754,0.7234443426132202,0.8395331501960754,0.8395331501960754,0.5015785694122314
3,,,3683,0.7200604677200317,0.7013373374938965,0.5888300538063049,0.6858293414115906,0.7200604677200317,0.0,0.8453261256217957,0.8125734925270081,0.9128583073616028,0.3094838559627533,0.0,0.8639850616455078,0.7935755252838135,0.876397430896759,0.271391361951828,0.0,0.760540246963501,0.657791256904602,0.7799887657165527,0.15699990093708038,0.0,0.8834863901138306,0.7754454612731934,0.8427372574806213,0.2416483461856842,0.0,0.8453261256217957,0.8125734925270081,0.9128583073616028,0.3094838559627533,0.8250937461853027,0.8250937461853027,0.7022635340690613,0.8250937461853027,0.8250937461853027,,,,,,,,,,,,,,,,,,,,,,,,,,,,,,,,,,,,,
,1e-05,0.0001,3684,,,,,,,,,,,,,,,,,,,,,,,,,,,,,,,,,,,,,,,,,,,,,,,,,,,,,,,,,,,,,,,,,,,,,,,,
4,,,3684,,,,,,,,,,,,,,,,,,,,,,,,,,,,,,,,,,,,0.48464441299438477,,,,,,,,,,,,,,,,,,,,,,,,,,,,,,,,,,,,
4,,,3689,,,,,,,,,,,,,,,,,,,,,,,,,,,,,,,,,,,,0.46690988540649414,,,,,,,,,,,,,,,,,,,,,,,,,,,,,,,,,,,,
4,,,3694,,,,,,,,,,,,,,,,,,,,,,,,,,,,,,,,,,,,0.29958125948905945,,,,,,,,,,,,,,,,,,,,,,,,,,,,,,,,,,,,
4,,,3699,,,,,,,,,,,,,,,,,,,,,,,,,,,,,,,,,,,,0.2983752489089966,,,,,,,,,,,,,,,,,,,,,,,,,,,,,,,,,,,,
4,,,3704,,,,,,,,,,,,,,,,,,,,,,,,,,,,,,,,,,,,0.5906943082809448,,,,,,,,,,,,,,,,,,,,,,,,,,,,,,,,,,,,
4,,,3709,,,,,,,,,,,,,,,,,,,,,,,,,,,,,,,,,,,,0.45860958099365234,,,,,,,,,,,,,,,,,,,,,,,,,,,,,,,,,,,,
4,,,3714,,,,,,,,,,,,,,,,,,,,,,,,,,,,,,,,,,,,0.2857649028301239,,,,,,,,,,,,,,,,,,,,,,,,,,,,,,,,,,,,
4,,,3719,,,,,,,,,,,,,,,,,,,,,,,,,,,,,,,,,,,,0.24495840072631836,,,,,,,,,,,,,,,,,,,,,,,,,,,,,,,,,,,,
4,,,3724,,,,,,,,,,,,,,,,,,,,,,,,,,,,,,,,,,,,0.6710578203201294,,,,,,,,,,,,,,,,,,,,,,,,,,,,,,,,,,,,
4,,,3729,,,,,,,,,,,,,,,,,,,,,,,,,,,,,,,,,,,,0.4323156476020813,,,,,,,,,,,,,,,,,,,,,,,,,,,,,,,,,,,,
4,,,3734,,,,,,,,,,,,,,,,,,,,,,,,,,,,,,,,,,,,0.5550165176391602,,,,,,,,,,,,,,,,,,,,,,,,,,,,,,,,,,,,
4,,,3739,,,,,,,,,,,,,,,,,,,,,,,,,,,,,,,,,,,,0.26277709007263184,,,,,,,,,,,,,,,,,,,,,,,,,,,,,,,,,,,,
4,,,3744,,,,,,,,,,,,,,,,,,,,,,,,,,,,,,,,,,,,0.5941610336303711,,,,,,,,,,,,,,,,,,,,,,,,,,,,,,,,,,,,
4,,,3749,,,,,,,,,,,,,,,,,,,,,,,,,,,,,,,,,,,,0.27764952182769775,,,,,,,,,,,,,,,,,,,,,,,,,,,,,,,,,,,,
4,,,3754,,,,,,,,,,,,,,,,,,,,,,,,,,,,,,,,,,,,0.4000276029109955,,,,,,,,,,,,,,,,,,,,,,,,,,,,,,,,,,,,
4,,,3759,,,,,,,,,,,,,,,,,,,,,,,,,,,,,,,,,,,,0.6275078654289246,,,,,,,,,,,,,,,,,,,,,,,,,,,,,,,,,,,,
4,,,3764,,,,,,,,,,,,,,,,,,,,,,,,,,,,,,,,,,,,0.4987010955810547,,,,,,,,,,,,,,,,,,,,,,,,,,,,,,,,,,,,
4,,,3769,,,,,,,,,,,,,,,,,,,,,,,,,,,,,,,,,,,,0.4618563652038574,,,,,,,,,,,,,,,,,,,,,,,,,,,,,,,,,,,,
4,,,3774,,,,,,,,,,,,,,,,,,,,,,,,,,,,,,,,,,,,0.3926856517791748,,,,,,,,,,,,,,,,,,,,,,,,,,,,,,,,,,,,
4,,,3779,,,,,,,,,,,,,,,,,,,,,,,,,,,,,,,,,,,,0.3668021261692047,,,,,,,,,,,,,,,,,,,,,,,,,,,,,,,,,,,,
4,,,3784,,,,,,,,,,,,,,,,,,,,,,,,,,,,,,,,,,,,0.48846518993377686,,,,,,,,,,,,,,,,,,,,,,,,,,,,,,,,,,,,
4,,,3789,,,,,,,,,,,,,,,,,,,,,,,,,,,,,,,,,,,,0.6300254464149475,,,,,,,,,,,,,,,,,,,,,,,,,,,,,,,,,,,,
4,,,3794,,,,,,,,,,,,,,,,,,,,,,,,,,,,,,,,,,,,0.30444836616516113,,,,,,,,,,,,,,,,,,,,,,,,,,,,,,,,,,,,
4,,,3799,,,,,,,,,,,,,,,,,,,,,,,,,,,,,,,,,,,,0.30500227212905884,,,,,,,,,,,,,,,,,,,,,,,,,,,,,,,,,,,,
4,,,3804,,,,,,,,,,,,,,,,,,,,,,,,,,,,,,,,,,,,0.3735065460205078,,,,,,,,,,,,,,,,,,,,,,,,,,,,,,,,,,,,
4,,,3809,,,,,,,,,,,,,,,,,,,,,,,,,,,,,,,,,,,,0.4277964234352112,,,,,,,,,,,,,,,,,,,,,,,,,,,,,,,,,,,,
4,,,3814,,,,,,,,,,,,,,,,,,,,,,,,,,,,,,,,,,,,0.7080363631248474,,,,,,,,,,,,,,,,,,,,,,,,,,,,,,,,,,,,
4,,,3819,,,,,,,,,,,,,,,,,,,,,,,,,,,,,,,,,,,,0.6691931486129761,,,,,,,,,,,,,,,,,,,,,,,,,,,,,,,,,,,,
4,,,3824,,,,,,,,,,,,,,,,,,,,,,,,,,,,,,,,,,,,0.6905335187911987,,,,,,,,,,,,,,,,,,,,,,,,,,,,,,,,,,,,
4,,,3829,,,,,,,,,,,,,,,,,,,,,,,,,,,,,,,,,,,,0.4598023295402527,,,,,,,,,,,,,,,,,,,,,,,,,,,,,,,,,,,,
4,,,3834,,,,,,,,,,,,,,,,,,,,,,,,,,,,,,,,,,,,0.6508314609527588,,,,,,,,,,,,,,,,,,,,,,,,,,,,,,,,,,,,
4,,,3839,,,,,,,,,,,,,,,,,,,,,,,,,,,,,,,,,,,,0.4319083094596863,,,,,,,,,,,,,,,,,,,,,,,,,,,,,,,,,,,,
4,,,3844,,,,,,,,,,,,,,,,,,,,,,,,,,,,,,,,,,,,0.735373318195343,,,,,,,,,,,,,,,,,,,,,,,,,,,,,,,,,,,,
4,,,3849,,,,,,,,,,,,,,,,,,,,,,,,,,,,,,,,,,,,0.3630014657974243,,,,,,,,,,,,,,,,,,,,,,,,,,,,,,,,,,,,
4,,,3854,,,,,,,,,,,,,,,,,,,,,,,,,,,,,,,,,,,,0.34554606676101685,,,,,,,,,,,,,,,,,,,,,,,,,,,,,,,,,,,,
4,,,3859,,,,,,,,,,,,,,,,,,,,,,,,,,,,,,,,,,,,0.33048897981643677,,,,,,,,,,,,,,,,,,,,,,,,,,,,,,,,,,,,
4,,,3864,,,,,,,,,,,,,,,,,,,,,,,,,,,,,,,,,,,,0.3494744896888733,,,,,,,,,,,,,,,,,,,,,,,,,,,,,,,,,,,,
4,,,3869,,,,,,,,,,,,,,,,,,,,,,,,,,,,,,,,,,,,0.3406030535697937,,,,,,,,,,,,,,,,,,,,,,,,,,,,,,,,,,,,
4,,,3874,,,,,,,,,,,,,,,,,,,,,,,,,,,,,,,,,,,,0.24467995762825012,,,,,,,,,,,,,,,,,,,,,,,,,,,,,,,,,,,,
4,,,3879,,,,,,,,,,,,,,,,,,,,,,,,,,,,,,,,,,,,0.6965000629425049,,,,,,,,,,,,,,,,,,,,,,,,,,,,,,,,,,,,
4,,,3884,,,,,,,,,,,,,,,,,,,,,,,,,,,,,,,,,,,,0.4408921003341675,,,,,,,,,,,,,,,,,,,,,,,,,,,,,,,,,,,,
4,,,3889,,,,,,,,,,,,,,,,,,,,,,,,,,,,,,,,,,,,0.4693653881549835,,,,,,,,,,,,,,,,,,,,,,,,,,,,,,,,,,,,
4,,,3894,,,,,,,,,,,,,,,,,,,,,,,,,,,,,,,,,,,,0.4573669135570526,,,,,,,,,,,,,,,,,,,,,,,,,,,,,,,,,,,,
4,,,3899,,,,,,,,,,,,,,,,,,,,,,,,,,,,,,,,,,,,0.7199460864067078,,,,,,,,,,,,,,,,,,,,,,,,,,,,,,,,,,,,
4,,,3904,,,,,,,,,,,,,,,,,,,,,,,,,,,,,,,,,,,,0.6555664539337158,,,,,,,,,,,,,,,,,,,,,,,,,,,,,,,,,,,,
4,,,3909,,,,,,,,,,,,,,,,,,,,,,,,,,,,,,,,,,,,0.6830481886863708,,,,,,,,,,,,,,,,,,,,,,,,,,,,,,,,,,,,
4,,,3914,,,,,,,,,,,,,,,,,,,,,,,,,,,,,,,,,,,,0.34015506505966187,,,,,,,,,,,,,,,,,,,,,,,,,,,,,,,,,,,,
4,,,3919,,,,,,,,,,,,,,,,,,,,,,,,,,,,,,,,,,,,0.4794543385505676,,,,,,,,,,,,,,,,,,,,,,,,,,,,,,,,,,,,
4,,,3924,,,,,,,,,,,,,,,,,,,,,,,,,,,,,,,,,,,,0.638328492641449,,,,,,,,,,,,,,,,,,,,,,,,,,,,,,,,,,,,
4,,,3929,,,,,,,,,,,,,,,,,,,,,,,,,,,,,,,,,,,,0.34661054611206055,,,,,,,,,,,,,,,,,,,,,,,,,,,,,,,,,,,,
4,,,3934,,,,,,,,,,,,,,,,,,,,,,,,,,,,,,,,,,,,0.5100163817405701,,,,,,,,,,,,,,,,,,,,,,,,,,,,,,,,,,,,
4,,,3939,,,,,,,,,,,,,,,,,,,,,,,,,,,,,,,,,,,,0.32972484827041626,,,,,,,,,,,,,,,,,,,,,,,,,,,,,,,,,,,,
4,,,3944,,,,,,,,,,,,,,,,,,,,,,,,,,,,,,,,,,,,0.41531902551651,,,,,,,,,,,,,,,,,,,,,,,,,,,,,,,,,,,,
4,,,3949,,,,,,,,,,,,,,,,,,,,,,,,,,,,,,,,,,,,0.3155774474143982,,,,,,,,,,,,,,,,,,,,,,,,,,,,,,,,,,,,
4,,,3954,,,,,,,,,,,,,,,,,,,,,,,,,,,,,,,,,,,,0.35478144884109497,,,,,,,,,,,,,,,,,,,,,,,,,,,,,,,,,,,,
4,,,3959,,,,,,,,,,,,,,,,,,,,,,,,,,,,,,,,,,,,0.40070855617523193,,,,,,,,,,,,,,,,,,,,,,,,,,,,,,,,,,,,
4,,,3964,,,,,,,,,,,,,,,,,,,,,,,,,,,,,,,,,,,,0.375995397567749,,,,,,,,,,,,,,,,,,,,,,,,,,,,,,,,,,,,
4,,,3969,,,,,,,,,,,,,,,,,,,,,,,,,,,,,,,,,,,,0.7481207847595215,,,,,,,,,,,,,,,,,,,,,,,,,,,,,,,,,,,,
4,,,3974,,,,,,,,,,,,,,,,,,,,,,,,,,,,,,,,,,,,0.3171568214893341,,,,,,,,,,,,,,,,,,,,,,,,,,,,,,,,,,,,
4,,,3979,,,,,,,,,,,,,,,,,,,,,,,,,,,,,,,,,,,,0.22347038984298706,,,,,,,,,,,,,,,,,,,,,,,,,,,,,,,,,,,,
4,,,3984,,,,,,,,,,,,,,,,,,,,,,,,,,,,,,,,,,,,0.38296857476234436,,,,,,,,,,,,,,,,,,,,,,,,,,,,,,,,,,,,
4,,,3989,,,,,,,,,,,,,,,,,,,,,,,,,,,,,,,,,,,,0.5008774399757385,,,,,,,,,,,,,,,,,,,,,,,,,,,,,,,,,,,,
4,,,3994,,,,,,,,,,,,,,,,,,,,,,,,,,,,,,,,,,,,0.31209224462509155,,,,,,,,,,,,,,,,,,,,,,,,,,,,,,,,,,,,
4,,,3999,,,,,,,,,,,,,,,,,,,,,,,,,,,,,,,,,,,,0.4524078965187073,,,,,,,,,,,,,,,,,,,,,,,,,,,,,,,,,,,,
4,,,4004,,,,,,,,,,,,,,,,,,,,,,,,,,,,,,,,,,,,0.7141968011856079,,,,,,,,,,,,,,,,,,,,,,,,,,,,,,,,,,,,
4,,,4009,,,,,,,,,,,,,,,,,,,,,,,,,,,,,,,,,,,,0.2844703793525696,,,,,,,,,,,,,,,,,,,,,,,,,,,,,,,,,,,,
4,,,4014,,,,,,,,,,,,,,,,,,,,,,,,,,,,,,,,,,,,0.31078577041625977,,,,,,,,,,,,,,,,,,,,,,,,,,,,,,,,,,,,
4,,,4019,,,,,,,,,,,,,,,,,,,,,,,,,,,,,,,,,,,,0.30308687686920166,,,,,,,,,,,,,,,,,,,,,,,,,,,,,,,,,,,,
4,,,4024,,,,,,,,,,,,,,,,,,,,,,,,,,,,,,,,,,,,0.27871018648147583,,,,,,,,,,,,,,,,,,,,,,,,,,,,,,,,,,,,
4,,,4029,,,,,,,,,,,,,,,,,,,,,,,,,,,,,,,,,,,,0.5505552887916565,,,,,,,,,,,,,,,,,,,,,,,,,,,,,,,,,,,,
4,,,4034,,,,,,,,,,,,,,,,,,,,,,,,,,,,,,,,,,,,0.30561843514442444,,,,,,,,,,,,,,,,,,,,,,,,,,,,,,,,,,,,
4,,,4039,,,,,,,,,,,,,,,,,,,,,,,,,,,,,,,,,,,,0.6790004968643188,,,,,,,,,,,,,,,,,,,,,,,,,,,,,,,,,,,,
4,,,4044,,,,,,,,,,,,,,,,,,,,,,,,,,,,,,,,,,,,0.32562363147735596,,,,,,,,,,,,,,,,,,,,,,,,,,,,,,,,,,,,
4,,,4049,,,,,,,,,,,,,,,,,,,,,,,,,,,,,,,,,,,,0.3409072160720825,,,,,,,,,,,,,,,,,,,,,,,,,,,,,,,,,,,,
4,,,4054,,,,,,,,,,,,,,,,,,,,,,,,,,,,,,,,,,,,0.37979763746261597,,,,,,,,,,,,,,,,,,,,,,,,,,,,,,,,,,,,
4,,,4059,,,,,,,,,,,,,,,,,,,,,,,,,,,,,,,,,,,,0.25979089736938477,,,,,,,,,,,,,,,,,,,,,,,,,,,,,,,,,,,,
4,,,4064,,,,,,,,,,,,,,,,,,,,,,,,,,,,,,,,,,,,0.5425827503204346,,,,,,,,,,,,,,,,,,,,,,,,,,,,,,,,,,,,
4,,,4069,,,,,,,,,,,,,,,,,,,,,,,,,,,,,,,,,,,,0.5694814324378967,,,,,,,,,,,,,,,,,,,,,,,,,,,,,,,,,,,,
4,,,4074,,,,,,,,,,,,,,,,,,,,,,,,,,,,,,,,,,,,0.32630687952041626,,,,,,,,,,,,,,,,,,,,,,,,,,,,,,,,,,,,
4,,,4079,,,,,,,,,,,,,,,,,,,,,,,,,,,,,,,,,,,,0.6621466279029846,,,,,,,,,,,,,,,,,,,,,,,,,,,,,,,,,,,,
4,,,4084,,,,,,,,,,,,,,,,,,,,,,,,,,,,,,,,,,,,0.32035624980926514,,,,,,,,,,,,,,,,,,,,,,,,,,,,,,,,,,,,
4,,,4089,,,,,,,,,,,,,,,,,,,,,,,,,,,,,,,,,,,,0.4452493488788605,,,,,,,,,,,,,,,,,,,,,,,,,,,,,,,,,,,,
4,,,4094,,,,,,,,,,,,,,,,,,,,,,,,,,,,,,,,,,,,0.34780964255332947,,,,,,,,,,,,,,,,,,,,,,,,,,,,,,,,,,,,
4,,,4099,,,,,,,,,,,,,,,,,,,,,,,,,,,,,,,,,,,,0.6582238674163818,,,,,,,,,,,,,,,,,,,,,,,,,,,,,,,,,,,,
4,,,4104,,,,,,,,,,,,,,,,,,,,,,,,,,,,,,,,,,,,0.3680841624736786,,,,,,,,,,,,,,,,,,,,,,,,,,,,,,,,,,,,
4,,,4109,,,,,,,,,,,,,,,,,,,,,,,,,,,,,,,,,,,,0.368618369102478,,,,,,,,,,,,,,,,,,,,,,,,,,,,,,,,,,,,
4,,,4114,,,,,,,,,,,,,,,,,,,,,,,,,,,,,,,,,,,,0.7173667550086975,,,,,,,,,,,,,,,,,,,,,,,,,,,,,,,,,,,,
4,,,4119,,,,,,,,,,,,,,,,,,,,,,,,,,,,,,,,,,,,0.6762697100639343,,,,,,,,,,,,,,,,,,,,,,,,,,,,,,,,,,,,
4,,,4124,,,,,,,,,,,,,,,,,,,,,,,,,,,,,,,,,,,,0.4883277416229248,,,,,,,,,,,,,,,,,,,,,,,,,,,,,,,,,,,,
4,,,4129,,,,,,,,,,,,,,,,,,,,,,,,,,,,,,,,,,,,0.544182300567627,,,,,,,,,,,,,,,,,,,,,,,,,,,,,,,,,,,,
4,,,4134,,,,,,,,,,,,,,,,,,,,,,,,,,,,,,,,,,,,0.3229981064796448,,,,,,,,,,,,,,,,,,,,,,,,,,,,,,,,,,,,
4,,,4139,,,,,,,,,,,,,,,,,,,,,,,,,,,,,,,,,,,,0.35067713260650635,,,,,,,,,,,,,,,,,,,,,,,,,,,,,,,,,,,,
4,,,4144,,,,,,,,,,,,,,,,,,,,,,,,,,,,,,,,,,,,0.3569653332233429,,,,,,,,,,,,,,,,,,,,,,,,,,,,,,,,,,,,
4,,,4149,,,,,,,,,,,,,,,,,,,,,,,,,,,,,,,,,,,,0.5099067091941833,,,,,,,,,,,,,,,,,,,,,,,,,,,,,,,,,,,,
4,,,4154,,,,,,,,,,,,,,,,,,,,,,,,,,,,,,,,,,,,0.43912273645401,,,,,,,,,,,,,,,,,,,,,,,,,,,,,,,,,,,,
4,,,4159,,,,,,,,,,,,,,,,,,,,,,,,,,,,,,,,,,,,0.42544490098953247,,,,,,,,,,,,,,,,,,,,,,,,,,,,,,,,,,,,
4,,,4164,,,,,,,,,,,,,,,,,,,,,,,,,,,,,,,,,,,,0.35986393690109253,,,,,,,,,,,,,,,,,,,,,,,,,,,,,,,,,,,,
4,,,4169,,,,,,,,,,,,,,,,,,,,,,,,,,,,,,,,,,,,0.27768293023109436,,,,,,,,,,,,,,,,,,,,,,,,,,,,,,,,,,,,
4,,,4174,,,,,,,,,,,,,,,,,,,,,,,,,,,,,,,,,,,,0.6315931081771851,,,,,,,,,,,,,,,,,,,,,,,,,,,,,,,,,,,,
4,,,4179,,,,,,,,,,,,,,,,,,,,,,,,,,,,,,,,,,,,0.6682575941085815,,,,,,,,,,,,,,,,,,,,,,,,,,,,,,,,,,,,
4,,,4184,,,,,,,,,,,,,,,,,,,,,,,,,,,,,,,,,,,,0.40552791953086853,,,,,,,,,,,,,,,,,,,,,,,,,,,,,,,,,,,,
4,,,4189,,,,,,,,,,,,,,,,,,,,,,,,,,,,,,,,,,,,0.5600382089614868,,,,,,,,,,,,,,,,,,,,,,,,,,,,,,,,,,,,
4,,,4194,,,,,,,,,,,,,,,,,,,,,,,,,,,,,,,,,,,,0.3075842261314392,,,,,,,,,,,,,,,,,,,,,,,,,,,,,,,,,,,,
4,,,4199,,,,,,,,,,,,,,,,,,,,,,,,,,,,,,,,,,,,0.4446026682853699,,,,,,,,,,,,,,,,,,,,,,,,,,,,,,,,,,,,
4,,,4204,,,,,,,,,,,,,,,,,,,,,,,,,,,,,,,,,,,,0.7567670941352844,,,,,,,,,,,,,,,,,,,,,,,,,,,,,,,,,,,,
4,,,4209,,,,,,,,,,,,,,,,,,,,,,,,,,,,,,,,,,,,0.40205734968185425,,,,,,,,,,,,,,,,,,,,,,,,,,,,,,,,,,,,
4,,,4214,,,,,,,,,,,,,,,,,,,,,,,,,,,,,,,,,,,,0.44441497325897217,,,,,,,,,,,,,,,,,,,,,,,,,,,,,,,,,,,,
4,,,4219,,,,,,,,,,,,,,,,,,,,,,,,,,,,,,,,,,,,0.40497082471847534,,,,,,,,,,,,,,,,,,,,,,,,,,,,,,,,,,,,
4,,,4224,,,,,,,,,,,,,,,,,,,,,,,,,,,,,,,,,,,,0.35279327630996704,,,,,,,,,,,,,,,,,,,,,,,,,,,,,,,,,,,,
4,,,4229,,,,,,,,,,,,,,,,,,,,,,,,,,,,,,,,,,,,0.4458208680152893,,,,,,,,,,,,,,,,,,,,,,,,,,,,,,,,,,,,
4,,,4234,,,,,,,,,,,,,,,,,,,,,,,,,,,,,,,,,,,,0.32322895526885986,,,,,,,,,,,,,,,,,,,,,,,,,,,,,,,,,,,,
4,,,4239,,,,,,,,,,,,,,,,,,,,,,,,,,,,,,,,,,,,0.7188804149627686,,,,,,,,,,,,,,,,,,,,,,,,,,,,,,,,,,,,
4,,,4244,,,,,,,,,,,,,,,,,,,,,,,,,,,,,,,,,,,,0.3116486668586731,,,,,,,,,,,,,,,,,,,,,,,,,,,,,,,,,,,,
4,,,4249,,,,,,,,,,,,,,,,,,,,,,,,,,,,,,,,,,,,0.47942623496055603,,,,,,,,,,,,,,,,,,,,,,,,,,,,,,,,,,,,
4,,,4254,,,,,,,,,,,,,,,,,,,,,,,,,,,,,,,,,,,,0.5251812934875488,,,,,,,,,,,,,,,,,,,,,,,,,,,,,,,,,,,,
4,,,4259,,,,,,,,,,,,,,,,,,,,,,,,,,,,,,,,,,,,0.31508132815361023,,,,,,,,,,,,,,,,,,,,,,,,,,,,,,,,,,,,
4,,,4264,,,,,,,,,,,,,,,,,,,,,,,,,,,,,,,,,,,,0.729567289352417,,,,,,,,,,,,,,,,,,,,,,,,,,,,,,,,,,,,
4,,,4269,,,,,,,,,,,,,,,,,,,,,,,,,,,,,,,,,,,,0.4255099892616272,,,,,,,,,,,,,,,,,,,,,,,,,,,,,,,,,,,,
4,,,4274,,,,,,,,,,,,,,,,,,,,,,,,,,,,,,,,,,,,0.6890661716461182,,,,,,,,,,,,,,,,,,,,,,,,,,,,,,,,,,,,
4,,,4279,,,,,,,,,,,,,,,,,,,,,,,,,,,,,,,,,,,,0.5322952270507812,,,,,,,,,,,,,,,,,,,,,,,,,,,,,,,,,,,,
4,,,4284,,,,,,,,,,,,,,,,,,,,,,,,,,,,,,,,,,,,0.5021893382072449,,,,,,,,,,,,,,,,,,,,,,,,,,,,,,,,,,,,
4,,,4289,,,,,,,,,,,,,,,,,,,,,,,,,,,,,,,,,,,,0.7594704627990723,,,,,,,,,,,,,,,,,,,,,,,,,,,,,,,,,,,,
4,,,4294,,,,,,,,,,,,,,,,,,,,,,,,,,,,,,,,,,,,0.28544867038726807,,,,,,,,,,,,,,,,,,,,,,,,,,,,,,,,,,,,
4,,,4299,,,,,,,,,,,,,,,,,,,,,,,,,,,,,,,,,,,,0.4632103443145752,,,,,,,,,,,,,,,,,,,,,,,,,,,,,,,,,,,,
4,,,4304,,,,,,,,,,,,,,,,,,,,,,,,,,,,,,,,,,,,0.6684101223945618,,,,,,,,,,,,,,,,,,,,,,,,,,,,,,,,,,,,
4,,,4309,,,,,,,,,,,,,,,,,,,,,,,,,,,,,,,,,,,,0.35729825496673584,,,,,,,,,,,,,,,,,,,,,,,,,,,,,,,,,,,,
4,,,4314,,,,,,,,,,,,,,,,,,,,,,,,,,,,,,,,,,,,0.6185381412506104,,,,,,,,,,,,,,,,,,,,,,,,,,,,,,,,,,,,
4,,,4319,,,,,,,,,,,,,,,,,,,,,,,,,,,,,,,,,,,,0.7123917937278748,,,,,,,,,,,,,,,,,,,,,,,,,,,,,,,,,,,,
4,,,4324,,,,,,,,,,,,,,,,,,,,,,,,,,,,,,,,,,,,0.5532121062278748,,,,,,,,,,,,,,,,,,,,,,,,,,,,,,,,,,,,
4,,,4329,,,,,,,,,,,,,,,,,,,,,,,,,,,,,,,,,,,,0.36314988136291504,,,,,,,,,,,,,,,,,,,,,,,,,,,,,,,,,,,,
4,,,4334,,,,,,,,,,,,,,,,,,,,,,,,,,,,,,,,,,,,0.6898277997970581,,,,,,,,,,,,,,,,,,,,,,,,,,,,,,,,,,,,
4,,,4339,,,,,,,,,,,,,,,,,,,,,,,,,,,,,,,,,,,,0.38979876041412354,,,,,,,,,,,,,,,,,,,,,,,,,,,,,,,,,,,,
4,,,4344,,,,,,,,,,,,,,,,,,,,,,,,,,,,,,,,,,,,0.29183441400527954,,,,,,,,,,,,,,,,,,,,,,,,,,,,,,,,,,,,
4,,,4349,,,,,,,,,,,,,,,,,,,,,,,,,,,,,,,,,,,,0.26846954226493835,,,,,,,,,,,,,,,,,,,,,,,,,,,,,,,,,,,,
4,,,4354,,,,,,,,,,,,,,,,,,,,,,,,,,,,,,,,,,,,0.7064900398254395,,,,,,,,,,,,,,,,,,,,,,,,,,,,,,,,,,,,
4,,,4359,,,,,,,,,,,,,,,,,,,,,,,,,,,,,,,,,,,,0.625748872756958,,,,,,,,,,,,,,,,,,,,,,,,,,,,,,,,,,,,
4,,,4364,,,,,,,,,,,,,,,,,,,,,,,,,,,,,,,,,,,,0.35265052318573,,,,,,,,,,,,,,,,,,,,,,,,,,,,,,,,,,,,
4,,,4369,,,,,,,,,,,,,,,,,,,,,,,,,,,,,,,,,,,,0.36235952377319336,,,,,,,,,,,,,,,,,,,,,,,,,,,,,,,,,,,,
4,,,4374,,,,,,,,,,,,,,,,,,,,,,,,,,,,,,,,,,,,0.4718085527420044,,,,,,,,,,,,,,,,,,,,,,,,,,,,,,,,,,,,
4,,,4379,,,,,,,,,,,,,,,,,,,,,,,,,,,,,,,,,,,,0.3419111967086792,,,,,,,,,,,,,,,,,,,,,,,,,,,,,,,,,,,,
4,,,4384,,,,,,,,,,,,,,,,,,,,,,,,,,,,,,,,,,,,0.5681888461112976,,,,,,,,,,,,,,,,,,,,,,,,,,,,,,,,,,,,
4,,,4389,,,,,,,,,,,,,,,,,,,,,,,,,,,,,,,,,,,,0.5664326548576355,,,,,,,,,,,,,,,,,,,,,,,,,,,,,,,,,,,,
4,,,4394,,,,,,,,,,,,,,,,,,,,,,,,,,,,,,,,,,,,0.41781771183013916,,,,,,,,,,,,,,,,,,,,,,,,,,,,,,,,,,,,
4,,,4399,,,,,,,,,,,,,,,,,,,,,,,,,,,,,,,,,,,,0.644108235836029,,,,,,,,,,,,,,,,,,,,,,,,,,,,,,,,,,,,
4,,,4404,,,,,,,,,,,,,,,,,,,,,,,,,,,,,,,,,,,,0.316279798746109,,,,,,,,,,,,,,,,,,,,,,,,,,,,,,,,,,,,
4,,,4409,,,,,,,,,,,,,,,,,,,,,,,,,,,,,,,,,,,,0.6551324725151062,,,,,,,,,,,,,,,,,,,,,,,,,,,,,,,,,,,,
4,,,4414,,,,,,,,,,,,,,,,,,,,,,,,,,,,,,,,,,,,0.3101985454559326,,,,,,,,,,,,,,,,,,,,,,,,,,,,,,,,,,,,
4,,,4419,,,,,,,,,,,,,,,,,,,,,,,,,,,,,,,,,,,,0.5693235993385315,,,,,,,,,,,,,,,,,,,,,,,,,,,,,,,,,,,,
4,,,4424,,,,,,,,,,,,,,,,,,,,,,,,,,,,,,,,,,,,0.29073816537857056,,,,,,,,,,,,,,,,,,,,,,,,,,,,,,,,,,,,
4,,,4429,,,,,,,,,,,,,,,,,,,,,,,,,,,,,,,,,,,,0.36221379041671753,,,,,,,,,,,,,,,,,,,,,,,,,,,,,,,,,,,,
4,,,4434,,,,,,,,,,,,,,,,,,,,,,,,,,,,,,,,,,,,0.23201903700828552,,,,,,,,,,,,,,,,,,,,,,,,,,,,,,,,,,,,
4,,,4439,,,,,,,,,,,,,,,,,,,,,,,,,,,,,,,,,,,,0.45889389514923096,,,,,,,,,,,,,,,,,,,,,,,,,,,,,,,,,,,,
4,,,4444,,,,,,,,,,,,,,,,,,,,,,,,,,,,,,,,,,,,0.611014723777771,,,,,,,,,,,,,,,,,,,,,,,,,,,,,,,,,,,,
4,,,4449,,,,,,,,,,,,,,,,,,,,,,,,,,,,,,,,,,,,0.6810435652732849,,,,,,,,,,,,,,,,,,,,,,,,,,,,,,,,,,,,
4,,,4454,,,,,,,,,,,,,,,,,,,,,,,,,,,,,,,,,,,,0.47933951020240784,,,,,,,,,,,,,,,,,,,,,,,,,,,,,,,,,,,,
4,,,4459,,,,,,,,,,,,,,,,,,,,,,,,,,,,,,,,,,,,0.6331486701965332,,,,,,,,,,,,,,,,,,,,,,,,,,,,,,,,,,,,
4,,,4464,,,,,,,,,,,,,,,,,,,,,,,,,,,,,,,,,,,,0.7013528943061829,,,,,,,,,,,,,,,,,,,,,,,,,,,,,,,,,,,,
4,,,4469,,,,,,,,,,,,,,,,,,,,,,,,,,,,,,,,,,,,0.7117400169372559,,,,,,,,,,,,,,,,,,,,,,,,,,,,,,,,,,,,
4,,,4474,,,,,,,,,,,,,,,,,,,,,,,,,,,,,,,,,,,,0.290880411863327,,,,,,,,,,,,,,,,,,,,,,,,,,,,,,,,,,,,
4,,,4479,,,,,,,,,,,,,,,,,,,,,,,,,,,,,,,,,,,,0.677183210849762,,,,,,,,,,,,,,,,,,,,,,,,,,,,,,,,,,,,
4,,,4484,,,,,,,,,,,,,,,,,,,,,,,,,,,,,,,,,,,,0.28233951330184937,,,,,,,,,,,,,,,,,,,,,,,,,,,,,,,,,,,,
4,,,4489,,,,,,,,,,,,,,,,,,,,,,,,,,,,,,,,,,,,0.3969504237174988,,,,,,,,,,,,,,,,,,,,,,,,,,,,,,,,,,,,
4,,,4494,,,,,,,,,,,,,,,,,,,,,,,,,,,,,,,,,,,,0.4721972346305847,,,,,,,,,,,,,,,,,,,,,,,,,,,,,,,,,,,,
4,,,4499,,,,,,,,,,,,,,,,,,,,,,,,,,,,,,,,,,,,0.7377192974090576,,,,,,,,,,,,,,,,,,,,,,,,,,,,,,,,,,,,
4,,,4504,,,,,,,,,,,,,,,,,,,,,,,,,,,,,,,,,,,,0.7060527801513672,,,,,,,,,,,,,,,,,,,,,,,,,,,,,,,,,,,,
4,,,4509,,,,,,,,,,,,,,,,,,,,,,,,,,,,,,,,,,,,0.6324847936630249,,,,,,,,,,,,,,,,,,,,,,,,,,,,,,,,,,,,
4,,,4514,,,,,,,,,,,,,,,,,,,,,,,,,,,,,,,,,,,,0.7582892179489136,,,,,,,,,,,,,,,,,,,,,,,,,,,,,,,,,,,,
4,,,4519,,,,,,,,,,,,,,,,,,,,,,,,,,,,,,,,,,,,0.34084153175354004,,,,,,,,,,,,,,,,,,,,,,,,,,,,,,,,,,,,
4,,,4524,,,,,,,,,,,,,,,,,,,,,,,,,,,,,,,,,,,,0.28833556175231934,,,,,,,,,,,,,,,,,,,,,,,,,,,,,,,,,,,,
4,,,4529,,,,,,,,,,,,,,,,,,,,,,,,,,,,,,,,,,,,0.3139832615852356,,,,,,,,,,,,,,,,,,,,,,,,,,,,,,,,,,,,
4,,,4534,,,,,,,,,,,,,,,,,,,,,,,,,,,,,,,,,,,,0.3135479986667633,,,,,,,,,,,,,,,,,,,,,,,,,,,,,,,,,,,,
4,,,4539,,,,,,,,,,,,,,,,,,,,,,,,,,,,,,,,,,,,0.645135760307312,,,,,,,,,,,,,,,,,,,,,,,,,,,,,,,,,,,,
4,,,4544,,,,,,,,,,,,,,,,,,,,,,,,,,,,,,,,,,,,0.5997642874717712,,,,,,,,,,,,,,,,,,,,,,,,,,,,,,,,,,,,
4,,,4549,,,,,,,,,,,,,,,,,,,,,,,,,,,,,,,,,,,,0.2809884250164032,,,,,,,,,,,,,,,,,,,,,,,,,,,,,,,,,,,,
4,,,4554,,,,,,,,,,,,,,,,,,,,,,,,,,,,,,,,,,,,0.5861867666244507,,,,,,,,,,,,,,,,,,,,,,,,,,,,,,,,,,,,
4,,,4559,,,,,,,,,,,,,,,,,,,,,,,,,,,,,,,,,,,,0.3663833737373352,,,,,,,,,,,,,,,,,,,,,,,,,,,,,,,,,,,,
4,,,4564,,,,,,,,,,,,,,,,,,,,,,,,,,,,,,,,,,,,0.5228667855262756,,,,,,,,,,,,,,,,,,,,,,,,,,,,,,,,,,,,
4,,,4569,,,,,,,,,,,,,,,,,,,,,,,,,,,,,,,,,,,,0.3269362449645996,,,,,,,,,,,,,,,,,,,,,,,,,,,,,,,,,,,,
4,,,4574,,,,,,,,,,,,,,,,,,,,,,,,,,,,,,,,,,,,0.3502095937728882,,,,,,,,,,,,,,,,,,,,,,,,,,,,,,,,,,,,
4,,,4579,,,,,,,,,,,,,,,,,,,,,,,,,,,,,,,,,,,,0.3267213702201843,,,,,,,,,,,,,,,,,,,,,,,,,,,,,,,,,,,,
4,,,4584,,,,,,,,,,,,,,,,,,,,,,,,,,,,,,,,,,,,0.6569716930389404,,,,,,,,,,,,,,,,,,,,,,,,,,,,,,,,,,,,
4,,,4589,,,,,,,,,,,,,,,,,,,,,,,,,,,,,,,,,,,,0.3526711165904999,,,,,,,,,,,,,,,,,,,,,,,,,,,,,,,,,,,,
4,,,4594,,,,,,,,,,,,,,,,,,,,,,,,,,,,,,,,,,,,0.5508363246917725,,,,,,,,,,,,,,,,,,,,,,,,,,,,,,,,,,,,
4,,,4599,,,,,,,,,,,,,,,,,,,,,,,,,,,,,,,,,,,,0.5394330620765686,,,,,,,,,,,,,,,,,,,,,,,,,,,,,,,,,,,,
4,,,4604,,,,,,,,,,,,,,,,,,,,,,,,,,,,,,,,,,,,0.48387861251831055,,,,,,,,,,,,,,,,,,,,,,,,,,,,,,,,,,,,
4,,,4604,,,,,,,,,,,,,,,,,,,,,,,,,,,,,,,,,,,,,0.7616209983825684,0.7196770310401917,0.6102159023284912,0.6918210983276367,0.7616209983825684,0.0,0.8433037400245667,0.8521982431411743,0.9483710527420044,0.4026109576225281,0.0,0.8787268996238708,0.819823145866394,0.8802451491355896,0.2999129891395569,0.0,0.7836867570877075,0.6946613192558289,0.786105215549469,0.17641037702560425,0.0,0.9172564148902893,0.7898178696632385,0.821250855922699,0.23895928263664246,0.0,0.8433037400245667,0.8521982431411743,0.9483710527420044,0.4026109576225281,0.8416144251823425,0.8416144251823425,0.7265409231185913,0.8416144251823425,0.8416144251823425,0.49754810333251953
4,,,4604,0.7200688123703003,0.7041661739349365,0.5918171405792236,0.6908084154129028,0.7200688123703003,0.0,0.8516305088996887,0.8166680932044983,0.9002652764320374,0.31171131134033203,0.0,0.8681285381317139,0.7997097373008728,0.8723568320274353,0.2764695882797241,0.0,0.7669851183891296,0.6662636399269104,0.7736107110977173,0.1604088842868805,0.0,0.8852784633636475,0.7834413647651672,0.8461266756057739,0.24838721752166748,0.0,0.8516305088996887,0.8166680932044983,0.9002652764320374,0.31171131134033203,0.8299919962882996,0.8299919962882996,0.7093899846076965,0.8299919962882996,0.8299919962882996,,,,,,,,,,,,,,,,,,,,,,,,,,,,,,,,,,,,,
,1e-05,0.0001,4605,,,,,,,,,,,,,,,,,,,,,,,,,,,,,,,,,,,,,,,,,,,,,,,,,,,,,,,,,,,,,,,,,,,,,,,,
5,,,4609,,,,,,,,,,,,,,,,,,,,,,,,,,,,,,,,,,,,0.485348641872406,,,,,,,,,,,,,,,,,,,,,,,,,,,,,,,,,,,,
5,,,4614,,,,,,,,,,,,,,,,,,,,,,,,,,,,,,,,,,,,0.48672759532928467,,,,,,,,,,,,,,,,,,,,,,,,,,,,,,,,,,,,
5,,,4619,,,,,,,,,,,,,,,,,,,,,,,,,,,,,,,,,,,,0.6346042156219482,,,,,,,,,,,,,,,,,,,,,,,,,,,,,,,,,,,,
5,,,4624,,,,,,,,,,,,,,,,,,,,,,,,,,,,,,,,,,,,0.731892466545105,,,,,,,,,,,,,,,,,,,,,,,,,,,,,,,,,,,,
5,,,4629,,,,,,,,,,,,,,,,,,,,,,,,,,,,,,,,,,,,0.626393735408783,,,,,,,,,,,,,,,,,,,,,,,,,,,,,,,,,,,,
5,,,4634,,,,,,,,,,,,,,,,,,,,,,,,,,,,,,,,,,,,0.3768249750137329,,,,,,,,,,,,,,,,,,,,,,,,,,,,,,,,,,,,
5,,,4639,,,,,,,,,,,,,,,,,,,,,,,,,,,,,,,,,,,,0.37166088819503784,,,,,,,,,,,,,,,,,,,,,,,,,,,,,,,,,,,,
5,,,4644,,,,,,,,,,,,,,,,,,,,,,,,,,,,,,,,,,,,0.7162736654281616,,,,,,,,,,,,,,,,,,,,,,,,,,,,,,,,,,,,
5,,,4649,,,,,,,,,,,,,,,,,,,,,,,,,,,,,,,,,,,,0.32790085673332214,,,,,,,,,,,,,,,,,,,,,,,,,,,,,,,,,,,,
5,,,4654,,,,,,,,,,,,,,,,,,,,,,,,,,,,,,,,,,,,0.6556577682495117,,,,,,,,,,,,,,,,,,,,,,,,,,,,,,,,,,,,
5,,,4659,,,,,,,,,,,,,,,,,,,,,,,,,,,,,,,,,,,,0.22645898163318634,,,,,,,,,,,,,,,,,,,,,,,,,,,,,,,,,,,,
5,,,4664,,,,,,,,,,,,,,,,,,,,,,,,,,,,,,,,,,,,0.586331844329834,,,,,,,,,,,,,,,,,,,,,,,,,,,,,,,,,,,,
5,,,4669,,,,,,,,,,,,,,,,,,,,,,,,,,,,,,,,,,,,0.6798691153526306,,,,,,,,,,,,,,,,,,,,,,,,,,,,,,,,,,,,
5,,,4674,,,,,,,,,,,,,,,,,,,,,,,,,,,,,,,,,,,,0.2754707932472229,,,,,,,,,,,,,,,,,,,,,,,,,,,,,,,,,,,,
5,,,4679,,,,,,,,,,,,,,,,,,,,,,,,,,,,,,,,,,,,0.3998214602470398,,,,,,,,,,,,,,,,,,,,,,,,,,,,,,,,,,,,
5,,,4684,,,,,,,,,,,,,,,,,,,,,,,,,,,,,,,,,,,,0.5891864895820618,,,,,,,,,,,,,,,,,,,,,,,,,,,,,,,,,,,,
5,,,4689,,,,,,,,,,,,,,,,,,,,,,,,,,,,,,,,,,,,0.36865830421447754,,,,,,,,,,,,,,,,,,,,,,,,,,,,,,,,,,,,
5,,,4694,,,,,,,,,,,,,,,,,,,,,,,,,,,,,,,,,,,,0.6698702573776245,,,,,,,,,,,,,,,,,,,,,,,,,,,,,,,,,,,,
5,,,4699,,,,,,,,,,,,,,,,,,,,,,,,,,,,,,,,,,,,0.4399220645427704,,,,,,,,,,,,,,,,,,,,,,,,,,,,,,,,,,,,
5,,,4704,,,,,,,,,,,,,,,,,,,,,,,,,,,,,,,,,,,,0.30208441615104675,,,,,,,,,,,,,,,,,,,,,,,,,,,,,,,,,,,,
5,,,4709,,,,,,,,,,,,,,,,,,,,,,,,,,,,,,,,,,,,0.6956196427345276,,,,,,,,,,,,,,,,,,,,,,,,,,,,,,,,,,,,
5,,,4714,,,,,,,,,,,,,,,,,,,,,,,,,,,,,,,,,,,,0.5299884676933289,,,,,,,,,,,,,,,,,,,,,,,,,,,,,,,,,,,,
5,,,4719,,,,,,,,,,,,,,,,,,,,,,,,,,,,,,,,,,,,0.4314441680908203,,,,,,,,,,,,,,,,,,,,,,,,,,,,,,,,,,,,
5,,,4724,,,,,,,,,,,,,,,,,,,,,,,,,,,,,,,,,,,,0.7285077571868896,,,,,,,,,,,,,,,,,,,,,,,,,,,,,,,,,,,,
5,,,4729,,,,,,,,,,,,,,,,,,,,,,,,,,,,,,,,,,,,0.5453419089317322,,,,,,,,,,,,,,,,,,,,,,,,,,,,,,,,,,,,
5,,,4734,,,,,,,,,,,,,,,,,,,,,,,,,,,,,,,,,,,,0.4908221364021301,,,,,,,,,,,,,,,,,,,,,,,,,,,,,,,,,,,,
5,,,4739,,,,,,,,,,,,,,,,,,,,,,,,,,,,,,,,,,,,0.3589767813682556,,,,,,,,,,,,,,,,,,,,,,,,,,,,,,,,,,,,
5,,,4744,,,,,,,,,,,,,,,,,,,,,,,,,,,,,,,,,,,,0.7522286772727966,,,,,,,,,,,,,,,,,,,,,,,,,,,,,,,,,,,,
5,,,4749,,,,,,,,,,,,,,,,,,,,,,,,,,,,,,,,,,,,0.33806920051574707,,,,,,,,,,,,,,,,,,,,,,,,,,,,,,,,,,,,
5,,,4754,,,,,,,,,,,,,,,,,,,,,,,,,,,,,,,,,,,,0.4840874969959259,,,,,,,,,,,,,,,,,,,,,,,,,,,,,,,,,,,,
5,,,4759,,,,,,,,,,,,,,,,,,,,,,,,,,,,,,,,,,,,0.4303126037120819,,,,,,,,,,,,,,,,,,,,,,,,,,,,,,,,,,,,
5,,,4764,,,,,,,,,,,,,,,,,,,,,,,,,,,,,,,,,,,,0.2846370041370392,,,,,,,,,,,,,,,,,,,,,,,,,,,,,,,,,,,,
5,,,4769,,,,,,,,,,,,,,,,,,,,,,,,,,,,,,,,,,,,0.32631224393844604,,,,,,,,,,,,,,,,,,,,,,,,,,,,,,,,,,,,
5,,,4774,,,,,,,,,,,,,,,,,,,,,,,,,,,,,,,,,,,,0.5420803427696228,,,,,,,,,,,,,,,,,,,,,,,,,,,,,,,,,,,,
5,,,4779,,,,,,,,,,,,,,,,,,,,,,,,,,,,,,,,,,,,0.46909189224243164,,,,,,,,,,,,,,,,,,,,,,,,,,,,,,,,,,,,
5,,,4784,,,,,,,,,,,,,,,,,,,,,,,,,,,,,,,,,,,,0.390516996383667,,,,,,,,,,,,,,,,,,,,,,,,,,,,,,,,,,,,
5,,,4789,,,,,,,,,,,,,,,,,,,,,,,,,,,,,,,,,,,,0.4413836598396301,,,,,,,,,,,,,,,,,,,,,,,,,,,,,,,,,,,,
5,,,4794,,,,,,,,,,,,,,,,,,,,,,,,,,,,,,,,,,,,0.5559530258178711,,,,,,,,,,,,,,,,,,,,,,,,,,,,,,,,,,,,
5,,,4799,,,,,,,,,,,,,,,,,,,,,,,,,,,,,,,,,,,,0.6969919204711914,,,,,,,,,,,,,,,,,,,,,,,,,,,,,,,,,,,,
5,,,4804,,,,,,,,,,,,,,,,,,,,,,,,,,,,,,,,,,,,0.324497252702713,,,,,,,,,,,,,,,,,,,,,,,,,,,,,,,,,,,,
5,,,4809,,,,,,,,,,,,,,,,,,,,,,,,,,,,,,,,,,,,0.39996659755706787,,,,,,,,,,,,,,,,,,,,,,,,,,,,,,,,,,,,
5,,,4814,,,,,,,,,,,,,,,,,,,,,,,,,,,,,,,,,,,,0.3860805630683899,,,,,,,,,,,,,,,,,,,,,,,,,,,,,,,,,,,,
5,,,4819,,,,,,,,,,,,,,,,,,,,,,,,,,,,,,,,,,,,0.7114369869232178,,,,,,,,,,,,,,,,,,,,,,,,,,,,,,,,,,,,
5,,,4824,,,,,,,,,,,,,,,,,,,,,,,,,,,,,,,,,,,,0.29159072041511536,,,,,,,,,,,,,,,,,,,,,,,,,,,,,,,,,,,,
5,,,4829,,,,,,,,,,,,,,,,,,,,,,,,,,,,,,,,,,,,0.3645575940608978,,,,,,,,,,,,,,,,,,,,,,,,,,,,,,,,,,,,
5,,,4834,,,,,,,,,,,,,,,,,,,,,,,,,,,,,,,,,,,,0.6435534954071045,,,,,,,,,,,,,,,,,,,,,,,,,,,,,,,,,,,,
5,,,4839,,,,,,,,,,,,,,,,,,,,,,,,,,,,,,,,,,,,0.6412971019744873,,,,,,,,,,,,,,,,,,,,,,,,,,,,,,,,,,,,
5,,,4844,,,,,,,,,,,,,,,,,,,,,,,,,,,,,,,,,,,,0.6490569710731506,,,,,,,,,,,,,,,,,,,,,,,,,,,,,,,,,,,,
5,,,4849,,,,,,,,,,,,,,,,,,,,,,,,,,,,,,,,,,,,0.41823503375053406,,,,,,,,,,,,,,,,,,,,,,,,,,,,,,,,,,,,
5,,,4854,,,,,,,,,,,,,,,,,,,,,,,,,,,,,,,,,,,,0.3646286725997925,,,,,,,,,,,,,,,,,,,,,,,,,,,,,,,,,,,,
5,,,4859,,,,,,,,,,,,,,,,,,,,,,,,,,,,,,,,,,,,0.7433630228042603,,,,,,,,,,,,,,,,,,,,,,,,,,,,,,,,,,,,
5,,,4864,,,,,,,,,,,,,,,,,,,,,,,,,,,,,,,,,,,,0.3681628108024597,,,,,,,,,,,,,,,,,,,,,,,,,,,,,,,,,,,,
5,,,4869,,,,,,,,,,,,,,,,,,,,,,,,,,,,,,,,,,,,0.3405154049396515,,,,,,,,,,,,,,,,,,,,,,,,,,,,,,,,,,,,
5,,,4874,,,,,,,,,,,,,,,,,,,,,,,,,,,,,,,,,,,,0.557981014251709,,,,,,,,,,,,,,,,,,,,,,,,,,,,,,,,,,,,
5,,,4879,,,,,,,,,,,,,,,,,,,,,,,,,,,,,,,,,,,,0.4434972405433655,,,,,,,,,,,,,,,,,,,,,,,,,,,,,,,,,,,,
5,,,4884,,,,,,,,,,,,,,,,,,,,,,,,,,,,,,,,,,,,0.24022004008293152,,,,,,,,,,,,,,,,,,,,,,,,,,,,,,,,,,,,
5,,,4889,,,,,,,,,,,,,,,,,,,,,,,,,,,,,,,,,,,,0.32336074113845825,,,,,,,,,,,,,,,,,,,,,,,,,,,,,,,,,,,,
5,,,4894,,,,,,,,,,,,,,,,,,,,,,,,,,,,,,,,,,,,0.3105701506137848,,,,,,,,,,,,,,,,,,,,,,,,,,,,,,,,,,,,
5,,,4899,,,,,,,,,,,,,,,,,,,,,,,,,,,,,,,,,,,,0.7831175923347473,,,,,,,,,,,,,,,,,,,,,,,,,,,,,,,,,,,,
5,,,4904,,,,,,,,,,,,,,,,,,,,,,,,,,,,,,,,,,,,0.2747299075126648,,,,,,,,,,,,,,,,,,,,,,,,,,,,,,,,,,,,
5,,,4909,,,,,,,,,,,,,,,,,,,,,,,,,,,,,,,,,,,,0.6965556144714355,,,,,,,,,,,,,,,,,,,,,,,,,,,,,,,,,,,,
5,,,4914,,,,,,,,,,,,,,,,,,,,,,,,,,,,,,,,,,,,0.6445907354354858,,,,,,,,,,,,,,,,,,,,,,,,,,,,,,,,,,,,
5,,,4919,,,,,,,,,,,,,,,,,,,,,,,,,,,,,,,,,,,,0.38532745838165283,,,,,,,,,,,,,,,,,,,,,,,,,,,,,,,,,,,,
5,,,4924,,,,,,,,,,,,,,,,,,,,,,,,,,,,,,,,,,,,0.6811975240707397,,,,,,,,,,,,,,,,,,,,,,,,,,,,,,,,,,,,
5,,,4929,,,,,,,,,,,,,,,,,,,,,,,,,,,,,,,,,,,,0.6699296236038208,,,,,,,,,,,,,,,,,,,,,,,,,,,,,,,,,,,,
5,,,4934,,,,,,,,,,,,,,,,,,,,,,,,,,,,,,,,,,,,0.5118564367294312,,,,,,,,,,,,,,,,,,,,,,,,,,,,,,,,,,,,
5,,,4939,,,,,,,,,,,,,,,,,,,,,,,,,,,,,,,,,,,,0.2933656573295593,,,,,,,,,,,,,,,,,,,,,,,,,,,,,,,,,,,,
5,,,4944,,,,,,,,,,,,,,,,,,,,,,,,,,,,,,,,,,,,0.30772075057029724,,,,,,,,,,,,,,,,,,,,,,,,,,,,,,,,,,,,
5,,,4949,,,,,,,,,,,,,,,,,,,,,,,,,,,,,,,,,,,,0.6573259830474854,,,,,,,,,,,,,,,,,,,,,,,,,,,,,,,,,,,,
5,,,4954,,,,,,,,,,,,,,,,,,,,,,,,,,,,,,,,,,,,0.3102073669433594,,,,,,,,,,,,,,,,,,,,,,,,,,,,,,,,,,,,
5,,,4959,,,,,,,,,,,,,,,,,,,,,,,,,,,,,,,,,,,,0.39379119873046875,,,,,,,,,,,,,,,,,,,,,,,,,,,,,,,,,,,,
5,,,4964,,,,,,,,,,,,,,,,,,,,,,,,,,,,,,,,,,,,0.47518739104270935,,,,,,,,,,,,,,,,,,,,,,,,,,,,,,,,,,,,
5,,,4969,,,,,,,,,,,,,,,,,,,,,,,,,,,,,,,,,,,,0.258061021566391,,,,,,,,,,,,,,,,,,,,,,,,,,,,,,,,,,,,
5,,,4974,,,,,,,,,,,,,,,,,,,,,,,,,,,,,,,,,,,,0.3612355887889862,,,,,,,,,,,,,,,,,,,,,,,,,,,,,,,,,,,,
5,,,4979,,,,,,,,,,,,,,,,,,,,,,,,,,,,,,,,,,,,0.34599384665489197,,,,,,,,,,,,,,,,,,,,,,,,,,,,,,,,,,,,
5,,,4984,,,,,,,,,,,,,,,,,,,,,,,,,,,,,,,,,,,,0.45471763610839844,,,,,,,,,,,,,,,,,,,,,,,,,,,,,,,,,,,,
5,,,4989,,,,,,,,,,,,,,,,,,,,,,,,,,,,,,,,,,,,0.47492843866348267,,,,,,,,,,,,,,,,,,,,,,,,,,,,,,,,,,,,
5,,,4994,,,,,,,,,,,,,,,,,,,,,,,,,,,,,,,,,,,,0.6305391192436218,,,,,,,,,,,,,,,,,,,,,,,,,,,,,,,,,,,,
5,,,4999,,,,,,,,,,,,,,,,,,,,,,,,,,,,,,,,,,,,0.24670034646987915,,,,,,,,,,,,,,,,,,,,,,,,,,,,,,,,,,,,
5,,,5004,,,,,,,,,,,,,,,,,,,,,,,,,,,,,,,,,,,,0.5614402890205383,,,,,,,,,,,,,,,,,,,,,,,,,,,,,,,,,,,,
5,,,5009,,,,,,,,,,,,,,,,,,,,,,,,,,,,,,,,,,,,0.630509078502655,,,,,,,,,,,,,,,,,,,,,,,,,,,,,,,,,,,,
5,,,5014,,,,,,,,,,,,,,,,,,,,,,,,,,,,,,,,,,,,0.3293989896774292,,,,,,,,,,,,,,,,,,,,,,,,,,,,,,,,,,,,
5,,,5019,,,,,,,,,,,,,,,,,,,,,,,,,,,,,,,,,,,,0.7010356783866882,,,,,,,,,,,,,,,,,,,,,,,,,,,,,,,,,,,,
5,,,5024,,,,,,,,,,,,,,,,,,,,,,,,,,,,,,,,,,,,0.3461754620075226,,,,,,,,,,,,,,,,,,,,,,,,,,,,,,,,,,,,
5,,,5029,,,,,,,,,,,,,,,,,,,,,,,,,,,,,,,,,,,,0.3690379858016968,,,,,,,,,,,,,,,,,,,,,,,,,,,,,,,,,,,,
5,,,5034,,,,,,,,,,,,,,,,,,,,,,,,,,,,,,,,,,,,0.6579244136810303,,,,,,,,,,,,,,,,,,,,,,,,,,,,,,,,,,,,
5,,,5039,,,,,,,,,,,,,,,,,,,,,,,,,,,,,,,,,,,,0.3115490674972534,,,,,,,,,,,,,,,,,,,,,,,,,,,,,,,,,,,,
5,,,5044,,,,,,,,,,,,,,,,,,,,,,,,,,,,,,,,,,,,0.24902251362800598,,,,,,,,,,,,,,,,,,,,,,,,,,,,,,,,,,,,
5,,,5049,,,,,,,,,,,,,,,,,,,,,,,,,,,,,,,,,,,,0.41596555709838867,,,,,,,,,,,,,,,,,,,,,,,,,,,,,,,,,,,,
5,,,5054,,,,,,,,,,,,,,,,,,,,,,,,,,,,,,,,,,,,0.5983375310897827,,,,,,,,,,,,,,,,,,,,,,,,,,,,,,,,,,,,
5,,,5059,,,,,,,,,,,,,,,,,,,,,,,,,,,,,,,,,,,,0.6530649662017822,,,,,,,,,,,,,,,,,,,,,,,,,,,,,,,,,,,,
5,,,5064,,,,,,,,,,,,,,,,,,,,,,,,,,,,,,,,,,,,0.33952438831329346,,,,,,,,,,,,,,,,,,,,,,,,,,,,,,,,,,,,
5,,,5069,,,,,,,,,,,,,,,,,,,,,,,,,,,,,,,,,,,,0.40239036083221436,,,,,,,,,,,,,,,,,,,,,,,,,,,,,,,,,,,,
5,,,5074,,,,,,,,,,,,,,,,,,,,,,,,,,,,,,,,,,,,0.36232733726501465,,,,,,,,,,,,,,,,,,,,,,,,,,,,,,,,,,,,
5,,,5079,,,,,,,,,,,,,,,,,,,,,,,,,,,,,,,,,,,,0.607749879360199,,,,,,,,,,,,,,,,,,,,,,,,,,,,,,,,,,,,
5,,,5084,,,,,,,,,,,,,,,,,,,,,,,,,,,,,,,,,,,,0.6882108449935913,,,,,,,,,,,,,,,,,,,,,,,,,,,,,,,,,,,,
5,,,5089,,,,,,,,,,,,,,,,,,,,,,,,,,,,,,,,,,,,0.6683535575866699,,,,,,,,,,,,,,,,,,,,,,,,,,,,,,,,,,,,
5,,,5094,,,,,,,,,,,,,,,,,,,,,,,,,,,,,,,,,,,,0.7318388223648071,,,,,,,,,,,,,,,,,,,,,,,,,,,,,,,,,,,,
5,,,5099,,,,,,,,,,,,,,,,,,,,,,,,,,,,,,,,,,,,0.3032989203929901,,,,,,,,,,,,,,,,,,,,,,,,,,,,,,,,,,,,
5,,,5104,,,,,,,,,,,,,,,,,,,,,,,,,,,,,,,,,,,,0.655636191368103,,,,,,,,,,,,,,,,,,,,,,,,,,,,,,,,,,,,
5,,,5109,,,,,,,,,,,,,,,,,,,,,,,,,,,,,,,,,,,,0.6119331121444702,,,,,,,,,,,,,,,,,,,,,,,,,,,,,,,,,,,,
5,,,5114,,,,,,,,,,,,,,,,,,,,,,,,,,,,,,,,,,,,0.4248018264770508,,,,,,,,,,,,,,,,,,,,,,,,,,,,,,,,,,,,
5,,,5119,,,,,,,,,,,,,,,,,,,,,,,,,,,,,,,,,,,,0.5529497861862183,,,,,,,,,,,,,,,,,,,,,,,,,,,,,,,,,,,,
5,,,5124,,,,,,,,,,,,,,,,,,,,,,,,,,,,,,,,,,,,0.6326560378074646,,,,,,,,,,,,,,,,,,,,,,,,,,,,,,,,,,,,
5,,,5129,,,,,,,,,,,,,,,,,,,,,,,,,,,,,,,,,,,,0.472392201423645,,,,,,,,,,,,,,,,,,,,,,,,,,,,,,,,,,,,
5,,,5134,,,,,,,,,,,,,,,,,,,,,,,,,,,,,,,,,,,,0.5451455116271973,,,,,,,,,,,,,,,,,,,,,,,,,,,,,,,,,,,,
5,,,5139,,,,,,,,,,,,,,,,,,,,,,,,,,,,,,,,,,,,0.5192829370498657,,,,,,,,,,,,,,,,,,,,,,,,,,,,,,,,,,,,
5,,,5144,,,,,,,,,,,,,,,,,,,,,,,,,,,,,,,,,,,,0.3269166350364685,,,,,,,,,,,,,,,,,,,,,,,,,,,,,,,,,,,,
5,,,5149,,,,,,,,,,,,,,,,,,,,,,,,,,,,,,,,,,,,0.6681851744651794,,,,,,,,,,,,,,,,,,,,,,,,,,,,,,,,,,,,
5,,,5154,,,,,,,,,,,,,,,,,,,,,,,,,,,,,,,,,,,,0.7051250338554382,,,,,,,,,,,,,,,,,,,,,,,,,,,,,,,,,,,,
5,,,5159,,,,,,,,,,,,,,,,,,,,,,,,,,,,,,,,,,,,0.31034836173057556,,,,,,,,,,,,,,,,,,,,,,,,,,,,,,,,,,,,
5,,,5164,,,,,,,,,,,,,,,,,,,,,,,,,,,,,,,,,,,,0.31373971700668335,,,,,,,,,,,,,,,,,,,,,,,,,,,,,,,,,,,,
5,,,5169,,,,,,,,,,,,,,,,,,,,,,,,,,,,,,,,,,,,0.32947012782096863,,,,,,,,,,,,,,,,,,,,,,,,,,,,,,,,,,,,
5,,,5174,,,,,,,,,,,,,,,,,,,,,,,,,,,,,,,,,,,,0.6006994247436523,,,,,,,,,,,,,,,,,,,,,,,,,,,,,,,,,,,,
5,,,5179,,,,,,,,,,,,,,,,,,,,,,,,,,,,,,,,,,,,0.6037605404853821,,,,,,,,,,,,,,,,,,,,,,,,,,,,,,,,,,,,
5,,,5184,,,,,,,,,,,,,,,,,,,,,,,,,,,,,,,,,,,,0.2851230204105377,,,,,,,,,,,,,,,,,,,,,,,,,,,,,,,,,,,,
5,,,5189,,,,,,,,,,,,,,,,,,,,,,,,,,,,,,,,,,,,0.6199095845222473,,,,,,,,,,,,,,,,,,,,,,,,,,,,,,,,,,,,
5,,,5194,,,,,,,,,,,,,,,,,,,,,,,,,,,,,,,,,,,,0.385741651058197,,,,,,,,,,,,,,,,,,,,,,,,,,,,,,,,,,,,
5,,,5199,,,,,,,,,,,,,,,,,,,,,,,,,,,,,,,,,,,,0.5577006936073303,,,,,,,,,,,,,,,,,,,,,,,,,,,,,,,,,,,,
5,,,5204,,,,,,,,,,,,,,,,,,,,,,,,,,,,,,,,,,,,0.4036855101585388,,,,,,,,,,,,,,,,,,,,,,,,,,,,,,,,,,,,
5,,,5209,,,,,,,,,,,,,,,,,,,,,,,,,,,,,,,,,,,,0.6184846758842468,,,,,,,,,,,,,,,,,,,,,,,,,,,,,,,,,,,,
5,,,5214,,,,,,,,,,,,,,,,,,,,,,,,,,,,,,,,,,,,0.3420120179653168,,,,,,,,,,,,,,,,,,,,,,,,,,,,,,,,,,,,
5,,,5219,,,,,,,,,,,,,,,,,,,,,,,,,,,,,,,,,,,,0.31986695528030396,,,,,,,,,,,,,,,,,,,,,,,,,,,,,,,,,,,,
5,,,5224,,,,,,,,,,,,,,,,,,,,,,,,,,,,,,,,,,,,0.6791608929634094,,,,,,,,,,,,,,,,,,,,,,,,,,,,,,,,,,,,
5,,,5229,,,,,,,,,,,,,,,,,,,,,,,,,,,,,,,,,,,,0.6556399464607239,,,,,,,,,,,,,,,,,,,,,,,,,,,,,,,,,,,,
5,,,5234,,,,,,,,,,,,,,,,,,,,,,,,,,,,,,,,,,,,0.4260001480579376,,,,,,,,,,,,,,,,,,,,,,,,,,,,,,,,,,,,
5,,,5239,,,,,,,,,,,,,,,,,,,,,,,,,,,,,,,,,,,,0.49960166215896606,,,,,,,,,,,,,,,,,,,,,,,,,,,,,,,,,,,,
5,,,5244,,,,,,,,,,,,,,,,,,,,,,,,,,,,,,,,,,,,0.4353882074356079,,,,,,,,,,,,,,,,,,,,,,,,,,,,,,,,,,,,
5,,,5249,,,,,,,,,,,,,,,,,,,,,,,,,,,,,,,,,,,,0.7131567001342773,,,,,,,,,,,,,,,,,,,,,,,,,,,,,,,,,,,,
5,,,5254,,,,,,,,,,,,,,,,,,,,,,,,,,,,,,,,,,,,0.6149994134902954,,,,,,,,,,,,,,,,,,,,,,,,,,,,,,,,,,,,
5,,,5259,,,,,,,,,,,,,,,,,,,,,,,,,,,,,,,,,,,,0.19813792407512665,,,,,,,,,,,,,,,,,,,,,,,,,,,,,,,,,,,,
5,,,5264,,,,,,,,,,,,,,,,,,,,,,,,,,,,,,,,,,,,0.7402339577674866,,,,,,,,,,,,,,,,,,,,,,,,,,,,,,,,,,,,
5,,,5269,,,,,,,,,,,,,,,,,,,,,,,,,,,,,,,,,,,,0.3181682229042053,,,,,,,,,,,,,,,,,,,,,,,,,,,,,,,,,,,,
5,,,5274,,,,,,,,,,,,,,,,,,,,,,,,,,,,,,,,,,,,0.4776756763458252,,,,,,,,,,,,,,,,,,,,,,,,,,,,,,,,,,,,
5,,,5279,,,,,,,,,,,,,,,,,,,,,,,,,,,,,,,,,,,,0.6559371948242188,,,,,,,,,,,,,,,,,,,,,,,,,,,,,,,,,,,,
5,,,5284,,,,,,,,,,,,,,,,,,,,,,,,,,,,,,,,,,,,0.50900799036026,,,,,,,,,,,,,,,,,,,,,,,,,,,,,,,,,,,,
5,,,5289,,,,,,,,,,,,,,,,,,,,,,,,,,,,,,,,,,,,0.2591783404350281,,,,,,,,,,,,,,,,,,,,,,,,,,,,,,,,,,,,
5,,,5294,,,,,,,,,,,,,,,,,,,,,,,,,,,,,,,,,,,,0.33780860900878906,,,,,,,,,,,,,,,,,,,,,,,,,,,,,,,,,,,,
5,,,5299,,,,,,,,,,,,,,,,,,,,,,,,,,,,,,,,,,,,0.4004555940628052,,,,,,,,,,,,,,,,,,,,,,,,,,,,,,,,,,,,
5,,,5304,,,,,,,,,,,,,,,,,,,,,,,,,,,,,,,,,,,,0.6884244084358215,,,,,,,,,,,,,,,,,,,,,,,,,,,,,,,,,,,,
5,,,5309,,,,,,,,,,,,,,,,,,,,,,,,,,,,,,,,,,,,0.5820010304450989,,,,,,,,,,,,,,,,,,,,,,,,,,,,,,,,,,,,
5,,,5314,,,,,,,,,,,,,,,,,,,,,,,,,,,,,,,,,,,,0.2848333716392517,,,,,,,,,,,,,,,,,,,,,,,,,,,,,,,,,,,,
5,,,5319,,,,,,,,,,,,,,,,,,,,,,,,,,,,,,,,,,,,0.2496153712272644,,,,,,,,,,,,,,,,,,,,,,,,,,,,,,,,,,,,
5,,,5324,,,,,,,,,,,,,,,,,,,,,,,,,,,,,,,,,,,,0.43242067098617554,,,,,,,,,,,,,,,,,,,,,,,,,,,,,,,,,,,,
5,,,5329,,,,,,,,,,,,,,,,,,,,,,,,,,,,,,,,,,,,0.6730638742446899,,,,,,,,,,,,,,,,,,,,,,,,,,,,,,,,,,,,
5,,,5334,,,,,,,,,,,,,,,,,,,,,,,,,,,,,,,,,,,,0.528204083442688,,,,,,,,,,,,,,,,,,,,,,,,,,,,,,,,,,,,
5,,,5339,,,,,,,,,,,,,,,,,,,,,,,,,,,,,,,,,,,,0.6446540355682373,,,,,,,,,,,,,,,,,,,,,,,,,,,,,,,,,,,,
5,,,5344,,,,,,,,,,,,,,,,,,,,,,,,,,,,,,,,,,,,0.3093993365764618,,,,,,,,,,,,,,,,,,,,,,,,,,,,,,,,,,,,
5,,,5349,,,,,,,,,,,,,,,,,,,,,,,,,,,,,,,,,,,,0.31431251764297485,,,,,,,,,,,,,,,,,,,,,,,,,,,,,,,,,,,,
5,,,5354,,,,,,,,,,,,,,,,,,,,,,,,,,,,,,,,,,,,0.3453081548213959,,,,,,,,,,,,,,,,,,,,,,,,,,,,,,,,,,,,
5,,,5359,,,,,,,,,,,,,,,,,,,,,,,,,,,,,,,,,,,,0.697055459022522,,,,,,,,,,,,,,,,,,,,,,,,,,,,,,,,,,,,
5,,,5364,,,,,,,,,,,,,,,,,,,,,,,,,,,,,,,,,,,,0.6838350892066956,,,,,,,,,,,,,,,,,,,,,,,,,,,,,,,,,,,,
5,,,5369,,,,,,,,,,,,,,,,,,,,,,,,,,,,,,,,,,,,0.33989250659942627,,,,,,,,,,,,,,,,,,,,,,,,,,,,,,,,,,,,
5,,,5374,,,,,,,,,,,,,,,,,,,,,,,,,,,,,,,,,,,,0.37940099835395813,,,,,,,,,,,,,,,,,,,,,,,,,,,,,,,,,,,,
5,,,5379,,,,,,,,,,,,,,,,,,,,,,,,,,,,,,,,,,,,0.6721934080123901,,,,,,,,,,,,,,,,,,,,,,,,,,,,,,,,,,,,
5,,,5384,,,,,,,,,,,,,,,,,,,,,,,,,,,,,,,,,,,,0.5916146636009216,,,,,,,,,,,,,,,,,,,,,,,,,,,,,,,,,,,,
5,,,5389,,,,,,,,,,,,,,,,,,,,,,,,,,,,,,,,,,,,0.6834062337875366,,,,,,,,,,,,,,,,,,,,,,,,,,,,,,,,,,,,
5,,,5394,,,,,,,,,,,,,,,,,,,,,,,,,,,,,,,,,,,,0.480258047580719,,,,,,,,,,,,,,,,,,,,,,,,,,,,,,,,,,,,
5,,,5399,,,,,,,,,,,,,,,,,,,,,,,,,,,,,,,,,,,,0.28598666191101074,,,,,,,,,,,,,,,,,,,,,,,,,,,,,,,,,,,,
5,,,5404,,,,,,,,,,,,,,,,,,,,,,,,,,,,,,,,,,,,0.3729778826236725,,,,,,,,,,,,,,,,,,,,,,,,,,,,,,,,,,,,
5,,,5409,,,,,,,,,,,,,,,,,,,,,,,,,,,,,,,,,,,,0.33786654472351074,,,,,,,,,,,,,,,,,,,,,,,,,,,,,,,,,,,,
5,,,5414,,,,,,,,,,,,,,,,,,,,,,,,,,,,,,,,,,,,0.6290205717086792,,,,,,,,,,,,,,,,,,,,,,,,,,,,,,,,,,,,
5,,,5419,,,,,,,,,,,,,,,,,,,,,,,,,,,,,,,,,,,,0.32828855514526367,,,,,,,,,,,,,,,,,,,,,,,,,,,,,,,,,,,,
5,,,5424,,,,,,,,,,,,,,,,,,,,,,,,,,,,,,,,,,,,0.6332177519798279,,,,,,,,,,,,,,,,,,,,,,,,,,,,,,,,,,,,
5,,,5429,,,,,,,,,,,,,,,,,,,,,,,,,,,,,,,,,,,,0.35529863834381104,,,,,,,,,,,,,,,,,,,,,,,,,,,,,,,,,,,,
5,,,5434,,,,,,,,,,,,,,,,,,,,,,,,,,,,,,,,,,,,0.6562596559524536,,,,,,,,,,,,,,,,,,,,,,,,,,,,,,,,,,,,
5,,,5439,,,,,,,,,,,,,,,,,,,,,,,,,,,,,,,,,,,,0.38962042331695557,,,,,,,,,,,,,,,,,,,,,,,,,,,,,,,,,,,,
5,,,5444,,,,,,,,,,,,,,,,,,,,,,,,,,,,,,,,,,,,0.4518669545650482,,,,,,,,,,,,,,,,,,,,,,,,,,,,,,,,,,,,
5,,,5449,,,,,,,,,,,,,,,,,,,,,,,,,,,,,,,,,,,,0.24401691555976868,,,,,,,,,,,,,,,,,,,,,,,,,,,,,,,,,,,,
5,,,5454,,,,,,,,,,,,,,,,,,,,,,,,,,,,,,,,,,,,0.5815085172653198,,,,,,,,,,,,,,,,,,,,,,,,,,,,,,,,,,,,
5,,,5459,,,,,,,,,,,,,,,,,,,,,,,,,,,,,,,,,,,,0.6648043990135193,,,,,,,,,,,,,,,,,,,,,,,,,,,,,,,,,,,,
5,,,5464,,,,,,,,,,,,,,,,,,,,,,,,,,,,,,,,,,,,0.3463228940963745,,,,,,,,,,,,,,,,,,,,,,,,,,,,,,,,,,,,
5,,,5469,,,,,,,,,,,,,,,,,,,,,,,,,,,,,,,,,,,,0.4780634641647339,,,,,,,,,,,,,,,,,,,,,,,,,,,,,,,,,,,,
5,,,5474,,,,,,,,,,,,,,,,,,,,,,,,,,,,,,,,,,,,0.49670714139938354,,,,,,,,,,,,,,,,,,,,,,,,,,,,,,,,,,,,
5,,,5479,,,,,,,,,,,,,,,,,,,,,,,,,,,,,,,,,,,,0.7280591726303101,,,,,,,,,,,,,,,,,,,,,,,,,,,,,,,,,,,,
5,,,5484,,,,,,,,,,,,,,,,,,,,,,,,,,,,,,,,,,,,0.291481077671051,,,,,,,,,,,,,,,,,,,,,,,,,,,,,,,,,,,,
5,,,5489,,,,,,,,,,,,,,,,,,,,,,,,,,,,,,,,,,,,0.31563469767570496,,,,,,,,,,,,,,,,,,,,,,,,,,,,,,,,,,,,
5,,,5494,,,,,,,,,,,,,,,,,,,,,,,,,,,,,,,,,,,,0.3912956118583679,,,,,,,,,,,,,,,,,,,,,,,,,,,,,,,,,,,,
5,,,5499,,,,,,,,,,,,,,,,,,,,,,,,,,,,,,,,,,,,0.3182431757450104,,,,,,,,,,,,,,,,,,,,,,,,,,,,,,,,,,,,
5,,,5504,,,,,,,,,,,,,,,,,,,,,,,,,,,,,,,,,,,,0.24846357107162476,,,,,,,,,,,,,,,,,,,,,,,,,,,,,,,,,,,,
5,,,5509,,,,,,,,,,,,,,,,,,,,,,,,,,,,,,,,,,,,0.5775077939033508,,,,,,,,,,,,,,,,,,,,,,,,,,,,,,,,,,,,
5,,,5514,,,,,,,,,,,,,,,,,,,,,,,,,,,,,,,,,,,,0.6066445112228394,,,,,,,,,,,,,,,,,,,,,,,,,,,,,,,,,,,,
5,,,5519,,,,,,,,,,,,,,,,,,,,,,,,,,,,,,,,,,,,0.3840668201446533,,,,,,,,,,,,,,,,,,,,,,,,,,,,,,,,,,,,
5,,,5524,,,,,,,,,,,,,,,,,,,,,,,,,,,,,,,,,,,,0.6197352409362793,,,,,,,,,,,,,,,,,,,,,,,,,,,,,,,,,,,,
5,,,5525,,,,,,,,,,,,,,,,,,,,,,,,,,,,,,,,,,,,,0.7758200764656067,0.7280648946762085,0.6210529208183289,0.7002482414245605,0.7758200764656067,0.0,0.830604076385498,0.8689176440238953,0.9561432003974915,0.447615385055542,0.0,0.8771976828575134,0.822611391544342,0.9009948372840881,0.3114555776119232,0.0,0.7812574505805969,0.6986744403839111,0.819827675819397,0.1844521164894104,0.0,0.9293293356895447,0.7809908390045166,0.851861298084259,0.2388116419315338,0.0,0.830604076385498,0.8689176440238953,0.9561432003974915,0.447615385055542,0.8414716124534607,0.8414716124534607,0.7263280153274536,0.8414716124534607,0.8414716124534607,0.4900118410587311
5,,,5525,0.7309422492980957,0.7118833065032959,0.6025490760803223,0.6957893371582031,0.7309422492980957,0.0,0.8575605750083923,0.823082447052002,0.9262539744377136,0.31687185168266296,0.0,0.8738265633583069,0.8072506785392761,0.8849729299545288,0.28148308396339417,0.0,0.7759253978729248,0.6767982840538025,0.7936784625053406,0.16379420459270477,0.0,0.8907214999198914,0.7920165061950684,0.8472145199775696,0.2532047927379608,0.0,0.8575605750083923,0.823082447052002,0.9262539744377136,0.31687185168266296,0.8366298079490662,0.8366298675537109,0.719143271446228,0.8366298079490662,0.8366298079490662,,,,,,,,,,,,,,,,,,,,,,,,,,,,,,,,,,,,,
,1e-05,0.0001,5526,,,,,,,,,,,,,,,,,,,,,,,,,,,,,,,,,,,,,,,,,,,,,,,,,,,,,,,,,,,,,,,,,,,,,,,,
6,,,5529,,,,,,,,,,,,,,,,,,,,,,,,,,,,,,,,,,,,0.5058224201202393,,,,,,,,,,,,,,,,,,,,,,,,,,,,,,,,,,,,
6,,,5534,,,,,,,,,,,,,,,,,,,,,,,,,,,,,,,,,,,,0.44644099473953247,,,,,,,,,,,,,,,,,,,,,,,,,,,,,,,,,,,,
6,,,5539,,,,,,,,,,,,,,,,,,,,,,,,,,,,,,,,,,,,0.6783096790313721,,,,,,,,,,,,,,,,,,,,,,,,,,,,,,,,,,,,
6,,,5544,,,,,,,,,,,,,,,,,,,,,,,,,,,,,,,,,,,,0.5575689077377319,,,,,,,,,,,,,,,,,,,,,,,,,,,,,,,,,,,,
6,,,5549,,,,,,,,,,,,,,,,,,,,,,,,,,,,,,,,,,,,0.4142614006996155,,,,,,,,,,,,,,,,,,,,,,,,,,,,,,,,,,,,
6,,,5554,,,,,,,,,,,,,,,,,,,,,,,,,,,,,,,,,,,,0.42868560552597046,,,,,,,,,,,,,,,,,,,,,,,,,,,,,,,,,,,,
6,,,5559,,,,,,,,,,,,,,,,,,,,,,,,,,,,,,,,,,,,0.40851128101348877,,,,,,,,,,,,,,,,,,,,,,,,,,,,,,,,,,,,
6,,,5564,,,,,,,,,,,,,,,,,,,,,,,,,,,,,,,,,,,,0.643582284450531,,,,,,,,,,,,,,,,,,,,,,,,,,,,,,,,,,,,
6,,,5569,,,,,,,,,,,,,,,,,,,,,,,,,,,,,,,,,,,,0.3477706015110016,,,,,,,,,,,,,,,,,,,,,,,,,,,,,,,,,,,,
6,,,5574,,,,,,,,,,,,,,,,,,,,,,,,,,,,,,,,,,,,0.2962859869003296,,,,,,,,,,,,,,,,,,,,,,,,,,,,,,,,,,,,
6,,,5579,,,,,,,,,,,,,,,,,,,,,,,,,,,,,,,,,,,,0.689590334892273,,,,,,,,,,,,,,,,,,,,,,,,,,,,,,,,,,,,
6,,,5584,,,,,,,,,,,,,,,,,,,,,,,,,,,,,,,,,,,,0.4831193685531616,,,,,,,,,,,,,,,,,,,,,,,,,,,,,,,,,,,,
6,,,5589,,,,,,,,,,,,,,,,,,,,,,,,,,,,,,,,,,,,0.4633601903915405,,,,,,,,,,,,,,,,,,,,,,,,,,,,,,,,,,,,
6,,,5594,,,,,,,,,,,,,,,,,,,,,,,,,,,,,,,,,,,,0.2874199151992798,,,,,,,,,,,,,,,,,,,,,,,,,,,,,,,,,,,,
6,,,5599,,,,,,,,,,,,,,,,,,,,,,,,,,,,,,,,,,,,0.40045350790023804,,,,,,,,,,,,,,,,,,,,,,,,,,,,,,,,,,,,
6,,,5604,,,,,,,,,,,,,,,,,,,,,,,,,,,,,,,,,,,,0.6862356066703796,,,,,,,,,,,,,,,,,,,,,,,,,,,,,,,,,,,,
6,,,5609,,,,,,,,,,,,,,,,,,,,,,,,,,,,,,,,,,,,0.6334485411643982,,,,,,,,,,,,,,,,,,,,,,,,,,,,,,,,,,,,
6,,,5614,,,,,,,,,,,,,,,,,,,,,,,,,,,,,,,,,,,,0.6775147318840027,,,,,,,,,,,,,,,,,,,,,,,,,,,,,,,,,,,,
6,,,5619,,,,,,,,,,,,,,,,,,,,,,,,,,,,,,,,,,,,0.7501074075698853,,,,,,,,,,,,,,,,,,,,,,,,,,,,,,,,,,,,
6,,,5624,,,,,,,,,,,,,,,,,,,,,,,,,,,,,,,,,,,,0.38504841923713684,,,,,,,,,,,,,,,,,,,,,,,,,,,,,,,,,,,,
6,,,5629,,,,,,,,,,,,,,,,,,,,,,,,,,,,,,,,,,,,0.6255396604537964,,,,,,,,,,,,,,,,,,,,,,,,,,,,,,,,,,,,
6,,,5634,,,,,,,,,,,,,,,,,,,,,,,,,,,,,,,,,,,,0.6381245851516724,,,,,,,,,,,,,,,,,,,,,,,,,,,,,,,,,,,,
6,,,5639,,,,,,,,,,,,,,,,,,,,,,,,,,,,,,,,,,,,0.26662710309028625,,,,,,,,,,,,,,,,,,,,,,,,,,,,,,,,,,,,
6,,,5644,,,,,,,,,,,,,,,,,,,,,,,,,,,,,,,,,,,,0.6360063552856445,,,,,,,,,,,,,,,,,,,,,,,,,,,,,,,,,,,,
6,,,5649,,,,,,,,,,,,,,,,,,,,,,,,,,,,,,,,,,,,0.6332200765609741,,,,,,,,,,,,,,,,,,,,,,,,,,,,,,,,,,,,
6,,,5654,,,,,,,,,,,,,,,,,,,,,,,,,,,,,,,,,,,,0.3594149053096771,,,,,,,,,,,,,,,,,,,,,,,,,,,,,,,,,,,,
6,,,5659,,,,,,,,,,,,,,,,,,,,,,,,,,,,,,,,,,,,0.6141601204872131,,,,,,,,,,,,,,,,,,,,,,,,,,,,,,,,,,,,
6,,,5664,,,,,,,,,,,,,,,,,,,,,,,,,,,,,,,,,,,,0.7646679282188416,,,,,,,,,,,,,,,,,,,,,,,,,,,,,,,,,,,,
6,,,5669,,,,,,,,,,,,,,,,,,,,,,,,,,,,,,,,,,,,0.26416224241256714,,,,,,,,,,,,,,,,,,,,,,,,,,,,,,,,,,,,
6,,,5674,,,,,,,,,,,,,,,,,,,,,,,,,,,,,,,,,,,,0.6201531887054443,,,,,,,,,,,,,,,,,,,,,,,,,,,,,,,,,,,,
6,,,5679,,,,,,,,,,,,,,,,,,,,,,,,,,,,,,,,,,,,0.38644129037857056,,,,,,,,,,,,,,,,,,,,,,,,,,,,,,,,,,,,
6,,,5684,,,,,,,,,,,,,,,,,,,,,,,,,,,,,,,,,,,,0.4168274402618408,,,,,,,,,,,,,,,,,,,,,,,,,,,,,,,,,,,,
6,,,5689,,,,,,,,,,,,,,,,,,,,,,,,,,,,,,,,,,,,0.6130585670471191,,,,,,,,,,,,,,,,,,,,,,,,,,,,,,,,,,,,
6,,,5694,,,,,,,,,,,,,,,,,,,,,,,,,,,,,,,,,,,,0.2940421998500824,,,,,,,,,,,,,,,,,,,,,,,,,,,,,,,,,,,,
6,,,5699,,,,,,,,,,,,,,,,,,,,,,,,,,,,,,,,,,,,0.4579301178455353,,,,,,,,,,,,,,,,,,,,,,,,,,,,,,,,,,,,
6,,,5704,,,,,,,,,,,,,,,,,,,,,,,,,,,,,,,,,,,,0.28752267360687256,,,,,,,,,,,,,,,,,,,,,,,,,,,,,,,,,,,,
6,,,5709,,,,,,,,,,,,,,,,,,,,,,,,,,,,,,,,,,,,0.38572949171066284,,,,,,,,,,,,,,,,,,,,,,,,,,,,,,,,,,,,
6,,,5714,,,,,,,,,,,,,,,,,,,,,,,,,,,,,,,,,,,,0.31411200761795044,,,,,,,,,,,,,,,,,,,,,,,,,,,,,,,,,,,,
6,,,5719,,,,,,,,,,,,,,,,,,,,,,,,,,,,,,,,,,,,0.681439220905304,,,,,,,,,,,,,,,,,,,,,,,,,,,,,,,,,,,,
6,,,5724,,,,,,,,,,,,,,,,,,,,,,,,,,,,,,,,,,,,0.5229008197784424,,,,,,,,,,,,,,,,,,,,,,,,,,,,,,,,,,,,
6,,,5729,,,,,,,,,,,,,,,,,,,,,,,,,,,,,,,,,,,,0.4096328616142273,,,,,,,,,,,,,,,,,,,,,,,,,,,,,,,,,,,,
6,,,5734,,,,,,,,,,,,,,,,,,,,,,,,,,,,,,,,,,,,0.3454305827617645,,,,,,,,,,,,,,,,,,,,,,,,,,,,,,,,,,,,
6,,,5739,,,,,,,,,,,,,,,,,,,,,,,,,,,,,,,,,,,,0.6871717572212219,,,,,,,,,,,,,,,,,,,,,,,,,,,,,,,,,,,,
6,,,5744,,,,,,,,,,,,,,,,,,,,,,,,,,,,,,,,,,,,0.5851806998252869,,,,,,,,,,,,,,,,,,,,,,,,,,,,,,,,,,,,
6,,,5749,,,,,,,,,,,,,,,,,,,,,,,,,,,,,,,,,,,,0.614916980266571,,,,,,,,,,,,,,,,,,,,,,,,,,,,,,,,,,,,
6,,,5754,,,,,,,,,,,,,,,,,,,,,,,,,,,,,,,,,,,,0.3024258613586426,,,,,,,,,,,,,,,,,,,,,,,,,,,,,,,,,,,,
6,,,5759,,,,,,,,,,,,,,,,,,,,,,,,,,,,,,,,,,,,0.3513718843460083,,,,,,,,,,,,,,,,,,,,,,,,,,,,,,,,,,,,
6,,,5764,,,,,,,,,,,,,,,,,,,,,,,,,,,,,,,,,,,,0.3500307500362396,,,,,,,,,,,,,,,,,,,,,,,,,,,,,,,,,,,,
6,,,5769,,,,,,,,,,,,,,,,,,,,,,,,,,,,,,,,,,,,0.2801997661590576,,,,,,,,,,,,,,,,,,,,,,,,,,,,,,,,,,,,
6,,,5774,,,,,,,,,,,,,,,,,,,,,,,,,,,,,,,,,,,,0.34618815779685974,,,,,,,,,,,,,,,,,,,,,,,,,,,,,,,,,,,,
6,,,5779,,,,,,,,,,,,,,,,,,,,,,,,,,,,,,,,,,,,0.35986775159835815,,,,,,,,,,,,,,,,,,,,,,,,,,,,,,,,,,,,
6,,,5784,,,,,,,,,,,,,,,,,,,,,,,,,,,,,,,,,,,,0.37478315830230713,,,,,,,,,,,,,,,,,,,,,,,,,,,,,,,,,,,,
6,,,5789,,,,,,,,,,,,,,,,,,,,,,,,,,,,,,,,,,,,0.33153799176216125,,,,,,,,,,,,,,,,,,,,,,,,,,,,,,,,,,,,
6,,,5794,,,,,,,,,,,,,,,,,,,,,,,,,,,,,,,,,,,,0.6493356227874756,,,,,,,,,,,,,,,,,,,,,,,,,,,,,,,,,,,,
6,,,5799,,,,,,,,,,,,,,,,,,,,,,,,,,,,,,,,,,,,0.5378904342651367,,,,,,,,,,,,,,,,,,,,,,,,,,,,,,,,,,,,
6,,,5804,,,,,,,,,,,,,,,,,,,,,,,,,,,,,,,,,,,,0.3261426091194153,,,,,,,,,,,,,,,,,,,,,,,,,,,,,,,,,,,,
6,,,5809,,,,,,,,,,,,,,,,,,,,,,,,,,,,,,,,,,,,0.26826900243759155,,,,,,,,,,,,,,,,,,,,,,,,,,,,,,,,,,,,
6,,,5814,,,,,,,,,,,,,,,,,,,,,,,,,,,,,,,,,,,,0.43614667654037476,,,,,,,,,,,,,,,,,,,,,,,,,,,,,,,,,,,,
6,,,5819,,,,,,,,,,,,,,,,,,,,,,,,,,,,,,,,,,,,0.27670156955718994,,,,,,,,,,,,,,,,,,,,,,,,,,,,,,,,,,,,
6,,,5824,,,,,,,,,,,,,,,,,,,,,,,,,,,,,,,,,,,,0.6867706179618835,,,,,,,,,,,,,,,,,,,,,,,,,,,,,,,,,,,,
6,,,5829,,,,,,,,,,,,,,,,,,,,,,,,,,,,,,,,,,,,0.2598111629486084,,,,,,,,,,,,,,,,,,,,,,,,,,,,,,,,,,,,
6,,,5834,,,,,,,,,,,,,,,,,,,,,,,,,,,,,,,,,,,,0.45053938031196594,,,,,,,,,,,,,,,,,,,,,,,,,,,,,,,,,,,,
6,,,5839,,,,,,,,,,,,,,,,,,,,,,,,,,,,,,,,,,,,0.4330824017524719,,,,,,,,,,,,,,,,,,,,,,,,,,,,,,,,,,,,
6,,,5844,,,,,,,,,,,,,,,,,,,,,,,,,,,,,,,,,,,,0.43863803148269653,,,,,,,,,,,,,,,,,,,,,,,,,,,,,,,,,,,,
6,,,5849,,,,,,,,,,,,,,,,,,,,,,,,,,,,,,,,,,,,0.6384451389312744,,,,,,,,,,,,,,,,,,,,,,,,,,,,,,,,,,,,
6,,,5854,,,,,,,,,,,,,,,,,,,,,,,,,,,,,,,,,,,,0.24233216047286987,,,,,,,,,,,,,,,,,,,,,,,,,,,,,,,,,,,,
6,,,5859,,,,,,,,,,,,,,,,,,,,,,,,,,,,,,,,,,,,0.6884596347808838,,,,,,,,,,,,,,,,,,,,,,,,,,,,,,,,,,,,
6,,,5864,,,,,,,,,,,,,,,,,,,,,,,,,,,,,,,,,,,,0.27280741930007935,,,,,,,,,,,,,,,,,,,,,,,,,,,,,,,,,,,,
6,,,5869,,,,,,,,,,,,,,,,,,,,,,,,,,,,,,,,,,,,0.37662196159362793,,,,,,,,,,,,,,,,,,,,,,,,,,,,,,,,,,,,
6,,,5874,,,,,,,,,,,,,,,,,,,,,,,,,,,,,,,,,,,,0.2915566563606262,,,,,,,,,,,,,,,,,,,,,,,,,,,,,,,,,,,,
6,,,5879,,,,,,,,,,,,,,,,,,,,,,,,,,,,,,,,,,,,0.6804326772689819,,,,,,,,,,,,,,,,,,,,,,,,,,,,,,,,,,,,
6,,,5884,,,,,,,,,,,,,,,,,,,,,,,,,,,,,,,,,,,,0.38345056772232056,,,,,,,,,,,,,,,,,,,,,,,,,,,,,,,,,,,,
6,,,5889,,,,,,,,,,,,,,,,,,,,,,,,,,,,,,,,,,,,0.6286731958389282,,,,,,,,,,,,,,,,,,,,,,,,,,,,,,,,,,,,
6,,,5894,,,,,,,,,,,,,,,,,,,,,,,,,,,,,,,,,,,,0.6564057469367981,,,,,,,,,,,,,,,,,,,,,,,,,,,,,,,,,,,,
6,,,5899,,,,,,,,,,,,,,,,,,,,,,,,,,,,,,,,,,,,0.2846370041370392,,,,,,,,,,,,,,,,,,,,,,,,,,,,,,,,,,,,
6,,,5904,,,,,,,,,,,,,,,,,,,,,,,,,,,,,,,,,,,,0.6581713557243347,,,,,,,,,,,,,,,,,,,,,,,,,,,,,,,,,,,,
6,,,5909,,,,,,,,,,,,,,,,,,,,,,,,,,,,,,,,,,,,0.6638871431350708,,,,,,,,,,,,,,,,,,,,,,,,,,,,,,,,,,,,
6,,,5914,,,,,,,,,,,,,,,,,,,,,,,,,,,,,,,,,,,,0.41997918486595154,,,,,,,,,,,,,,,,,,,,,,,,,,,,,,,,,,,,
6,,,5919,,,,,,,,,,,,,,,,,,,,,,,,,,,,,,,,,,,,0.289201557636261,,,,,,,,,,,,,,,,,,,,,,,,,,,,,,,,,,,,
6,,,5924,,,,,,,,,,,,,,,,,,,,,,,,,,,,,,,,,,,,0.4650214910507202,,,,,,,,,,,,,,,,,,,,,,,,,,,,,,,,,,,,
6,,,5929,,,,,,,,,,,,,,,,,,,,,,,,,,,,,,,,,,,,0.2913288474082947,,,,,,,,,,,,,,,,,,,,,,,,,,,,,,,,,,,,
6,,,5934,,,,,,,,,,,,,,,,,,,,,,,,,,,,,,,,,,,,0.30374589562416077,,,,,,,,,,,,,,,,,,,,,,,,,,,,,,,,,,,,
6,,,5939,,,,,,,,,,,,,,,,,,,,,,,,,,,,,,,,,,,,0.2851657569408417,,,,,,,,,,,,,,,,,,,,,,,,,,,,,,,,,,,,
6,,,5944,,,,,,,,,,,,,,,,,,,,,,,,,,,,,,,,,,,,0.34137821197509766,,,,,,,,,,,,,,,,,,,,,,,,,,,,,,,,,,,,
6,,,5949,,,,,,,,,,,,,,,,,,,,,,,,,,,,,,,,,,,,0.3178929388523102,,,,,,,,,,,,,,,,,,,,,,,,,,,,,,,,,,,,
6,,,5954,,,,,,,,,,,,,,,,,,,,,,,,,,,,,,,,,,,,0.3692556917667389,,,,,,,,,,,,,,,,,,,,,,,,,,,,,,,,,,,,
6,,,5959,,,,,,,,,,,,,,,,,,,,,,,,,,,,,,,,,,,,0.6560704112052917,,,,,,,,,,,,,,,,,,,,,,,,,,,,,,,,,,,,
6,,,5964,,,,,,,,,,,,,,,,,,,,,,,,,,,,,,,,,,,,0.6025417447090149,,,,,,,,,,,,,,,,,,,,,,,,,,,,,,,,,,,,
6,,,5969,,,,,,,,,,,,,,,,,,,,,,,,,,,,,,,,,,,,0.34145256876945496,,,,,,,,,,,,,,,,,,,,,,,,,,,,,,,,,,,,
6,,,5974,,,,,,,,,,,,,,,,,,,,,,,,,,,,,,,,,,,,0.4645957946777344,,,,,,,,,,,,,,,,,,,,,,,,,,,,,,,,,,,,
6,,,5979,,,,,,,,,,,,,,,,,,,,,,,,,,,,,,,,,,,,0.4653378129005432,,,,,,,,,,,,,,,,,,,,,,,,,,,,,,,,,,,,
6,,,5984,,,,,,,,,,,,,,,,,,,,,,,,,,,,,,,,,,,,0.6961315870285034,,,,,,,,,,,,,,,,,,,,,,,,,,,,,,,,,,,,
6,,,5989,,,,,,,,,,,,,,,,,,,,,,,,,,,,,,,,,,,,0.6632627248764038,,,,,,,,,,,,,,,,,,,,,,,,,,,,,,,,,,,,
6,,,5994,,,,,,,,,,,,,,,,,,,,,,,,,,,,,,,,,,,,0.6656001806259155,,,,,,,,,,,,,,,,,,,,,,,,,,,,,,,,,,,,
6,,,5999,,,,,,,,,,,,,,,,,,,,,,,,,,,,,,,,,,,,0.6345136761665344,,,,,,,,,,,,,,,,,,,,,,,,,,,,,,,,,,,,
6,,,6004,,,,,,,,,,,,,,,,,,,,,,,,,,,,,,,,,,,,0.662831723690033,,,,,,,,,,,,,,,,,,,,,,,,,,,,,,,,,,,,
6,,,6009,,,,,,,,,,,,,,,,,,,,,,,,,,,,,,,,,,,,0.3136672377586365,,,,,,,,,,,,,,,,,,,,,,,,,,,,,,,,,,,,
6,,,6014,,,,,,,,,,,,,,,,,,,,,,,,,,,,,,,,,,,,0.26856911182403564,,,,,,,,,,,,,,,,,,,,,,,,,,,,,,,,,,,,
6,,,6019,,,,,,,,,,,,,,,,,,,,,,,,,,,,,,,,,,,,0.3073541820049286,,,,,,,,,,,,,,,,,,,,,,,,,,,,,,,,,,,,
6,,,6024,,,,,,,,,,,,,,,,,,,,,,,,,,,,,,,,,,,,0.6646010279655457,,,,,,,,,,,,,,,,,,,,,,,,,,,,,,,,,,,,
6,,,6029,,,,,,,,,,,,,,,,,,,,,,,,,,,,,,,,,,,,0.6787771582603455,,,,,,,,,,,,,,,,,,,,,,,,,,,,,,,,,,,,
6,,,6034,,,,,,,,,,,,,,,,,,,,,,,,,,,,,,,,,,,,0.40357279777526855,,,,,,,,,,,,,,,,,,,,,,,,,,,,,,,,,,,,
6,,,6039,,,,,,,,,,,,,,,,,,,,,,,,,,,,,,,,,,,,0.6283046007156372,,,,,,,,,,,,,,,,,,,,,,,,,,,,,,,,,,,,
6,,,6044,,,,,,,,,,,,,,,,,,,,,,,,,,,,,,,,,,,,0.560172438621521,,,,,,,,,,,,,,,,,,,,,,,,,,,,,,,,,,,,
6,,,6049,,,,,,,,,,,,,,,,,,,,,,,,,,,,,,,,,,,,0.19834762811660767,,,,,,,,,,,,,,,,,,,,,,,,,,,,,,,,,,,,
6,,,6054,,,,,,,,,,,,,,,,,,,,,,,,,,,,,,,,,,,,0.32878002524375916,,,,,,,,,,,,,,,,,,,,,,,,,,,,,,,,,,,,
6,,,6059,,,,,,,,,,,,,,,,,,,,,,,,,,,,,,,,,,,,0.7242392897605896,,,,,,,,,,,,,,,,,,,,,,,,,,,,,,,,,,,,
6,,,6064,,,,,,,,,,,,,,,,,,,,,,,,,,,,,,,,,,,,0.2956730127334595,,,,,,,,,,,,,,,,,,,,,,,,,,,,,,,,,,,,
6,,,6069,,,,,,,,,,,,,,,,,,,,,,,,,,,,,,,,,,,,0.6547701954841614,,,,,,,,,,,,,,,,,,,,,,,,,,,,,,,,,,,,
6,,,6074,,,,,,,,,,,,,,,,,,,,,,,,,,,,,,,,,,,,0.3252498507499695,,,,,,,,,,,,,,,,,,,,,,,,,,,,,,,,,,,,
6,,,6079,,,,,,,,,,,,,,,,,,,,,,,,,,,,,,,,,,,,0.6591255068778992,,,,,,,,,,,,,,,,,,,,,,,,,,,,,,,,,,,,
6,,,6084,,,,,,,,,,,,,,,,,,,,,,,,,,,,,,,,,,,,0.39830341935157776,,,,,,,,,,,,,,,,,,,,,,,,,,,,,,,,,,,,
6,,,6089,,,,,,,,,,,,,,,,,,,,,,,,,,,,,,,,,,,,0.6517757177352905,,,,,,,,,,,,,,,,,,,,,,,,,,,,,,,,,,,,
6,,,6094,,,,,,,,,,,,,,,,,,,,,,,,,,,,,,,,,,,,0.6868408918380737,,,,,,,,,,,,,,,,,,,,,,,,,,,,,,,,,,,,
6,,,6099,,,,,,,,,,,,,,,,,,,,,,,,,,,,,,,,,,,,0.32871899008750916,,,,,,,,,,,,,,,,,,,,,,,,,,,,,,,,,,,,
6,,,6104,,,,,,,,,,,,,,,,,,,,,,,,,,,,,,,,,,,,0.39027947187423706,,,,,,,,,,,,,,,,,,,,,,,,,,,,,,,,,,,,
6,,,6109,,,,,,,,,,,,,,,,,,,,,,,,,,,,,,,,,,,,0.6607689261436462,,,,,,,,,,,,,,,,,,,,,,,,,,,,,,,,,,,,
6,,,6114,,,,,,,,,,,,,,,,,,,,,,,,,,,,,,,,,,,,0.2556311786174774,,,,,,,,,,,,,,,,,,,,,,,,,,,,,,,,,,,,
6,,,6119,,,,,,,,,,,,,,,,,,,,,,,,,,,,,,,,,,,,0.3956798315048218,,,,,,,,,,,,,,,,,,,,,,,,,,,,,,,,,,,,
6,,,6124,,,,,,,,,,,,,,,,,,,,,,,,,,,,,,,,,,,,0.3239096403121948,,,,,,,,,,,,,,,,,,,,,,,,,,,,,,,,,,,,
6,,,6129,,,,,,,,,,,,,,,,,,,,,,,,,,,,,,,,,,,,0.6318902969360352,,,,,,,,,,,,,,,,,,,,,,,,,,,,,,,,,,,,
6,,,6134,,,,,,,,,,,,,,,,,,,,,,,,,,,,,,,,,,,,0.35302379727363586,,,,,,,,,,,,,,,,,,,,,,,,,,,,,,,,,,,,
6,,,6139,,,,,,,,,,,,,,,,,,,,,,,,,,,,,,,,,,,,0.3274519145488739,,,,,,,,,,,,,,,,,,,,,,,,,,,,,,,,,,,,
6,,,6144,,,,,,,,,,,,,,,,,,,,,,,,,,,,,,,,,,,,0.612091064453125,,,,,,,,,,,,,,,,,,,,,,,,,,,,,,,,,,,,
6,,,6149,,,,,,,,,,,,,,,,,,,,,,,,,,,,,,,,,,,,0.6954229474067688,,,,,,,,,,,,,,,,,,,,,,,,,,,,,,,,,,,,
6,,,6154,,,,,,,,,,,,,,,,,,,,,,,,,,,,,,,,,,,,0.46566468477249146,,,,,,,,,,,,,,,,,,,,,,,,,,,,,,,,,,,,
6,,,6159,,,,,,,,,,,,,,,,,,,,,,,,,,,,,,,,,,,,0.6414363384246826,,,,,,,,,,,,,,,,,,,,,,,,,,,,,,,,,,,,
6,,,6164,,,,,,,,,,,,,,,,,,,,,,,,,,,,,,,,,,,,0.3978334665298462,,,,,,,,,,,,,,,,,,,,,,,,,,,,,,,,,,,,
6,,,6169,,,,,,,,,,,,,,,,,,,,,,,,,,,,,,,,,,,,0.22364041209220886,,,,,,,,,,,,,,,,,,,,,,,,,,,,,,,,,,,,
6,,,6174,,,,,,,,,,,,,,,,,,,,,,,,,,,,,,,,,,,,0.5228687524795532,,,,,,,,,,,,,,,,,,,,,,,,,,,,,,,,,,,,
6,,,6179,,,,,,,,,,,,,,,,,,,,,,,,,,,,,,,,,,,,0.42181283235549927,,,,,,,,,,,,,,,,,,,,,,,,,,,,,,,,,,,,
6,,,6184,,,,,,,,,,,,,,,,,,,,,,,,,,,,,,,,,,,,0.6598050594329834,,,,,,,,,,,,,,,,,,,,,,,,,,,,,,,,,,,,
6,,,6189,,,,,,,,,,,,,,,,,,,,,,,,,,,,,,,,,,,,0.6120361685752869,,,,,,,,,,,,,,,,,,,,,,,,,,,,,,,,,,,,
6,,,6194,,,,,,,,,,,,,,,,,,,,,,,,,,,,,,,,,,,,0.6265122294425964,,,,,,,,,,,,,,,,,,,,,,,,,,,,,,,,,,,,
6,,,6199,,,,,,,,,,,,,,,,,,,,,,,,,,,,,,,,,,,,0.295465350151062,,,,,,,,,,,,,,,,,,,,,,,,,,,,,,,,,,,,
6,,,6204,,,,,,,,,,,,,,,,,,,,,,,,,,,,,,,,,,,,0.2700249254703522,,,,,,,,,,,,,,,,,,,,,,,,,,,,,,,,,,,,
6,,,6209,,,,,,,,,,,,,,,,,,,,,,,,,,,,,,,,,,,,0.6273425817489624,,,,,,,,,,,,,,,,,,,,,,,,,,,,,,,,,,,,
6,,,6214,,,,,,,,,,,,,,,,,,,,,,,,,,,,,,,,,,,,0.35521891713142395,,,,,,,,,,,,,,,,,,,,,,,,,,,,,,,,,,,,
6,,,6219,,,,,,,,,,,,,,,,,,,,,,,,,,,,,,,,,,,,0.28042128682136536,,,,,,,,,,,,,,,,,,,,,,,,,,,,,,,,,,,,
6,,,6224,,,,,,,,,,,,,,,,,,,,,,,,,,,,,,,,,,,,0.38497212529182434,,,,,,,,,,,,,,,,,,,,,,,,,,,,,,,,,,,,
6,,,6229,,,,,,,,,,,,,,,,,,,,,,,,,,,,,,,,,,,,0.38427653908729553,,,,,,,,,,,,,,,,,,,,,,,,,,,,,,,,,,,,
6,,,6234,,,,,,,,,,,,,,,,,,,,,,,,,,,,,,,,,,,,0.3778587579727173,,,,,,,,,,,,,,,,,,,,,,,,,,,,,,,,,,,,
6,,,6239,,,,,,,,,,,,,,,,,,,,,,,,,,,,,,,,,,,,0.3213544189929962,,,,,,,,,,,,,,,,,,,,,,,,,,,,,,,,,,,,
6,,,6244,,,,,,,,,,,,,,,,,,,,,,,,,,,,,,,,,,,,0.6328839659690857,,,,,,,,,,,,,,,,,,,,,,,,,,,,,,,,,,,,
6,,,6249,,,,,,,,,,,,,,,,,,,,,,,,,,,,,,,,,,,,0.3024995028972626,,,,,,,,,,,,,,,,,,,,,,,,,,,,,,,,,,,,
6,,,6254,,,,,,,,,,,,,,,,,,,,,,,,,,,,,,,,,,,,0.4298390746116638,,,,,,,,,,,,,,,,,,,,,,,,,,,,,,,,,,,,
6,,,6259,,,,,,,,,,,,,,,,,,,,,,,,,,,,,,,,,,,,0.19635725021362305,,,,,,,,,,,,,,,,,,,,,,,,,,,,,,,,,,,,
6,,,6264,,,,,,,,,,,,,,,,,,,,,,,,,,,,,,,,,,,,0.3313587009906769,,,,,,,,,,,,,,,,,,,,,,,,,,,,,,,,,,,,
6,,,6269,,,,,,,,,,,,,,,,,,,,,,,,,,,,,,,,,,,,0.6870591044425964,,,,,,,,,,,,,,,,,,,,,,,,,,,,,,,,,,,,
6,,,6274,,,,,,,,,,,,,,,,,,,,,,,,,,,,,,,,,,,,0.24049872159957886,,,,,,,,,,,,,,,,,,,,,,,,,,,,,,,,,,,,
6,,,6279,,,,,,,,,,,,,,,,,,,,,,,,,,,,,,,,,,,,0.568330705165863,,,,,,,,,,,,,,,,,,,,,,,,,,,,,,,,,,,,
6,,,6284,,,,,,,,,,,,,,,,,,,,,,,,,,,,,,,,,,,,0.27732494473457336,,,,,,,,,,,,,,,,,,,,,,,,,,,,,,,,,,,,
6,,,6289,,,,,,,,,,,,,,,,,,,,,,,,,,,,,,,,,,,,0.7293603420257568,,,,,,,,,,,,,,,,,,,,,,,,,,,,,,,,,,,,
6,,,6294,,,,,,,,,,,,,,,,,,,,,,,,,,,,,,,,,,,,0.731326162815094,,,,,,,,,,,,,,,,,,,,,,,,,,,,,,,,,,,,
6,,,6299,,,,,,,,,,,,,,,,,,,,,,,,,,,,,,,,,,,,0.6532136797904968,,,,,,,,,,,,,,,,,,,,,,,,,,,,,,,,,,,,
6,,,6304,,,,,,,,,,,,,,,,,,,,,,,,,,,,,,,,,,,,0.38546496629714966,,,,,,,,,,,,,,,,,,,,,,,,,,,,,,,,,,,,
6,,,6309,,,,,,,,,,,,,,,,,,,,,,,,,,,,,,,,,,,,0.3188319206237793,,,,,,,,,,,,,,,,,,,,,,,,,,,,,,,,,,,,
6,,,6314,,,,,,,,,,,,,,,,,,,,,,,,,,,,,,,,,,,,0.2829824686050415,,,,,,,,,,,,,,,,,,,,,,,,,,,,,,,,,,,,
6,,,6319,,,,,,,,,,,,,,,,,,,,,,,,,,,,,,,,,,,,0.7545108795166016,,,,,,,,,,,,,,,,,,,,,,,,,,,,,,,,,,,,
6,,,6324,,,,,,,,,,,,,,,,,,,,,,,,,,,,,,,,,,,,0.6272631287574768,,,,,,,,,,,,,,,,,,,,,,,,,,,,,,,,,,,,
6,,,6329,,,,,,,,,,,,,,,,,,,,,,,,,,,,,,,,,,,,0.36111897230148315,,,,,,,,,,,,,,,,,,,,,,,,,,,,,,,,,,,,
6,,,6334,,,,,,,,,,,,,,,,,,,,,,,,,,,,,,,,,,,,0.27942442893981934,,,,,,,,,,,,,,,,,,,,,,,,,,,,,,,,,,,,
6,,,6339,,,,,,,,,,,,,,,,,,,,,,,,,,,,,,,,,,,,0.28533434867858887,,,,,,,,,,,,,,,,,,,,,,,,,,,,,,,,,,,,
6,,,6344,,,,,,,,,,,,,,,,,,,,,,,,,,,,,,,,,,,,0.3572009205818176,,,,,,,,,,,,,,,,,,,,,,,,,,,,,,,,,,,,
6,,,6349,,,,,,,,,,,,,,,,,,,,,,,,,,,,,,,,,,,,0.655389666557312,,,,,,,,,,,,,,,,,,,,,,,,,,,,,,,,,,,,
6,,,6354,,,,,,,,,,,,,,,,,,,,,,,,,,,,,,,,,,,,0.4497985243797302,,,,,,,,,,,,,,,,,,,,,,,,,,,,,,,,,,,,
6,,,6359,,,,,,,,,,,,,,,,,,,,,,,,,,,,,,,,,,,,0.3980168104171753,,,,,,,,,,,,,,,,,,,,,,,,,,,,,,,,,,,,
6,,,6364,,,,,,,,,,,,,,,,,,,,,,,,,,,,,,,,,,,,0.7092084884643555,,,,,,,,,,,,,,,,,,,,,,,,,,,,,,,,,,,,
6,,,6369,,,,,,,,,,,,,,,,,,,,,,,,,,,,,,,,,,,,0.47615760564804077,,,,,,,,,,,,,,,,,,,,,,,,,,,,,,,,,,,,
6,,,6374,,,,,,,,,,,,,,,,,,,,,,,,,,,,,,,,,,,,0.31797218322753906,,,,,,,,,,,,,,,,,,,,,,,,,,,,,,,,,,,,
6,,,6379,,,,,,,,,,,,,,,,,,,,,,,,,,,,,,,,,,,,0.3645392954349518,,,,,,,,,,,,,,,,,,,,,,,,,,,,,,,,,,,,
6,,,6384,,,,,,,,,,,,,,,,,,,,,,,,,,,,,,,,,,,,0.2545199394226074,,,,,,,,,,,,,,,,,,,,,,,,,,,,,,,,,,,,
6,,,6389,,,,,,,,,,,,,,,,,,,,,,,,,,,,,,,,,,,,0.6428303718566895,,,,,,,,,,,,,,,,,,,,,,,,,,,,,,,,,,,,
6,,,6394,,,,,,,,,,,,,,,,,,,,,,,,,,,,,,,,,,,,0.34492987394332886,,,,,,,,,,,,,,,,,,,,,,,,,,,,,,,,,,,,
6,,,6399,,,,,,,,,,,,,,,,,,,,,,,,,,,,,,,,,,,,0.627531886100769,,,,,,,,,,,,,,,,,,,,,,,,,,,,,,,,,,,,
6,,,6404,,,,,,,,,,,,,,,,,,,,,,,,,,,,,,,,,,,,0.48625582456588745,,,,,,,,,,,,,,,,,,,,,,,,,,,,,,,,,,,,
6,,,6409,,,,,,,,,,,,,,,,,,,,,,,,,,,,,,,,,,,,0.6429473161697388,,,,,,,,,,,,,,,,,,,,,,,,,,,,,,,,,,,,
6,,,6414,,,,,,,,,,,,,,,,,,,,,,,,,,,,,,,,,,,,0.45295941829681396,,,,,,,,,,,,,,,,,,,,,,,,,,,,,,,,,,,,
6,,,6419,,,,,,,,,,,,,,,,,,,,,,,,,,,,,,,,,,,,0.3035992383956909,,,,,,,,,,,,,,,,,,,,,,,,,,,,,,,,,,,,
6,,,6424,,,,,,,,,,,,,,,,,,,,,,,,,,,,,,,,,,,,0.32133328914642334,,,,,,,,,,,,,,,,,,,,,,,,,,,,,,,,,,,,
6,,,6429,,,,,,,,,,,,,,,,,,,,,,,,,,,,,,,,,,,,0.7156119346618652,,,,,,,,,,,,,,,,,,,,,,,,,,,,,,,,,,,,
6,,,6434,,,,,,,,,,,,,,,,,,,,,,,,,,,,,,,,,,,,0.2766408324241638,,,,,,,,,,,,,,,,,,,,,,,,,,,,,,,,,,,,
6,,,6439,,,,,,,,,,,,,,,,,,,,,,,,,,,,,,,,,,,,0.6457841396331787,,,,,,,,,,,,,,,,,,,,,,,,,,,,,,,,,,,,
6,,,6444,,,,,,,,,,,,,,,,,,,,,,,,,,,,,,,,,,,,0.2972499132156372,,,,,,,,,,,,,,,,,,,,,,,,,,,,,,,,,,,,
6,,,6446,,,,,,,,,,,,,,,,,,,,,,,,,,,,,,,,,,,,,0.762992262840271,0.7277300357818604,0.6205459237098694,0.7066245079040527,0.762992262840271,0.0,0.8573971390724182,0.8475309014320374,0.9169337153434753,0.430107444524765,0.0,0.8849494457244873,0.8253620266914368,0.890250027179718,0.31035858392715454,0.0,0.793640673160553,0.7026522755622864,0.8022077083587646,0.1836831122636795,0.0,0.914331316947937,0.8043233156204224,0.865075409412384,0.2427680641412735,0.0,0.8573971390724182,0.8475309014320374,0.9169337153434753,0.430107444524765,0.8476109504699707,0.8476109504699707,0.7355249524116516,0.8476109504699707,0.8476109504699707,0.4905012249946594
6,,,6446,0.7333897352218628,0.7161523103713989,0.6084623336791992,0.7017054557800293,0.7333897352218628,0.0,0.8618314862251282,0.8277511596679688,0.9216702580451965,0.3223060965538025,0.0,0.8772433400154114,0.8127907514572144,0.8902145624160767,0.28436046838760376,0.0,0.7813300490379333,0.6846230030059814,0.8021501898765564,0.1657460480928421,0.0,0.8932165503501892,0.7983614802360535,0.8608351349830627,0.2544085383415222,0.0,0.8618314862251282,0.8277511596679688,0.9216702580451965,0.3223060965538025,0.840830385684967,0.840830385684967,0.7253731489181519,0.840830385684967,0.840830385684967,,,,,,,,,,,,,,,,,,,,,,,,,,,,,,,,,,,,,
,1e-05,0.0001,6447,,,,,,,,,,,,,,,,,,,,,,,,,,,,,,,,,,,,,,,,,,,,,,,,,,,,,,,,,,,,,,,,,,,,,,,,
7,,,6449,,,,,,,,,,,,,,,,,,,,,,,,,,,,,,,,,,,,0.40375351905822754,,,,,,,,,,,,,,,,,,,,,,,,,,,,,,,,,,,,
7,,,6454,,,,,,,,,,,,,,,,,,,,,,,,,,,,,,,,,,,,0.2900085151195526,,,,,,,,,,,,,,,,,,,,,,,,,,,,,,,,,,,,
7,,,6459,,,,,,,,,,,,,,,,,,,,,,,,,,,,,,,,,,,,0.41539353132247925,,,,,,,,,,,,,,,,,,,,,,,,,,,,,,,,,,,,
7,,,6464,,,,,,,,,,,,,,,,,,,,,,,,,,,,,,,,,,,,0.47045207023620605,,,,,,,,,,,,,,,,,,,,,,,,,,,,,,,,,,,,
7,,,6469,,,,,,,,,,,,,,,,,,,,,,,,,,,,,,,,,,,,0.5999228358268738,,,,,,,,,,,,,,,,,,,,,,,,,,,,,,,,,,,,
7,,,6474,,,,,,,,,,,,,,,,,,,,,,,,,,,,,,,,,,,,0.29187843203544617,,,,,,,,,,,,,,,,,,,,,,,,,,,,,,,,,,,,
7,,,6479,,,,,,,,,,,,,,,,,,,,,,,,,,,,,,,,,,,,0.5346598625183105,,,,,,,,,,,,,,,,,,,,,,,,,,,,,,,,,,,,
7,,,6484,,,,,,,,,,,,,,,,,,,,,,,,,,,,,,,,,,,,0.6454349756240845,,,,,,,,,,,,,,,,,,,,,,,,,,,,,,,,,,,,
7,,,6489,,,,,,,,,,,,,,,,,,,,,,,,,,,,,,,,,,,,0.2992600202560425,,,,,,,,,,,,,,,,,,,,,,,,,,,,,,,,,,,,
7,,,6494,,,,,,,,,,,,,,,,,,,,,,,,,,,,,,,,,,,,0.5265865325927734,,,,,,,,,,,,,,,,,,,,,,,,,,,,,,,,,,,,
7,,,6499,,,,,,,,,,,,,,,,,,,,,,,,,,,,,,,,,,,,0.4053143858909607,,,,,,,,,,,,,,,,,,,,,,,,,,,,,,,,,,,,
7,,,6504,,,,,,,,,,,,,,,,,,,,,,,,,,,,,,,,,,,,0.5183172225952148,,,,,,,,,,,,,,,,,,,,,,,,,,,,,,,,,,,,
7,,,6509,,,,,,,,,,,,,,,,,,,,,,,,,,,,,,,,,,,,0.661016047000885,,,,,,,,,,,,,,,,,,,,,,,,,,,,,,,,,,,,
7,,,6514,,,,,,,,,,,,,,,,,,,,,,,,,,,,,,,,,,,,0.37000030279159546,,,,,,,,,,,,,,,,,,,,,,,,,,,,,,,,,,,,
7,,,6519,,,,,,,,,,,,,,,,,,,,,,,,,,,,,,,,,,,,0.29424330592155457,,,,,,,,,,,,,,,,,,,,,,,,,,,,,,,,,,,,
7,,,6524,,,,,,,,,,,,,,,,,,,,,,,,,,,,,,,,,,,,0.6552876830101013,,,,,,,,,,,,,,,,,,,,,,,,,,,,,,,,,,,,
7,,,6529,,,,,,,,,,,,,,,,,,,,,,,,,,,,,,,,,,,,0.41503340005874634,,,,,,,,,,,,,,,,,,,,,,,,,,,,,,,,,,,,
7,,,6534,,,,,,,,,,,,,,,,,,,,,,,,,,,,,,,,,,,,0.5714443922042847,,,,,,,,,,,,,,,,,,,,,,,,,,,,,,,,,,,,
7,,,6539,,,,,,,,,,,,,,,,,,,,,,,,,,,,,,,,,,,,0.37228304147720337,,,,,,,,,,,,,,,,,,,,,,,,,,,,,,,,,,,,
7,,,6544,,,,,,,,,,,,,,,,,,,,,,,,,,,,,,,,,,,,0.7232530117034912,,,,,,,,,,,,,,,,,,,,,,,,,,,,,,,,,,,,
7,,,6549,,,,,,,,,,,,,,,,,,,,,,,,,,,,,,,,,,,,0.35330018401145935,,,,,,,,,,,,,,,,,,,,,,,,,,,,,,,,,,,,
7,,,6554,,,,,,,,,,,,,,,,,,,,,,,,,,,,,,,,,,,,0.46332550048828125,,,,,,,,,,,,,,,,,,,,,,,,,,,,,,,,,,,,
7,,,6559,,,,,,,,,,,,,,,,,,,,,,,,,,,,,,,,,,,,0.4023687541484833,,,,,,,,,,,,,,,,,,,,,,,,,,,,,,,,,,,,
7,,,6564,,,,,,,,,,,,,,,,,,,,,,,,,,,,,,,,,,,,0.3291790187358856,,,,,,,,,,,,,,,,,,,,,,,,,,,,,,,,,,,,
7,,,6569,,,,,,,,,,,,,,,,,,,,,,,,,,,,,,,,,,,,0.29775816202163696,,,,,,,,,,,,,,,,,,,,,,,,,,,,,,,,,,,,
7,,,6574,,,,,,,,,,,,,,,,,,,,,,,,,,,,,,,,,,,,0.6595162749290466,,,,,,,,,,,,,,,,,,,,,,,,,,,,,,,,,,,,
7,,,6579,,,,,,,,,,,,,,,,,,,,,,,,,,,,,,,,,,,,0.3567250072956085,,,,,,,,,,,,,,,,,,,,,,,,,,,,,,,,,,,,
7,,,6584,,,,,,,,,,,,,,,,,,,,,,,,,,,,,,,,,,,,0.27869313955307007,,,,,,,,,,,,,,,,,,,,,,,,,,,,,,,,,,,,
7,,,6589,,,,,,,,,,,,,,,,,,,,,,,,,,,,,,,,,,,,0.48050063848495483,,,,,,,,,,,,,,,,,,,,,,,,,,,,,,,,,,,,
7,,,6594,,,,,,,,,,,,,,,,,,,,,,,,,,,,,,,,,,,,0.6329265832901001,,,,,,,,,,,,,,,,,,,,,,,,,,,,,,,,,,,,
7,,,6599,,,,,,,,,,,,,,,,,,,,,,,,,,,,,,,,,,,,0.7564897537231445,,,,,,,,,,,,,,,,,,,,,,,,,,,,,,,,,,,,
7,,,6604,,,,,,,,,,,,,,,,,,,,,,,,,,,,,,,,,,,,0.33110511302948,,,,,,,,,,,,,,,,,,,,,,,,,,,,,,,,,,,,
7,,,6609,,,,,,,,,,,,,,,,,,,,,,,,,,,,,,,,,,,,0.6418707370758057,,,,,,,,,,,,,,,,,,,,,,,,,,,,,,,,,,,,
7,,,6614,,,,,,,,,,,,,,,,,,,,,,,,,,,,,,,,,,,,0.3724973201751709,,,,,,,,,,,,,,,,,,,,,,,,,,,,,,,,,,,,
7,,,6619,,,,,,,,,,,,,,,,,,,,,,,,,,,,,,,,,,,,0.5807142853736877,,,,,,,,,,,,,,,,,,,,,,,,,,,,,,,,,,,,
7,,,6624,,,,,,,,,,,,,,,,,,,,,,,,,,,,,,,,,,,,0.4659663438796997,,,,,,,,,,,,,,,,,,,,,,,,,,,,,,,,,,,,
7,,,6629,,,,,,,,,,,,,,,,,,,,,,,,,,,,,,,,,,,,0.4961714744567871,,,,,,,,,,,,,,,,,,,,,,,,,,,,,,,,,,,,
7,,,6634,,,,,,,,,,,,,,,,,,,,,,,,,,,,,,,,,,,,0.6425147652626038,,,,,,,,,,,,,,,,,,,,,,,,,,,,,,,,,,,,
7,,,6639,,,,,,,,,,,,,,,,,,,,,,,,,,,,,,,,,,,,0.6815478205680847,,,,,,,,,,,,,,,,,,,,,,,,,,,,,,,,,,,,
7,,,6644,,,,,,,,,,,,,,,,,,,,,,,,,,,,,,,,,,,,0.47255879640579224,,,,,,,,,,,,,,,,,,,,,,,,,,,,,,,,,,,,
7,,,6649,,,,,,,,,,,,,,,,,,,,,,,,,,,,,,,,,,,,0.2775367498397827,,,,,,,,,,,,,,,,,,,,,,,,,,,,,,,,,,,,
7,,,6654,,,,,,,,,,,,,,,,,,,,,,,,,,,,,,,,,,,,0.6753340363502502,,,,,,,,,,,,,,,,,,,,,,,,,,,,,,,,,,,,
7,,,6659,,,,,,,,,,,,,,,,,,,,,,,,,,,,,,,,,,,,0.3546927273273468,,,,,,,,,,,,,,,,,,,,,,,,,,,,,,,,,,,,
7,,,6664,,,,,,,,,,,,,,,,,,,,,,,,,,,,,,,,,,,,0.4356122612953186,,,,,,,,,,,,,,,,,,,,,,,,,,,,,,,,,,,,
7,,,6669,,,,,,,,,,,,,,,,,,,,,,,,,,,,,,,,,,,,0.25766822695732117,,,,,,,,,,,,,,,,,,,,,,,,,,,,,,,,,,,,
7,,,6674,,,,,,,,,,,,,,,,,,,,,,,,,,,,,,,,,,,,0.7049204707145691,,,,,,,,,,,,,,,,,,,,,,,,,,,,,,,,,,,,
7,,,6679,,,,,,,,,,,,,,,,,,,,,,,,,,,,,,,,,,,,0.21773016452789307,,,,,,,,,,,,,,,,,,,,,,,,,,,,,,,,,,,,
7,,,6684,,,,,,,,,,,,,,,,,,,,,,,,,,,,,,,,,,,,0.42392846941947937,,,,,,,,,,,,,,,,,,,,,,,,,,,,,,,,,,,,
7,,,6689,,,,,,,,,,,,,,,,,,,,,,,,,,,,,,,,,,,,0.639985978603363,,,,,,,,,,,,,,,,,,,,,,,,,,,,,,,,,,,,
7,,,6694,,,,,,,,,,,,,,,,,,,,,,,,,,,,,,,,,,,,0.730354368686676,,,,,,,,,,,,,,,,,,,,,,,,,,,,,,,,,,,,
7,,,6699,,,,,,,,,,,,,,,,,,,,,,,,,,,,,,,,,,,,0.31555604934692383,,,,,,,,,,,,,,,,,,,,,,,,,,,,,,,,,,,,
7,,,6704,,,,,,,,,,,,,,,,,,,,,,,,,,,,,,,,,,,,0.6439754366874695,,,,,,,,,,,,,,,,,,,,,,,,,,,,,,,,,,,,
7,,,6709,,,,,,,,,,,,,,,,,,,,,,,,,,,,,,,,,,,,0.35134488344192505,,,,,,,,,,,,,,,,,,,,,,,,,,,,,,,,,,,,
7,,,6714,,,,,,,,,,,,,,,,,,,,,,,,,,,,,,,,,,,,0.2945713996887207,,,,,,,,,,,,,,,,,,,,,,,,,,,,,,,,,,,,
7,,,6719,,,,,,,,,,,,,,,,,,,,,,,,,,,,,,,,,,,,0.6846354007720947,,,,,,,,,,,,,,,,,,,,,,,,,,,,,,,,,,,,
7,,,6724,,,,,,,,,,,,,,,,,,,,,,,,,,,,,,,,,,,,0.4709460139274597,,,,,,,,,,,,,,,,,,,,,,,,,,,,,,,,,,,,
7,,,6729,,,,,,,,,,,,,,,,,,,,,,,,,,,,,,,,,,,,0.6027257442474365,,,,,,,,,,,,,,,,,,,,,,,,,,,,,,,,,,,,
7,,,6734,,,,,,,,,,,,,,,,,,,,,,,,,,,,,,,,,,,,0.6051814556121826,,,,,,,,,,,,,,,,,,,,,,,,,,,,,,,,,,,,
7,,,6739,,,,,,,,,,,,,,,,,,,,,,,,,,,,,,,,,,,,0.6607746481895447,,,,,,,,,,,,,,,,,,,,,,,,,,,,,,,,,,,,
7,,,6744,,,,,,,,,,,,,,,,,,,,,,,,,,,,,,,,,,,,0.27591952681541443,,,,,,,,,,,,,,,,,,,,,,,,,,,,,,,,,,,,
7,,,6749,,,,,,,,,,,,,,,,,,,,,,,,,,,,,,,,,,,,0.3043859899044037,,,,,,,,,,,,,,,,,,,,,,,,,,,,,,,,,,,,
7,,,6754,,,,,,,,,,,,,,,,,,,,,,,,,,,,,,,,,,,,0.2937662601470947,,,,,,,,,,,,,,,,,,,,,,,,,,,,,,,,,,,,
7,,,6759,,,,,,,,,,,,,,,,,,,,,,,,,,,,,,,,,,,,0.6877504587173462,,,,,,,,,,,,,,,,,,,,,,,,,,,,,,,,,,,,
7,,,6764,,,,,,,,,,,,,,,,,,,,,,,,,,,,,,,,,,,,0.6319036483764648,,,,,,,,,,,,,,,,,,,,,,,,,,,,,,,,,,,,
7,,,6769,,,,,,,,,,,,,,,,,,,,,,,,,,,,,,,,,,,,0.7311949133872986,,,,,,,,,,,,,,,,,,,,,,,,,,,,,,,,,,,,
7,,,6774,,,,,,,,,,,,,,,,,,,,,,,,,,,,,,,,,,,,0.3120057284832001,,,,,,,,,,,,,,,,,,,,,,,,,,,,,,,,,,,,
7,,,6779,,,,,,,,,,,,,,,,,,,,,,,,,,,,,,,,,,,,0.3679502308368683,,,,,,,,,,,,,,,,,,,,,,,,,,,,,,,,,,,,
7,,,6784,,,,,,,,,,,,,,,,,,,,,,,,,,,,,,,,,,,,0.40253162384033203,,,,,,,,,,,,,,,,,,,,,,,,,,,,,,,,,,,,
7,,,6789,,,,,,,,,,,,,,,,,,,,,,,,,,,,,,,,,,,,0.32614076137542725,,,,,,,,,,,,,,,,,,,,,,,,,,,,,,,,,,,,
7,,,6794,,,,,,,,,,,,,,,,,,,,,,,,,,,,,,,,,,,,0.558899998664856,,,,,,,,,,,,,,,,,,,,,,,,,,,,,,,,,,,,
7,,,6799,,,,,,,,,,,,,,,,,,,,,,,,,,,,,,,,,,,,0.6030189394950867,,,,,,,,,,,,,,,,,,,,,,,,,,,,,,,,,,,,
7,,,6804,,,,,,,,,,,,,,,,,,,,,,,,,,,,,,,,,,,,0.4125477969646454,,,,,,,,,,,,,,,,,,,,,,,,,,,,,,,,,,,,
7,,,6809,,,,,,,,,,,,,,,,,,,,,,,,,,,,,,,,,,,,0.33333078026771545,,,,,,,,,,,,,,,,,,,,,,,,,,,,,,,,,,,,
7,,,6814,,,,,,,,,,,,,,,,,,,,,,,,,,,,,,,,,,,,0.3195696175098419,,,,,,,,,,,,,,,,,,,,,,,,,,,,,,,,,,,,
7,,,6819,,,,,,,,,,,,,,,,,,,,,,,,,,,,,,,,,,,,0.7003482580184937,,,,,,,,,,,,,,,,,,,,,,,,,,,,,,,,,,,,
7,,,6824,,,,,,,,,,,,,,,,,,,,,,,,,,,,,,,,,,,,0.36150217056274414,,,,,,,,,,,,,,,,,,,,,,,,,,,,,,,,,,,,
7,,,6829,,,,,,,,,,,,,,,,,,,,,,,,,,,,,,,,,,,,0.26243236660957336,,,,,,,,,,,,,,,,,,,,,,,,,,,,,,,,,,,,
7,,,6834,,,,,,,,,,,,,,,,,,,,,,,,,,,,,,,,,,,,0.3169116675853729,,,,,,,,,,,,,,,,,,,,,,,,,,,,,,,,,,,,
7,,,6839,,,,,,,,,,,,,,,,,,,,,,,,,,,,,,,,,,,,0.45659369230270386,,,,,,,,,,,,,,,,,,,,,,,,,,,,,,,,,,,,
7,,,6844,,,,,,,,,,,,,,,,,,,,,,,,,,,,,,,,,,,,0.30128955841064453,,,,,,,,,,,,,,,,,,,,,,,,,,,,,,,,,,,,
7,,,6849,,,,,,,,,,,,,,,,,,,,,,,,,,,,,,,,,,,,0.6607378721237183,,,,,,,,,,,,,,,,,,,,,,,,,,,,,,,,,,,,
7,,,6854,,,,,,,,,,,,,,,,,,,,,,,,,,,,,,,,,,,,0.6564422845840454,,,,,,,,,,,,,,,,,,,,,,,,,,,,,,,,,,,,
7,,,6859,,,,,,,,,,,,,,,,,,,,,,,,,,,,,,,,,,,,0.5371561050415039,,,,,,,,,,,,,,,,,,,,,,,,,,,,,,,,,,,,
7,,,6864,,,,,,,,,,,,,,,,,,,,,,,,,,,,,,,,,,,,0.3678278625011444,,,,,,,,,,,,,,,,,,,,,,,,,,,,,,,,,,,,
7,,,6869,,,,,,,,,,,,,,,,,,,,,,,,,,,,,,,,,,,,0.7018109560012817,,,,,,,,,,,,,,,,,,,,,,,,,,,,,,,,,,,,
7,,,6874,,,,,,,,,,,,,,,,,,,,,,,,,,,,,,,,,,,,0.2633146047592163,,,,,,,,,,,,,,,,,,,,,,,,,,,,,,,,,,,,
7,,,6879,,,,,,,,,,,,,,,,,,,,,,,,,,,,,,,,,,,,0.6486878395080566,,,,,,,,,,,,,,,,,,,,,,,,,,,,,,,,,,,,
7,,,6884,,,,,,,,,,,,,,,,,,,,,,,,,,,,,,,,,,,,0.6252603530883789,,,,,,,,,,,,,,,,,,,,,,,,,,,,,,,,,,,,
7,,,6889,,,,,,,,,,,,,,,,,,,,,,,,,,,,,,,,,,,,0.33453619480133057,,,,,,,,,,,,,,,,,,,,,,,,,,,,,,,,,,,,
7,,,6894,,,,,,,,,,,,,,,,,,,,,,,,,,,,,,,,,,,,0.3031899333000183,,,,,,,,,,,,,,,,,,,,,,,,,,,,,,,,,,,,
7,,,6899,,,,,,,,,,,,,,,,,,,,,,,,,,,,,,,,,,,,0.6207519173622131,,,,,,,,,,,,,,,,,,,,,,,,,,,,,,,,,,,,
7,,,6904,,,,,,,,,,,,,,,,,,,,,,,,,,,,,,,,,,,,0.33755332231521606,,,,,,,,,,,,,,,,,,,,,,,,,,,,,,,,,,,,
7,,,6909,,,,,,,,,,,,,,,,,,,,,,,,,,,,,,,,,,,,0.32889029383659363,,,,,,,,,,,,,,,,,,,,,,,,,,,,,,,,,,,,
7,,,6914,,,,,,,,,,,,,,,,,,,,,,,,,,,,,,,,,,,,0.7223639488220215,,,,,,,,,,,,,,,,,,,,,,,,,,,,,,,,,,,,
7,,,6919,,,,,,,,,,,,,,,,,,,,,,,,,,,,,,,,,,,,0.27136164903640747,,,,,,,,,,,,,,,,,,,,,,,,,,,,,,,,,,,,
7,,,6924,,,,,,,,,,,,,,,,,,,,,,,,,,,,,,,,,,,,0.36047160625457764,,,,,,,,,,,,,,,,,,,,,,,,,,,,,,,,,,,,
7,,,6929,,,,,,,,,,,,,,,,,,,,,,,,,,,,,,,,,,,,0.6431164145469666,,,,,,,,,,,,,,,,,,,,,,,,,,,,,,,,,,,,
7,,,6934,,,,,,,,,,,,,,,,,,,,,,,,,,,,,,,,,,,,0.30703654885292053,,,,,,,,,,,,,,,,,,,,,,,,,,,,,,,,,,,,
7,,,6939,,,,,,,,,,,,,,,,,,,,,,,,,,,,,,,,,,,,0.6797533631324768,,,,,,,,,,,,,,,,,,,,,,,,,,,,,,,,,,,,
7,,,6944,,,,,,,,,,,,,,,,,,,,,,,,,,,,,,,,,,,,0.668262779712677,,,,,,,,,,,,,,,,,,,,,,,,,,,,,,,,,,,,
7,,,6949,,,,,,,,,,,,,,,,,,,,,,,,,,,,,,,,,,,,0.6529614329338074,,,,,,,,,,,,,,,,,,,,,,,,,,,,,,,,,,,,
7,,,6954,,,,,,,,,,,,,,,,,,,,,,,,,,,,,,,,,,,,0.3510526418685913,,,,,,,,,,,,,,,,,,,,,,,,,,,,,,,,,,,,
7,,,6959,,,,,,,,,,,,,,,,,,,,,,,,,,,,,,,,,,,,0.2513783872127533,,,,,,,,,,,,,,,,,,,,,,,,,,,,,,,,,,,,
7,,,6964,,,,,,,,,,,,,,,,,,,,,,,,,,,,,,,,,,,,0.35118022561073303,,,,,,,,,,,,,,,,,,,,,,,,,,,,,,,,,,,,
7,,,6969,,,,,,,,,,,,,,,,,,,,,,,,,,,,,,,,,,,,0.7212343811988831,,,,,,,,,,,,,,,,,,,,,,,,,,,,,,,,,,,,
7,,,6974,,,,,,,,,,,,,,,,,,,,,,,,,,,,,,,,,,,,0.6760709285736084,,,,,,,,,,,,,,,,,,,,,,,,,,,,,,,,,,,,
7,,,6979,,,,,,,,,,,,,,,,,,,,,,,,,,,,,,,,,,,,0.49270957708358765,,,,,,,,,,,,,,,,,,,,,,,,,,,,,,,,,,,,
7,,,6984,,,,,,,,,,,,,,,,,,,,,,,,,,,,,,,,,,,,0.5603470206260681,,,,,,,,,,,,,,,,,,,,,,,,,,,,,,,,,,,,
7,,,6989,,,,,,,,,,,,,,,,,,,,,,,,,,,,,,,,,,,,0.6982706785202026,,,,,,,,,,,,,,,,,,,,,,,,,,,,,,,,,,,,
7,,,6994,,,,,,,,,,,,,,,,,,,,,,,,,,,,,,,,,,,,0.6721046566963196,,,,,,,,,,,,,,,,,,,,,,,,,,,,,,,,,,,,
7,,,6999,,,,,,,,,,,,,,,,,,,,,,,,,,,,,,,,,,,,0.6120398044586182,,,,,,,,,,,,,,,,,,,,,,,,,,,,,,,,,,,,
7,,,7004,,,,,,,,,,,,,,,,,,,,,,,,,,,,,,,,,,,,0.6216726899147034,,,,,,,,,,,,,,,,,,,,,,,,,,,,,,,,,,,,
7,,,7009,,,,,,,,,,,,,,,,,,,,,,,,,,,,,,,,,,,,0.28835535049438477,,,,,,,,,,,,,,,,,,,,,,,,,,,,,,,,,,,,
7,,,7014,,,,,,,,,,,,,,,,,,,,,,,,,,,,,,,,,,,,0.37483707070350647,,,,,,,,,,,,,,,,,,,,,,,,,,,,,,,,,,,,
7,,,7019,,,,,,,,,,,,,,,,,,,,,,,,,,,,,,,,,,,,0.30618542432785034,,,,,,,,,,,,,,,,,,,,,,,,,,,,,,,,,,,,
7,,,7024,,,,,,,,,,,,,,,,,,,,,,,,,,,,,,,,,,,,0.4323793053627014,,,,,,,,,,,,,,,,,,,,,,,,,,,,,,,,,,,,
7,,,7029,,,,,,,,,,,,,,,,,,,,,,,,,,,,,,,,,,,,0.2881266176700592,,,,,,,,,,,,,,,,,,,,,,,,,,,,,,,,,,,,
7,,,7034,,,,,,,,,,,,,,,,,,,,,,,,,,,,,,,,,,,,0.7482550144195557,,,,,,,,,,,,,,,,,,,,,,,,,,,,,,,,,,,,
7,,,7039,,,,,,,,,,,,,,,,,,,,,,,,,,,,,,,,,,,,0.5222960710525513,,,,,,,,,,,,,,,,,,,,,,,,,,,,,,,,,,,,
7,,,7044,,,,,,,,,,,,,,,,,,,,,,,,,,,,,,,,,,,,0.7153477668762207,,,,,,,,,,,,,,,,,,,,,,,,,,,,,,,,,,,,
7,,,7049,,,,,,,,,,,,,,,,,,,,,,,,,,,,,,,,,,,,0.29049819707870483,,,,,,,,,,,,,,,,,,,,,,,,,,,,,,,,,,,,
7,,,7054,,,,,,,,,,,,,,,,,,,,,,,,,,,,,,,,,,,,0.642532229423523,,,,,,,,,,,,,,,,,,,,,,,,,,,,,,,,,,,,
7,,,7059,,,,,,,,,,,,,,,,,,,,,,,,,,,,,,,,,,,,0.5160720348358154,,,,,,,,,,,,,,,,,,,,,,,,,,,,,,,,,,,,
7,,,7064,,,,,,,,,,,,,,,,,,,,,,,,,,,,,,,,,,,,0.7048651576042175,,,,,,,,,,,,,,,,,,,,,,,,,,,,,,,,,,,,
7,,,7069,,,,,,,,,,,,,,,,,,,,,,,,,,,,,,,,,,,,0.6868188977241516,,,,,,,,,,,,,,,,,,,,,,,,,,,,,,,,,,,,
7,,,7074,,,,,,,,,,,,,,,,,,,,,,,,,,,,,,,,,,,,0.6110602617263794,,,,,,,,,,,,,,,,,,,,,,,,,,,,,,,,,,,,
7,,,7079,,,,,,,,,,,,,,,,,,,,,,,,,,,,,,,,,,,,0.3890349566936493,,,,,,,,,,,,,,,,,,,,,,,,,,,,,,,,,,,,
7,,,7084,,,,,,,,,,,,,,,,,,,,,,,,,,,,,,,,,,,,0.25186169147491455,,,,,,,,,,,,,,,,,,,,,,,,,,,,,,,,,,,,
7,,,7089,,,,,,,,,,,,,,,,,,,,,,,,,,,,,,,,,,,,0.262092649936676,,,,,,,,,,,,,,,,,,,,,,,,,,,,,,,,,,,,
7,,,7094,,,,,,,,,,,,,,,,,,,,,,,,,,,,,,,,,,,,0.47874772548675537,,,,,,,,,,,,,,,,,,,,,,,,,,,,,,,,,,,,
7,,,7099,,,,,,,,,,,,,,,,,,,,,,,,,,,,,,,,,,,,0.35098788142204285,,,,,,,,,,,,,,,,,,,,,,,,,,,,,,,,,,,,
7,,,7104,,,,,,,,,,,,,,,,,,,,,,,,,,,,,,,,,,,,0.6460188627243042,,,,,,,,,,,,,,,,,,,,,,,,,,,,,,,,,,,,
7,,,7109,,,,,,,,,,,,,,,,,,,,,,,,,,,,,,,,,,,,0.6880602240562439,,,,,,,,,,,,,,,,,,,,,,,,,,,,,,,,,,,,
7,,,7114,,,,,,,,,,,,,,,,,,,,,,,,,,,,,,,,,,,,0.29670125246047974,,,,,,,,,,,,,,,,,,,,,,,,,,,,,,,,,,,,
7,,,7119,,,,,,,,,,,,,,,,,,,,,,,,,,,,,,,,,,,,0.6086267828941345,,,,,,,,,,,,,,,,,,,,,,,,,,,,,,,,,,,,
7,,,7124,,,,,,,,,,,,,,,,,,,,,,,,,,,,,,,,,,,,0.38306447863578796,,,,,,,,,,,,,,,,,,,,,,,,,,,,,,,,,,,,
7,,,7129,,,,,,,,,,,,,,,,,,,,,,,,,,,,,,,,,,,,0.47158366441726685,,,,,,,,,,,,,,,,,,,,,,,,,,,,,,,,,,,,
7,,,7134,,,,,,,,,,,,,,,,,,,,,,,,,,,,,,,,,,,,0.6406494975090027,,,,,,,,,,,,,,,,,,,,,,,,,,,,,,,,,,,,
7,,,7139,,,,,,,,,,,,,,,,,,,,,,,,,,,,,,,,,,,,0.34314656257629395,,,,,,,,,,,,,,,,,,,,,,,,,,,,,,,,,,,,
7,,,7144,,,,,,,,,,,,,,,,,,,,,,,,,,,,,,,,,,,,0.41098976135253906,,,,,,,,,,,,,,,,,,,,,,,,,,,,,,,,,,,,
7,,,7149,,,,,,,,,,,,,,,,,,,,,,,,,,,,,,,,,,,,0.2893323600292206,,,,,,,,,,,,,,,,,,,,,,,,,,,,,,,,,,,,
7,,,7154,,,,,,,,,,,,,,,,,,,,,,,,,,,,,,,,,,,,0.2616421580314636,,,,,,,,,,,,,,,,,,,,,,,,,,,,,,,,,,,,
7,,,7159,,,,,,,,,,,,,,,,,,,,,,,,,,,,,,,,,,,,0.3925284743309021,,,,,,,,,,,,,,,,,,,,,,,,,,,,,,,,,,,,
7,,,7164,,,,,,,,,,,,,,,,,,,,,,,,,,,,,,,,,,,,0.27490153908729553,,,,,,,,,,,,,,,,,,,,,,,,,,,,,,,,,,,,
7,,,7169,,,,,,,,,,,,,,,,,,,,,,,,,,,,,,,,,,,,0.3270138204097748,,,,,,,,,,,,,,,,,,,,,,,,,,,,,,,,,,,,
7,,,7174,,,,,,,,,,,,,,,,,,,,,,,,,,,,,,,,,,,,0.46815675497055054,,,,,,,,,,,,,,,,,,,,,,,,,,,,,,,,,,,,
7,,,7179,,,,,,,,,,,,,,,,,,,,,,,,,,,,,,,,,,,,0.34130123257637024,,,,,,,,,,,,,,,,,,,,,,,,,,,,,,,,,,,,
7,,,7184,,,,,,,,,,,,,,,,,,,,,,,,,,,,,,,,,,,,0.6435309648513794,,,,,,,,,,,,,,,,,,,,,,,,,,,,,,,,,,,,
7,,,7189,,,,,,,,,,,,,,,,,,,,,,,,,,,,,,,,,,,,0.4701541066169739,,,,,,,,,,,,,,,,,,,,,,,,,,,,,,,,,,,,
7,,,7194,,,,,,,,,,,,,,,,,,,,,,,,,,,,,,,,,,,,0.3168846368789673,,,,,,,,,,,,,,,,,,,,,,,,,,,,,,,,,,,,
7,,,7199,,,,,,,,,,,,,,,,,,,,,,,,,,,,,,,,,,,,0.4544195830821991,,,,,,,,,,,,,,,,,,,,,,,,,,,,,,,,,,,,
7,,,7204,,,,,,,,,,,,,,,,,,,,,,,,,,,,,,,,,,,,0.4725869297981262,,,,,,,,,,,,,,,,,,,,,,,,,,,,,,,,,,,,
7,,,7209,,,,,,,,,,,,,,,,,,,,,,,,,,,,,,,,,,,,0.2771416902542114,,,,,,,,,,,,,,,,,,,,,,,,,,,,,,,,,,,,
7,,,7214,,,,,,,,,,,,,,,,,,,,,,,,,,,,,,,,,,,,0.6725451946258545,,,,,,,,,,,,,,,,,,,,,,,,,,,,,,,,,,,,
7,,,7219,,,,,,,,,,,,,,,,,,,,,,,,,,,,,,,,,,,,0.34203600883483887,,,,,,,,,,,,,,,,,,,,,,,,,,,,,,,,,,,,
7,,,7224,,,,,,,,,,,,,,,,,,,,,,,,,,,,,,,,,,,,0.36794593930244446,,,,,,,,,,,,,,,,,,,,,,,,,,,,,,,,,,,,
7,,,7229,,,,,,,,,,,,,,,,,,,,,,,,,,,,,,,,,,,,0.34694576263427734,,,,,,,,,,,,,,,,,,,,,,,,,,,,,,,,,,,,
7,,,7234,,,,,,,,,,,,,,,,,,,,,,,,,,,,,,,,,,,,0.6346929669380188,,,,,,,,,,,,,,,,,,,,,,,,,,,,,,,,,,,,
7,,,7239,,,,,,,,,,,,,,,,,,,,,,,,,,,,,,,,,,,,0.7192956805229187,,,,,,,,,,,,,,,,,,,,,,,,,,,,,,,,,,,,
7,,,7244,,,,,,,,,,,,,,,,,,,,,,,,,,,,,,,,,,,,0.500666081905365,,,,,,,,,,,,,,,,,,,,,,,,,,,,,,,,,,,,
7,,,7249,,,,,,,,,,,,,,,,,,,,,,,,,,,,,,,,,,,,0.6785416603088379,,,,,,,,,,,,,,,,,,,,,,,,,,,,,,,,,,,,
7,,,7254,,,,,,,,,,,,,,,,,,,,,,,,,,,,,,,,,,,,0.667241096496582,,,,,,,,,,,,,,,,,,,,,,,,,,,,,,,,,,,,
7,,,7259,,,,,,,,,,,,,,,,,,,,,,,,,,,,,,,,,,,,0.35329973697662354,,,,,,,,,,,,,,,,,,,,,,,,,,,,,,,,,,,,
7,,,7264,,,,,,,,,,,,,,,,,,,,,,,,,,,,,,,,,,,,0.43931230902671814,,,,,,,,,,,,,,,,,,,,,,,,,,,,,,,,,,,,
7,,,7269,,,,,,,,,,,,,,,,,,,,,,,,,,,,,,,,,,,,0.3503023386001587,,,,,,,,,,,,,,,,,,,,,,,,,,,,,,,,,,,,
7,,,7274,,,,,,,,,,,,,,,,,,,,,,,,,,,,,,,,,,,,0.6398268342018127,,,,,,,,,,,,,,,,,,,,,,,,,,,,,,,,,,,,
7,,,7279,,,,,,,,,,,,,,,,,,,,,,,,,,,,,,,,,,,,0.6772658228874207,,,,,,,,,,,,,,,,,,,,,,,,,,,,,,,,,,,,
7,,,7284,,,,,,,,,,,,,,,,,,,,,,,,,,,,,,,,,,,,0.6412084102630615,,,,,,,,,,,,,,,,,,,,,,,,,,,,,,,,,,,,
7,,,7289,,,,,,,,,,,,,,,,,,,,,,,,,,,,,,,,,,,,0.26751068234443665,,,,,,,,,,,,,,,,,,,,,,,,,,,,,,,,,,,,
7,,,7294,,,,,,,,,,,,,,,,,,,,,,,,,,,,,,,,,,,,0.25442376732826233,,,,,,,,,,,,,,,,,,,,,,,,,,,,,,,,,,,,
7,,,7299,,,,,,,,,,,,,,,,,,,,,,,,,,,,,,,,,,,,0.6517765522003174,,,,,,,,,,,,,,,,,,,,,,,,,,,,,,,,,,,,
7,,,7304,,,,,,,,,,,,,,,,,,,,,,,,,,,,,,,,,,,,0.6490114331245422,,,,,,,,,,,,,,,,,,,,,,,,,,,,,,,,,,,,
7,,,7309,,,,,,,,,,,,,,,,,,,,,,,,,,,,,,,,,,,,0.415710985660553,,,,,,,,,,,,,,,,,,,,,,,,,,,,,,,,,,,,
7,,,7314,,,,,,,,,,,,,,,,,,,,,,,,,,,,,,,,,,,,0.3436243534088135,,,,,,,,,,,,,,,,,,,,,,,,,,,,,,,,,,,,
7,,,7319,,,,,,,,,,,,,,,,,,,,,,,,,,,,,,,,,,,,0.4543813169002533,,,,,,,,,,,,,,,,,,,,,,,,,,,,,,,,,,,,
7,,,7324,,,,,,,,,,,,,,,,,,,,,,,,,,,,,,,,,,,,0.6828144788742065,,,,,,,,,,,,,,,,,,,,,,,,,,,,,,,,,,,,
7,,,7329,,,,,,,,,,,,,,,,,,,,,,,,,,,,,,,,,,,,0.6150643825531006,,,,,,,,,,,,,,,,,,,,,,,,,,,,,,,,,,,,
7,,,7334,,,,,,,,,,,,,,,,,,,,,,,,,,,,,,,,,,,,0.29815369844436646,,,,,,,,,,,,,,,,,,,,,,,,,,,,,,,,,,,,
7,,,7339,,,,,,,,,,,,,,,,,,,,,,,,,,,,,,,,,,,,0.3286963403224945,,,,,,,,,,,,,,,,,,,,,,,,,,,,,,,,,,,,
7,,,7344,,,,,,,,,,,,,,,,,,,,,,,,,,,,,,,,,,,,0.39765703678131104,,,,,,,,,,,,,,,,,,,,,,,,,,,,,,,,,,,,
7,,,7349,,,,,,,,,,,,,,,,,,,,,,,,,,,,,,,,,,,,0.2899739444255829,,,,,,,,,,,,,,,,,,,,,,,,,,,,,,,,,,,,
7,,,7354,,,,,,,,,,,,,,,,,,,,,,,,,,,,,,,,,,,,0.376712828874588,,,,,,,,,,,,,,,,,,,,,,,,,,,,,,,,,,,,
7,,,7359,,,,,,,,,,,,,,,,,,,,,,,,,,,,,,,,,,,,0.7127746939659119,,,,,,,,,,,,,,,,,,,,,,,,,,,,,,,,,,,,
7,,,7364,,,,,,,,,,,,,,,,,,,,,,,,,,,,,,,,,,,,0.3045006990432739,,,,,,,,,,,,,,,,,,,,,,,,,,,,,,,,,,,,
7,,,7367,,,,,,,,,,,,,,,,,,,,,,,,,,,,,,,,,,,,,0.7598915100097656,0.7401624917984009,0.6377601623535156,0.7240306735038757,0.7598915100097656,0.0,0.9005905985832214,0.8028784394264221,0.9704195261001587,0.3656775653362274,0.0,0.893000602722168,0.8231861591339111,0.9193521738052368,0.32511118054389954,0.0,0.8066856861114502,0.6995041370391846,0.8507416844367981,0.19410911202430725,0.0,0.8855374455451965,0.8445479273796082,0.8733908534049988,0.29264649748802185,0.0,0.9005905985832214,0.8028784394264221,0.9704195261001587,0.3656775653362274,0.856808602809906,0.856808602809906,0.749488353729248,0.856808602809906,0.856808602809906,0.5076636075973511
7,,,7367,0.7391968369483948,0.7200815677642822,0.6129595637321472,0.7043604850769043,0.7391968369483948,0.0,0.8645118474960327,0.8313374519348145,0.9257788062095642,0.3351592421531677,0.0,0.8803151249885559,0.8166442513465881,0.8919280767440796,0.29143863916397095,0.0,0.7862168550491333,0.6901088356971741,0.8049370050430298,0.17057546973228455,0.0,0.8967068791389465,0.8024613261222839,0.8604655265808105,0.25780829787254333,0.0,0.8645118474960327,0.8313374519348145,0.9257788062095642,0.3351592421531677,0.8440735936164856,0.8440735340118408,0.7302139401435852,0.8440735936164856,0.8440735936164856,,,,,,,,,,,,,,,,,,,,,,,,,,,,,,,,,,,,,
,1e-05,0.0001,7368,,,,,,,,,,,,,,,,,,,,,,,,,,,,,,,,,,,,,,,,,,,,,,,,,,,,,,,,,,,,,,,,,,,,,,,,
8,,,7369,,,,,,,,,,,,,,,,,,,,,,,,,,,,,,,,,,,,0.5589229464530945,,,,,,,,,,,,,,,,,,,,,,,,,,,,,,,,,,,,
8,,,7374,,,,,,,,,,,,,,,,,,,,,,,,,,,,,,,,,,,,0.26719287037849426,,,,,,,,,,,,,,,,,,,,,,,,,,,,,,,,,,,,
8,,,7379,,,,,,,,,,,,,,,,,,,,,,,,,,,,,,,,,,,,0.3665955066680908,,,,,,,,,,,,,,,,,,,,,,,,,,,,,,,,,,,,
8,,,7384,,,,,,,,,,,,,,,,,,,,,,,,,,,,,,,,,,,,0.26599857211112976,,,,,,,,,,,,,,,,,,,,,,,,,,,,,,,,,,,,
8,,,7389,,,,,,,,,,,,,,,,,,,,,,,,,,,,,,,,,,,,0.6607679128646851,,,,,,,,,,,,,,,,,,,,,,,,,,,,,,,,,,,,
8,,,7394,,,,,,,,,,,,,,,,,,,,,,,,,,,,,,,,,,,,0.6637855172157288,,,,,,,,,,,,,,,,,,,,,,,,,,,,,,,,,,,,
8,,,7399,,,,,,,,,,,,,,,,,,,,,,,,,,,,,,,,,,,,0.39812368154525757,,,,,,,,,,,,,,,,,,,,,,,,,,,,,,,,,,,,
8,,,7404,,,,,,,,,,,,,,,,,,,,,,,,,,,,,,,,,,,,0.6757139563560486,,,,,,,,,,,,,,,,,,,,,,,,,,,,,,,,,,,,
8,,,7409,,,,,,,,,,,,,,,,,,,,,,,,,,,,,,,,,,,,0.6992148756980896,,,,,,,,,,,,,,,,,,,,,,,,,,,,,,,,,,,,
8,,,7414,,,,,,,,,,,,,,,,,,,,,,,,,,,,,,,,,,,,0.37256860733032227,,,,,,,,,,,,,,,,,,,,,,,,,,,,,,,,,,,,
8,,,7419,,,,,,,,,,,,,,,,,,,,,,,,,,,,,,,,,,,,0.5133246183395386,,,,,,,,,,,,,,,,,,,,,,,,,,,,,,,,,,,,
8,,,7424,,,,,,,,,,,,,,,,,,,,,,,,,,,,,,,,,,,,0.7208084464073181,,,,,,,,,,,,,,,,,,,,,,,,,,,,,,,,,,,,
8,,,7429,,,,,,,,,,,,,,,,,,,,,,,,,,,,,,,,,,,,0.3013305068016052,,,,,,,,,,,,,,,,,,,,,,,,,,,,,,,,,,,,
8,,,7434,,,,,,,,,,,,,,,,,,,,,,,,,,,,,,,,,,,,0.6437010169029236,,,,,,,,,,,,,,,,,,,,,,,,,,,,,,,,,,,,
8,,,7439,,,,,,,,,,,,,,,,,,,,,,,,,,,,,,,,,,,,0.2290271520614624,,,,,,,,,,,,,,,,,,,,,,,,,,,,,,,,,,,,
8,,,7444,,,,,,,,,,,,,,,,,,,,,,,,,,,,,,,,,,,,0.572653591632843,,,,,,,,,,,,,,,,,,,,,,,,,,,,,,,,,,,,
8,,,7449,,,,,,,,,,,,,,,,,,,,,,,,,,,,,,,,,,,,0.39810842275619507,,,,,,,,,,,,,,,,,,,,,,,,,,,,,,,,,,,,
8,,,7454,,,,,,,,,,,,,,,,,,,,,,,,,,,,,,,,,,,,0.3320288062095642,,,,,,,,,,,,,,,,,,,,,,,,,,,,,,,,,,,,
8,,,7459,,,,,,,,,,,,,,,,,,,,,,,,,,,,,,,,,,,,0.6958199739456177,,,,,,,,,,,,,,,,,,,,,,,,,,,,,,,,,,,,
8,,,7464,,,,,,,,,,,,,,,,,,,,,,,,,,,,,,,,,,,,0.39410653710365295,,,,,,,,,,,,,,,,,,,,,,,,,,,,,,,,,,,,
8,,,7469,,,,,,,,,,,,,,,,,,,,,,,,,,,,,,,,,,,,0.2881435751914978,,,,,,,,,,,,,,,,,,,,,,,,,,,,,,,,,,,,
8,,,7474,,,,,,,,,,,,,,,,,,,,,,,,,,,,,,,,,,,,0.30533677339553833,,,,,,,,,,,,,,,,,,,,,,,,,,,,,,,,,,,,
8,,,7479,,,,,,,,,,,,,,,,,,,,,,,,,,,,,,,,,,,,0.29537585377693176,,,,,,,,,,,,,,,,,,,,,,,,,,,,,,,,,,,,
8,,,7484,,,,,,,,,,,,,,,,,,,,,,,,,,,,,,,,,,,,0.6577101945877075,,,,,,,,,,,,,,,,,,,,,,,,,,,,,,,,,,,,
8,,,7489,,,,,,,,,,,,,,,,,,,,,,,,,,,,,,,,,,,,0.4280315041542053,,,,,,,,,,,,,,,,,,,,,,,,,,,,,,,,,,,,
8,,,7494,,,,,,,,,,,,,,,,,,,,,,,,,,,,,,,,,,,,0.34268903732299805,,,,,,,,,,,,,,,,,,,,,,,,,,,,,,,,,,,,
8,,,7499,,,,,,,,,,,,,,,,,,,,,,,,,,,,,,,,,,,,0.3276129961013794,,,,,,,,,,,,,,,,,,,,,,,,,,,,,,,,,,,,
8,,,7504,,,,,,,,,,,,,,,,,,,,,,,,,,,,,,,,,,,,0.3446197509765625,,,,,,,,,,,,,,,,,,,,,,,,,,,,,,,,,,,,
8,,,7509,,,,,,,,,,,,,,,,,,,,,,,,,,,,,,,,,,,,0.6303404569625854,,,,,,,,,,,,,,,,,,,,,,,,,,,,,,,,,,,,
8,,,7514,,,,,,,,,,,,,,,,,,,,,,,,,,,,,,,,,,,,0.3654240667819977,,,,,,,,,,,,,,,,,,,,,,,,,,,,,,,,,,,,
8,,,7519,,,,,,,,,,,,,,,,,,,,,,,,,,,,,,,,,,,,0.38382771611213684,,,,,,,,,,,,,,,,,,,,,,,,,,,,,,,,,,,,
8,,,7524,,,,,,,,,,,,,,,,,,,,,,,,,,,,,,,,,,,,0.31025272607803345,,,,,,,,,,,,,,,,,,,,,,,,,,,,,,,,,,,,
8,,,7529,,,,,,,,,,,,,,,,,,,,,,,,,,,,,,,,,,,,0.5584667921066284,,,,,,,,,,,,,,,,,,,,,,,,,,,,,,,,,,,,
8,,,7534,,,,,,,,,,,,,,,,,,,,,,,,,,,,,,,,,,,,0.25507262349128723,,,,,,,,,,,,,,,,,,,,,,,,,,,,,,,,,,,,
8,,,7539,,,,,,,,,,,,,,,,,,,,,,,,,,,,,,,,,,,,0.4581989049911499,,,,,,,,,,,,,,,,,,,,,,,,,,,,,,,,,,,,
8,,,7544,,,,,,,,,,,,,,,,,,,,,,,,,,,,,,,,,,,,0.5820860862731934,,,,,,,,,,,,,,,,,,,,,,,,,,,,,,,,,,,,
8,,,7549,,,,,,,,,,,,,,,,,,,,,,,,,,,,,,,,,,,,0.3020837903022766,,,,,,,,,,,,,,,,,,,,,,,,,,,,,,,,,,,,
8,,,7554,,,,,,,,,,,,,,,,,,,,,,,,,,,,,,,,,,,,0.36585330963134766,,,,,,,,,,,,,,,,,,,,,,,,,,,,,,,,,,,,
8,,,7559,,,,,,,,,,,,,,,,,,,,,,,,,,,,,,,,,,,,0.7037492394447327,,,,,,,,,,,,,,,,,,,,,,,,,,,,,,,,,,,,
8,,,7564,,,,,,,,,,,,,,,,,,,,,,,,,,,,,,,,,,,,0.39662861824035645,,,,,,,,,,,,,,,,,,,,,,,,,,,,,,,,,,,,
8,,,7569,,,,,,,,,,,,,,,,,,,,,,,,,,,,,,,,,,,,0.5369817614555359,,,,,,,,,,,,,,,,,,,,,,,,,,,,,,,,,,,,
8,,,7574,,,,,,,,,,,,,,,,,,,,,,,,,,,,,,,,,,,,0.3433741629123688,,,,,,,,,,,,,,,,,,,,,,,,,,,,,,,,,,,,
8,,,7579,,,,,,,,,,,,,,,,,,,,,,,,,,,,,,,,,,,,0.3204747438430786,,,,,,,,,,,,,,,,,,,,,,,,,,,,,,,,,,,,
8,,,7584,,,,,,,,,,,,,,,,,,,,,,,,,,,,,,,,,,,,0.3872907757759094,,,,,,,,,,,,,,,,,,,,,,,,,,,,,,,,,,,,
8,,,7589,,,,,,,,,,,,,,,,,,,,,,,,,,,,,,,,,,,,0.3420976400375366,,,,,,,,,,,,,,,,,,,,,,,,,,,,,,,,,,,,
8,,,7594,,,,,,,,,,,,,,,,,,,,,,,,,,,,,,,,,,,,0.7003116607666016,,,,,,,,,,,,,,,,,,,,,,,,,,,,,,,,,,,,
8,,,7599,,,,,,,,,,,,,,,,,,,,,,,,,,,,,,,,,,,,0.37534278631210327,,,,,,,,,,,,,,,,,,,,,,,,,,,,,,,,,,,,
8,,,7604,,,,,,,,,,,,,,,,,,,,,,,,,,,,,,,,,,,,0.33728885650634766,,,,,,,,,,,,,,,,,,,,,,,,,,,,,,,,,,,,
8,,,7609,,,,,,,,,,,,,,,,,,,,,,,,,,,,,,,,,,,,0.5684593319892883,,,,,,,,,,,,,,,,,,,,,,,,,,,,,,,,,,,,
8,,,7614,,,,,,,,,,,,,,,,,,,,,,,,,,,,,,,,,,,,0.33445537090301514,,,,,,,,,,,,,,,,,,,,,,,,,,,,,,,,,,,,
8,,,7619,,,,,,,,,,,,,,,,,,,,,,,,,,,,,,,,,,,,0.35660046339035034,,,,,,,,,,,,,,,,,,,,,,,,,,,,,,,,,,,,
8,,,7624,,,,,,,,,,,,,,,,,,,,,,,,,,,,,,,,,,,,0.5243383646011353,,,,,,,,,,,,,,,,,,,,,,,,,,,,,,,,,,,,
8,,,7629,,,,,,,,,,,,,,,,,,,,,,,,,,,,,,,,,,,,0.6512207984924316,,,,,,,,,,,,,,,,,,,,,,,,,,,,,,,,,,,,
8,,,7634,,,,,,,,,,,,,,,,,,,,,,,,,,,,,,,,,,,,0.6387041807174683,,,,,,,,,,,,,,,,,,,,,,,,,,,,,,,,,,,,
8,,,7639,,,,,,,,,,,,,,,,,,,,,,,,,,,,,,,,,,,,0.2204156219959259,,,,,,,,,,,,,,,,,,,,,,,,,,,,,,,,,,,,
8,,,7644,,,,,,,,,,,,,,,,,,,,,,,,,,,,,,,,,,,,0.3788992762565613,,,,,,,,,,,,,,,,,,,,,,,,,,,,,,,,,,,,
8,,,7649,,,,,,,,,,,,,,,,,,,,,,,,,,,,,,,,,,,,0.24064113199710846,,,,,,,,,,,,,,,,,,,,,,,,,,,,,,,,,,,,
8,,,7654,,,,,,,,,,,,,,,,,,,,,,,,,,,,,,,,,,,,0.6238471269607544,,,,,,,,,,,,,,,,,,,,,,,,,,,,,,,,,,,,
8,,,7659,,,,,,,,,,,,,,,,,,,,,,,,,,,,,,,,,,,,0.5523313879966736,,,,,,,,,,,,,,,,,,,,,,,,,,,,,,,,,,,,
8,,,7664,,,,,,,,,,,,,,,,,,,,,,,,,,,,,,,,,,,,0.27583467960357666,,,,,,,,,,,,,,,,,,,,,,,,,,,,,,,,,,,,
8,,,7669,,,,,,,,,,,,,,,,,,,,,,,,,,,,,,,,,,,,0.6825610399246216,,,,,,,,,,,,,,,,,,,,,,,,,,,,,,,,,,,,
8,,,7674,,,,,,,,,,,,,,,,,,,,,,,,,,,,,,,,,,,,0.27093812823295593,,,,,,,,,,,,,,,,,,,,,,,,,,,,,,,,,,,,
8,,,7679,,,,,,,,,,,,,,,,,,,,,,,,,,,,,,,,,,,,0.38734573125839233,,,,,,,,,,,,,,,,,,,,,,,,,,,,,,,,,,,,
8,,,7684,,,,,,,,,,,,,,,,,,,,,,,,,,,,,,,,,,,,0.36227744817733765,,,,,,,,,,,,,,,,,,,,,,,,,,,,,,,,,,,,
8,,,7689,,,,,,,,,,,,,,,,,,,,,,,,,,,,,,,,,,,,0.34971311688423157,,,,,,,,,,,,,,,,,,,,,,,,,,,,,,,,,,,,
8,,,7694,,,,,,,,,,,,,,,,,,,,,,,,,,,,,,,,,,,,0.6572377681732178,,,,,,,,,,,,,,,,,,,,,,,,,,,,,,,,,,,,
8,,,7699,,,,,,,,,,,,,,,,,,,,,,,,,,,,,,,,,,,,0.6528363227844238,,,,,,,,,,,,,,,,,,,,,,,,,,,,,,,,,,,,
8,,,7704,,,,,,,,,,,,,,,,,,,,,,,,,,,,,,,,,,,,0.7120984792709351,,,,,,,,,,,,,,,,,,,,,,,,,,,,,,,,,,,,
8,,,7709,,,,,,,,,,,,,,,,,,,,,,,,,,,,,,,,,,,,0.3074483275413513,,,,,,,,,,,,,,,,,,,,,,,,,,,,,,,,,,,,
8,,,7714,,,,,,,,,,,,,,,,,,,,,,,,,,,,,,,,,,,,0.43197211623191833,,,,,,,,,,,,,,,,,,,,,,,,,,,,,,,,,,,,
8,,,7719,,,,,,,,,,,,,,,,,,,,,,,,,,,,,,,,,,,,0.5312543511390686,,,,,,,,,,,,,,,,,,,,,,,,,,,,,,,,,,,,
8,,,7724,,,,,,,,,,,,,,,,,,,,,,,,,,,,,,,,,,,,0.7026669979095459,,,,,,,,,,,,,,,,,,,,,,,,,,,,,,,,,,,,
8,,,7729,,,,,,,,,,,,,,,,,,,,,,,,,,,,,,,,,,,,0.611605167388916,,,,,,,,,,,,,,,,,,,,,,,,,,,,,,,,,,,,
8,,,7734,,,,,,,,,,,,,,,,,,,,,,,,,,,,,,,,,,,,0.5415722131729126,,,,,,,,,,,,,,,,,,,,,,,,,,,,,,,,,,,,
8,,,7739,,,,,,,,,,,,,,,,,,,,,,,,,,,,,,,,,,,,0.7122554183006287,,,,,,,,,,,,,,,,,,,,,,,,,,,,,,,,,,,,
8,,,7744,,,,,,,,,,,,,,,,,,,,,,,,,,,,,,,,,,,,0.7014044523239136,,,,,,,,,,,,,,,,,,,,,,,,,,,,,,,,,,,,
8,,,7749,,,,,,,,,,,,,,,,,,,,,,,,,,,,,,,,,,,,0.396747350692749,,,,,,,,,,,,,,,,,,,,,,,,,,,,,,,,,,,,
8,,,7754,,,,,,,,,,,,,,,,,,,,,,,,,,,,,,,,,,,,0.2954730987548828,,,,,,,,,,,,,,,,,,,,,,,,,,,,,,,,,,,,
8,,,7759,,,,,,,,,,,,,,,,,,,,,,,,,,,,,,,,,,,,0.6504605412483215,,,,,,,,,,,,,,,,,,,,,,,,,,,,,,,,,,,,
8,,,7764,,,,,,,,,,,,,,,,,,,,,,,,,,,,,,,,,,,,0.5407031178474426,,,,,,,,,,,,,,,,,,,,,,,,,,,,,,,,,,,,
8,,,7769,,,,,,,,,,,,,,,,,,,,,,,,,,,,,,,,,,,,0.3341057598590851,,,,,,,,,,,,,,,,,,,,,,,,,,,,,,,,,,,,
8,,,7774,,,,,,,,,,,,,,,,,,,,,,,,,,,,,,,,,,,,0.34304681420326233,,,,,,,,,,,,,,,,,,,,,,,,,,,,,,,,,,,,
8,,,7779,,,,,,,,,,,,,,,,,,,,,,,,,,,,,,,,,,,,0.35931193828582764,,,,,,,,,,,,,,,,,,,,,,,,,,,,,,,,,,,,
8,,,7784,,,,,,,,,,,,,,,,,,,,,,,,,,,,,,,,,,,,0.42638707160949707,,,,,,,,,,,,,,,,,,,,,,,,,,,,,,,,,,,,
8,,,7789,,,,,,,,,,,,,,,,,,,,,,,,,,,,,,,,,,,,0.686190128326416,,,,,,,,,,,,,,,,,,,,,,,,,,,,,,,,,,,,
8,,,7794,,,,,,,,,,,,,,,,,,,,,,,,,,,,,,,,,,,,0.3999515175819397,,,,,,,,,,,,,,,,,,,,,,,,,,,,,,,,,,,,
8,,,7799,,,,,,,,,,,,,,,,,,,,,,,,,,,,,,,,,,,,0.3052215874195099,,,,,,,,,,,,,,,,,,,,,,,,,,,,,,,,,,,,
8,,,7804,,,,,,,,,,,,,,,,,,,,,,,,,,,,,,,,,,,,0.264994353055954,,,,,,,,,,,,,,,,,,,,,,,,,,,,,,,,,,,,
8,,,7809,,,,,,,,,,,,,,,,,,,,,,,,,,,,,,,,,,,,0.4165985882282257,,,,,,,,,,,,,,,,,,,,,,,,,,,,,,,,,,,,
8,,,7814,,,,,,,,,,,,,,,,,,,,,,,,,,,,,,,,,,,,0.6006554961204529,,,,,,,,,,,,,,,,,,,,,,,,,,,,,,,,,,,,
8,,,7819,,,,,,,,,,,,,,,,,,,,,,,,,,,,,,,,,,,,0.2694213092327118,,,,,,,,,,,,,,,,,,,,,,,,,,,,,,,,,,,,
8,,,7824,,,,,,,,,,,,,,,,,,,,,,,,,,,,,,,,,,,,0.6085836291313171,,,,,,,,,,,,,,,,,,,,,,,,,,,,,,,,,,,,
8,,,7829,,,,,,,,,,,,,,,,,,,,,,,,,,,,,,,,,,,,0.41378676891326904,,,,,,,,,,,,,,,,,,,,,,,,,,,,,,,,,,,,
8,,,7834,,,,,,,,,,,,,,,,,,,,,,,,,,,,,,,,,,,,0.4149039387702942,,,,,,,,,,,,,,,,,,,,,,,,,,,,,,,,,,,,
8,,,7839,,,,,,,,,,,,,,,,,,,,,,,,,,,,,,,,,,,,0.4575360417366028,,,,,,,,,,,,,,,,,,,,,,,,,,,,,,,,,,,,
8,,,7844,,,,,,,,,,,,,,,,,,,,,,,,,,,,,,,,,,,,0.30553901195526123,,,,,,,,,,,,,,,,,,,,,,,,,,,,,,,,,,,,
8,,,7849,,,,,,,,,,,,,,,,,,,,,,,,,,,,,,,,,,,,0.6832284927368164,,,,,,,,,,,,,,,,,,,,,,,,,,,,,,,,,,,,
8,,,7854,,,,,,,,,,,,,,,,,,,,,,,,,,,,,,,,,,,,0.6694024205207825,,,,,,,,,,,,,,,,,,,,,,,,,,,,,,,,,,,,
8,,,7859,,,,,,,,,,,,,,,,,,,,,,,,,,,,,,,,,,,,0.4437739849090576,,,,,,,,,,,,,,,,,,,,,,,,,,,,,,,,,,,,
8,,,7864,,,,,,,,,,,,,,,,,,,,,,,,,,,,,,,,,,,,0.3423391580581665,,,,,,,,,,,,,,,,,,,,,,,,,,,,,,,,,,,,
8,,,7869,,,,,,,,,,,,,,,,,,,,,,,,,,,,,,,,,,,,0.4998871684074402,,,,,,,,,,,,,,,,,,,,,,,,,,,,,,,,,,,,
8,,,7874,,,,,,,,,,,,,,,,,,,,,,,,,,,,,,,,,,,,0.6204324960708618,,,,,,,,,,,,,,,,,,,,,,,,,,,,,,,,,,,,
8,,,7879,,,,,,,,,,,,,,,,,,,,,,,,,,,,,,,,,,,,0.3464616537094116,,,,,,,,,,,,,,,,,,,,,,,,,,,,,,,,,,,,
8,,,7884,,,,,,,,,,,,,,,,,,,,,,,,,,,,,,,,,,,,0.25372031331062317,,,,,,,,,,,,,,,,,,,,,,,,,,,,,,,,,,,,
8,,,7889,,,,,,,,,,,,,,,,,,,,,,,,,,,,,,,,,,,,0.3637181520462036,,,,,,,,,,,,,,,,,,,,,,,,,,,,,,,,,,,,
8,,,7894,,,,,,,,,,,,,,,,,,,,,,,,,,,,,,,,,,,,0.5638277530670166,,,,,,,,,,,,,,,,,,,,,,,,,,,,,,,,,,,,
8,,,7899,,,,,,,,,,,,,,,,,,,,,,,,,,,,,,,,,,,,0.4302522540092468,,,,,,,,,,,,,,,,,,,,,,,,,,,,,,,,,,,,
8,,,7904,,,,,,,,,,,,,,,,,,,,,,,,,,,,,,,,,,,,0.7136090993881226,,,,,,,,,,,,,,,,,,,,,,,,,,,,,,,,,,,,
8,,,7909,,,,,,,,,,,,,,,,,,,,,,,,,,,,,,,,,,,,0.5326642990112305,,,,,,,,,,,,,,,,,,,,,,,,,,,,,,,,,,,,
8,,,7914,,,,,,,,,,,,,,,,,,,,,,,,,,,,,,,,,,,,0.645514965057373,,,,,,,,,,,,,,,,,,,,,,,,,,,,,,,,,,,,
8,,,7919,,,,,,,,,,,,,,,,,,,,,,,,,,,,,,,,,,,,0.2743498682975769,,,,,,,,,,,,,,,,,,,,,,,,,,,,,,,,,,,,
8,,,7924,,,,,,,,,,,,,,,,,,,,,,,,,,,,,,,,,,,,0.23196205496788025,,,,,,,,,,,,,,,,,,,,,,,,,,,,,,,,,,,,
8,,,7929,,,,,,,,,,,,,,,,,,,,,,,,,,,,,,,,,,,,0.23254482448101044,,,,,,,,,,,,,,,,,,,,,,,,,,,,,,,,,,,,
8,,,7934,,,,,,,,,,,,,,,,,,,,,,,,,,,,,,,,,,,,0.2974960207939148,,,,,,,,,,,,,,,,,,,,,,,,,,,,,,,,,,,,
8,,,7939,,,,,,,,,,,,,,,,,,,,,,,,,,,,,,,,,,,,0.2696692943572998,,,,,,,,,,,,,,,,,,,,,,,,,,,,,,,,,,,,
8,,,7944,,,,,,,,,,,,,,,,,,,,,,,,,,,,,,,,,,,,0.5483593940734863,,,,,,,,,,,,,,,,,,,,,,,,,,,,,,,,,,,,
8,,,7949,,,,,,,,,,,,,,,,,,,,,,,,,,,,,,,,,,,,0.6982970237731934,,,,,,,,,,,,,,,,,,,,,,,,,,,,,,,,,,,,
8,,,7954,,,,,,,,,,,,,,,,,,,,,,,,,,,,,,,,,,,,0.5958248972892761,,,,,,,,,,,,,,,,,,,,,,,,,,,,,,,,,,,,
8,,,7959,,,,,,,,,,,,,,,,,,,,,,,,,,,,,,,,,,,,0.4460841417312622,,,,,,,,,,,,,,,,,,,,,,,,,,,,,,,,,,,,
8,,,7964,,,,,,,,,,,,,,,,,,,,,,,,,,,,,,,,,,,,0.4485260248184204,,,,,,,,,,,,,,,,,,,,,,,,,,,,,,,,,,,,
8,,,7969,,,,,,,,,,,,,,,,,,,,,,,,,,,,,,,,,,,,0.5110396146774292,,,,,,,,,,,,,,,,,,,,,,,,,,,,,,,,,,,,
8,,,7974,,,,,,,,,,,,,,,,,,,,,,,,,,,,,,,,,,,,0.2969948351383209,,,,,,,,,,,,,,,,,,,,,,,,,,,,,,,,,,,,
8,,,7979,,,,,,,,,,,,,,,,,,,,,,,,,,,,,,,,,,,,0.5348966121673584,,,,,,,,,,,,,,,,,,,,,,,,,,,,,,,,,,,,
8,,,7984,,,,,,,,,,,,,,,,,,,,,,,,,,,,,,,,,,,,0.47229522466659546,,,,,,,,,,,,,,,,,,,,,,,,,,,,,,,,,,,,
8,,,7989,,,,,,,,,,,,,,,,,,,,,,,,,,,,,,,,,,,,0.26339009404182434,,,,,,,,,,,,,,,,,,,,,,,,,,,,,,,,,,,,
8,,,7994,,,,,,,,,,,,,,,,,,,,,,,,,,,,,,,,,,,,0.6434112191200256,,,,,,,,,,,,,,,,,,,,,,,,,,,,,,,,,,,,
8,,,7999,,,,,,,,,,,,,,,,,,,,,,,,,,,,,,,,,,,,0.31304699182510376,,,,,,,,,,,,,,,,,,,,,,,,,,,,,,,,,,,,
8,,,8004,,,,,,,,,,,,,,,,,,,,,,,,,,,,,,,,,,,,0.25862354040145874,,,,,,,,,,,,,,,,,,,,,,,,,,,,,,,,,,,,
8,,,8009,,,,,,,,,,,,,,,,,,,,,,,,,,,,,,,,,,,,0.2771117687225342,,,,,,,,,,,,,,,,,,,,,,,,,,,,,,,,,,,,
8,,,8014,,,,,,,,,,,,,,,,,,,,,,,,,,,,,,,,,,,,0.5121138095855713,,,,,,,,,,,,,,,,,,,,,,,,,,,,,,,,,,,,
8,,,8019,,,,,,,,,,,,,,,,,,,,,,,,,,,,,,,,,,,,0.3323427736759186,,,,,,,,,,,,,,,,,,,,,,,,,,,,,,,,,,,,
8,,,8024,,,,,,,,,,,,,,,,,,,,,,,,,,,,,,,,,,,,0.3105490207672119,,,,,,,,,,,,,,,,,,,,,,,,,,,,,,,,,,,,
8,,,8029,,,,,,,,,,,,,,,,,,,,,,,,,,,,,,,,,,,,0.6788913607597351,,,,,,,,,,,,,,,,,,,,,,,,,,,,,,,,,,,,
8,,,8034,,,,,,,,,,,,,,,,,,,,,,,,,,,,,,,,,,,,0.3749452531337738,,,,,,,,,,,,,,,,,,,,,,,,,,,,,,,,,,,,
8,,,8039,,,,,,,,,,,,,,,,,,,,,,,,,,,,,,,,,,,,0.5718832015991211,,,,,,,,,,,,,,,,,,,,,,,,,,,,,,,,,,,,
8,,,8044,,,,,,,,,,,,,,,,,,,,,,,,,,,,,,,,,,,,0.6593568921089172,,,,,,,,,,,,,,,,,,,,,,,,,,,,,,,,,,,,
8,,,8049,,,,,,,,,,,,,,,,,,,,,,,,,,,,,,,,,,,,0.702364444732666,,,,,,,,,,,,,,,,,,,,,,,,,,,,,,,,,,,,
8,,,8054,,,,,,,,,,,,,,,,,,,,,,,,,,,,,,,,,,,,0.6195553541183472,,,,,,,,,,,,,,,,,,,,,,,,,,,,,,,,,,,,
8,,,8059,,,,,,,,,,,,,,,,,,,,,,,,,,,,,,,,,,,,0.31383877992630005,,,,,,,,,,,,,,,,,,,,,,,,,,,,,,,,,,,,
8,,,8064,,,,,,,,,,,,,,,,,,,,,,,,,,,,,,,,,,,,0.31872159242630005,,,,,,,,,,,,,,,,,,,,,,,,,,,,,,,,,,,,
8,,,8069,,,,,,,,,,,,,,,,,,,,,,,,,,,,,,,,,,,,0.24875280261039734,,,,,,,,,,,,,,,,,,,,,,,,,,,,,,,,,,,,
8,,,8074,,,,,,,,,,,,,,,,,,,,,,,,,,,,,,,,,,,,0.34855109453201294,,,,,,,,,,,,,,,,,,,,,,,,,,,,,,,,,,,,
8,,,8079,,,,,,,,,,,,,,,,,,,,,,,,,,,,,,,,,,,,0.6077550053596497,,,,,,,,,,,,,,,,,,,,,,,,,,,,,,,,,,,,
8,,,8084,,,,,,,,,,,,,,,,,,,,,,,,,,,,,,,,,,,,0.3383069634437561,,,,,,,,,,,,,,,,,,,,,,,,,,,,,,,,,,,,
8,,,8089,,,,,,,,,,,,,,,,,,,,,,,,,,,,,,,,,,,,0.6043484807014465,,,,,,,,,,,,,,,,,,,,,,,,,,,,,,,,,,,,
8,,,8094,,,,,,,,,,,,,,,,,,,,,,,,,,,,,,,,,,,,0.3178075850009918,,,,,,,,,,,,,,,,,,,,,,,,,,,,,,,,,,,,
8,,,8099,,,,,,,,,,,,,,,,,,,,,,,,,,,,,,,,,,,,0.6329277157783508,,,,,,,,,,,,,,,,,,,,,,,,,,,,,,,,,,,,
8,,,8104,,,,,,,,,,,,,,,,,,,,,,,,,,,,,,,,,,,,0.21708479523658752,,,,,,,,,,,,,,,,,,,,,,,,,,,,,,,,,,,,
8,,,8109,,,,,,,,,,,,,,,,,,,,,,,,,,,,,,,,,,,,0.5540057420730591,,,,,,,,,,,,,,,,,,,,,,,,,,,,,,,,,,,,
8,,,8114,,,,,,,,,,,,,,,,,,,,,,,,,,,,,,,,,,,,0.592552900314331,,,,,,,,,,,,,,,,,,,,,,,,,,,,,,,,,,,,
8,,,8119,,,,,,,,,,,,,,,,,,,,,,,,,,,,,,,,,,,,0.3156208097934723,,,,,,,,,,,,,,,,,,,,,,,,,,,,,,,,,,,,
8,,,8124,,,,,,,,,,,,,,,,,,,,,,,,,,,,,,,,,,,,0.24184581637382507,,,,,,,,,,,,,,,,,,,,,,,,,,,,,,,,,,,,
8,,,8129,,,,,,,,,,,,,,,,,,,,,,,,,,,,,,,,,,,,0.5896748304367065,,,,,,,,,,,,,,,,,,,,,,,,,,,,,,,,,,,,
8,,,8134,,,,,,,,,,,,,,,,,,,,,,,,,,,,,,,,,,,,0.31529587507247925,,,,,,,,,,,,,,,,,,,,,,,,,,,,,,,,,,,,
8,,,8139,,,,,,,,,,,,,,,,,,,,,,,,,,,,,,,,,,,,0.6654205322265625,,,,,,,,,,,,,,,,,,,,,,,,,,,,,,,,,,,,
8,,,8144,,,,,,,,,,,,,,,,,,,,,,,,,,,,,,,,,,,,0.6680490970611572,,,,,,,,,,,,,,,,,,,,,,,,,,,,,,,,,,,,
8,,,8149,,,,,,,,,,,,,,,,,,,,,,,,,,,,,,,,,,,,0.6250316500663757,,,,,,,,,,,,,,,,,,,,,,,,,,,,,,,,,,,,
8,,,8154,,,,,,,,,,,,,,,,,,,,,,,,,,,,,,,,,,,,0.3395954966545105,,,,,,,,,,,,,,,,,,,,,,,,,,,,,,,,,,,,
8,,,8159,,,,,,,,,,,,,,,,,,,,,,,,,,,,,,,,,,,,0.38694995641708374,,,,,,,,,,,,,,,,,,,,,,,,,,,,,,,,,,,,
8,,,8164,,,,,,,,,,,,,,,,,,,,,,,,,,,,,,,,,,,,0.5471303462982178,,,,,,,,,,,,,,,,,,,,,,,,,,,,,,,,,,,,
8,,,8169,,,,,,,,,,,,,,,,,,,,,,,,,,,,,,,,,,,,0.32132744789123535,,,,,,,,,,,,,,,,,,,,,,,,,,,,,,,,,,,,
8,,,8174,,,,,,,,,,,,,,,,,,,,,,,,,,,,,,,,,,,,0.35645604133605957,,,,,,,,,,,,,,,,,,,,,,,,,,,,,,,,,,,,
8,,,8179,,,,,,,,,,,,,,,,,,,,,,,,,,,,,,,,,,,,0.32036343216896057,,,,,,,,,,,,,,,,,,,,,,,,,,,,,,,,,,,,
8,,,8184,,,,,,,,,,,,,,,,,,,,,,,,,,,,,,,,,,,,0.3077883720397949,,,,,,,,,,,,,,,,,,,,,,,,,,,,,,,,,,,,
8,,,8189,,,,,,,,,,,,,,,,,,,,,,,,,,,,,,,,,,,,0.48886293172836304,,,,,,,,,,,,,,,,,,,,,,,,,,,,,,,,,,,,
8,,,8194,,,,,,,,,,,,,,,,,,,,,,,,,,,,,,,,,,,,0.569942057132721,,,,,,,,,,,,,,,,,,,,,,,,,,,,,,,,,,,,
8,,,8199,,,,,,,,,,,,,,,,,,,,,,,,,,,,,,,,,,,,0.46011054515838623,,,,,,,,,,,,,,,,,,,,,,,,,,,,,,,,,,,,
8,,,8204,,,,,,,,,,,,,,,,,,,,,,,,,,,,,,,,,,,,0.3033362925052643,,,,,,,,,,,,,,,,,,,,,,,,,,,,,,,,,,,,
8,,,8209,,,,,,,,,,,,,,,,,,,,,,,,,,,,,,,,,,,,0.4304683208465576,,,,,,,,,,,,,,,,,,,,,,,,,,,,,,,,,,,,
8,,,8214,,,,,,,,,,,,,,,,,,,,,,,,,,,,,,,,,,,,0.35583746433258057,,,,,,,,,,,,,,,,,,,,,,,,,,,,,,,,,,,,
8,,,8219,,,,,,,,,,,,,,,,,,,,,,,,,,,,,,,,,,,,0.2691563069820404,,,,,,,,,,,,,,,,,,,,,,,,,,,,,,,,,,,,
8,,,8224,,,,,,,,,,,,,,,,,,,,,,,,,,,,,,,,,,,,0.39271464943885803,,,,,,,,,,,,,,,,,,,,,,,,,,,,,,,,,,,,
8,,,8229,,,,,,,,,,,,,,,,,,,,,,,,,,,,,,,,,,,,0.50542151927948,,,,,,,,,,,,,,,,,,,,,,,,,,,,,,,,,,,,
8,,,8234,,,,,,,,,,,,,,,,,,,,,,,,,,,,,,,,,,,,0.634432852268219,,,,,,,,,,,,,,,,,,,,,,,,,,,,,,,,,,,,
8,,,8239,,,,,,,,,,,,,,,,,,,,,,,,,,,,,,,,,,,,0.2440090775489807,,,,,,,,,,,,,,,,,,,,,,,,,,,,,,,,,,,,
8,,,8244,,,,,,,,,,,,,,,,,,,,,,,,,,,,,,,,,,,,0.6355788111686707,,,,,,,,,,,,,,,,,,,,,,,,,,,,,,,,,,,,
8,,,8249,,,,,,,,,,,,,,,,,,,,,,,,,,,,,,,,,,,,0.6169266700744629,,,,,,,,,,,,,,,,,,,,,,,,,,,,,,,,,,,,
8,,,8254,,,,,,,,,,,,,,,,,,,,,,,,,,,,,,,,,,,,0.3622542917728424,,,,,,,,,,,,,,,,,,,,,,,,,,,,,,,,,,,,
8,,,8259,,,,,,,,,,,,,,,,,,,,,,,,,,,,,,,,,,,,0.43195024132728577,,,,,,,,,,,,,,,,,,,,,,,,,,,,,,,,,,,,
8,,,8264,,,,,,,,,,,,,,,,,,,,,,,,,,,,,,,,,,,,0.6554853320121765,,,,,,,,,,,,,,,,,,,,,,,,,,,,,,,,,,,,
8,,,8269,,,,,,,,,,,,,,,,,,,,,,,,,,,,,,,,,,,,0.45224568247795105,,,,,,,,,,,,,,,,,,,,,,,,,,,,,,,,,,,,
8,,,8274,,,,,,,,,,,,,,,,,,,,,,,,,,,,,,,,,,,,0.675975501537323,,,,,,,,,,,,,,,,,,,,,,,,,,,,,,,,,,,,
8,,,8279,,,,,,,,,,,,,,,,,,,,,,,,,,,,,,,,,,,,0.4750586152076721,,,,,,,,,,,,,,,,,,,,,,,,,,,,,,,,,,,,
8,,,8284,,,,,,,,,,,,,,,,,,,,,,,,,,,,,,,,,,,,0.6942451596260071,,,,,,,,,,,,,,,,,,,,,,,,,,,,,,,,,,,,
8,,,8288,,,,,,,,,,,,,,,,,,,,,,,,,,,,,,,,,,,,,0.7540360689163208,0.741002082824707,0.6378122568130493,0.7301272749900818,0.7540360689163208,0.0,0.8987891674041748,0.8081132769584656,0.9415977597236633,0.3676441013813019,0.0,0.8930068016052246,0.8231713771820068,0.9171497225761414,0.33068037033081055,0.0,0.806695818901062,0.6994827389717102,0.8469774723052979,0.19809290766716003,0.0,0.8872982859611511,0.8388012051582336,0.893939197063446,0.3004704415798187,0.0,0.8987891674041748,0.8081132769584656,0.9415977597236633,0.3676441013813019,0.856802761554718,0.856802761554718,0.7494792938232422,0.856802761554718,0.856802761554718,0.4989278316497803
8,,,8288,0.742214560508728,0.7246320247650146,0.6200257539749146,0.7100222706794739,0.742214560508728,0.0,0.8657662868499756,0.8373852372169495,0.9331656098365784,0.3325411081314087,0.0,0.8823840618133545,0.8207045197486877,0.9032418131828308,0.29219770431518555,0.0,0.7895235419273376,0.6959276795387268,0.8235560059547424,0.17109574377536774,0.0,0.8996523022651672,0.8046752214431763,0.8751775026321411,0.2605840265750885,0.0,0.8657662868499756,0.8373852372169495,0.9331656098365784,0.3325411081314087,0.8472004532814026,0.8472004532814026,0.7349069714546204,0.8472004532814026,0.8472004532814026,,,,,,,,,,,,,,,,,,,,,,,,,,,,,,,,,,,,,
,1e-05,0.0001,8289,,,,,,,,,,,,,,,,,,,,,,,,,,,,,,,,,,,,,,,,,,,,,,,,,,,,,,,,,,,,,,,,,,,,,,,,
9,,,8289,,,,,,,,,,,,,,,,,,,,,,,,,,,,,,,,,,,,0.7019777894020081,,,,,,,,,,,,,,,,,,,,,,,,,,,,,,,,,,,,
9,,,8294,,,,,,,,,,,,,,,,,,,,,,,,,,,,,,,,,,,,0.33268386125564575,,,,,,,,,,,,,,,,,,,,,,,,,,,,,,,,,,,,
9,,,8299,,,,,,,,,,,,,,,,,,,,,,,,,,,,,,,,,,,,0.677988588809967,,,,,,,,,,,,,,,,,,,,,,,,,,,,,,,,,,,,
9,,,8304,,,,,,,,,,,,,,,,,,,,,,,,,,,,,,,,,,,,0.6928963661193848,,,,,,,,,,,,,,,,,,,,,,,,,,,,,,,,,,,,
9,,,8309,,,,,,,,,,,,,,,,,,,,,,,,,,,,,,,,,,,,0.29443633556365967,,,,,,,,,,,,,,,,,,,,,,,,,,,,,,,,,,,,
9,,,8314,,,,,,,,,,,,,,,,,,,,,,,,,,,,,,,,,,,,0.38887152075767517,,,,,,,,,,,,,,,,,,,,,,,,,,,,,,,,,,,,
9,,,8319,,,,,,,,,,,,,,,,,,,,,,,,,,,,,,,,,,,,0.43227213621139526,,,,,,,,,,,,,,,,,,,,,,,,,,,,,,,,,,,,
9,,,8324,,,,,,,,,,,,,,,,,,,,,,,,,,,,,,,,,,,,0.6571584939956665,,,,,,,,,,,,,,,,,,,,,,,,,,,,,,,,,,,,
9,,,8329,,,,,,,,,,,,,,,,,,,,,,,,,,,,,,,,,,,,0.7030794620513916,,,,,,,,,,,,,,,,,,,,,,,,,,,,,,,,,,,,
9,,,8334,,,,,,,,,,,,,,,,,,,,,,,,,,,,,,,,,,,,0.36653968691825867,,,,,,,,,,,,,,,,,,,,,,,,,,,,,,,,,,,,
9,,,8339,,,,,,,,,,,,,,,,,,,,,,,,,,,,,,,,,,,,0.4694395065307617,,,,,,,,,,,,,,,,,,,,,,,,,,,,,,,,,,,,
9,,,8344,,,,,,,,,,,,,,,,,,,,,,,,,,,,,,,,,,,,0.6341115236282349,,,,,,,,,,,,,,,,,,,,,,,,,,,,,,,,,,,,
9,,,8349,,,,,,,,,,,,,,,,,,,,,,,,,,,,,,,,,,,,0.3676877021789551,,,,,,,,,,,,,,,,,,,,,,,,,,,,,,,,,,,,
9,,,8354,,,,,,,,,,,,,,,,,,,,,,,,,,,,,,,,,,,,0.6629114151000977,,,,,,,,,,,,,,,,,,,,,,,,,,,,,,,,,,,,
9,,,8359,,,,,,,,,,,,,,,,,,,,,,,,,,,,,,,,,,,,0.28319862484931946,,,,,,,,,,,,,,,,,,,,,,,,,,,,,,,,,,,,
9,,,8364,,,,,,,,,,,,,,,,,,,,,,,,,,,,,,,,,,,,0.3090801239013672,,,,,,,,,,,,,,,,,,,,,,,,,,,,,,,,,,,,
9,,,8369,,,,,,,,,,,,,,,,,,,,,,,,,,,,,,,,,,,,0.3113657832145691,,,,,,,,,,,,,,,,,,,,,,,,,,,,,,,,,,,,
9,,,8374,,,,,,,,,,,,,,,,,,,,,,,,,,,,,,,,,,,,0.18877480924129486,,,,,,,,,,,,,,,,,,,,,,,,,,,,,,,,,,,,
9,,,8379,,,,,,,,,,,,,,,,,,,,,,,,,,,,,,,,,,,,0.303081214427948,,,,,,,,,,,,,,,,,,,,,,,,,,,,,,,,,,,,
9,,,8384,,,,,,,,,,,,,,,,,,,,,,,,,,,,,,,,,,,,0.3515705466270447,,,,,,,,,,,,,,,,,,,,,,,,,,,,,,,,,,,,
9,,,8389,,,,,,,,,,,,,,,,,,,,,,,,,,,,,,,,,,,,0.26292410492897034,,,,,,,,,,,,,,,,,,,,,,,,,,,,,,,,,,,,
9,,,8394,,,,,,,,,,,,,,,,,,,,,,,,,,,,,,,,,,,,0.2901265025138855,,,,,,,,,,,,,,,,,,,,,,,,,,,,,,,,,,,,
9,,,8399,,,,,,,,,,,,,,,,,,,,,,,,,,,,,,,,,,,,0.24862653017044067,,,,,,,,,,,,,,,,,,,,,,,,,,,,,,,,,,,,
9,,,8404,,,,,,,,,,,,,,,,,,,,,,,,,,,,,,,,,,,,0.4428274631500244,,,,,,,,,,,,,,,,,,,,,,,,,,,,,,,,,,,,
9,,,8409,,,,,,,,,,,,,,,,,,,,,,,,,,,,,,,,,,,,0.2706998288631439,,,,,,,,,,,,,,,,,,,,,,,,,,,,,,,,,,,,
9,,,8414,,,,,,,,,,,,,,,,,,,,,,,,,,,,,,,,,,,,0.3385494351387024,,,,,,,,,,,,,,,,,,,,,,,,,,,,,,,,,,,,
9,,,8419,,,,,,,,,,,,,,,,,,,,,,,,,,,,,,,,,,,,0.6386003494262695,,,,,,,,,,,,,,,,,,,,,,,,,,,,,,,,,,,,
9,,,8424,,,,,,,,,,,,,,,,,,,,,,,,,,,,,,,,,,,,0.40619486570358276,,,,,,,,,,,,,,,,,,,,,,,,,,,,,,,,,,,,
9,,,8429,,,,,,,,,,,,,,,,,,,,,,,,,,,,,,,,,,,,0.33772769570350647,,,,,,,,,,,,,,,,,,,,,,,,,,,,,,,,,,,,
9,,,8434,,,,,,,,,,,,,,,,,,,,,,,,,,,,,,,,,,,,0.6289029717445374,,,,,,,,,,,,,,,,,,,,,,,,,,,,,,,,,,,,
9,,,8439,,,,,,,,,,,,,,,,,,,,,,,,,,,,,,,,,,,,0.45917415618896484,,,,,,,,,,,,,,,,,,,,,,,,,,,,,,,,,,,,
9,,,8444,,,,,,,,,,,,,,,,,,,,,,,,,,,,,,,,,,,,0.6572663187980652,,,,,,,,,,,,,,,,,,,,,,,,,,,,,,,,,,,,
9,,,8449,,,,,,,,,,,,,,,,,,,,,,,,,,,,,,,,,,,,0.5737055540084839,,,,,,,,,,,,,,,,,,,,,,,,,,,,,,,,,,,,
9,,,8454,,,,,,,,,,,,,,,,,,,,,,,,,,,,,,,,,,,,0.38865888118743896,,,,,,,,,,,,,,,,,,,,,,,,,,,,,,,,,,,,
9,,,8459,,,,,,,,,,,,,,,,,,,,,,,,,,,,,,,,,,,,0.309402734041214,,,,,,,,,,,,,,,,,,,,,,,,,,,,,,,,,,,,
9,,,8464,,,,,,,,,,,,,,,,,,,,,,,,,,,,,,,,,,,,0.3050220012664795,,,,,,,,,,,,,,,,,,,,,,,,,,,,,,,,,,,,
9,,,8469,,,,,,,,,,,,,,,,,,,,,,,,,,,,,,,,,,,,0.2886861562728882,,,,,,,,,,,,,,,,,,,,,,,,,,,,,,,,,,,,
9,,,8474,,,,,,,,,,,,,,,,,,,,,,,,,,,,,,,,,,,,0.4401788115501404,,,,,,,,,,,,,,,,,,,,,,,,,,,,,,,,,,,,
9,,,8479,,,,,,,,,,,,,,,,,,,,,,,,,,,,,,,,,,,,0.2475271224975586,,,,,,,,,,,,,,,,,,,,,,,,,,,,,,,,,,,,
9,,,8484,,,,,,,,,,,,,,,,,,,,,,,,,,,,,,,,,,,,0.30191662907600403,,,,,,,,,,,,,,,,,,,,,,,,,,,,,,,,,,,,
9,,,8489,,,,,,,,,,,,,,,,,,,,,,,,,,,,,,,,,,,,0.6853997707366943,,,,,,,,,,,,,,,,,,,,,,,,,,,,,,,,,,,,
9,,,8494,,,,,,,,,,,,,,,,,,,,,,,,,,,,,,,,,,,,0.3122619390487671,,,,,,,,,,,,,,,,,,,,,,,,,,,,,,,,,,,,
9,,,8499,,,,,,,,,,,,,,,,,,,,,,,,,,,,,,,,,,,,0.38826170563697815,,,,,,,,,,,,,,,,,,,,,,,,,,,,,,,,,,,,
9,,,8504,,,,,,,,,,,,,,,,,,,,,,,,,,,,,,,,,,,,0.3887357711791992,,,,,,,,,,,,,,,,,,,,,,,,,,,,,,,,,,,,
9,,,8509,,,,,,,,,,,,,,,,,,,,,,,,,,,,,,,,,,,,0.728101372718811,,,,,,,,,,,,,,,,,,,,,,,,,,,,,,,,,,,,
9,,,8514,,,,,,,,,,,,,,,,,,,,,,,,,,,,,,,,,,,,0.4028250575065613,,,,,,,,,,,,,,,,,,,,,,,,,,,,,,,,,,,,
9,,,8519,,,,,,,,,,,,,,,,,,,,,,,,,,,,,,,,,,,,0.31002992391586304,,,,,,,,,,,,,,,,,,,,,,,,,,,,,,,,,,,,
9,,,8524,,,,,,,,,,,,,,,,,,,,,,,,,,,,,,,,,,,,0.7024170160293579,,,,,,,,,,,,,,,,,,,,,,,,,,,,,,,,,,,,
9,,,8529,,,,,,,,,,,,,,,,,,,,,,,,,,,,,,,,,,,,0.31974494457244873,,,,,,,,,,,,,,,,,,,,,,,,,,,,,,,,,,,,
9,,,8534,,,,,,,,,,,,,,,,,,,,,,,,,,,,,,,,,,,,0.3299252390861511,,,,,,,,,,,,,,,,,,,,,,,,,,,,,,,,,,,,
9,,,8539,,,,,,,,,,,,,,,,,,,,,,,,,,,,,,,,,,,,0.28172093629837036,,,,,,,,,,,,,,,,,,,,,,,,,,,,,,,,,,,,
9,,,8544,,,,,,,,,,,,,,,,,,,,,,,,,,,,,,,,,,,,0.3093251883983612,,,,,,,,,,,,,,,,,,,,,,,,,,,,,,,,,,,,
9,,,8549,,,,,,,,,,,,,,,,,,,,,,,,,,,,,,,,,,,,0.33063653111457825,,,,,,,,,,,,,,,,,,,,,,,,,,,,,,,,,,,,
9,,,8554,,,,,,,,,,,,,,,,,,,,,,,,,,,,,,,,,,,,0.5555242896080017,,,,,,,,,,,,,,,,,,,,,,,,,,,,,,,,,,,,
9,,,8559,,,,,,,,,,,,,,,,,,,,,,,,,,,,,,,,,,,,0.6506385207176208,,,,,,,,,,,,,,,,,,,,,,,,,,,,,,,,,,,,
9,,,8564,,,,,,,,,,,,,,,,,,,,,,,,,,,,,,,,,,,,0.6987123489379883,,,,,,,,,,,,,,,,,,,,,,,,,,,,,,,,,,,,
9,,,8569,,,,,,,,,,,,,,,,,,,,,,,,,,,,,,,,,,,,0.3031694293022156,,,,,,,,,,,,,,,,,,,,,,,,,,,,,,,,,,,,
9,,,8574,,,,,,,,,,,,,,,,,,,,,,,,,,,,,,,,,,,,0.33070993423461914,,,,,,,,,,,,,,,,,,,,,,,,,,,,,,,,,,,,
9,,,8579,,,,,,,,,,,,,,,,,,,,,,,,,,,,,,,,,,,,0.22024895250797272,,,,,,,,,,,,,,,,,,,,,,,,,,,,,,,,,,,,
9,,,8584,,,,,,,,,,,,,,,,,,,,,,,,,,,,,,,,,,,,0.2364952266216278,,,,,,,,,,,,,,,,,,,,,,,,,,,,,,,,,,,,
9,,,8589,,,,,,,,,,,,,,,,,,,,,,,,,,,,,,,,,,,,0.7131341099739075,,,,,,,,,,,,,,,,,,,,,,,,,,,,,,,,,,,,
9,,,8594,,,,,,,,,,,,,,,,,,,,,,,,,,,,,,,,,,,,0.53178870677948,,,,,,,,,,,,,,,,,,,,,,,,,,,,,,,,,,,,
9,,,8599,,,,,,,,,,,,,,,,,,,,,,,,,,,,,,,,,,,,0.440168559551239,,,,,,,,,,,,,,,,,,,,,,,,,,,,,,,,,,,,
9,,,8604,,,,,,,,,,,,,,,,,,,,,,,,,,,,,,,,,,,,0.32907187938690186,,,,,,,,,,,,,,,,,,,,,,,,,,,,,,,,,,,,
9,,,8609,,,,,,,,,,,,,,,,,,,,,,,,,,,,,,,,,,,,0.34273988008499146,,,,,,,,,,,,,,,,,,,,,,,,,,,,,,,,,,,,
9,,,8614,,,,,,,,,,,,,,,,,,,,,,,,,,,,,,,,,,,,0.3401222229003906,,,,,,,,,,,,,,,,,,,,,,,,,,,,,,,,,,,,
9,,,8619,,,,,,,,,,,,,,,,,,,,,,,,,,,,,,,,,,,,0.27787113189697266,,,,,,,,,,,,,,,,,,,,,,,,,,,,,,,,,,,,
9,,,8624,,,,,,,,,,,,,,,,,,,,,,,,,,,,,,,,,,,,0.6126731038093567,,,,,,,,,,,,,,,,,,,,,,,,,,,,,,,,,,,,
9,,,8629,,,,,,,,,,,,,,,,,,,,,,,,,,,,,,,,,,,,0.35117512941360474,,,,,,,,,,,,,,,,,,,,,,,,,,,,,,,,,,,,
9,,,8634,,,,,,,,,,,,,,,,,,,,,,,,,,,,,,,,,,,,0.28498873114585876,,,,,,,,,,,,,,,,,,,,,,,,,,,,,,,,,,,,
9,,,8639,,,,,,,,,,,,,,,,,,,,,,,,,,,,,,,,,,,,0.3802163600921631,,,,,,,,,,,,,,,,,,,,,,,,,,,,,,,,,,,,
9,,,8644,,,,,,,,,,,,,,,,,,,,,,,,,,,,,,,,,,,,0.637043833732605,,,,,,,,,,,,,,,,,,,,,,,,,,,,,,,,,,,,
9,,,8649,,,,,,,,,,,,,,,,,,,,,,,,,,,,,,,,,,,,0.35212433338165283,,,,,,,,,,,,,,,,,,,,,,,,,,,,,,,,,,,,
9,,,8654,,,,,,,,,,,,,,,,,,,,,,,,,,,,,,,,,,,,0.6451815962791443,,,,,,,,,,,,,,,,,,,,,,,,,,,,,,,,,,,,
9,,,8659,,,,,,,,,,,,,,,,,,,,,,,,,,,,,,,,,,,,0.7170860767364502,,,,,,,,,,,,,,,,,,,,,,,,,,,,,,,,,,,,
9,,,8664,,,,,,,,,,,,,,,,,,,,,,,,,,,,,,,,,,,,0.48393580317497253,,,,,,,,,,,,,,,,,,,,,,,,,,,,,,,,,,,,
9,,,8669,,,,,,,,,,,,,,,,,,,,,,,,,,,,,,,,,,,,0.6789900064468384,,,,,,,,,,,,,,,,,,,,,,,,,,,,,,,,,,,,
9,,,8674,,,,,,,,,,,,,,,,,,,,,,,,,,,,,,,,,,,,0.6709006428718567,,,,,,,,,,,,,,,,,,,,,,,,,,,,,,,,,,,,
9,,,8679,,,,,,,,,,,,,,,,,,,,,,,,,,,,,,,,,,,,0.2943974435329437,,,,,,,,,,,,,,,,,,,,,,,,,,,,,,,,,,,,
9,,,8684,,,,,,,,,,,,,,,,,,,,,,,,,,,,,,,,,,,,0.34526297450065613,,,,,,,,,,,,,,,,,,,,,,,,,,,,,,,,,,,,
9,,,8689,,,,,,,,,,,,,,,,,,,,,,,,,,,,,,,,,,,,0.3193613886833191,,,,,,,,,,,,,,,,,,,,,,,,,,,,,,,,,,,,
9,,,8694,,,,,,,,,,,,,,,,,,,,,,,,,,,,,,,,,,,,0.6486459374427795,,,,,,,,,,,,,,,,,,,,,,,,,,,,,,,,,,,,
9,,,8699,,,,,,,,,,,,,,,,,,,,,,,,,,,,,,,,,,,,0.4619717001914978,,,,,,,,,,,,,,,,,,,,,,,,,,,,,,,,,,,,
9,,,8704,,,,,,,,,,,,,,,,,,,,,,,,,,,,,,,,,,,,0.25401341915130615,,,,,,,,,,,,,,,,,,,,,,,,,,,,,,,,,,,,
9,,,8709,,,,,,,,,,,,,,,,,,,,,,,,,,,,,,,,,,,,0.23408782482147217,,,,,,,,,,,,,,,,,,,,,,,,,,,,,,,,,,,,
9,,,8714,,,,,,,,,,,,,,,,,,,,,,,,,,,,,,,,,,,,0.25431060791015625,,,,,,,,,,,,,,,,,,,,,,,,,,,,,,,,,,,,
9,,,8719,,,,,,,,,,,,,,,,,,,,,,,,,,,,,,,,,,,,0.27961111068725586,,,,,,,,,,,,,,,,,,,,,,,,,,,,,,,,,,,,
9,,,8724,,,,,,,,,,,,,,,,,,,,,,,,,,,,,,,,,,,,0.6554741263389587,,,,,,,,,,,,,,,,,,,,,,,,,,,,,,,,,,,,
9,,,8729,,,,,,,,,,,,,,,,,,,,,,,,,,,,,,,,,,,,0.4797936677932739,,,,,,,,,,,,,,,,,,,,,,,,,,,,,,,,,,,,
9,,,8734,,,,,,,,,,,,,,,,,,,,,,,,,,,,,,,,,,,,0.6783508658409119,,,,,,,,,,,,,,,,,,,,,,,,,,,,,,,,,,,,
9,,,8739,,,,,,,,,,,,,,,,,,,,,,,,,,,,,,,,,,,,0.35172271728515625,,,,,,,,,,,,,,,,,,,,,,,,,,,,,,,,,,,,
9,,,8744,,,,,,,,,,,,,,,,,,,,,,,,,,,,,,,,,,,,0.6798536777496338,,,,,,,,,,,,,,,,,,,,,,,,,,,,,,,,,,,,
9,,,8749,,,,,,,,,,,,,,,,,,,,,,,,,,,,,,,,,,,,0.44010788202285767,,,,,,,,,,,,,,,,,,,,,,,,,,,,,,,,,,,,
9,,,8754,,,,,,,,,,,,,,,,,,,,,,,,,,,,,,,,,,,,0.6886277794837952,,,,,,,,,,,,,,,,,,,,,,,,,,,,,,,,,,,,
9,,,8759,,,,,,,,,,,,,,,,,,,,,,,,,,,,,,,,,,,,0.658068060874939,,,,,,,,,,,,,,,,,,,,,,,,,,,,,,,,,,,,
9,,,8764,,,,,,,,,,,,,,,,,,,,,,,,,,,,,,,,,,,,0.6952002048492432,,,,,,,,,,,,,,,,,,,,,,,,,,,,,,,,,,,,
9,,,8769,,,,,,,,,,,,,,,,,,,,,,,,,,,,,,,,,,,,0.6423935890197754,,,,,,,,,,,,,,,,,,,,,,,,,,,,,,,,,,,,
9,,,8774,,,,,,,,,,,,,,,,,,,,,,,,,,,,,,,,,,,,0.6685618162155151,,,,,,,,,,,,,,,,,,,,,,,,,,,,,,,,,,,,
9,,,8779,,,,,,,,,,,,,,,,,,,,,,,,,,,,,,,,,,,,0.5065565705299377,,,,,,,,,,,,,,,,,,,,,,,,,,,,,,,,,,,,
9,,,8784,,,,,,,,,,,,,,,,,,,,,,,,,,,,,,,,,,,,0.3968563377857208,,,,,,,,,,,,,,,,,,,,,,,,,,,,,,,,,,,,
9,,,8789,,,,,,,,,,,,,,,,,,,,,,,,,,,,,,,,,,,,0.22175103425979614,,,,,,,,,,,,,,,,,,,,,,,,,,,,,,,,,,,,
9,,,8794,,,,,,,,,,,,,,,,,,,,,,,,,,,,,,,,,,,,0.3101537525653839,,,,,,,,,,,,,,,,,,,,,,,,,,,,,,,,,,,,
9,,,8799,,,,,,,,,,,,,,,,,,,,,,,,,,,,,,,,,,,,0.41225486993789673,,,,,,,,,,,,,,,,,,,,,,,,,,,,,,,,,,,,
9,,,8804,,,,,,,,,,,,,,,,,,,,,,,,,,,,,,,,,,,,0.3706439733505249,,,,,,,,,,,,,,,,,,,,,,,,,,,,,,,,,,,,
9,,,8809,,,,,,,,,,,,,,,,,,,,,,,,,,,,,,,,,,,,0.6104119420051575,,,,,,,,,,,,,,,,,,,,,,,,,,,,,,,,,,,,
9,,,8814,,,,,,,,,,,,,,,,,,,,,,,,,,,,,,,,,,,,0.3939167261123657,,,,,,,,,,,,,,,,,,,,,,,,,,,,,,,,,,,,
9,,,8819,,,,,,,,,,,,,,,,,,,,,,,,,,,,,,,,,,,,0.47580039501190186,,,,,,,,,,,,,,,,,,,,,,,,,,,,,,,,,,,,
9,,,8824,,,,,,,,,,,,,,,,,,,,,,,,,,,,,,,,,,,,0.35830575227737427,,,,,,,,,,,,,,,,,,,,,,,,,,,,,,,,,,,,
9,,,8829,,,,,,,,,,,,,,,,,,,,,,,,,,,,,,,,,,,,0.36767637729644775,,,,,,,,,,,,,,,,,,,,,,,,,,,,,,,,,,,,
9,,,8834,,,,,,,,,,,,,,,,,,,,,,,,,,,,,,,,,,,,0.6374229788780212,,,,,,,,,,,,,,,,,,,,,,,,,,,,,,,,,,,,
9,,,8839,,,,,,,,,,,,,,,,,,,,,,,,,,,,,,,,,,,,0.3654462993144989,,,,,,,,,,,,,,,,,,,,,,,,,,,,,,,,,,,,
9,,,8844,,,,,,,,,,,,,,,,,,,,,,,,,,,,,,,,,,,,0.6893893480300903,,,,,,,,,,,,,,,,,,,,,,,,,,,,,,,,,,,,
9,,,8849,,,,,,,,,,,,,,,,,,,,,,,,,,,,,,,,,,,,0.2850233316421509,,,,,,,,,,,,,,,,,,,,,,,,,,,,,,,,,,,,
9,,,8854,,,,,,,,,,,,,,,,,,,,,,,,,,,,,,,,,,,,0.32609128952026367,,,,,,,,,,,,,,,,,,,,,,,,,,,,,,,,,,,,
9,,,8859,,,,,,,,,,,,,,,,,,,,,,,,,,,,,,,,,,,,0.5096064805984497,,,,,,,,,,,,,,,,,,,,,,,,,,,,,,,,,,,,
9,,,8864,,,,,,,,,,,,,,,,,,,,,,,,,,,,,,,,,,,,0.6182723641395569,,,,,,,,,,,,,,,,,,,,,,,,,,,,,,,,,,,,
9,,,8869,,,,,,,,,,,,,,,,,,,,,,,,,,,,,,,,,,,,0.37086111307144165,,,,,,,,,,,,,,,,,,,,,,,,,,,,,,,,,,,,
9,,,8874,,,,,,,,,,,,,,,,,,,,,,,,,,,,,,,,,,,,0.6572405695915222,,,,,,,,,,,,,,,,,,,,,,,,,,,,,,,,,,,,
9,,,8879,,,,,,,,,,,,,,,,,,,,,,,,,,,,,,,,,,,,0.27415934205055237,,,,,,,,,,,,,,,,,,,,,,,,,,,,,,,,,,,,
9,,,8884,,,,,,,,,,,,,,,,,,,,,,,,,,,,,,,,,,,,0.29341796040534973,,,,,,,,,,,,,,,,,,,,,,,,,,,,,,,,,,,,
9,,,8889,,,,,,,,,,,,,,,,,,,,,,,,,,,,,,,,,,,,0.6444875597953796,,,,,,,,,,,,,,,,,,,,,,,,,,,,,,,,,,,,
9,,,8894,,,,,,,,,,,,,,,,,,,,,,,,,,,,,,,,,,,,0.6549431085586548,,,,,,,,,,,,,,,,,,,,,,,,,,,,,,,,,,,,
9,,,8899,,,,,,,,,,,,,,,,,,,,,,,,,,,,,,,,,,,,0.3393247723579407,,,,,,,,,,,,,,,,,,,,,,,,,,,,,,,,,,,,
9,,,8904,,,,,,,,,,,,,,,,,,,,,,,,,,,,,,,,,,,,0.526786208152771,,,,,,,,,,,,,,,,,,,,,,,,,,,,,,,,,,,,
9,,,8909,,,,,,,,,,,,,,,,,,,,,,,,,,,,,,,,,,,,0.4299941062927246,,,,,,,,,,,,,,,,,,,,,,,,,,,,,,,,,,,,
9,,,8914,,,,,,,,,,,,,,,,,,,,,,,,,,,,,,,,,,,,0.3518103361129761,,,,,,,,,,,,,,,,,,,,,,,,,,,,,,,,,,,,
9,,,8919,,,,,,,,,,,,,,,,,,,,,,,,,,,,,,,,,,,,0.3064490258693695,,,,,,,,,,,,,,,,,,,,,,,,,,,,,,,,,,,,
9,,,8924,,,,,,,,,,,,,,,,,,,,,,,,,,,,,,,,,,,,0.4131169617176056,,,,,,,,,,,,,,,,,,,,,,,,,,,,,,,,,,,,
9,,,8929,,,,,,,,,,,,,,,,,,,,,,,,,,,,,,,,,,,,0.5946081280708313,,,,,,,,,,,,,,,,,,,,,,,,,,,,,,,,,,,,
9,,,8934,,,,,,,,,,,,,,,,,,,,,,,,,,,,,,,,,,,,0.45791906118392944,,,,,,,,,,,,,,,,,,,,,,,,,,,,,,,,,,,,
9,,,8939,,,,,,,,,,,,,,,,,,,,,,,,,,,,,,,,,,,,0.6375839114189148,,,,,,,,,,,,,,,,,,,,,,,,,,,,,,,,,,,,
9,,,8944,,,,,,,,,,,,,,,,,,,,,,,,,,,,,,,,,,,,0.4518032670021057,,,,,,,,,,,,,,,,,,,,,,,,,,,,,,,,,,,,
9,,,8949,,,,,,,,,,,,,,,,,,,,,,,,,,,,,,,,,,,,0.5850161910057068,,,,,,,,,,,,,,,,,,,,,,,,,,,,,,,,,,,,
9,,,8954,,,,,,,,,,,,,,,,,,,,,,,,,,,,,,,,,,,,0.397549033164978,,,,,,,,,,,,,,,,,,,,,,,,,,,,,,,,,,,,
9,,,8959,,,,,,,,,,,,,,,,,,,,,,,,,,,,,,,,,,,,0.3252333402633667,,,,,,,,,,,,,,,,,,,,,,,,,,,,,,,,,,,,
9,,,8964,,,,,,,,,,,,,,,,,,,,,,,,,,,,,,,,,,,,0.6926721334457397,,,,,,,,,,,,,,,,,,,,,,,,,,,,,,,,,,,,
9,,,8969,,,,,,,,,,,,,,,,,,,,,,,,,,,,,,,,,,,,0.5535574555397034,,,,,,,,,,,,,,,,,,,,,,,,,,,,,,,,,,,,
9,,,8974,,,,,,,,,,,,,,,,,,,,,,,,,,,,,,,,,,,,0.5420219302177429,,,,,,,,,,,,,,,,,,,,,,,,,,,,,,,,,,,,
9,,,8979,,,,,,,,,,,,,,,,,,,,,,,,,,,,,,,,,,,,0.23096176981925964,,,,,,,,,,,,,,,,,,,,,,,,,,,,,,,,,,,,
9,,,8984,,,,,,,,,,,,,,,,,,,,,,,,,,,,,,,,,,,,0.6504271626472473,,,,,,,,,,,,,,,,,,,,,,,,,,,,,,,,,,,,
9,,,8989,,,,,,,,,,,,,,,,,,,,,,,,,,,,,,,,,,,,0.3184007406234741,,,,,,,,,,,,,,,,,,,,,,,,,,,,,,,,,,,,
9,,,8994,,,,,,,,,,,,,,,,,,,,,,,,,,,,,,,,,,,,0.6191326975822449,,,,,,,,,,,,,,,,,,,,,,,,,,,,,,,,,,,,
9,,,8999,,,,,,,,,,,,,,,,,,,,,,,,,,,,,,,,,,,,0.27949392795562744,,,,,,,,,,,,,,,,,,,,,,,,,,,,,,,,,,,,
9,,,9004,,,,,,,,,,,,,,,,,,,,,,,,,,,,,,,,,,,,0.32949912548065186,,,,,,,,,,,,,,,,,,,,,,,,,,,,,,,,,,,,
9,,,9009,,,,,,,,,,,,,,,,,,,,,,,,,,,,,,,,,,,,0.34514379501342773,,,,,,,,,,,,,,,,,,,,,,,,,,,,,,,,,,,,
9,,,9014,,,,,,,,,,,,,,,,,,,,,,,,,,,,,,,,,,,,0.7418580055236816,,,,,,,,,,,,,,,,,,,,,,,,,,,,,,,,,,,,
9,,,9019,,,,,,,,,,,,,,,,,,,,,,,,,,,,,,,,,,,,0.6512823104858398,,,,,,,,,,,,,,,,,,,,,,,,,,,,,,,,,,,,
9,,,9024,,,,,,,,,,,,,,,,,,,,,,,,,,,,,,,,,,,,0.6718552112579346,,,,,,,,,,,,,,,,,,,,,,,,,,,,,,,,,,,,
9,,,9029,,,,,,,,,,,,,,,,,,,,,,,,,,,,,,,,,,,,0.3532855808734894,,,,,,,,,,,,,,,,,,,,,,,,,,,,,,,,,,,,
9,,,9034,,,,,,,,,,,,,,,,,,,,,,,,,,,,,,,,,,,,0.4048318862915039,,,,,,,,,,,,,,,,,,,,,,,,,,,,,,,,,,,,
9,,,9039,,,,,,,,,,,,,,,,,,,,,,,,,,,,,,,,,,,,0.46791255474090576,,,,,,,,,,,,,,,,,,,,,,,,,,,,,,,,,,,,
9,,,9044,,,,,,,,,,,,,,,,,,,,,,,,,,,,,,,,,,,,0.36411595344543457,,,,,,,,,,,,,,,,,,,,,,,,,,,,,,,,,,,,
9,,,9049,,,,,,,,,,,,,,,,,,,,,,,,,,,,,,,,,,,,0.29866036772727966,,,,,,,,,,,,,,,,,,,,,,,,,,,,,,,,,,,,
9,,,9054,,,,,,,,,,,,,,,,,,,,,,,,,,,,,,,,,,,,0.6817849278450012,,,,,,,,,,,,,,,,,,,,,,,,,,,,,,,,,,,,
9,,,9059,,,,,,,,,,,,,,,,,,,,,,,,,,,,,,,,,,,,0.4161742329597473,,,,,,,,,,,,,,,,,,,,,,,,,,,,,,,,,,,,
9,,,9064,,,,,,,,,,,,,,,,,,,,,,,,,,,,,,,,,,,,0.23293758928775787,,,,,,,,,,,,,,,,,,,,,,,,,,,,,,,,,,,,
9,,,9069,,,,,,,,,,,,,,,,,,,,,,,,,,,,,,,,,,,,0.3184748888015747,,,,,,,,,,,,,,,,,,,,,,,,,,,,,,,,,,,,
9,,,9074,,,,,,,,,,,,,,,,,,,,,,,,,,,,,,,,,,,,0.6628367900848389,,,,,,,,,,,,,,,,,,,,,,,,,,,,,,,,,,,,
9,,,9079,,,,,,,,,,,,,,,,,,,,,,,,,,,,,,,,,,,,0.3493504524230957,,,,,,,,,,,,,,,,,,,,,,,,,,,,,,,,,,,,
9,,,9084,,,,,,,,,,,,,,,,,,,,,,,,,,,,,,,,,,,,0.6461530327796936,,,,,,,,,,,,,,,,,,,,,,,,,,,,,,,,,,,,
9,,,9089,,,,,,,,,,,,,,,,,,,,,,,,,,,,,,,,,,,,0.6863636374473572,,,,,,,,,,,,,,,,,,,,,,,,,,,,,,,,,,,,
9,,,9094,,,,,,,,,,,,,,,,,,,,,,,,,,,,,,,,,,,,0.3768635392189026,,,,,,,,,,,,,,,,,,,,,,,,,,,,,,,,,,,,
9,,,9099,,,,,,,,,,,,,,,,,,,,,,,,,,,,,,,,,,,,0.5999342799186707,,,,,,,,,,,,,,,,,,,,,,,,,,,,,,,,,,,,
9,,,9104,,,,,,,,,,,,,,,,,,,,,,,,,,,,,,,,,,,,0.3616771697998047,,,,,,,,,,,,,,,,,,,,,,,,,,,,,,,,,,,,
9,,,9109,,,,,,,,,,,,,,,,,,,,,,,,,,,,,,,,,,,,0.7364341020584106,,,,,,,,,,,,,,,,,,,,,,,,,,,,,,,,,,,,
9,,,9114,,,,,,,,,,,,,,,,,,,,,,,,,,,,,,,,,,,,0.4646352529525757,,,,,,,,,,,,,,,,,,,,,,,,,,,,,,,,,,,,
9,,,9119,,,,,,,,,,,,,,,,,,,,,,,,,,,,,,,,,,,,0.6829073429107666,,,,,,,,,,,,,,,,,,,,,,,,,,,,,,,,,,,,
9,,,9124,,,,,,,,,,,,,,,,,,,,,,,,,,,,,,,,,,,,0.29272371530532837,,,,,,,,,,,,,,,,,,,,,,,,,,,,,,,,,,,,
9,,,9129,,,,,,,,,,,,,,,,,,,,,,,,,,,,,,,,,,,,0.36674970388412476,,,,,,,,,,,,,,,,,,,,,,,,,,,,,,,,,,,,
9,,,9134,,,,,,,,,,,,,,,,,,,,,,,,,,,,,,,,,,,,0.4159860610961914,,,,,,,,,,,,,,,,,,,,,,,,,,,,,,,,,,,,
9,,,9139,,,,,,,,,,,,,,,,,,,,,,,,,,,,,,,,,,,,0.30495157837867737,,,,,,,,,,,,,,,,,,,,,,,,,,,,,,,,,,,,
9,,,9144,,,,,,,,,,,,,,,,,,,,,,,,,,,,,,,,,,,,0.5165456533432007,,,,,,,,,,,,,,,,,,,,,,,,,,,,,,,,,,,,
9,,,9149,,,,,,,,,,,,,,,,,,,,,,,,,,,,,,,,,,,,0.35320553183555603,,,,,,,,,,,,,,,,,,,,,,,,,,,,,,,,,,,,
9,,,9154,,,,,,,,,,,,,,,,,,,,,,,,,,,,,,,,,,,,0.4102301299571991,,,,,,,,,,,,,,,,,,,,,,,,,,,,,,,,,,,,
9,,,9159,,,,,,,,,,,,,,,,,,,,,,,,,,,,,,,,,,,,0.5813724994659424,,,,,,,,,,,,,,,,,,,,,,,,,,,,,,,,,,,,
9,,,9164,,,,,,,,,,,,,,,,,,,,,,,,,,,,,,,,,,,,0.3436794877052307,,,,,,,,,,,,,,,,,,,,,,,,,,,,,,,,,,,,
9,,,9169,,,,,,,,,,,,,,,,,,,,,,,,,,,,,,,,,,,,0.31592363119125366,,,,,,,,,,,,,,,,,,,,,,,,,,,,,,,,,,,,
9,,,9174,,,,,,,,,,,,,,,,,,,,,,,,,,,,,,,,,,,,0.6526534557342529,,,,,,,,,,,,,,,,,,,,,,,,,,,,,,,,,,,,
9,,,9179,,,,,,,,,,,,,,,,,,,,,,,,,,,,,,,,,,,,0.3726626932621002,,,,,,,,,,,,,,,,,,,,,,,,,,,,,,,,,,,,
9,,,9184,,,,,,,,,,,,,,,,,,,,,,,,,,,,,,,,,,,,0.49062860012054443,,,,,,,,,,,,,,,,,,,,,,,,,,,,,,,,,,,,
9,,,9189,,,,,,,,,,,,,,,,,,,,,,,,,,,,,,,,,,,,0.29967355728149414,,,,,,,,,,,,,,,,,,,,,,,,,,,,,,,,,,,,
9,,,9194,,,,,,,,,,,,,,,,,,,,,,,,,,,,,,,,,,,,0.3793017268180847,,,,,,,,,,,,,,,,,,,,,,,,,,,,,,,,,,,,
9,,,9199,,,,,,,,,,,,,,,,,,,,,,,,,,,,,,,,,,,,0.3554360568523407,,,,,,,,,,,,,,,,,,,,,,,,,,,,,,,,,,,,
9,,,9204,,,,,,,,,,,,,,,,,,,,,,,,,,,,,,,,,,,,0.5825135707855225,,,,,,,,,,,,,,,,,,,,,,,,,,,,,,,,,,,,
9,,,9209,,,,,,,,,,,,,,,,,,,,,,,,,,,,,,,,,,,,0.44203245639801025,,,,,,,,,,,,,,,,,,,,,,,,,,,,,,,,,,,,
9,,,9209,,,,,,,,,,,,,,,,,,,,,,,,,,,,,,,,,,,,,0.7620254158973694,0.7377857565879822,0.632830023765564,0.7202069759368896,0.7620254158973694,0.0,0.8546150922775269,0.8701125383377075,0.9293314218521118,0.39404261112213135,0.0,0.8878487944602966,0.8315632939338684,0.9045439958572388,0.3271868824958801,0.0,0.7983168363571167,0.7116888165473938,0.8257237076759338,0.1955908238887787,0.0,0.9237719178199768,0.7962849140167236,0.8810444474220276,0.27972671389579773,0.0,0.8546150922775269,0.8701125383377075,0.9293314218521118,0.39404261112213135,0.8540098667144775,0.8540098667144775,0.7452157139778137,0.8540098667144775,0.8540098667144775,0.47646141052246094
9,,,9209,0.7358104586601257,0.7226040363311768,0.6151238679885864,0.7121320962905884,0.7358104586601257,0.0,0.8676040768623352,0.8380167484283447,0.8961095809936523,0.34151142835617065,0.0,0.8828877210617065,0.8221576809883118,0.8868436217308044,0.29852715134620667,0.0,0.7903303503990173,0.6980201005935669,0.7966927289962769,0.17545218765735626,0.0,0.8987196683883667,0.806887686252594,0.8777673244476318,0.2651536166667938,0.0,0.8676040768623352,0.8380167484283447,0.8961095809936523,0.34151142835617065,0.8476709127426147,0.8476709127426147,0.7356152534484863,0.8476709127426147,0.8476709127426147,,,,,,,,,,,,,,,,,,,,,,,,,,,,,,,,,,,,,
,1e-05,0.0001,9210,,,,,,,,,,,,,,,,,,,,,,,,,,,,,,,,,,,,,,,,,,,,,,,,,,,,,,,,,,,,,,,,,,,,,,,,
10,,,9214,,,,,,,,,,,,,,,,,,,,,,,,,,,,,,,,,,,,0.24592310190200806,,,,,,,,,,,,,,,,,,,,,,,,,,,,,,,,,,,,
10,,,9219,,,,,,,,,,,,,,,,,,,,,,,,,,,,,,,,,,,,0.6961807012557983,,,,,,,,,,,,,,,,,,,,,,,,,,,,,,,,,,,,
10,,,9224,,,,,,,,,,,,,,,,,,,,,,,,,,,,,,,,,,,,0.5956235527992249,,,,,,,,,,,,,,,,,,,,,,,,,,,,,,,,,,,,
10,,,9229,,,,,,,,,,,,,,,,,,,,,,,,,,,,,,,,,,,,0.5062788128852844,,,,,,,,,,,,,,,,,,,,,,,,,,,,,,,,,,,,
10,,,9234,,,,,,,,,,,,,,,,,,,,,,,,,,,,,,,,,,,,0.3423720598220825,,,,,,,,,,,,,,,,,,,,,,,,,,,,,,,,,,,,
10,,,9239,,,,,,,,,,,,,,,,,,,,,,,,,,,,,,,,,,,,0.6380744576454163,,,,,,,,,,,,,,,,,,,,,,,,,,,,,,,,,,,,
10,,,9244,,,,,,,,,,,,,,,,,,,,,,,,,,,,,,,,,,,,0.3456030488014221,,,,,,,,,,,,,,,,,,,,,,,,,,,,,,,,,,,,
10,,,9249,,,,,,,,,,,,,,,,,,,,,,,,,,,,,,,,,,,,0.22840796411037445,,,,,,,,,,,,,,,,,,,,,,,,,,,,,,,,,,,,
10,,,9254,,,,,,,,,,,,,,,,,,,,,,,,,,,,,,,,,,,,0.43313390016555786,,,,,,,,,,,,,,,,,,,,,,,,,,,,,,,,,,,,
10,,,9259,,,,,,,,,,,,,,,,,,,,,,,,,,,,,,,,,,,,0.2961530089378357,,,,,,,,,,,,,,,,,,,,,,,,,,,,,,,,,,,,
10,,,9264,,,,,,,,,,,,,,,,,,,,,,,,,,,,,,,,,,,,0.538154661655426,,,,,,,,,,,,,,,,,,,,,,,,,,,,,,,,,,,,
10,,,9269,,,,,,,,,,,,,,,,,,,,,,,,,,,,,,,,,,,,0.5114656686782837,,,,,,,,,,,,,,,,,,,,,,,,,,,,,,,,,,,,
10,,,9274,,,,,,,,,,,,,,,,,,,,,,,,,,,,,,,,,,,,0.365060955286026,,,,,,,,,,,,,,,,,,,,,,,,,,,,,,,,,,,,
10,,,9279,,,,,,,,,,,,,,,,,,,,,,,,,,,,,,,,,,,,0.6702536344528198,,,,,,,,,,,,,,,,,,,,,,,,,,,,,,,,,,,,
10,,,9284,,,,,,,,,,,,,,,,,,,,,,,,,,,,,,,,,,,,0.6650243401527405,,,,,,,,,,,,,,,,,,,,,,,,,,,,,,,,,,,,
10,,,9289,,,,,,,,,,,,,,,,,,,,,,,,,,,,,,,,,,,,0.4452802240848541,,,,,,,,,,,,,,,,,,,,,,,,,,,,,,,,,,,,
10,,,9294,,,,,,,,,,,,,,,,,,,,,,,,,,,,,,,,,,,,0.5235117077827454,,,,,,,,,,,,,,,,,,,,,,,,,,,,,,,,,,,,
10,,,9299,,,,,,,,,,,,,,,,,,,,,,,,,,,,,,,,,,,,0.3998189866542816,,,,,,,,,,,,,,,,,,,,,,,,,,,,,,,,,,,,
10,,,9304,,,,,,,,,,,,,,,,,,,,,,,,,,,,,,,,,,,,0.3836761713027954,,,,,,,,,,,,,,,,,,,,,,,,,,,,,,,,,,,,
10,,,9309,,,,,,,,,,,,,,,,,,,,,,,,,,,,,,,,,,,,0.3136579096317291,,,,,,,,,,,,,,,,,,,,,,,,,,,,,,,,,,,,
10,,,9314,,,,,,,,,,,,,,,,,,,,,,,,,,,,,,,,,,,,0.6788215637207031,,,,,,,,,,,,,,,,,,,,,,,,,,,,,,,,,,,,
10,,,9319,,,,,,,,,,,,,,,,,,,,,,,,,,,,,,,,,,,,0.30647167563438416,,,,,,,,,,,,,,,,,,,,,,,,,,,,,,,,,,,,
10,,,9324,,,,,,,,,,,,,,,,,,,,,,,,,,,,,,,,,,,,0.27912360429763794,,,,,,,,,,,,,,,,,,,,,,,,,,,,,,,,,,,,
10,,,9329,,,,,,,,,,,,,,,,,,,,,,,,,,,,,,,,,,,,0.45844611525535583,,,,,,,,,,,,,,,,,,,,,,,,,,,,,,,,,,,,
10,,,9334,,,,,,,,,,,,,,,,,,,,,,,,,,,,,,,,,,,,0.6699236631393433,,,,,,,,,,,,,,,,,,,,,,,,,,,,,,,,,,,,
10,,,9339,,,,,,,,,,,,,,,,,,,,,,,,,,,,,,,,,,,,0.298384428024292,,,,,,,,,,,,,,,,,,,,,,,,,,,,,,,,,,,,
10,,,9344,,,,,,,,,,,,,,,,,,,,,,,,,,,,,,,,,,,,0.5426148772239685,,,,,,,,,,,,,,,,,,,,,,,,,,,,,,,,,,,,
10,,,9349,,,,,,,,,,,,,,,,,,,,,,,,,,,,,,,,,,,,0.25196221470832825,,,,,,,,,,,,,,,,,,,,,,,,,,,,,,,,,,,,
10,,,9354,,,,,,,,,,,,,,,,,,,,,,,,,,,,,,,,,,,,0.6361505389213562,,,,,,,,,,,,,,,,,,,,,,,,,,,,,,,,,,,,
10,,,9359,,,,,,,,,,,,,,,,,,,,,,,,,,,,,,,,,,,,0.3613874018192291,,,,,,,,,,,,,,,,,,,,,,,,,,,,,,,,,,,,
10,,,9364,,,,,,,,,,,,,,,,,,,,,,,,,,,,,,,,,,,,0.31886258721351624,,,,,,,,,,,,,,,,,,,,,,,,,,,,,,,,,,,,
10,,,9369,,,,,,,,,,,,,,,,,,,,,,,,,,,,,,,,,,,,0.36613035202026367,,,,,,,,,,,,,,,,,,,,,,,,,,,,,,,,,,,,
10,,,9374,,,,,,,,,,,,,,,,,,,,,,,,,,,,,,,,,,,,0.6584697961807251,,,,,,,,,,,,,,,,,,,,,,,,,,,,,,,,,,,,
10,,,9379,,,,,,,,,,,,,,,,,,,,,,,,,,,,,,,,,,,,0.34698599576950073,,,,,,,,,,,,,,,,,,,,,,,,,,,,,,,,,,,,
10,,,9384,,,,,,,,,,,,,,,,,,,,,,,,,,,,,,,,,,,,0.47154271602630615,,,,,,,,,,,,,,,,,,,,,,,,,,,,,,,,,,,,
10,,,9389,,,,,,,,,,,,,,,,,,,,,,,,,,,,,,,,,,,,0.6600648164749146,,,,,,,,,,,,,,,,,,,,,,,,,,,,,,,,,,,,
10,,,9394,,,,,,,,,,,,,,,,,,,,,,,,,,,,,,,,,,,,0.6606374979019165,,,,,,,,,,,,,,,,,,,,,,,,,,,,,,,,,,,,
10,,,9399,,,,,,,,,,,,,,,,,,,,,,,,,,,,,,,,,,,,0.6711421012878418,,,,,,,,,,,,,,,,,,,,,,,,,,,,,,,,,,,,
10,,,9404,,,,,,,,,,,,,,,,,,,,,,,,,,,,,,,,,,,,0.6795090436935425,,,,,,,,,,,,,,,,,,,,,,,,,,,,,,,,,,,,
10,,,9409,,,,,,,,,,,,,,,,,,,,,,,,,,,,,,,,,,,,0.37025296688079834,,,,,,,,,,,,,,,,,,,,,,,,,,,,,,,,,,,,
10,,,9414,,,,,,,,,,,,,,,,,,,,,,,,,,,,,,,,,,,,0.27301716804504395,,,,,,,,,,,,,,,,,,,,,,,,,,,,,,,,,,,,
10,,,9419,,,,,,,,,,,,,,,,,,,,,,,,,,,,,,,,,,,,0.6242533326148987,,,,,,,,,,,,,,,,,,,,,,,,,,,,,,,,,,,,
10,,,9424,,,,,,,,,,,,,,,,,,,,,,,,,,,,,,,,,,,,0.31593382358551025,,,,,,,,,,,,,,,,,,,,,,,,,,,,,,,,,,,,
10,,,9429,,,,,,,,,,,,,,,,,,,,,,,,,,,,,,,,,,,,0.6631333231925964,,,,,,,,,,,,,,,,,,,,,,,,,,,,,,,,,,,,
10,,,9434,,,,,,,,,,,,,,,,,,,,,,,,,,,,,,,,,,,,0.4419787526130676,,,,,,,,,,,,,,,,,,,,,,,,,,,,,,,,,,,,
10,,,9439,,,,,,,,,,,,,,,,,,,,,,,,,,,,,,,,,,,,0.5716416835784912,,,,,,,,,,,,,,,,,,,,,,,,,,,,,,,,,,,,
10,,,9444,,,,,,,,,,,,,,,,,,,,,,,,,,,,,,,,,,,,0.7391797304153442,,,,,,,,,,,,,,,,,,,,,,,,,,,,,,,,,,,,
10,,,9449,,,,,,,,,,,,,,,,,,,,,,,,,,,,,,,,,,,,0.6652065515518188,,,,,,,,,,,,,,,,,,,,,,,,,,,,,,,,,,,,
10,,,9454,,,,,,,,,,,,,,,,,,,,,,,,,,,,,,,,,,,,0.2812057137489319,,,,,,,,,,,,,,,,,,,,,,,,,,,,,,,,,,,,
10,,,9459,,,,,,,,,,,,,,,,,,,,,,,,,,,,,,,,,,,,0.5156700015068054,,,,,,,,,,,,,,,,,,,,,,,,,,,,,,,,,,,,
10,,,9464,,,,,,,,,,,,,,,,,,,,,,,,,,,,,,,,,,,,0.5089482665061951,,,,,,,,,,,,,,,,,,,,,,,,,,,,,,,,,,,,
10,,,9469,,,,,,,,,,,,,,,,,,,,,,,,,,,,,,,,,,,,0.6739557981491089,,,,,,,,,,,,,,,,,,,,,,,,,,,,,,,,,,,,
10,,,9474,,,,,,,,,,,,,,,,,,,,,,,,,,,,,,,,,,,,0.6951230764389038,,,,,,,,,,,,,,,,,,,,,,,,,,,,,,,,,,,,
10,,,9479,,,,,,,,,,,,,,,,,,,,,,,,,,,,,,,,,,,,0.6735018491744995,,,,,,,,,,,,,,,,,,,,,,,,,,,,,,,,,,,,
10,,,9484,,,,,,,,,,,,,,,,,,,,,,,,,,,,,,,,,,,,0.32825228571891785,,,,,,,,,,,,,,,,,,,,,,,,,,,,,,,,,,,,
10,,,9489,,,,,,,,,,,,,,,,,,,,,,,,,,,,,,,,,,,,0.2946892976760864,,,,,,,,,,,,,,,,,,,,,,,,,,,,,,,,,,,,
10,,,9494,,,,,,,,,,,,,,,,,,,,,,,,,,,,,,,,,,,,0.3825957179069519,,,,,,,,,,,,,,,,,,,,,,,,,,,,,,,,,,,,
10,,,9499,,,,,,,,,,,,,,,,,,,,,,,,,,,,,,,,,,,,0.2698638439178467,,,,,,,,,,,,,,,,,,,,,,,,,,,,,,,,,,,,
10,,,9504,,,,,,,,,,,,,,,,,,,,,,,,,,,,,,,,,,,,0.4742729365825653,,,,,,,,,,,,,,,,,,,,,,,,,,,,,,,,,,,,
10,,,9509,,,,,,,,,,,,,,,,,,,,,,,,,,,,,,,,,,,,0.5696295499801636,,,,,,,,,,,,,,,,,,,,,,,,,,,,,,,,,,,,
10,,,9514,,,,,,,,,,,,,,,,,,,,,,,,,,,,,,,,,,,,0.33729398250579834,,,,,,,,,,,,,,,,,,,,,,,,,,,,,,,,,,,,
10,,,9519,,,,,,,,,,,,,,,,,,,,,,,,,,,,,,,,,,,,0.3194534182548523,,,,,,,,,,,,,,,,,,,,,,,,,,,,,,,,,,,,
10,,,9524,,,,,,,,,,,,,,,,,,,,,,,,,,,,,,,,,,,,0.3327401876449585,,,,,,,,,,,,,,,,,,,,,,,,,,,,,,,,,,,,
10,,,9529,,,,,,,,,,,,,,,,,,,,,,,,,,,,,,,,,,,,0.7203667759895325,,,,,,,,,,,,,,,,,,,,,,,,,,,,,,,,,,,,
10,,,9534,,,,,,,,,,,,,,,,,,,,,,,,,,,,,,,,,,,,0.2955174148082733,,,,,,,,,,,,,,,,,,,,,,,,,,,,,,,,,,,,
10,,,9539,,,,,,,,,,,,,,,,,,,,,,,,,,,,,,,,,,,,0.2878822088241577,,,,,,,,,,,,,,,,,,,,,,,,,,,,,,,,,,,,
10,,,9544,,,,,,,,,,,,,,,,,,,,,,,,,,,,,,,,,,,,0.2822418510913849,,,,,,,,,,,,,,,,,,,,,,,,,,,,,,,,,,,,
10,,,9549,,,,,,,,,,,,,,,,,,,,,,,,,,,,,,,,,,,,0.4720989465713501,,,,,,,,,,,,,,,,,,,,,,,,,,,,,,,,,,,,
10,,,9554,,,,,,,,,,,,,,,,,,,,,,,,,,,,,,,,,,,,0.3285806179046631,,,,,,,,,,,,,,,,,,,,,,,,,,,,,,,,,,,,
10,,,9559,,,,,,,,,,,,,,,,,,,,,,,,,,,,,,,,,,,,0.21966829895973206,,,,,,,,,,,,,,,,,,,,,,,,,,,,,,,,,,,,
10,,,9564,,,,,,,,,,,,,,,,,,,,,,,,,,,,,,,,,,,,0.4018092155456543,,,,,,,,,,,,,,,,,,,,,,,,,,,,,,,,,,,,
10,,,9569,,,,,,,,,,,,,,,,,,,,,,,,,,,,,,,,,,,,0.6889167428016663,,,,,,,,,,,,,,,,,,,,,,,,,,,,,,,,,,,,
10,,,9574,,,,,,,,,,,,,,,,,,,,,,,,,,,,,,,,,,,,0.33190950751304626,,,,,,,,,,,,,,,,,,,,,,,,,,,,,,,,,,,,
10,,,9579,,,,,,,,,,,,,,,,,,,,,,,,,,,,,,,,,,,,0.6521227955818176,,,,,,,,,,,,,,,,,,,,,,,,,,,,,,,,,,,,
10,,,9584,,,,,,,,,,,,,,,,,,,,,,,,,,,,,,,,,,,,0.5272659659385681,,,,,,,,,,,,,,,,,,,,,,,,,,,,,,,,,,,,
10,,,9589,,,,,,,,,,,,,,,,,,,,,,,,,,,,,,,,,,,,0.2929108738899231,,,,,,,,,,,,,,,,,,,,,,,,,,,,,,,,,,,,
10,,,9594,,,,,,,,,,,,,,,,,,,,,,,,,,,,,,,,,,,,0.6755104660987854,,,,,,,,,,,,,,,,,,,,,,,,,,,,,,,,,,,,
10,,,9599,,,,,,,,,,,,,,,,,,,,,,,,,,,,,,,,,,,,0.6152098178863525,,,,,,,,,,,,,,,,,,,,,,,,,,,,,,,,,,,,
10,,,9604,,,,,,,,,,,,,,,,,,,,,,,,,,,,,,,,,,,,0.5290494561195374,,,,,,,,,,,,,,,,,,,,,,,,,,,,,,,,,,,,
10,,,9609,,,,,,,,,,,,,,,,,,,,,,,,,,,,,,,,,,,,0.6668741703033447,,,,,,,,,,,,,,,,,,,,,,,,,,,,,,,,,,,,
10,,,9614,,,,,,,,,,,,,,,,,,,,,,,,,,,,,,,,,,,,0.3275730311870575,,,,,,,,,,,,,,,,,,,,,,,,,,,,,,,,,,,,
10,,,9619,,,,,,,,,,,,,,,,,,,,,,,,,,,,,,,,,,,,0.43150997161865234,,,,,,,,,,,,,,,,,,,,,,,,,,,,,,,,,,,,
10,,,9624,,,,,,,,,,,,,,,,,,,,,,,,,,,,,,,,,,,,0.5052680969238281,,,,,,,,,,,,,,,,,,,,,,,,,,,,,,,,,,,,
10,,,9629,,,,,,,,,,,,,,,,,,,,,,,,,,,,,,,,,,,,0.32674092054367065,,,,,,,,,,,,,,,,,,,,,,,,,,,,,,,,,,,,
10,,,9634,,,,,,,,,,,,,,,,,,,,,,,,,,,,,,,,,,,,0.6537985801696777,,,,,,,,,,,,,,,,,,,,,,,,,,,,,,,,,,,,
10,,,9639,,,,,,,,,,,,,,,,,,,,,,,,,,,,,,,,,,,,0.7290947437286377,,,,,,,,,,,,,,,,,,,,,,,,,,,,,,,,,,,,
10,,,9644,,,,,,,,,,,,,,,,,,,,,,,,,,,,,,,,,,,,0.30558502674102783,,,,,,,,,,,,,,,,,,,,,,,,,,,,,,,,,,,,
10,,,9649,,,,,,,,,,,,,,,,,,,,,,,,,,,,,,,,,,,,0.31141042709350586,,,,,,,,,,,,,,,,,,,,,,,,,,,,,,,,,,,,
10,,,9654,,,,,,,,,,,,,,,,,,,,,,,,,,,,,,,,,,,,0.6686693429946899,,,,,,,,,,,,,,,,,,,,,,,,,,,,,,,,,,,,
10,,,9659,,,,,,,,,,,,,,,,,,,,,,,,,,,,,,,,,,,,0.43743696808815,,,,,,,,,,,,,,,,,,,,,,,,,,,,,,,,,,,,
10,,,9664,,,,,,,,,,,,,,,,,,,,,,,,,,,,,,,,,,,,0.7127962112426758,,,,,,,,,,,,,,,,,,,,,,,,,,,,,,,,,,,,
10,,,9669,,,,,,,,,,,,,,,,,,,,,,,,,,,,,,,,,,,,0.3499835133552551,,,,,,,,,,,,,,,,,,,,,,,,,,,,,,,,,,,,
10,,,9674,,,,,,,,,,,,,,,,,,,,,,,,,,,,,,,,,,,,0.7183074355125427,,,,,,,,,,,,,,,,,,,,,,,,,,,,,,,,,,,,
10,,,9679,,,,,,,,,,,,,,,,,,,,,,,,,,,,,,,,,,,,0.27957698702812195,,,,,,,,,,,,,,,,,,,,,,,,,,,,,,,,,,,,
10,,,9684,,,,,,,,,,,,,,,,,,,,,,,,,,,,,,,,,,,,0.3075440526008606,,,,,,,,,,,,,,,,,,,,,,,,,,,,,,,,,,,,
10,,,9689,,,,,,,,,,,,,,,,,,,,,,,,,,,,,,,,,,,,0.2988949418067932,,,,,,,,,,,,,,,,,,,,,,,,,,,,,,,,,,,,
10,,,9694,,,,,,,,,,,,,,,,,,,,,,,,,,,,,,,,,,,,0.40633949637413025,,,,,,,,,,,,,,,,,,,,,,,,,,,,,,,,,,,,
10,,,9699,,,,,,,,,,,,,,,,,,,,,,,,,,,,,,,,,,,,0.461355984210968,,,,,,,,,,,,,,,,,,,,,,,,,,,,,,,,,,,,
10,,,9704,,,,,,,,,,,,,,,,,,,,,,,,,,,,,,,,,,,,0.2990987002849579,,,,,,,,,,,,,,,,,,,,,,,,,,,,,,,,,,,,
10,,,9709,,,,,,,,,,,,,,,,,,,,,,,,,,,,,,,,,,,,0.38492700457572937,,,,,,,,,,,,,,,,,,,,,,,,,,,,,,,,,,,,
10,,,9714,,,,,,,,,,,,,,,,,,,,,,,,,,,,,,,,,,,,0.2643982768058777,,,,,,,,,,,,,,,,,,,,,,,,,,,,,,,,,,,,
10,,,9719,,,,,,,,,,,,,,,,,,,,,,,,,,,,,,,,,,,,0.5565365552902222,,,,,,,,,,,,,,,,,,,,,,,,,,,,,,,,,,,,
10,,,9724,,,,,,,,,,,,,,,,,,,,,,,,,,,,,,,,,,,,0.29484644532203674,,,,,,,,,,,,,,,,,,,,,,,,,,,,,,,,,,,,
10,,,9729,,,,,,,,,,,,,,,,,,,,,,,,,,,,,,,,,,,,0.3187967538833618,,,,,,,,,,,,,,,,,,,,,,,,,,,,,,,,,,,,
10,,,9734,,,,,,,,,,,,,,,,,,,,,,,,,,,,,,,,,,,,0.6873897314071655,,,,,,,,,,,,,,,,,,,,,,,,,,,,,,,,,,,,
10,,,9739,,,,,,,,,,,,,,,,,,,,,,,,,,,,,,,,,,,,0.2775428295135498,,,,,,,,,,,,,,,,,,,,,,,,,,,,,,,,,,,,
10,,,9744,,,,,,,,,,,,,,,,,,,,,,,,,,,,,,,,,,,,0.28164780139923096,,,,,,,,,,,,,,,,,,,,,,,,,,,,,,,,,,,,
10,,,9749,,,,,,,,,,,,,,,,,,,,,,,,,,,,,,,,,,,,0.3215320110321045,,,,,,,,,,,,,,,,,,,,,,,,,,,,,,,,,,,,
10,,,9754,,,,,,,,,,,,,,,,,,,,,,,,,,,,,,,,,,,,0.36715757846832275,,,,,,,,,,,,,,,,,,,,,,,,,,,,,,,,,,,,
10,,,9759,,,,,,,,,,,,,,,,,,,,,,,,,,,,,,,,,,,,0.32724931836128235,,,,,,,,,,,,,,,,,,,,,,,,,,,,,,,,,,,,
10,,,9764,,,,,,,,,,,,,,,,,,,,,,,,,,,,,,,,,,,,0.36473220586776733,,,,,,,,,,,,,,,,,,,,,,,,,,,,,,,,,,,,
10,,,9769,,,,,,,,,,,,,,,,,,,,,,,,,,,,,,,,,,,,0.4612538814544678,,,,,,,,,,,,,,,,,,,,,,,,,,,,,,,,,,,,
10,,,9774,,,,,,,,,,,,,,,,,,,,,,,,,,,,,,,,,,,,0.6324002742767334,,,,,,,,,,,,,,,,,,,,,,,,,,,,,,,,,,,,
10,,,9779,,,,,,,,,,,,,,,,,,,,,,,,,,,,,,,,,,,,0.6514921188354492,,,,,,,,,,,,,,,,,,,,,,,,,,,,,,,,,,,,
10,,,9784,,,,,,,,,,,,,,,,,,,,,,,,,,,,,,,,,,,,0.3791816234588623,,,,,,,,,,,,,,,,,,,,,,,,,,,,,,,,,,,,
10,,,9789,,,,,,,,,,,,,,,,,,,,,,,,,,,,,,,,,,,,0.2926064729690552,,,,,,,,,,,,,,,,,,,,,,,,,,,,,,,,,,,,
10,,,9794,,,,,,,,,,,,,,,,,,,,,,,,,,,,,,,,,,,,0.41022202372550964,,,,,,,,,,,,,,,,,,,,,,,,,,,,,,,,,,,,
10,,,9799,,,,,,,,,,,,,,,,,,,,,,,,,,,,,,,,,,,,0.44049131870269775,,,,,,,,,,,,,,,,,,,,,,,,,,,,,,,,,,,,
10,,,9804,,,,,,,,,,,,,,,,,,,,,,,,,,,,,,,,,,,,0.30771487951278687,,,,,,,,,,,,,,,,,,,,,,,,,,,,,,,,,,,,
10,,,9809,,,,,,,,,,,,,,,,,,,,,,,,,,,,,,,,,,,,0.5528624057769775,,,,,,,,,,,,,,,,,,,,,,,,,,,,,,,,,,,,
10,,,9814,,,,,,,,,,,,,,,,,,,,,,,,,,,,,,,,,,,,0.23580017685890198,,,,,,,,,,,,,,,,,,,,,,,,,,,,,,,,,,,,
10,,,9819,,,,,,,,,,,,,,,,,,,,,,,,,,,,,,,,,,,,0.673115074634552,,,,,,,,,,,,,,,,,,,,,,,,,,,,,,,,,,,,
10,,,9824,,,,,,,,,,,,,,,,,,,,,,,,,,,,,,,,,,,,0.3850775361061096,,,,,,,,,,,,,,,,,,,,,,,,,,,,,,,,,,,,
10,,,9829,,,,,,,,,,,,,,,,,,,,,,,,,,,,,,,,,,,,0.2751867175102234,,,,,,,,,,,,,,,,,,,,,,,,,,,,,,,,,,,,
10,,,9834,,,,,,,,,,,,,,,,,,,,,,,,,,,,,,,,,,,,0.36271390318870544,,,,,,,,,,,,,,,,,,,,,,,,,,,,,,,,,,,,
10,,,9839,,,,,,,,,,,,,,,,,,,,,,,,,,,,,,,,,,,,0.7383896708488464,,,,,,,,,,,,,,,,,,,,,,,,,,,,,,,,,,,,
10,,,9844,,,,,,,,,,,,,,,,,,,,,,,,,,,,,,,,,,,,0.28077101707458496,,,,,,,,,,,,,,,,,,,,,,,,,,,,,,,,,,,,
10,,,9849,,,,,,,,,,,,,,,,,,,,,,,,,,,,,,,,,,,,0.2314956784248352,,,,,,,,,,,,,,,,,,,,,,,,,,,,,,,,,,,,
10,,,9854,,,,,,,,,,,,,,,,,,,,,,,,,,,,,,,,,,,,0.31341415643692017,,,,,,,,,,,,,,,,,,,,,,,,,,,,,,,,,,,,
10,,,9859,,,,,,,,,,,,,,,,,,,,,,,,,,,,,,,,,,,,0.337126225233078,,,,,,,,,,,,,,,,,,,,,,,,,,,,,,,,,,,,
10,,,9864,,,,,,,,,,,,,,,,,,,,,,,,,,,,,,,,,,,,0.5026012063026428,,,,,,,,,,,,,,,,,,,,,,,,,,,,,,,,,,,,
10,,,9869,,,,,,,,,,,,,,,,,,,,,,,,,,,,,,,,,,,,0.268288791179657,,,,,,,,,,,,,,,,,,,,,,,,,,,,,,,,,,,,
10,,,9874,,,,,,,,,,,,,,,,,,,,,,,,,,,,,,,,,,,,0.5180051922798157,,,,,,,,,,,,,,,,,,,,,,,,,,,,,,,,,,,,
10,,,9879,,,,,,,,,,,,,,,,,,,,,,,,,,,,,,,,,,,,0.6366370320320129,,,,,,,,,,,,,,,,,,,,,,,,,,,,,,,,,,,,
10,,,9884,,,,,,,,,,,,,,,,,,,,,,,,,,,,,,,,,,,,0.5870474576950073,,,,,,,,,,,,,,,,,,,,,,,,,,,,,,,,,,,,
10,,,9889,,,,,,,,,,,,,,,,,,,,,,,,,,,,,,,,,,,,0.6100266575813293,,,,,,,,,,,,,,,,,,,,,,,,,,,,,,,,,,,,
10,,,9894,,,,,,,,,,,,,,,,,,,,,,,,,,,,,,,,,,,,0.5226063132286072,,,,,,,,,,,,,,,,,,,,,,,,,,,,,,,,,,,,
10,,,9899,,,,,,,,,,,,,,,,,,,,,,,,,,,,,,,,,,,,0.4039943218231201,,,,,,,,,,,,,,,,,,,,,,,,,,,,,,,,,,,,
10,,,9904,,,,,,,,,,,,,,,,,,,,,,,,,,,,,,,,,,,,0.34602147340774536,,,,,,,,,,,,,,,,,,,,,,,,,,,,,,,,,,,,
10,,,9909,,,,,,,,,,,,,,,,,,,,,,,,,,,,,,,,,,,,0.6183714270591736,,,,,,,,,,,,,,,,,,,,,,,,,,,,,,,,,,,,
10,,,9914,,,,,,,,,,,,,,,,,,,,,,,,,,,,,,,,,,,,0.465517520904541,,,,,,,,,,,,,,,,,,,,,,,,,,,,,,,,,,,,
10,,,9919,,,,,,,,,,,,,,,,,,,,,,,,,,,,,,,,,,,,0.31537142395973206,,,,,,,,,,,,,,,,,,,,,,,,,,,,,,,,,,,,
10,,,9924,,,,,,,,,,,,,,,,,,,,,,,,,,,,,,,,,,,,0.703777015209198,,,,,,,,,,,,,,,,,,,,,,,,,,,,,,,,,,,,
10,,,9929,,,,,,,,,,,,,,,,,,,,,,,,,,,,,,,,,,,,0.3387705087661743,,,,,,,,,,,,,,,,,,,,,,,,,,,,,,,,,,,,
10,,,9934,,,,,,,,,,,,,,,,,,,,,,,,,,,,,,,,,,,,0.5118227601051331,,,,,,,,,,,,,,,,,,,,,,,,,,,,,,,,,,,,
10,,,9939,,,,,,,,,,,,,,,,,,,,,,,,,,,,,,,,,,,,0.3958823084831238,,,,,,,,,,,,,,,,,,,,,,,,,,,,,,,,,,,,
10,,,9944,,,,,,,,,,,,,,,,,,,,,,,,,,,,,,,,,,,,0.6027662754058838,,,,,,,,,,,,,,,,,,,,,,,,,,,,,,,,,,,,
10,,,9949,,,,,,,,,,,,,,,,,,,,,,,,,,,,,,,,,,,,0.6921933889389038,,,,,,,,,,,,,,,,,,,,,,,,,,,,,,,,,,,,
10,,,9954,,,,,,,,,,,,,,,,,,,,,,,,,,,,,,,,,,,,0.2776307165622711,,,,,,,,,,,,,,,,,,,,,,,,,,,,,,,,,,,,
10,,,9959,,,,,,,,,,,,,,,,,,,,,,,,,,,,,,,,,,,,0.5288567543029785,,,,,,,,,,,,,,,,,,,,,,,,,,,,,,,,,,,,
10,,,9964,,,,,,,,,,,,,,,,,,,,,,,,,,,,,,,,,,,,0.515758216381073,,,,,,,,,,,,,,,,,,,,,,,,,,,,,,,,,,,,
10,,,9969,,,,,,,,,,,,,,,,,,,,,,,,,,,,,,,,,,,,0.6225487589836121,,,,,,,,,,,,,,,,,,,,,,,,,,,,,,,,,,,,
10,,,9974,,,,,,,,,,,,,,,,,,,,,,,,,,,,,,,,,,,,0.66874760389328,,,,,,,,,,,,,,,,,,,,,,,,,,,,,,,,,,,,
10,,,9979,,,,,,,,,,,,,,,,,,,,,,,,,,,,,,,,,,,,0.31280311942100525,,,,,,,,,,,,,,,,,,,,,,,,,,,,,,,,,,,,
10,,,9984,,,,,,,,,,,,,,,,,,,,,,,,,,,,,,,,,,,,0.7196577787399292,,,,,,,,,,,,,,,,,,,,,,,,,,,,,,,,,,,,
10,,,9989,,,,,,,,,,,,,,,,,,,,,,,,,,,,,,,,,,,,0.3705485463142395,,,,,,,,,,,,,,,,,,,,,,,,,,,,,,,,,,,,
10,,,9994,,,,,,,,,,,,,,,,,,,,,,,,,,,,,,,,,,,,0.31453561782836914,,,,,,,,,,,,,,,,,,,,,,,,,,,,,,,,,,,,
10,,,9999,,,,,,,,,,,,,,,,,,,,,,,,,,,,,,,,,,,,0.3746262788772583,,,,,,,,,,,,,,,,,,,,,,,,,,,,,,,,,,,,
10,,,10004,,,,,,,,,,,,,,,,,,,,,,,,,,,,,,,,,,,,0.25946807861328125,,,,,,,,,,,,,,,,,,,,,,,,,,,,,,,,,,,,
10,,,10009,,,,,,,,,,,,,,,,,,,,,,,,,,,,,,,,,,,,0.34695595502853394,,,,,,,,,,,,,,,,,,,,,,,,,,,,,,,,,,,,
10,,,10014,,,,,,,,,,,,,,,,,,,,,,,,,,,,,,,,,,,,0.7038485407829285,,,,,,,,,,,,,,,,,,,,,,,,,,,,,,,,,,,,
10,,,10019,,,,,,,,,,,,,,,,,,,,,,,,,,,,,,,,,,,,0.4259849786758423,,,,,,,,,,,,,,,,,,,,,,,,,,,,,,,,,,,,
10,,,10024,,,,,,,,,,,,,,,,,,,,,,,,,,,,,,,,,,,,0.4508247971534729,,,,,,,,,,,,,,,,,,,,,,,,,,,,,,,,,,,,
10,,,10029,,,,,,,,,,,,,,,,,,,,,,,,,,,,,,,,,,,,0.7096672058105469,,,,,,,,,,,,,,,,,,,,,,,,,,,,,,,,,,,,
10,,,10034,,,,,,,,,,,,,,,,,,,,,,,,,,,,,,,,,,,,0.5792028903961182,,,,,,,,,,,,,,,,,,,,,,,,,,,,,,,,,,,,
10,,,10039,,,,,,,,,,,,,,,,,,,,,,,,,,,,,,,,,,,,0.3477674722671509,,,,,,,,,,,,,,,,,,,,,,,,,,,,,,,,,,,,
10,,,10044,,,,,,,,,,,,,,,,,,,,,,,,,,,,,,,,,,,,0.2509602904319763,,,,,,,,,,,,,,,,,,,,,,,,,,,,,,,,,,,,
10,,,10049,,,,,,,,,,,,,,,,,,,,,,,,,,,,,,,,,,,,0.6037040948867798,,,,,,,,,,,,,,,,,,,,,,,,,,,,,,,,,,,,
10,,,10054,,,,,,,,,,,,,,,,,,,,,,,,,,,,,,,,,,,,0.23502254486083984,,,,,,,,,,,,,,,,,,,,,,,,,,,,,,,,,,,,
10,,,10059,,,,,,,,,,,,,,,,,,,,,,,,,,,,,,,,,,,,0.3783111572265625,,,,,,,,,,,,,,,,,,,,,,,,,,,,,,,,,,,,
10,,,10064,,,,,,,,,,,,,,,,,,,,,,,,,,,,,,,,,,,,0.2851170301437378,,,,,,,,,,,,,,,,,,,,,,,,,,,,,,,,,,,,
10,,,10069,,,,,,,,,,,,,,,,,,,,,,,,,,,,,,,,,,,,0.6803110241889954,,,,,,,,,,,,,,,,,,,,,,,,,,,,,,,,,,,,
10,,,10074,,,,,,,,,,,,,,,,,,,,,,,,,,,,,,,,,,,,0.6346104145050049,,,,,,,,,,,,,,,,,,,,,,,,,,,,,,,,,,,,
10,,,10079,,,,,,,,,,,,,,,,,,,,,,,,,,,,,,,,,,,,0.6480669379234314,,,,,,,,,,,,,,,,,,,,,,,,,,,,,,,,,,,,
10,,,10084,,,,,,,,,,,,,,,,,,,,,,,,,,,,,,,,,,,,0.5096668004989624,,,,,,,,,,,,,,,,,,,,,,,,,,,,,,,,,,,,
10,,,10089,,,,,,,,,,,,,,,,,,,,,,,,,,,,,,,,,,,,0.37042781710624695,,,,,,,,,,,,,,,,,,,,,,,,,,,,,,,,,,,,
10,,,10094,,,,,,,,,,,,,,,,,,,,,,,,,,,,,,,,,,,,0.660627007484436,,,,,,,,,,,,,,,,,,,,,,,,,,,,,,,,,,,,
10,,,10099,,,,,,,,,,,,,,,,,,,,,,,,,,,,,,,,,,,,0.2861070930957794,,,,,,,,,,,,,,,,,,,,,,,,,,,,,,,,,,,,
10,,,10104,,,,,,,,,,,,,,,,,,,,,,,,,,,,,,,,,,,,0.4741334319114685,,,,,,,,,,,,,,,,,,,,,,,,,,,,,,,,,,,,
10,,,10109,,,,,,,,,,,,,,,,,,,,,,,,,,,,,,,,,,,,0.6298394799232483,,,,,,,,,,,,,,,,,,,,,,,,,,,,,,,,,,,,
10,,,10114,,,,,,,,,,,,,,,,,,,,,,,,,,,,,,,,,,,,0.2914193868637085,,,,,,,,,,,,,,,,,,,,,,,,,,,,,,,,,,,,
10,,,10119,,,,,,,,,,,,,,,,,,,,,,,,,,,,,,,,,,,,0.31042730808258057,,,,,,,,,,,,,,,,,,,,,,,,,,,,,,,,,,,,
10,,,10124,,,,,,,,,,,,,,,,,,,,,,,,,,,,,,,,,,,,0.6881405711174011,,,,,,,,,,,,,,,,,,,,,,,,,,,,,,,,,,,,
10,,,10129,,,,,,,,,,,,,,,,,,,,,,,,,,,,,,,,,,,,0.3078960180282593,,,,,,,,,,,,,,,,,,,,,,,,,,,,,,,,,,,,
10,,,10130,,,,,,,,,,,,,,,,,,,,,,,,,,,,,,,,,,,,,0.774620532989502,0.7344502806663513,0.627081573009491,0.7080994844436646,0.774620532989502,0.0,0.8786202073097229,0.8269833326339722,0.9471579790115356,0.4457206428050995,0.0,0.8923385143280029,0.826516330242157,0.8897154331207275,0.3292308449745178,0.0,0.8056057691574097,0.7043271064758301,0.8013399839401245,0.197053462266922,0.0,0.9064918756484985,0.8260499238967896,0.8388419151306152,0.26101434230804443,0.0,0.8786202073097229,0.8269833326339722,0.9471579790115356,0.4457206428050995,0.8536595106124878,0.8536595106124878,0.7446823716163635,0.8536595106124878,0.8536595106124878,0.4786275327205658
10,,,10130,0.7404887676239014,0.7246623039245605,0.6180137395858765,0.7113763093948364,0.7404887676239014,0.0,0.8695201873779297,0.8386707305908203,0.9153664112091064,0.3383978307247162,0.0,0.8845647573471069,0.8235554695129395,0.8903828859329224,0.300146222114563,0.0,0.793022096157074,0.7000375986099243,0.8024234771728516,0.176571786403656,0.0,0.9001391530036926,0.8089752793312073,0.8667268753051758,0.26966410875320435,0.0,0.8695201873779297,0.8386707305908203,0.9153664112091064,0.3383978307247162,0.8494946360588074,0.8494946956634521,0.7383666634559631,0.8494946360588074,0.8494946360588074,,,,,,,,,,,,,,,,,,,,,,,,,,,,,,,,,,,,,
,1e-05,0.0001,10131,,,,,,,,,,,,,,,,,,,,,,,,,,,,,,,,,,,,,,,,,,,,,,,,,,,,,,,,,,,,,,,,,,,,,,,,
11,,,10134,,,,,,,,,,,,,,,,,,,,,,,,,,,,,,,,,,,,0.427182674407959,,,,,,,,,,,,,,,,,,,,,,,,,,,,,,,,,,,,
11,,,10139,,,,,,,,,,,,,,,,,,,,,,,,,,,,,,,,,,,,0.4044140577316284,,,,,,,,,,,,,,,,,,,,,,,,,,,,,,,,,,,,
11,,,10144,,,,,,,,,,,,,,,,,,,,,,,,,,,,,,,,,,,,0.3063391447067261,,,,,,,,,,,,,,,,,,,,,,,,,,,,,,,,,,,,
11,,,10149,,,,,,,,,,,,,,,,,,,,,,,,,,,,,,,,,,,,0.5626748204231262,,,,,,,,,,,,,,,,,,,,,,,,,,,,,,,,,,,,
11,,,10154,,,,,,,,,,,,,,,,,,,,,,,,,,,,,,,,,,,,0.3409489095211029,,,,,,,,,,,,,,,,,,,,,,,,,,,,,,,,,,,,
11,,,10159,,,,,,,,,,,,,,,,,,,,,,,,,,,,,,,,,,,,0.366615355014801,,,,,,,,,,,,,,,,,,,,,,,,,,,,,,,,,,,,
11,,,10164,,,,,,,,,,,,,,,,,,,,,,,,,,,,,,,,,,,,0.6289385557174683,,,,,,,,,,,,,,,,,,,,,,,,,,,,,,,,,,,,
11,,,10169,,,,,,,,,,,,,,,,,,,,,,,,,,,,,,,,,,,,0.4307948648929596,,,,,,,,,,,,,,,,,,,,,,,,,,,,,,,,,,,,
11,,,10174,,,,,,,,,,,,,,,,,,,,,,,,,,,,,,,,,,,,0.6223180294036865,,,,,,,,,,,,,,,,,,,,,,,,,,,,,,,,,,,,
11,,,10179,,,,,,,,,,,,,,,,,,,,,,,,,,,,,,,,,,,,0.6406842470169067,,,,,,,,,,,,,,,,,,,,,,,,,,,,,,,,,,,,
11,,,10184,,,,,,,,,,,,,,,,,,,,,,,,,,,,,,,,,,,,0.2515154182910919,,,,,,,,,,,,,,,,,,,,,,,,,,,,,,,,,,,,
11,,,10189,,,,,,,,,,,,,,,,,,,,,,,,,,,,,,,,,,,,0.6283012628555298,,,,,,,,,,,,,,,,,,,,,,,,,,,,,,,,,,,,
11,,,10194,,,,,,,,,,,,,,,,,,,,,,,,,,,,,,,,,,,,0.6314356327056885,,,,,,,,,,,,,,,,,,,,,,,,,,,,,,,,,,,,
11,,,10199,,,,,,,,,,,,,,,,,,,,,,,,,,,,,,,,,,,,0.6577140688896179,,,,,,,,,,,,,,,,,,,,,,,,,,,,,,,,,,,,
11,,,10204,,,,,,,,,,,,,,,,,,,,,,,,,,,,,,,,,,,,0.462368905544281,,,,,,,,,,,,,,,,,,,,,,,,,,,,,,,,,,,,
11,,,10209,,,,,,,,,,,,,,,,,,,,,,,,,,,,,,,,,,,,0.5418941974639893,,,,,,,,,,,,,,,,,,,,,,,,,,,,,,,,,,,,
11,,,10214,,,,,,,,,,,,,,,,,,,,,,,,,,,,,,,,,,,,0.2781126797199249,,,,,,,,,,,,,,,,,,,,,,,,,,,,,,,,,,,,
11,,,10219,,,,,,,,,,,,,,,,,,,,,,,,,,,,,,,,,,,,0.7173957824707031,,,,,,,,,,,,,,,,,,,,,,,,,,,,,,,,,,,,
11,,,10224,,,,,,,,,,,,,,,,,,,,,,,,,,,,,,,,,,,,0.6411110758781433,,,,,,,,,,,,,,,,,,,,,,,,,,,,,,,,,,,,
11,,,10229,,,,,,,,,,,,,,,,,,,,,,,,,,,,,,,,,,,,0.6011952757835388,,,,,,,,,,,,,,,,,,,,,,,,,,,,,,,,,,,,
11,,,10234,,,,,,,,,,,,,,,,,,,,,,,,,,,,,,,,,,,,0.2981998920440674,,,,,,,,,,,,,,,,,,,,,,,,,,,,,,,,,,,,
11,,,10239,,,,,,,,,,,,,,,,,,,,,,,,,,,,,,,,,,,,0.7371139526367188,,,,,,,,,,,,,,,,,,,,,,,,,,,,,,,,,,,,
11,,,10244,,,,,,,,,,,,,,,,,,,,,,,,,,,,,,,,,,,,0.3180457353591919,,,,,,,,,,,,,,,,,,,,,,,,,,,,,,,,,,,,
11,,,10249,,,,,,,,,,,,,,,,,,,,,,,,,,,,,,,,,,,,0.6607180833816528,,,,,,,,,,,,,,,,,,,,,,,,,,,,,,,,,,,,
11,,,10254,,,,,,,,,,,,,,,,,,,,,,,,,,,,,,,,,,,,0.352535605430603,,,,,,,,,,,,,,,,,,,,,,,,,,,,,,,,,,,,
11,,,10259,,,,,,,,,,,,,,,,,,,,,,,,,,,,,,,,,,,,0.37714749574661255,,,,,,,,,,,,,,,,,,,,,,,,,,,,,,,,,,,,
11,,,10264,,,,,,,,,,,,,,,,,,,,,,,,,,,,,,,,,,,,0.2388114631175995,,,,,,,,,,,,,,,,,,,,,,,,,,,,,,,,,,,,
11,,,10269,,,,,,,,,,,,,,,,,,,,,,,,,,,,,,,,,,,,0.44181543588638306,,,,,,,,,,,,,,,,,,,,,,,,,,,,,,,,,,,,
11,,,10274,,,,,,,,,,,,,,,,,,,,,,,,,,,,,,,,,,,,0.6944093704223633,,,,,,,,,,,,,,,,,,,,,,,,,,,,,,,,,,,,
11,,,10279,,,,,,,,,,,,,,,,,,,,,,,,,,,,,,,,,,,,0.5871965885162354,,,,,,,,,,,,,,,,,,,,,,,,,,,,,,,,,,,,
11,,,10284,,,,,,,,,,,,,,,,,,,,,,,,,,,,,,,,,,,,0.4046695828437805,,,,,,,,,,,,,,,,,,,,,,,,,,,,,,,,,,,,
11,,,10289,,,,,,,,,,,,,,,,,,,,,,,,,,,,,,,,,,,,0.29460418224334717,,,,,,,,,,,,,,,,,,,,,,,,,,,,,,,,,,,,
11,,,10294,,,,,,,,,,,,,,,,,,,,,,,,,,,,,,,,,,,,0.6449311971664429,,,,,,,,,,,,,,,,,,,,,,,,,,,,,,,,,,,,
11,,,10299,,,,,,,,,,,,,,,,,,,,,,,,,,,,,,,,,,,,0.24814146757125854,,,,,,,,,,,,,,,,,,,,,,,,,,,,,,,,,,,,
11,,,10304,,,,,,,,,,,,,,,,,,,,,,,,,,,,,,,,,,,,0.3677797019481659,,,,,,,,,,,,,,,,,,,,,,,,,,,,,,,,,,,,
11,,,10309,,,,,,,,,,,,,,,,,,,,,,,,,,,,,,,,,,,,0.39715737104415894,,,,,,,,,,,,,,,,,,,,,,,,,,,,,,,,,,,,
11,,,10314,,,,,,,,,,,,,,,,,,,,,,,,,,,,,,,,,,,,0.30290037393569946,,,,,,,,,,,,,,,,,,,,,,,,,,,,,,,,,,,,
11,,,10319,,,,,,,,,,,,,,,,,,,,,,,,,,,,,,,,,,,,0.3193100690841675,,,,,,,,,,,,,,,,,,,,,,,,,,,,,,,,,,,,
11,,,10324,,,,,,,,,,,,,,,,,,,,,,,,,,,,,,,,,,,,0.34654009342193604,,,,,,,,,,,,,,,,,,,,,,,,,,,,,,,,,,,,
11,,,10329,,,,,,,,,,,,,,,,,,,,,,,,,,,,,,,,,,,,0.6852997541427612,,,,,,,,,,,,,,,,,,,,,,,,,,,,,,,,,,,,
11,,,10334,,,,,,,,,,,,,,,,,,,,,,,,,,,,,,,,,,,,0.35093721747398376,,,,,,,,,,,,,,,,,,,,,,,,,,,,,,,,,,,,
11,,,10339,,,,,,,,,,,,,,,,,,,,,,,,,,,,,,,,,,,,0.6048141717910767,,,,,,,,,,,,,,,,,,,,,,,,,,,,,,,,,,,,
11,,,10344,,,,,,,,,,,,,,,,,,,,,,,,,,,,,,,,,,,,0.30809485912323,,,,,,,,,,,,,,,,,,,,,,,,,,,,,,,,,,,,
11,,,10349,,,,,,,,,,,,,,,,,,,,,,,,,,,,,,,,,,,,0.3266339898109436,,,,,,,,,,,,,,,,,,,,,,,,,,,,,,,,,,,,
11,,,10354,,,,,,,,,,,,,,,,,,,,,,,,,,,,,,,,,,,,0.2938329577445984,,,,,,,,,,,,,,,,,,,,,,,,,,,,,,,,,,,,
11,,,10359,,,,,,,,,,,,,,,,,,,,,,,,,,,,,,,,,,,,0.6162843704223633,,,,,,,,,,,,,,,,,,,,,,,,,,,,,,,,,,,,
11,,,10364,,,,,,,,,,,,,,,,,,,,,,,,,,,,,,,,,,,,0.37106022238731384,,,,,,,,,,,,,,,,,,,,,,,,,,,,,,,,,,,,
11,,,10369,,,,,,,,,,,,,,,,,,,,,,,,,,,,,,,,,,,,0.6050127744674683,,,,,,,,,,,,,,,,,,,,,,,,,,,,,,,,,,,,
11,,,10374,,,,,,,,,,,,,,,,,,,,,,,,,,,,,,,,,,,,0.3989303708076477,,,,,,,,,,,,,,,,,,,,,,,,,,,,,,,,,,,,
11,,,10379,,,,,,,,,,,,,,,,,,,,,,,,,,,,,,,,,,,,0.4252368211746216,,,,,,,,,,,,,,,,,,,,,,,,,,,,,,,,,,,,
11,,,10384,,,,,,,,,,,,,,,,,,,,,,,,,,,,,,,,,,,,0.5817492008209229,,,,,,,,,,,,,,,,,,,,,,,,,,,,,,,,,,,,
11,,,10389,,,,,,,,,,,,,,,,,,,,,,,,,,,,,,,,,,,,0.649806022644043,,,,,,,,,,,,,,,,,,,,,,,,,,,,,,,,,,,,
11,,,10394,,,,,,,,,,,,,,,,,,,,,,,,,,,,,,,,,,,,0.39782971143722534,,,,,,,,,,,,,,,,,,,,,,,,,,,,,,,,,,,,
11,,,10399,,,,,,,,,,,,,,,,,,,,,,,,,,,,,,,,,,,,0.6771737933158875,,,,,,,,,,,,,,,,,,,,,,,,,,,,,,,,,,,,
11,,,10404,,,,,,,,,,,,,,,,,,,,,,,,,,,,,,,,,,,,0.3856610655784607,,,,,,,,,,,,,,,,,,,,,,,,,,,,,,,,,,,,
11,,,10409,,,,,,,,,,,,,,,,,,,,,,,,,,,,,,,,,,,,0.6153066158294678,,,,,,,,,,,,,,,,,,,,,,,,,,,,,,,,,,,,
11,,,10414,,,,,,,,,,,,,,,,,,,,,,,,,,,,,,,,,,,,0.24647289514541626,,,,,,,,,,,,,,,,,,,,,,,,,,,,,,,,,,,,
11,,,10419,,,,,,,,,,,,,,,,,,,,,,,,,,,,,,,,,,,,0.6749095320701599,,,,,,,,,,,,,,,,,,,,,,,,,,,,,,,,,,,,
11,,,10424,,,,,,,,,,,,,,,,,,,,,,,,,,,,,,,,,,,,0.4713112711906433,,,,,,,,,,,,,,,,,,,,,,,,,,,,,,,,,,,,
11,,,10429,,,,,,,,,,,,,,,,,,,,,,,,,,,,,,,,,,,,0.6085425019264221,,,,,,,,,,,,,,,,,,,,,,,,,,,,,,,,,,,,
11,,,10434,,,,,,,,,,,,,,,,,,,,,,,,,,,,,,,,,,,,0.3989557921886444,,,,,,,,,,,,,,,,,,,,,,,,,,,,,,,,,,,,
11,,,10439,,,,,,,,,,,,,,,,,,,,,,,,,,,,,,,,,,,,0.33315086364746094,,,,,,,,,,,,,,,,,,,,,,,,,,,,,,,,,,,,
11,,,10444,,,,,,,,,,,,,,,,,,,,,,,,,,,,,,,,,,,,0.38490670919418335,,,,,,,,,,,,,,,,,,,,,,,,,,,,,,,,,,,,
11,,,10449,,,,,,,,,,,,,,,,,,,,,,,,,,,,,,,,,,,,0.4444465637207031,,,,,,,,,,,,,,,,,,,,,,,,,,,,,,,,,,,,
11,,,10454,,,,,,,,,,,,,,,,,,,,,,,,,,,,,,,,,,,,0.518585205078125,,,,,,,,,,,,,,,,,,,,,,,,,,,,,,,,,,,,
11,,,10459,,,,,,,,,,,,,,,,,,,,,,,,,,,,,,,,,,,,0.551889181137085,,,,,,,,,,,,,,,,,,,,,,,,,,,,,,,,,,,,
11,,,10464,,,,,,,,,,,,,,,,,,,,,,,,,,,,,,,,,,,,0.6332690119743347,,,,,,,,,,,,,,,,,,,,,,,,,,,,,,,,,,,,
11,,,10469,,,,,,,,,,,,,,,,,,,,,,,,,,,,,,,,,,,,0.39080947637557983,,,,,,,,,,,,,,,,,,,,,,,,,,,,,,,,,,,,
11,,,10474,,,,,,,,,,,,,,,,,,,,,,,,,,,,,,,,,,,,0.3514373302459717,,,,,,,,,,,,,,,,,,,,,,,,,,,,,,,,,,,,
11,,,10479,,,,,,,,,,,,,,,,,,,,,,,,,,,,,,,,,,,,0.47225087881088257,,,,,,,,,,,,,,,,,,,,,,,,,,,,,,,,,,,,
11,,,10484,,,,,,,,,,,,,,,,,,,,,,,,,,,,,,,,,,,,0.5385483503341675,,,,,,,,,,,,,,,,,,,,,,,,,,,,,,,,,,,,
11,,,10489,,,,,,,,,,,,,,,,,,,,,,,,,,,,,,,,,,,,0.2786155343055725,,,,,,,,,,,,,,,,,,,,,,,,,,,,,,,,,,,,
11,,,10494,,,,,,,,,,,,,,,,,,,,,,,,,,,,,,,,,,,,0.6698126196861267,,,,,,,,,,,,,,,,,,,,,,,,,,,,,,,,,,,,
11,,,10499,,,,,,,,,,,,,,,,,,,,,,,,,,,,,,,,,,,,0.32468634843826294,,,,,,,,,,,,,,,,,,,,,,,,,,,,,,,,,,,,
11,,,10504,,,,,,,,,,,,,,,,,,,,,,,,,,,,,,,,,,,,0.5692907571792603,,,,,,,,,,,,,,,,,,,,,,,,,,,,,,,,,,,,
11,,,10509,,,,,,,,,,,,,,,,,,,,,,,,,,,,,,,,,,,,0.6675322651863098,,,,,,,,,,,,,,,,,,,,,,,,,,,,,,,,,,,,
11,,,10514,,,,,,,,,,,,,,,,,,,,,,,,,,,,,,,,,,,,0.2668105959892273,,,,,,,,,,,,,,,,,,,,,,,,,,,,,,,,,,,,
11,,,10519,,,,,,,,,,,,,,,,,,,,,,,,,,,,,,,,,,,,0.6725842952728271,,,,,,,,,,,,,,,,,,,,,,,,,,,,,,,,,,,,
11,,,10524,,,,,,,,,,,,,,,,,,,,,,,,,,,,,,,,,,,,0.38872212171554565,,,,,,,,,,,,,,,,,,,,,,,,,,,,,,,,,,,,
11,,,10529,,,,,,,,,,,,,,,,,,,,,,,,,,,,,,,,,,,,0.35275378823280334,,,,,,,,,,,,,,,,,,,,,,,,,,,,,,,,,,,,
11,,,10534,,,,,,,,,,,,,,,,,,,,,,,,,,,,,,,,,,,,0.3409406542778015,,,,,,,,,,,,,,,,,,,,,,,,,,,,,,,,,,,,
11,,,10539,,,,,,,,,,,,,,,,,,,,,,,,,,,,,,,,,,,,0.312946081161499,,,,,,,,,,,,,,,,,,,,,,,,,,,,,,,,,,,,
11,,,10544,,,,,,,,,,,,,,,,,,,,,,,,,,,,,,,,,,,,0.6656509637832642,,,,,,,,,,,,,,,,,,,,,,,,,,,,,,,,,,,,
11,,,10549,,,,,,,,,,,,,,,,,,,,,,,,,,,,,,,,,,,,0.6284773349761963,,,,,,,,,,,,,,,,,,,,,,,,,,,,,,,,,,,,
11,,,10554,,,,,,,,,,,,,,,,,,,,,,,,,,,,,,,,,,,,0.6503212451934814,,,,,,,,,,,,,,,,,,,,,,,,,,,,,,,,,,,,
11,,,10559,,,,,,,,,,,,,,,,,,,,,,,,,,,,,,,,,,,,0.6097962856292725,,,,,,,,,,,,,,,,,,,,,,,,,,,,,,,,,,,,
11,,,10564,,,,,,,,,,,,,,,,,,,,,,,,,,,,,,,,,,,,0.27103081345558167,,,,,,,,,,,,,,,,,,,,,,,,,,,,,,,,,,,,
11,,,10569,,,,,,,,,,,,,,,,,,,,,,,,,,,,,,,,,,,,0.39907997846603394,,,,,,,,,,,,,,,,,,,,,,,,,,,,,,,,,,,,
11,,,10574,,,,,,,,,,,,,,,,,,,,,,,,,,,,,,,,,,,,0.5060663223266602,,,,,,,,,,,,,,,,,,,,,,,,,,,,,,,,,,,,
11,,,10579,,,,,,,,,,,,,,,,,,,,,,,,,,,,,,,,,,,,0.6856690645217896,,,,,,,,,,,,,,,,,,,,,,,,,,,,,,,,,,,,
11,,,10584,,,,,,,,,,,,,,,,,,,,,,,,,,,,,,,,,,,,0.6345747709274292,,,,,,,,,,,,,,,,,,,,,,,,,,,,,,,,,,,,
11,,,10589,,,,,,,,,,,,,,,,,,,,,,,,,,,,,,,,,,,,0.36586707830429077,,,,,,,,,,,,,,,,,,,,,,,,,,,,,,,,,,,,
11,,,10594,,,,,,,,,,,,,,,,,,,,,,,,,,,,,,,,,,,,0.2890317738056183,,,,,,,,,,,,,,,,,,,,,,,,,,,,,,,,,,,,
11,,,10599,,,,,,,,,,,,,,,,,,,,,,,,,,,,,,,,,,,,0.7001552581787109,,,,,,,,,,,,,,,,,,,,,,,,,,,,,,,,,,,,
11,,,10604,,,,,,,,,,,,,,,,,,,,,,,,,,,,,,,,,,,,0.6080742478370667,,,,,,,,,,,,,,,,,,,,,,,,,,,,,,,,,,,,
11,,,10609,,,,,,,,,,,,,,,,,,,,,,,,,,,,,,,,,,,,0.30571237206459045,,,,,,,,,,,,,,,,,,,,,,,,,,,,,,,,,,,,
11,,,10614,,,,,,,,,,,,,,,,,,,,,,,,,,,,,,,,,,,,0.41997861862182617,,,,,,,,,,,,,,,,,,,,,,,,,,,,,,,,,,,,
11,,,10619,,,,,,,,,,,,,,,,,,,,,,,,,,,,,,,,,,,,0.3722602128982544,,,,,,,,,,,,,,,,,,,,,,,,,,,,,,,,,,,,
11,,,10624,,,,,,,,,,,,,,,,,,,,,,,,,,,,,,,,,,,,0.6254713535308838,,,,,,,,,,,,,,,,,,,,,,,,,,,,,,,,,,,,
11,,,10629,,,,,,,,,,,,,,,,,,,,,,,,,,,,,,,,,,,,0.6616679430007935,,,,,,,,,,,,,,,,,,,,,,,,,,,,,,,,,,,,
11,,,10634,,,,,,,,,,,,,,,,,,,,,,,,,,,,,,,,,,,,0.34417372941970825,,,,,,,,,,,,,,,,,,,,,,,,,,,,,,,,,,,,
11,,,10639,,,,,,,,,,,,,,,,,,,,,,,,,,,,,,,,,,,,0.32855546474456787,,,,,,,,,,,,,,,,,,,,,,,,,,,,,,,,,,,,
11,,,10644,,,,,,,,,,,,,,,,,,,,,,,,,,,,,,,,,,,,0.4944092929363251,,,,,,,,,,,,,,,,,,,,,,,,,,,,,,,,,,,,
11,,,10649,,,,,,,,,,,,,,,,,,,,,,,,,,,,,,,,,,,,0.6464714407920837,,,,,,,,,,,,,,,,,,,,,,,,,,,,,,,,,,,,
11,,,10654,,,,,,,,,,,,,,,,,,,,,,,,,,,,,,,,,,,,0.333021879196167,,,,,,,,,,,,,,,,,,,,,,,,,,,,,,,,,,,,
11,,,10659,,,,,,,,,,,,,,,,,,,,,,,,,,,,,,,,,,,,0.26449570059776306,,,,,,,,,,,,,,,,,,,,,,,,,,,,,,,,,,,,
11,,,10664,,,,,,,,,,,,,,,,,,,,,,,,,,,,,,,,,,,,0.2765483260154724,,,,,,,,,,,,,,,,,,,,,,,,,,,,,,,,,,,,
11,,,10669,,,,,,,,,,,,,,,,,,,,,,,,,,,,,,,,,,,,0.33909347653388977,,,,,,,,,,,,,,,,,,,,,,,,,,,,,,,,,,,,
11,,,10674,,,,,,,,,,,,,,,,,,,,,,,,,,,,,,,,,,,,0.4817785620689392,,,,,,,,,,,,,,,,,,,,,,,,,,,,,,,,,,,,
11,,,10679,,,,,,,,,,,,,,,,,,,,,,,,,,,,,,,,,,,,0.681424617767334,,,,,,,,,,,,,,,,,,,,,,,,,,,,,,,,,,,,
11,,,10684,,,,,,,,,,,,,,,,,,,,,,,,,,,,,,,,,,,,0.6708601713180542,,,,,,,,,,,,,,,,,,,,,,,,,,,,,,,,,,,,
11,,,10689,,,,,,,,,,,,,,,,,,,,,,,,,,,,,,,,,,,,0.2563598155975342,,,,,,,,,,,,,,,,,,,,,,,,,,,,,,,,,,,,
11,,,10694,,,,,,,,,,,,,,,,,,,,,,,,,,,,,,,,,,,,0.7332545518875122,,,,,,,,,,,,,,,,,,,,,,,,,,,,,,,,,,,,
11,,,10699,,,,,,,,,,,,,,,,,,,,,,,,,,,,,,,,,,,,0.3882807493209839,,,,,,,,,,,,,,,,,,,,,,,,,,,,,,,,,,,,
11,,,10704,,,,,,,,,,,,,,,,,,,,,,,,,,,,,,,,,,,,0.3271673023700714,,,,,,,,,,,,,,,,,,,,,,,,,,,,,,,,,,,,
11,,,10709,,,,,,,,,,,,,,,,,,,,,,,,,,,,,,,,,,,,0.36615684628486633,,,,,,,,,,,,,,,,,,,,,,,,,,,,,,,,,,,,
11,,,10714,,,,,,,,,,,,,,,,,,,,,,,,,,,,,,,,,,,,0.31652402877807617,,,,,,,,,,,,,,,,,,,,,,,,,,,,,,,,,,,,
11,,,10719,,,,,,,,,,,,,,,,,,,,,,,,,,,,,,,,,,,,0.21162769198417664,,,,,,,,,,,,,,,,,,,,,,,,,,,,,,,,,,,,
11,,,10724,,,,,,,,,,,,,,,,,,,,,,,,,,,,,,,,,,,,0.6793601512908936,,,,,,,,,,,,,,,,,,,,,,,,,,,,,,,,,,,,
11,,,10729,,,,,,,,,,,,,,,,,,,,,,,,,,,,,,,,,,,,0.30185094475746155,,,,,,,,,,,,,,,,,,,,,,,,,,,,,,,,,,,,
11,,,10734,,,,,,,,,,,,,,,,,,,,,,,,,,,,,,,,,,,,0.5387992262840271,,,,,,,,,,,,,,,,,,,,,,,,,,,,,,,,,,,,
11,,,10739,,,,,,,,,,,,,,,,,,,,,,,,,,,,,,,,,,,,0.27318158745765686,,,,,,,,,,,,,,,,,,,,,,,,,,,,,,,,,,,,
11,,,10744,,,,,,,,,,,,,,,,,,,,,,,,,,,,,,,,,,,,0.5829850435256958,,,,,,,,,,,,,,,,,,,,,,,,,,,,,,,,,,,,
11,,,10749,,,,,,,,,,,,,,,,,,,,,,,,,,,,,,,,,,,,0.6416574120521545,,,,,,,,,,,,,,,,,,,,,,,,,,,,,,,,,,,,
11,,,10754,,,,,,,,,,,,,,,,,,,,,,,,,,,,,,,,,,,,0.5860092043876648,,,,,,,,,,,,,,,,,,,,,,,,,,,,,,,,,,,,
11,,,10759,,,,,,,,,,,,,,,,,,,,,,,,,,,,,,,,,,,,0.26737675070762634,,,,,,,,,,,,,,,,,,,,,,,,,,,,,,,,,,,,
11,,,10764,,,,,,,,,,,,,,,,,,,,,,,,,,,,,,,,,,,,0.32512569427490234,,,,,,,,,,,,,,,,,,,,,,,,,,,,,,,,,,,,
11,,,10769,,,,,,,,,,,,,,,,,,,,,,,,,,,,,,,,,,,,0.6125047206878662,,,,,,,,,,,,,,,,,,,,,,,,,,,,,,,,,,,,
11,,,10774,,,,,,,,,,,,,,,,,,,,,,,,,,,,,,,,,,,,0.6486380100250244,,,,,,,,,,,,,,,,,,,,,,,,,,,,,,,,,,,,
11,,,10779,,,,,,,,,,,,,,,,,,,,,,,,,,,,,,,,,,,,0.35351884365081787,,,,,,,,,,,,,,,,,,,,,,,,,,,,,,,,,,,,
11,,,10784,,,,,,,,,,,,,,,,,,,,,,,,,,,,,,,,,,,,0.6927399635314941,,,,,,,,,,,,,,,,,,,,,,,,,,,,,,,,,,,,
11,,,10789,,,,,,,,,,,,,,,,,,,,,,,,,,,,,,,,,,,,0.6702906489372253,,,,,,,,,,,,,,,,,,,,,,,,,,,,,,,,,,,,
11,,,10794,,,,,,,,,,,,,,,,,,,,,,,,,,,,,,,,,,,,0.6558441519737244,,,,,,,,,,,,,,,,,,,,,,,,,,,,,,,,,,,,
11,,,10799,,,,,,,,,,,,,,,,,,,,,,,,,,,,,,,,,,,,0.4821079969406128,,,,,,,,,,,,,,,,,,,,,,,,,,,,,,,,,,,,
11,,,10804,,,,,,,,,,,,,,,,,,,,,,,,,,,,,,,,,,,,0.3920910954475403,,,,,,,,,,,,,,,,,,,,,,,,,,,,,,,,,,,,
11,,,10809,,,,,,,,,,,,,,,,,,,,,,,,,,,,,,,,,,,,0.6705862283706665,,,,,,,,,,,,,,,,,,,,,,,,,,,,,,,,,,,,
11,,,10814,,,,,,,,,,,,,,,,,,,,,,,,,,,,,,,,,,,,0.28334489464759827,,,,,,,,,,,,,,,,,,,,,,,,,,,,,,,,,,,,
11,,,10819,,,,,,,,,,,,,,,,,,,,,,,,,,,,,,,,,,,,0.3909657895565033,,,,,,,,,,,,,,,,,,,,,,,,,,,,,,,,,,,,
11,,,10824,,,,,,,,,,,,,,,,,,,,,,,,,,,,,,,,,,,,0.7442851066589355,,,,,,,,,,,,,,,,,,,,,,,,,,,,,,,,,,,,
11,,,10829,,,,,,,,,,,,,,,,,,,,,,,,,,,,,,,,,,,,0.33054298162460327,,,,,,,,,,,,,,,,,,,,,,,,,,,,,,,,,,,,
11,,,10834,,,,,,,,,,,,,,,,,,,,,,,,,,,,,,,,,,,,0.40909498929977417,,,,,,,,,,,,,,,,,,,,,,,,,,,,,,,,,,,,
11,,,10839,,,,,,,,,,,,,,,,,,,,,,,,,,,,,,,,,,,,0.6707345843315125,,,,,,,,,,,,,,,,,,,,,,,,,,,,,,,,,,,,
11,,,10844,,,,,,,,,,,,,,,,,,,,,,,,,,,,,,,,,,,,0.482837051153183,,,,,,,,,,,,,,,,,,,,,,,,,,,,,,,,,,,,
11,,,10849,,,,,,,,,,,,,,,,,,,,,,,,,,,,,,,,,,,,0.3513256311416626,,,,,,,,,,,,,,,,,,,,,,,,,,,,,,,,,,,,
11,,,10854,,,,,,,,,,,,,,,,,,,,,,,,,,,,,,,,,,,,0.32132428884506226,,,,,,,,,,,,,,,,,,,,,,,,,,,,,,,,,,,,
11,,,10859,,,,,,,,,,,,,,,,,,,,,,,,,,,,,,,,,,,,0.42440202832221985,,,,,,,,,,,,,,,,,,,,,,,,,,,,,,,,,,,,
11,,,10864,,,,,,,,,,,,,,,,,,,,,,,,,,,,,,,,,,,,0.6716996431350708,,,,,,,,,,,,,,,,,,,,,,,,,,,,,,,,,,,,
11,,,10869,,,,,,,,,,,,,,,,,,,,,,,,,,,,,,,,,,,,0.34016352891921997,,,,,,,,,,,,,,,,,,,,,,,,,,,,,,,,,,,,
11,,,10874,,,,,,,,,,,,,,,,,,,,,,,,,,,,,,,,,,,,0.3305891156196594,,,,,,,,,,,,,,,,,,,,,,,,,,,,,,,,,,,,
11,,,10879,,,,,,,,,,,,,,,,,,,,,,,,,,,,,,,,,,,,0.292908638715744,,,,,,,,,,,,,,,,,,,,,,,,,,,,,,,,,,,,
11,,,10884,,,,,,,,,,,,,,,,,,,,,,,,,,,,,,,,,,,,0.6655817627906799,,,,,,,,,,,,,,,,,,,,,,,,,,,,,,,,,,,,
11,,,10889,,,,,,,,,,,,,,,,,,,,,,,,,,,,,,,,,,,,0.3499275743961334,,,,,,,,,,,,,,,,,,,,,,,,,,,,,,,,,,,,
11,,,10894,,,,,,,,,,,,,,,,,,,,,,,,,,,,,,,,,,,,0.26957064867019653,,,,,,,,,,,,,,,,,,,,,,,,,,,,,,,,,,,,
11,,,10899,,,,,,,,,,,,,,,,,,,,,,,,,,,,,,,,,,,,0.7079843878746033,,,,,,,,,,,,,,,,,,,,,,,,,,,,,,,,,,,,
11,,,10904,,,,,,,,,,,,,,,,,,,,,,,,,,,,,,,,,,,,0.3721613585948944,,,,,,,,,,,,,,,,,,,,,,,,,,,,,,,,,,,,
11,,,10909,,,,,,,,,,,,,,,,,,,,,,,,,,,,,,,,,,,,0.7931974530220032,,,,,,,,,,,,,,,,,,,,,,,,,,,,,,,,,,,,
11,,,10914,,,,,,,,,,,,,,,,,,,,,,,,,,,,,,,,,,,,0.5075373649597168,,,,,,,,,,,,,,,,,,,,,,,,,,,,,,,,,,,,
11,,,10919,,,,,,,,,,,,,,,,,,,,,,,,,,,,,,,,,,,,0.3236304521560669,,,,,,,,,,,,,,,,,,,,,,,,,,,,,,,,,,,,
11,,,10924,,,,,,,,,,,,,,,,,,,,,,,,,,,,,,,,,,,,0.4636215567588806,,,,,,,,,,,,,,,,,,,,,,,,,,,,,,,,,,,,
11,,,10929,,,,,,,,,,,,,,,,,,,,,,,,,,,,,,,,,,,,0.3690568208694458,,,,,,,,,,,,,,,,,,,,,,,,,,,,,,,,,,,,
11,,,10934,,,,,,,,,,,,,,,,,,,,,,,,,,,,,,,,,,,,0.42813539505004883,,,,,,,,,,,,,,,,,,,,,,,,,,,,,,,,,,,,
11,,,10939,,,,,,,,,,,,,,,,,,,,,,,,,,,,,,,,,,,,0.49865639209747314,,,,,,,,,,,,,,,,,,,,,,,,,,,,,,,,,,,,
11,,,10944,,,,,,,,,,,,,,,,,,,,,,,,,,,,,,,,,,,,0.40793710947036743,,,,,,,,,,,,,,,,,,,,,,,,,,,,,,,,,,,,
11,,,10949,,,,,,,,,,,,,,,,,,,,,,,,,,,,,,,,,,,,0.2912564277648926,,,,,,,,,,,,,,,,,,,,,,,,,,,,,,,,,,,,
11,,,10954,,,,,,,,,,,,,,,,,,,,,,,,,,,,,,,,,,,,0.4605029821395874,,,,,,,,,,,,,,,,,,,,,,,,,,,,,,,,,,,,
11,,,10959,,,,,,,,,,,,,,,,,,,,,,,,,,,,,,,,,,,,0.2747105360031128,,,,,,,,,,,,,,,,,,,,,,,,,,,,,,,,,,,,
11,,,10964,,,,,,,,,,,,,,,,,,,,,,,,,,,,,,,,,,,,0.31528240442276,,,,,,,,,,,,,,,,,,,,,,,,,,,,,,,,,,,,
11,,,10969,,,,,,,,,,,,,,,,,,,,,,,,,,,,,,,,,,,,0.40917444229125977,,,,,,,,,,,,,,,,,,,,,,,,,,,,,,,,,,,,
11,,,10974,,,,,,,,,,,,,,,,,,,,,,,,,,,,,,,,,,,,0.4717809557914734,,,,,,,,,,,,,,,,,,,,,,,,,,,,,,,,,,,,
11,,,10979,,,,,,,,,,,,,,,,,,,,,,,,,,,,,,,,,,,,0.4360215961933136,,,,,,,,,,,,,,,,,,,,,,,,,,,,,,,,,,,,
11,,,10984,,,,,,,,,,,,,,,,,,,,,,,,,,,,,,,,,,,,0.28620079159736633,,,,,,,,,,,,,,,,,,,,,,,,,,,,,,,,,,,,
11,,,10989,,,,,,,,,,,,,,,,,,,,,,,,,,,,,,,,,,,,0.2996901273727417,,,,,,,,,,,,,,,,,,,,,,,,,,,,,,,,,,,,
11,,,10994,,,,,,,,,,,,,,,,,,,,,,,,,,,,,,,,,,,,0.5807058811187744,,,,,,,,,,,,,,,,,,,,,,,,,,,,,,,,,,,,
11,,,10999,,,,,,,,,,,,,,,,,,,,,,,,,,,,,,,,,,,,0.6153169274330139,,,,,,,,,,,,,,,,,,,,,,,,,,,,,,,,,,,,
11,,,11004,,,,,,,,,,,,,,,,,,,,,,,,,,,,,,,,,,,,0.7156601548194885,,,,,,,,,,,,,,,,,,,,,,,,,,,,,,,,,,,,
11,,,11009,,,,,,,,,,,,,,,,,,,,,,,,,,,,,,,,,,,,0.27939897775650024,,,,,,,,,,,,,,,,,,,,,,,,,,,,,,,,,,,,
11,,,11014,,,,,,,,,,,,,,,,,,,,,,,,,,,,,,,,,,,,0.7433736324310303,,,,,,,,,,,,,,,,,,,,,,,,,,,,,,,,,,,,
11,,,11019,,,,,,,,,,,,,,,,,,,,,,,,,,,,,,,,,,,,0.66019606590271,,,,,,,,,,,,,,,,,,,,,,,,,,,,,,,,,,,,
11,,,11024,,,,,,,,,,,,,,,,,,,,,,,,,,,,,,,,,,,,0.6394074559211731,,,,,,,,,,,,,,,,,,,,,,,,,,,,,,,,,,,,
11,,,11029,,,,,,,,,,,,,,,,,,,,,,,,,,,,,,,,,,,,0.6569586396217346,,,,,,,,,,,,,,,,,,,,,,,,,,,,,,,,,,,,
11,,,11034,,,,,,,,,,,,,,,,,,,,,,,,,,,,,,,,,,,,0.29949039220809937,,,,,,,,,,,,,,,,,,,,,,,,,,,,,,,,,,,,
11,,,11039,,,,,,,,,,,,,,,,,,,,,,,,,,,,,,,,,,,,0.30962949991226196,,,,,,,,,,,,,,,,,,,,,,,,,,,,,,,,,,,,
11,,,11044,,,,,,,,,,,,,,,,,,,,,,,,,,,,,,,,,,,,0.6555721759796143,,,,,,,,,,,,,,,,,,,,,,,,,,,,,,,,,,,,
11,,,11049,,,,,,,,,,,,,,,,,,,,,,,,,,,,,,,,,,,,0.5875199437141418,,,,,,,,,,,,,,,,,,,,,,,,,,,,,,,,,,,,
11,,,11051,,,,,,,,,,,,,,,,,,,,,,,,,,,,,,,,,,,,,0.7750119566917419,0.7416850328445435,0.637357771396637,0.7198298573493958,0.7750119566917419,0.0,0.8661236763000488,0.8554876446723938,0.9372898936271667,0.4411466419696808,0.0,0.8921390175819397,0.833050012588501,0.9065560102462769,0.3349951207637787,0.0,0.8052806258201599,0.7138695120811462,0.8290832042694092,0.20119766891002655,0.0,0.9197655320167542,0.811759352684021,0.8777737021446228,0.2700209319591522,0.0,0.8661236763000488,0.8554876446723938,0.9372898936271667,0.4411466419696808,0.8564691543579102,0.8564691543579102,0.7489689588546753,0.8564691543579102,0.8564691543579102,0.47320976853370667
11,,,11051,0.7429983615875244,0.7280430793762207,0.6224501132965088,0.7155016660690308,0.7429983615875244,0.0,0.8698468804359436,0.8434553742408752,0.9170599579811096,0.34163105487823486,0.0,0.8858763575553894,0.8264467120170593,0.8956899046897888,0.3041594922542572,0.0,0.7951329350471497,0.7042258381843567,0.8110854625701904,0.179356187582016,0.0,0.9025076627731323,0.8101102709770203,0.8752931356430054,0.2740955352783203,0.0,0.8698468804359436,0.8434553742408752,0.9170599579811096,0.34163105487823486,0.8515658974647522,0.8515658974647522,0.7415017485618591,0.8515658974647522,0.8515658974647522,,,,,,,,,,,,,,,,,,,,,,,,,,,,,,,,,,,,,
,1e-05,0.0001,11052,,,,,,,,,,,,,,,,,,,,,,,,,,,,,,,,,,,,,,,,,,,,,,,,,,,,,,,,,,,,,,,,,,,,,,,,
12,,,11054,,,,,,,,,,,,,,,,,,,,,,,,,,,,,,,,,,,,0.5611841082572937,,,,,,,,,,,,,,,,,,,,,,,,,,,,,,,,,,,,
12,,,11059,,,,,,,,,,,,,,,,,,,,,,,,,,,,,,,,,,,,0.29541975259780884,,,,,,,,,,,,,,,,,,,,,,,,,,,,,,,,,,,,
12,,,11064,,,,,,,,,,,,,,,,,,,,,,,,,,,,,,,,,,,,0.627141535282135,,,,,,,,,,,,,,,,,,,,,,,,,,,,,,,,,,,,
12,,,11069,,,,,,,,,,,,,,,,,,,,,,,,,,,,,,,,,,,,0.6864595413208008,,,,,,,,,,,,,,,,,,,,,,,,,,,,,,,,,,,,
12,,,11074,,,,,,,,,,,,,,,,,,,,,,,,,,,,,,,,,,,,0.6973471641540527,,,,,,,,,,,,,,,,,,,,,,,,,,,,,,,,,,,,
12,,,11079,,,,,,,,,,,,,,,,,,,,,,,,,,,,,,,,,,,,0.25271934270858765,,,,,,,,,,,,,,,,,,,,,,,,,,,,,,,,,,,,
12,,,11084,,,,,,,,,,,,,,,,,,,,,,,,,,,,,,,,,,,,0.3065275549888611,,,,,,,,,,,,,,,,,,,,,,,,,,,,,,,,,,,,
12,,,11089,,,,,,,,,,,,,,,,,,,,,,,,,,,,,,,,,,,,0.30869585275650024,,,,,,,,,,,,,,,,,,,,,,,,,,,,,,,,,,,,
12,,,11094,,,,,,,,,,,,,,,,,,,,,,,,,,,,,,,,,,,,0.5593072772026062,,,,,,,,,,,,,,,,,,,,,,,,,,,,,,,,,,,,
12,,,11099,,,,,,,,,,,,,,,,,,,,,,,,,,,,,,,,,,,,0.5892745852470398,,,,,,,,,,,,,,,,,,,,,,,,,,,,,,,,,,,,
12,,,11104,,,,,,,,,,,,,,,,,,,,,,,,,,,,,,,,,,,,0.4569491744041443,,,,,,,,,,,,,,,,,,,,,,,,,,,,,,,,,,,,
12,,,11109,,,,,,,,,,,,,,,,,,,,,,,,,,,,,,,,,,,,0.22909565269947052,,,,,,,,,,,,,,,,,,,,,,,,,,,,,,,,,,,,
12,,,11114,,,,,,,,,,,,,,,,,,,,,,,,,,,,,,,,,,,,0.2908920645713806,,,,,,,,,,,,,,,,,,,,,,,,,,,,,,,,,,,,
12,,,11119,,,,,,,,,,,,,,,,,,,,,,,,,,,,,,,,,,,,0.6975218653678894,,,,,,,,,,,,,,,,,,,,,,,,,,,,,,,,,,,,
12,,,11124,,,,,,,,,,,,,,,,,,,,,,,,,,,,,,,,,,,,0.2879585027694702,,,,,,,,,,,,,,,,,,,,,,,,,,,,,,,,,,,,
12,,,11129,,,,,,,,,,,,,,,,,,,,,,,,,,,,,,,,,,,,0.6810526251792908,,,,,,,,,,,,,,,,,,,,,,,,,,,,,,,,,,,,
12,,,11134,,,,,,,,,,,,,,,,,,,,,,,,,,,,,,,,,,,,0.4501532316207886,,,,,,,,,,,,,,,,,,,,,,,,,,,,,,,,,,,,
12,,,11139,,,,,,,,,,,,,,,,,,,,,,,,,,,,,,,,,,,,0.33819881081581116,,,,,,,,,,,,,,,,,,,,,,,,,,,,,,,,,,,,
12,,,11144,,,,,,,,,,,,,,,,,,,,,,,,,,,,,,,,,,,,0.6689314246177673,,,,,,,,,,,,,,,,,,,,,,,,,,,,,,,,,,,,
12,,,11149,,,,,,,,,,,,,,,,,,,,,,,,,,,,,,,,,,,,0.5156923532485962,,,,,,,,,,,,,,,,,,,,,,,,,,,,,,,,,,,,
12,,,11154,,,,,,,,,,,,,,,,,,,,,,,,,,,,,,,,,,,,0.2724895477294922,,,,,,,,,,,,,,,,,,,,,,,,,,,,,,,,,,,,
12,,,11159,,,,,,,,,,,,,,,,,,,,,,,,,,,,,,,,,,,,0.44883644580841064,,,,,,,,,,,,,,,,,,,,,,,,,,,,,,,,,,,,
12,,,11164,,,,,,,,,,,,,,,,,,,,,,,,,,,,,,,,,,,,0.29180046916007996,,,,,,,,,,,,,,,,,,,,,,,,,,,,,,,,,,,,
12,,,11169,,,,,,,,,,,,,,,,,,,,,,,,,,,,,,,,,,,,0.42328712344169617,,,,,,,,,,,,,,,,,,,,,,,,,,,,,,,,,,,,
12,,,11174,,,,,,,,,,,,,,,,,,,,,,,,,,,,,,,,,,,,0.5656652450561523,,,,,,,,,,,,,,,,,,,,,,,,,,,,,,,,,,,,
12,,,11179,,,,,,,,,,,,,,,,,,,,,,,,,,,,,,,,,,,,0.28683772683143616,,,,,,,,,,,,,,,,,,,,,,,,,,,,,,,,,,,,
12,,,11184,,,,,,,,,,,,,,,,,,,,,,,,,,,,,,,,,,,,0.34524106979370117,,,,,,,,,,,,,,,,,,,,,,,,,,,,,,,,,,,,
12,,,11189,,,,,,,,,,,,,,,,,,,,,,,,,,,,,,,,,,,,0.3595806360244751,,,,,,,,,,,,,,,,,,,,,,,,,,,,,,,,,,,,
12,,,11194,,,,,,,,,,,,,,,,,,,,,,,,,,,,,,,,,,,,0.6567222476005554,,,,,,,,,,,,,,,,,,,,,,,,,,,,,,,,,,,,
12,,,11199,,,,,,,,,,,,,,,,,,,,,,,,,,,,,,,,,,,,0.6856037974357605,,,,,,,,,,,,,,,,,,,,,,,,,,,,,,,,,,,,
12,,,11204,,,,,,,,,,,,,,,,,,,,,,,,,,,,,,,,,,,,0.44438230991363525,,,,,,,,,,,,,,,,,,,,,,,,,,,,,,,,,,,,
12,,,11209,,,,,,,,,,,,,,,,,,,,,,,,,,,,,,,,,,,,0.31306132674217224,,,,,,,,,,,,,,,,,,,,,,,,,,,,,,,,,,,,
12,,,11214,,,,,,,,,,,,,,,,,,,,,,,,,,,,,,,,,,,,0.28739628195762634,,,,,,,,,,,,,,,,,,,,,,,,,,,,,,,,,,,,
12,,,11219,,,,,,,,,,,,,,,,,,,,,,,,,,,,,,,,,,,,0.6140576601028442,,,,,,,,,,,,,,,,,,,,,,,,,,,,,,,,,,,,
12,,,11224,,,,,,,,,,,,,,,,,,,,,,,,,,,,,,,,,,,,0.19101080298423767,,,,,,,,,,,,,,,,,,,,,,,,,,,,,,,,,,,,
12,,,11229,,,,,,,,,,,,,,,,,,,,,,,,,,,,,,,,,,,,0.367227166891098,,,,,,,,,,,,,,,,,,,,,,,,,,,,,,,,,,,,
12,,,11234,,,,,,,,,,,,,,,,,,,,,,,,,,,,,,,,,,,,0.3691313862800598,,,,,,,,,,,,,,,,,,,,,,,,,,,,,,,,,,,,
12,,,11239,,,,,,,,,,,,,,,,,,,,,,,,,,,,,,,,,,,,0.3860083222389221,,,,,,,,,,,,,,,,,,,,,,,,,,,,,,,,,,,,
12,,,11244,,,,,,,,,,,,,,,,,,,,,,,,,,,,,,,,,,,,0.33744877576828003,,,,,,,,,,,,,,,,,,,,,,,,,,,,,,,,,,,,
12,,,11249,,,,,,,,,,,,,,,,,,,,,,,,,,,,,,,,,,,,0.4554993510246277,,,,,,,,,,,,,,,,,,,,,,,,,,,,,,,,,,,,
12,,,11254,,,,,,,,,,,,,,,,,,,,,,,,,,,,,,,,,,,,0.6097386479377747,,,,,,,,,,,,,,,,,,,,,,,,,,,,,,,,,,,,
12,,,11259,,,,,,,,,,,,,,,,,,,,,,,,,,,,,,,,,,,,0.5220435857772827,,,,,,,,,,,,,,,,,,,,,,,,,,,,,,,,,,,,
12,,,11264,,,,,,,,,,,,,,,,,,,,,,,,,,,,,,,,,,,,0.3498210310935974,,,,,,,,,,,,,,,,,,,,,,,,,,,,,,,,,,,,
12,,,11269,,,,,,,,,,,,,,,,,,,,,,,,,,,,,,,,,,,,0.3428298830986023,,,,,,,,,,,,,,,,,,,,,,,,,,,,,,,,,,,,
12,,,11274,,,,,,,,,,,,,,,,,,,,,,,,,,,,,,,,,,,,0.6364094614982605,,,,,,,,,,,,,,,,,,,,,,,,,,,,,,,,,,,,
12,,,11279,,,,,,,,,,,,,,,,,,,,,,,,,,,,,,,,,,,,0.25332242250442505,,,,,,,,,,,,,,,,,,,,,,,,,,,,,,,,,,,,
12,,,11284,,,,,,,,,,,,,,,,,,,,,,,,,,,,,,,,,,,,0.3854284882545471,,,,,,,,,,,,,,,,,,,,,,,,,,,,,,,,,,,,
12,,,11289,,,,,,,,,,,,,,,,,,,,,,,,,,,,,,,,,,,,0.3883976936340332,,,,,,,,,,,,,,,,,,,,,,,,,,,,,,,,,,,,
12,,,11294,,,,,,,,,,,,,,,,,,,,,,,,,,,,,,,,,,,,0.2974521517753601,,,,,,,,,,,,,,,,,,,,,,,,,,,,,,,,,,,,
12,,,11299,,,,,,,,,,,,,,,,,,,,,,,,,,,,,,,,,,,,0.662749707698822,,,,,,,,,,,,,,,,,,,,,,,,,,,,,,,,,,,,
12,,,11304,,,,,,,,,,,,,,,,,,,,,,,,,,,,,,,,,,,,0.20208650827407837,,,,,,,,,,,,,,,,,,,,,,,,,,,,,,,,,,,,
12,,,11309,,,,,,,,,,,,,,,,,,,,,,,,,,,,,,,,,,,,0.27697423100471497,,,,,,,,,,,,,,,,,,,,,,,,,,,,,,,,,,,,
12,,,11314,,,,,,,,,,,,,,,,,,,,,,,,,,,,,,,,,,,,0.1871696412563324,,,,,,,,,,,,,,,,,,,,,,,,,,,,,,,,,,,,
12,,,11319,,,,,,,,,,,,,,,,,,,,,,,,,,,,,,,,,,,,0.26622819900512695,,,,,,,,,,,,,,,,,,,,,,,,,,,,,,,,,,,,
12,,,11324,,,,,,,,,,,,,,,,,,,,,,,,,,,,,,,,,,,,0.3299524784088135,,,,,,,,,,,,,,,,,,,,,,,,,,,,,,,,,,,,
12,,,11329,,,,,,,,,,,,,,,,,,,,,,,,,,,,,,,,,,,,0.6407979726791382,,,,,,,,,,,,,,,,,,,,,,,,,,,,,,,,,,,,
12,,,11334,,,,,,,,,,,,,,,,,,,,,,,,,,,,,,,,,,,,0.6655634045600891,,,,,,,,,,,,,,,,,,,,,,,,,,,,,,,,,,,,
12,,,11339,,,,,,,,,,,,,,,,,,,,,,,,,,,,,,,,,,,,0.3407997488975525,,,,,,,,,,,,,,,,,,,,,,,,,,,,,,,,,,,,
12,,,11344,,,,,,,,,,,,,,,,,,,,,,,,,,,,,,,,,,,,0.353860467672348,,,,,,,,,,,,,,,,,,,,,,,,,,,,,,,,,,,,
12,,,11349,,,,,,,,,,,,,,,,,,,,,,,,,,,,,,,,,,,,0.3088409900665283,,,,,,,,,,,,,,,,,,,,,,,,,,,,,,,,,,,,
12,,,11354,,,,,,,,,,,,,,,,,,,,,,,,,,,,,,,,,,,,0.6540853977203369,,,,,,,,,,,,,,,,,,,,,,,,,,,,,,,,,,,,
12,,,11359,,,,,,,,,,,,,,,,,,,,,,,,,,,,,,,,,,,,0.6096725463867188,,,,,,,,,,,,,,,,,,,,,,,,,,,,,,,,,,,,
12,,,11364,,,,,,,,,,,,,,,,,,,,,,,,,,,,,,,,,,,,0.24593576788902283,,,,,,,,,,,,,,,,,,,,,,,,,,,,,,,,,,,,
12,,,11369,,,,,,,,,,,,,,,,,,,,,,,,,,,,,,,,,,,,0.2941235303878784,,,,,,,,,,,,,,,,,,,,,,,,,,,,,,,,,,,,
12,,,11374,,,,,,,,,,,,,,,,,,,,,,,,,,,,,,,,,,,,0.2870637774467468,,,,,,,,,,,,,,,,,,,,,,,,,,,,,,,,,,,,
12,,,11379,,,,,,,,,,,,,,,,,,,,,,,,,,,,,,,,,,,,0.23292647302150726,,,,,,,,,,,,,,,,,,,,,,,,,,,,,,,,,,,,
12,,,11384,,,,,,,,,,,,,,,,,,,,,,,,,,,,,,,,,,,,0.3377988934516907,,,,,,,,,,,,,,,,,,,,,,,,,,,,,,,,,,,,
12,,,11389,,,,,,,,,,,,,,,,,,,,,,,,,,,,,,,,,,,,0.4204474091529846,,,,,,,,,,,,,,,,,,,,,,,,,,,,,,,,,,,,
12,,,11394,,,,,,,,,,,,,,,,,,,,,,,,,,,,,,,,,,,,0.5986797213554382,,,,,,,,,,,,,,,,,,,,,,,,,,,,,,,,,,,,
12,,,11399,,,,,,,,,,,,,,,,,,,,,,,,,,,,,,,,,,,,0.572546124458313,,,,,,,,,,,,,,,,,,,,,,,,,,,,,,,,,,,,
12,,,11404,,,,,,,,,,,,,,,,,,,,,,,,,,,,,,,,,,,,0.5959459543228149,,,,,,,,,,,,,,,,,,,,,,,,,,,,,,,,,,,,
12,,,11409,,,,,,,,,,,,,,,,,,,,,,,,,,,,,,,,,,,,0.42562052607536316,,,,,,,,,,,,,,,,,,,,,,,,,,,,,,,,,,,,
12,,,11414,,,,,,,,,,,,,,,,,,,,,,,,,,,,,,,,,,,,0.6259843707084656,,,,,,,,,,,,,,,,,,,,,,,,,,,,,,,,,,,,
12,,,11419,,,,,,,,,,,,,,,,,,,,,,,,,,,,,,,,,,,,0.6950174570083618,,,,,,,,,,,,,,,,,,,,,,,,,,,,,,,,,,,,
12,,,11424,,,,,,,,,,,,,,,,,,,,,,,,,,,,,,,,,,,,0.6808770895004272,,,,,,,,,,,,,,,,,,,,,,,,,,,,,,,,,,,,
12,,,11429,,,,,,,,,,,,,,,,,,,,,,,,,,,,,,,,,,,,0.3773038387298584,,,,,,,,,,,,,,,,,,,,,,,,,,,,,,,,,,,,
12,,,11434,,,,,,,,,,,,,,,,,,,,,,,,,,,,,,,,,,,,0.42830759286880493,,,,,,,,,,,,,,,,,,,,,,,,,,,,,,,,,,,,
12,,,11439,,,,,,,,,,,,,,,,,,,,,,,,,,,,,,,,,,,,0.6146525144577026,,,,,,,,,,,,,,,,,,,,,,,,,,,,,,,,,,,,
12,,,11444,,,,,,,,,,,,,,,,,,,,,,,,,,,,,,,,,,,,0.23262616991996765,,,,,,,,,,,,,,,,,,,,,,,,,,,,,,,,,,,,
12,,,11449,,,,,,,,,,,,,,,,,,,,,,,,,,,,,,,,,,,,0.2903449833393097,,,,,,,,,,,,,,,,,,,,,,,,,,,,,,,,,,,,
12,,,11454,,,,,,,,,,,,,,,,,,,,,,,,,,,,,,,,,,,,0.5956788063049316,,,,,,,,,,,,,,,,,,,,,,,,,,,,,,,,,,,,
12,,,11459,,,,,,,,,,,,,,,,,,,,,,,,,,,,,,,,,,,,0.6258111596107483,,,,,,,,,,,,,,,,,,,,,,,,,,,,,,,,,,,,
12,,,11464,,,,,,,,,,,,,,,,,,,,,,,,,,,,,,,,,,,,0.21069836616516113,,,,,,,,,,,,,,,,,,,,,,,,,,,,,,,,,,,,
12,,,11469,,,,,,,,,,,,,,,,,,,,,,,,,,,,,,,,,,,,0.32525601983070374,,,,,,,,,,,,,,,,,,,,,,,,,,,,,,,,,,,,
12,,,11474,,,,,,,,,,,,,,,,,,,,,,,,,,,,,,,,,,,,0.4542953372001648,,,,,,,,,,,,,,,,,,,,,,,,,,,,,,,,,,,,
12,,,11479,,,,,,,,,,,,,,,,,,,,,,,,,,,,,,,,,,,,0.33559083938598633,,,,,,,,,,,,,,,,,,,,,,,,,,,,,,,,,,,,
12,,,11484,,,,,,,,,,,,,,,,,,,,,,,,,,,,,,,,,,,,0.6911917924880981,,,,,,,,,,,,,,,,,,,,,,,,,,,,,,,,,,,,
12,,,11489,,,,,,,,,,,,,,,,,,,,,,,,,,,,,,,,,,,,0.6164146065711975,,,,,,,,,,,,,,,,,,,,,,,,,,,,,,,,,,,,
12,,,11494,,,,,,,,,,,,,,,,,,,,,,,,,,,,,,,,,,,,0.6505205035209656,,,,,,,,,,,,,,,,,,,,,,,,,,,,,,,,,,,,
12,,,11499,,,,,,,,,,,,,,,,,,,,,,,,,,,,,,,,,,,,0.5619925260543823,,,,,,,,,,,,,,,,,,,,,,,,,,,,,,,,,,,,
12,,,11504,,,,,,,,,,,,,,,,,,,,,,,,,,,,,,,,,,,,0.4580007791519165,,,,,,,,,,,,,,,,,,,,,,,,,,,,,,,,,,,,
12,,,11509,,,,,,,,,,,,,,,,,,,,,,,,,,,,,,,,,,,,0.3058285713195801,,,,,,,,,,,,,,,,,,,,,,,,,,,,,,,,,,,,
12,,,11514,,,,,,,,,,,,,,,,,,,,,,,,,,,,,,,,,,,,0.3280574679374695,,,,,,,,,,,,,,,,,,,,,,,,,,,,,,,,,,,,
12,,,11519,,,,,,,,,,,,,,,,,,,,,,,,,,,,,,,,,,,,0.265516996383667,,,,,,,,,,,,,,,,,,,,,,,,,,,,,,,,,,,,
12,,,11524,,,,,,,,,,,,,,,,,,,,,,,,,,,,,,,,,,,,0.32227247953414917,,,,,,,,,,,,,,,,,,,,,,,,,,,,,,,,,,,,
12,,,11529,,,,,,,,,,,,,,,,,,,,,,,,,,,,,,,,,,,,0.4511786699295044,,,,,,,,,,,,,,,,,,,,,,,,,,,,,,,,,,,,
12,,,11534,,,,,,,,,,,,,,,,,,,,,,,,,,,,,,,,,,,,0.7189348340034485,,,,,,,,,,,,,,,,,,,,,,,,,,,,,,,,,,,,
12,,,11539,,,,,,,,,,,,,,,,,,,,,,,,,,,,,,,,,,,,0.6547505855560303,,,,,,,,,,,,,,,,,,,,,,,,,,,,,,,,,,,,
12,,,11544,,,,,,,,,,,,,,,,,,,,,,,,,,,,,,,,,,,,0.4015413522720337,,,,,,,,,,,,,,,,,,,,,,,,,,,,,,,,,,,,
12,,,11549,,,,,,,,,,,,,,,,,,,,,,,,,,,,,,,,,,,,0.3757005035877228,,,,,,,,,,,,,,,,,,,,,,,,,,,,,,,,,,,,
12,,,11554,,,,,,,,,,,,,,,,,,,,,,,,,,,,,,,,,,,,0.4404471516609192,,,,,,,,,,,,,,,,,,,,,,,,,,,,,,,,,,,,
12,,,11559,,,,,,,,,,,,,,,,,,,,,,,,,,,,,,,,,,,,0.41542619466781616,,,,,,,,,,,,,,,,,,,,,,,,,,,,,,,,,,,,
12,,,11564,,,,,,,,,,,,,,,,,,,,,,,,,,,,,,,,,,,,0.3348233103752136,,,,,,,,,,,,,,,,,,,,,,,,,,,,,,,,,,,,
12,,,11569,,,,,,,,,,,,,,,,,,,,,,,,,,,,,,,,,,,,0.4820425510406494,,,,,,,,,,,,,,,,,,,,,,,,,,,,,,,,,,,,
12,,,11574,,,,,,,,,,,,,,,,,,,,,,,,,,,,,,,,,,,,0.3298867344856262,,,,,,,,,,,,,,,,,,,,,,,,,,,,,,,,,,,,
12,,,11579,,,,,,,,,,,,,,,,,,,,,,,,,,,,,,,,,,,,0.32067686319351196,,,,,,,,,,,,,,,,,,,,,,,,,,,,,,,,,,,,
12,,,11584,,,,,,,,,,,,,,,,,,,,,,,,,,,,,,,,,,,,0.33783555030822754,,,,,,,,,,,,,,,,,,,,,,,,,,,,,,,,,,,,
12,,,11589,,,,,,,,,,,,,,,,,,,,,,,,,,,,,,,,,,,,0.2649168372154236,,,,,,,,,,,,,,,,,,,,,,,,,,,,,,,,,,,,
12,,,11594,,,,,,,,,,,,,,,,,,,,,,,,,,,,,,,,,,,,0.4518437385559082,,,,,,,,,,,,,,,,,,,,,,,,,,,,,,,,,,,,
12,,,11599,,,,,,,,,,,,,,,,,,,,,,,,,,,,,,,,,,,,0.4578564167022705,,,,,,,,,,,,,,,,,,,,,,,,,,,,,,,,,,,,
12,,,11604,,,,,,,,,,,,,,,,,,,,,,,,,,,,,,,,,,,,0.2911444306373596,,,,,,,,,,,,,,,,,,,,,,,,,,,,,,,,,,,,
12,,,11609,,,,,,,,,,,,,,,,,,,,,,,,,,,,,,,,,,,,0.2827748954296112,,,,,,,,,,,,,,,,,,,,,,,,,,,,,,,,,,,,
12,,,11614,,,,,,,,,,,,,,,,,,,,,,,,,,,,,,,,,,,,0.3682597279548645,,,,,,,,,,,,,,,,,,,,,,,,,,,,,,,,,,,,
12,,,11619,,,,,,,,,,,,,,,,,,,,,,,,,,,,,,,,,,,,0.6523240208625793,,,,,,,,,,,,,,,,,,,,,,,,,,,,,,,,,,,,
12,,,11624,,,,,,,,,,,,,,,,,,,,,,,,,,,,,,,,,,,,0.2807717025279999,,,,,,,,,,,,,,,,,,,,,,,,,,,,,,,,,,,,
12,,,11629,,,,,,,,,,,,,,,,,,,,,,,,,,,,,,,,,,,,0.6752533912658691,,,,,,,,,,,,,,,,,,,,,,,,,,,,,,,,,,,,
12,,,11634,,,,,,,,,,,,,,,,,,,,,,,,,,,,,,,,,,,,0.3988734483718872,,,,,,,,,,,,,,,,,,,,,,,,,,,,,,,,,,,,
12,,,11639,,,,,,,,,,,,,,,,,,,,,,,,,,,,,,,,,,,,0.3892683684825897,,,,,,,,,,,,,,,,,,,,,,,,,,,,,,,,,,,,
12,,,11644,,,,,,,,,,,,,,,,,,,,,,,,,,,,,,,,,,,,0.5418702960014343,,,,,,,,,,,,,,,,,,,,,,,,,,,,,,,,,,,,
12,,,11649,,,,,,,,,,,,,,,,,,,,,,,,,,,,,,,,,,,,0.2572893798351288,,,,,,,,,,,,,,,,,,,,,,,,,,,,,,,,,,,,
12,,,11654,,,,,,,,,,,,,,,,,,,,,,,,,,,,,,,,,,,,0.42386889457702637,,,,,,,,,,,,,,,,,,,,,,,,,,,,,,,,,,,,
12,,,11659,,,,,,,,,,,,,,,,,,,,,,,,,,,,,,,,,,,,0.3218923807144165,,,,,,,,,,,,,,,,,,,,,,,,,,,,,,,,,,,,
12,,,11664,,,,,,,,,,,,,,,,,,,,,,,,,,,,,,,,,,,,0.6470630764961243,,,,,,,,,,,,,,,,,,,,,,,,,,,,,,,,,,,,
12,,,11669,,,,,,,,,,,,,,,,,,,,,,,,,,,,,,,,,,,,0.41337746381759644,,,,,,,,,,,,,,,,,,,,,,,,,,,,,,,,,,,,
12,,,11674,,,,,,,,,,,,,,,,,,,,,,,,,,,,,,,,,,,,0.3405987024307251,,,,,,,,,,,,,,,,,,,,,,,,,,,,,,,,,,,,
12,,,11679,,,,,,,,,,,,,,,,,,,,,,,,,,,,,,,,,,,,0.2535175085067749,,,,,,,,,,,,,,,,,,,,,,,,,,,,,,,,,,,,
12,,,11684,,,,,,,,,,,,,,,,,,,,,,,,,,,,,,,,,,,,0.35738033056259155,,,,,,,,,,,,,,,,,,,,,,,,,,,,,,,,,,,,
12,,,11689,,,,,,,,,,,,,,,,,,,,,,,,,,,,,,,,,,,,0.3462293744087219,,,,,,,,,,,,,,,,,,,,,,,,,,,,,,,,,,,,
12,,,11694,,,,,,,,,,,,,,,,,,,,,,,,,,,,,,,,,,,,0.320770263671875,,,,,,,,,,,,,,,,,,,,,,,,,,,,,,,,,,,,
12,,,11699,,,,,,,,,,,,,,,,,,,,,,,,,,,,,,,,,,,,0.4433026611804962,,,,,,,,,,,,,,,,,,,,,,,,,,,,,,,,,,,,
12,,,11704,,,,,,,,,,,,,,,,,,,,,,,,,,,,,,,,,,,,0.26776519417762756,,,,,,,,,,,,,,,,,,,,,,,,,,,,,,,,,,,,
12,,,11709,,,,,,,,,,,,,,,,,,,,,,,,,,,,,,,,,,,,0.28297626972198486,,,,,,,,,,,,,,,,,,,,,,,,,,,,,,,,,,,,
12,,,11714,,,,,,,,,,,,,,,,,,,,,,,,,,,,,,,,,,,,0.24660930037498474,,,,,,,,,,,,,,,,,,,,,,,,,,,,,,,,,,,,
12,,,11719,,,,,,,,,,,,,,,,,,,,,,,,,,,,,,,,,,,,0.6214843392372131,,,,,,,,,,,,,,,,,,,,,,,,,,,,,,,,,,,,
12,,,11724,,,,,,,,,,,,,,,,,,,,,,,,,,,,,,,,,,,,0.6503404974937439,,,,,,,,,,,,,,,,,,,,,,,,,,,,,,,,,,,,
12,,,11729,,,,,,,,,,,,,,,,,,,,,,,,,,,,,,,,,,,,0.38541507720947266,,,,,,,,,,,,,,,,,,,,,,,,,,,,,,,,,,,,
12,,,11734,,,,,,,,,,,,,,,,,,,,,,,,,,,,,,,,,,,,0.7137251496315002,,,,,,,,,,,,,,,,,,,,,,,,,,,,,,,,,,,,
12,,,11739,,,,,,,,,,,,,,,,,,,,,,,,,,,,,,,,,,,,0.6535558104515076,,,,,,,,,,,,,,,,,,,,,,,,,,,,,,,,,,,,
12,,,11744,,,,,,,,,,,,,,,,,,,,,,,,,,,,,,,,,,,,0.6282501816749573,,,,,,,,,,,,,,,,,,,,,,,,,,,,,,,,,,,,
12,,,11749,,,,,,,,,,,,,,,,,,,,,,,,,,,,,,,,,,,,0.47944292426109314,,,,,,,,,,,,,,,,,,,,,,,,,,,,,,,,,,,,
12,,,11754,,,,,,,,,,,,,,,,,,,,,,,,,,,,,,,,,,,,0.23306050896644592,,,,,,,,,,,,,,,,,,,,,,,,,,,,,,,,,,,,
12,,,11759,,,,,,,,,,,,,,,,,,,,,,,,,,,,,,,,,,,,0.27841916680336,,,,,,,,,,,,,,,,,,,,,,,,,,,,,,,,,,,,
12,,,11764,,,,,,,,,,,,,,,,,,,,,,,,,,,,,,,,,,,,0.32685211300849915,,,,,,,,,,,,,,,,,,,,,,,,,,,,,,,,,,,,
12,,,11769,,,,,,,,,,,,,,,,,,,,,,,,,,,,,,,,,,,,0.36175885796546936,,,,,,,,,,,,,,,,,,,,,,,,,,,,,,,,,,,,
12,,,11774,,,,,,,,,,,,,,,,,,,,,,,,,,,,,,,,,,,,0.43622902035713196,,,,,,,,,,,,,,,,,,,,,,,,,,,,,,,,,,,,
12,,,11779,,,,,,,,,,,,,,,,,,,,,,,,,,,,,,,,,,,,0.649883508682251,,,,,,,,,,,,,,,,,,,,,,,,,,,,,,,,,,,,
12,,,11784,,,,,,,,,,,,,,,,,,,,,,,,,,,,,,,,,,,,0.3318725824356079,,,,,,,,,,,,,,,,,,,,,,,,,,,,,,,,,,,,
12,,,11789,,,,,,,,,,,,,,,,,,,,,,,,,,,,,,,,,,,,0.36715084314346313,,,,,,,,,,,,,,,,,,,,,,,,,,,,,,,,,,,,
12,,,11794,,,,,,,,,,,,,,,,,,,,,,,,,,,,,,,,,,,,0.24781668186187744,,,,,,,,,,,,,,,,,,,,,,,,,,,,,,,,,,,,
12,,,11799,,,,,,,,,,,,,,,,,,,,,,,,,,,,,,,,,,,,0.6883866190910339,,,,,,,,,,,,,,,,,,,,,,,,,,,,,,,,,,,,
12,,,11804,,,,,,,,,,,,,,,,,,,,,,,,,,,,,,,,,,,,0.3271455764770508,,,,,,,,,,,,,,,,,,,,,,,,,,,,,,,,,,,,
12,,,11809,,,,,,,,,,,,,,,,,,,,,,,,,,,,,,,,,,,,0.64363694190979,,,,,,,,,,,,,,,,,,,,,,,,,,,,,,,,,,,,
12,,,11814,,,,,,,,,,,,,,,,,,,,,,,,,,,,,,,,,,,,0.32176917791366577,,,,,,,,,,,,,,,,,,,,,,,,,,,,,,,,,,,,
12,,,11819,,,,,,,,,,,,,,,,,,,,,,,,,,,,,,,,,,,,0.2783147692680359,,,,,,,,,,,,,,,,,,,,,,,,,,,,,,,,,,,,
12,,,11824,,,,,,,,,,,,,,,,,,,,,,,,,,,,,,,,,,,,0.39832037687301636,,,,,,,,,,,,,,,,,,,,,,,,,,,,,,,,,,,,
12,,,11829,,,,,,,,,,,,,,,,,,,,,,,,,,,,,,,,,,,,0.302463173866272,,,,,,,,,,,,,,,,,,,,,,,,,,,,,,,,,,,,
12,,,11834,,,,,,,,,,,,,,,,,,,,,,,,,,,,,,,,,,,,0.4716419577598572,,,,,,,,,,,,,,,,,,,,,,,,,,,,,,,,,,,,
12,,,11839,,,,,,,,,,,,,,,,,,,,,,,,,,,,,,,,,,,,0.620588481426239,,,,,,,,,,,,,,,,,,,,,,,,,,,,,,,,,,,,
12,,,11844,,,,,,,,,,,,,,,,,,,,,,,,,,,,,,,,,,,,0.6869845390319824,,,,,,,,,,,,,,,,,,,,,,,,,,,,,,,,,,,,
12,,,11849,,,,,,,,,,,,,,,,,,,,,,,,,,,,,,,,,,,,0.6606528759002686,,,,,,,,,,,,,,,,,,,,,,,,,,,,,,,,,,,,
12,,,11854,,,,,,,,,,,,,,,,,,,,,,,,,,,,,,,,,,,,0.3451499342918396,,,,,,,,,,,,,,,,,,,,,,,,,,,,,,,,,,,,
12,,,11859,,,,,,,,,,,,,,,,,,,,,,,,,,,,,,,,,,,,0.37176477909088135,,,,,,,,,,,,,,,,,,,,,,,,,,,,,,,,,,,,
12,,,11864,,,,,,,,,,,,,,,,,,,,,,,,,,,,,,,,,,,,0.321353942155838,,,,,,,,,,,,,,,,,,,,,,,,,,,,,,,,,,,,
12,,,11869,,,,,,,,,,,,,,,,,,,,,,,,,,,,,,,,,,,,0.5245635509490967,,,,,,,,,,,,,,,,,,,,,,,,,,,,,,,,,,,,
12,,,11874,,,,,,,,,,,,,,,,,,,,,,,,,,,,,,,,,,,,0.6429998874664307,,,,,,,,,,,,,,,,,,,,,,,,,,,,,,,,,,,,
12,,,11879,,,,,,,,,,,,,,,,,,,,,,,,,,,,,,,,,,,,0.35890936851501465,,,,,,,,,,,,,,,,,,,,,,,,,,,,,,,,,,,,
12,,,11884,,,,,,,,,,,,,,,,,,,,,,,,,,,,,,,,,,,,0.3024531304836273,,,,,,,,,,,,,,,,,,,,,,,,,,,,,,,,,,,,
12,,,11889,,,,,,,,,,,,,,,,,,,,,,,,,,,,,,,,,,,,0.3056759238243103,,,,,,,,,,,,,,,,,,,,,,,,,,,,,,,,,,,,
12,,,11894,,,,,,,,,,,,,,,,,,,,,,,,,,,,,,,,,,,,0.5876289010047913,,,,,,,,,,,,,,,,,,,,,,,,,,,,,,,,,,,,
12,,,11899,,,,,,,,,,,,,,,,,,,,,,,,,,,,,,,,,,,,0.41186046600341797,,,,,,,,,,,,,,,,,,,,,,,,,,,,,,,,,,,,
12,,,11904,,,,,,,,,,,,,,,,,,,,,,,,,,,,,,,,,,,,0.24079111218452454,,,,,,,,,,,,,,,,,,,,,,,,,,,,,,,,,,,,
12,,,11909,,,,,,,,,,,,,,,,,,,,,,,,,,,,,,,,,,,,0.31947946548461914,,,,,,,,,,,,,,,,,,,,,,,,,,,,,,,,,,,,
12,,,11914,,,,,,,,,,,,,,,,,,,,,,,,,,,,,,,,,,,,0.26829028129577637,,,,,,,,,,,,,,,,,,,,,,,,,,,,,,,,,,,,
12,,,11919,,,,,,,,,,,,,,,,,,,,,,,,,,,,,,,,,,,,0.6637060642242432,,,,,,,,,,,,,,,,,,,,,,,,,,,,,,,,,,,,
12,,,11924,,,,,,,,,,,,,,,,,,,,,,,,,,,,,,,,,,,,0.3008739948272705,,,,,,,,,,,,,,,,,,,,,,,,,,,,,,,,,,,,
12,,,11929,,,,,,,,,,,,,,,,,,,,,,,,,,,,,,,,,,,,0.2939688563346863,,,,,,,,,,,,,,,,,,,,,,,,,,,,,,,,,,,,
12,,,11934,,,,,,,,,,,,,,,,,,,,,,,,,,,,,,,,,,,,0.7058601975440979,,,,,,,,,,,,,,,,,,,,,,,,,,,,,,,,,,,,
12,,,11939,,,,,,,,,,,,,,,,,,,,,,,,,,,,,,,,,,,,0.3953835070133209,,,,,,,,,,,,,,,,,,,,,,,,,,,,,,,,,,,,
12,,,11944,,,,,,,,,,,,,,,,,,,,,,,,,,,,,,,,,,,,0.2815178632736206,,,,,,,,,,,,,,,,,,,,,,,,,,,,,,,,,,,,
12,,,11949,,,,,,,,,,,,,,,,,,,,,,,,,,,,,,,,,,,,0.3447330892086029,,,,,,,,,,,,,,,,,,,,,,,,,,,,,,,,,,,,
12,,,11954,,,,,,,,,,,,,,,,,,,,,,,,,,,,,,,,,,,,0.2968050539493561,,,,,,,,,,,,,,,,,,,,,,,,,,,,,,,,,,,,
12,,,11959,,,,,,,,,,,,,,,,,,,,,,,,,,,,,,,,,,,,0.3646172881126404,,,,,,,,,,,,,,,,,,,,,,,,,,,,,,,,,,,,
12,,,11964,,,,,,,,,,,,,,,,,,,,,,,,,,,,,,,,,,,,0.26756200194358826,,,,,,,,,,,,,,,,,,,,,,,,,,,,,,,,,,,,
12,,,11969,,,,,,,,,,,,,,,,,,,,,,,,,,,,,,,,,,,,0.6986387968063354,,,,,,,,,,,,,,,,,,,,,,,,,,,,,,,,,,,,
12,,,11972,,,,,,,,,,,,,,,,,,,,,,,,,,,,,,,,,,,,,0.7802652716636658,0.7322230339050293,0.6231862306594849,0.703102707862854,0.7802652716636658,0.0,0.8371401429176331,0.8723008632659912,0.9484248757362366,0.4631953239440918,0.0,0.8820675015449524,0.8274930119514465,0.8889543414115906,0.33037734031677246,0.0,0.7890167832374573,0.7057468295097351,0.8001059889793396,0.19787544012069702,0.0,0.9320906400680542,0.7870635986328125,0.8365018367767334,0.25675472617149353,0.0,0.8371401429176331,0.8723008632659912,0.9484248757362366,0.4631953239440918,0.8465643525123596,0.8465643525123596,0.7339502573013306,0.8465643525123596,0.8465643525123596,0.4755670428276062
12,,,11972,0.7510398626327515,0.7351982593536377,0.632633626461029,0.7221533060073853,0.7510398626327515,0.0,0.8725401163101196,0.8446430563926697,0.9336977601051331,0.35327863693237305,0.0,0.8881050944328308,0.8288140296936035,0.9131631255149841,0.3107108175754547,0.0,0.7987313270568848,0.7076706886291504,0.8402025699615479,0.1839299201965332,0.0,0.9042355418205261,0.8135672807693481,0.8935123085975647,0.2772981822490692,0.0,0.8725401163101196,0.8446430563926697,0.9336977601051331,0.35327863693237305,0.854243278503418,0.854243278503418,0.7455713152885437,0.854243278503418,0.854243278503418,,,,,,,,,,,,,,,,,,,,,,,,,,,,,,,,,,,,,
,1e-05,0.0001,11973,,,,,,,,,,,,,,,,,,,,,,,,,,,,,,,,,,,,,,,,,,,,,,,,,,,,,,,,,,,,,,,,,,,,,,,,
13,,,11974,,,,,,,,,,,,,,,,,,,,,,,,,,,,,,,,,,,,0.2900158762931824,,,,,,,,,,,,,,,,,,,,,,,,,,,,,,,,,,,,
13,,,11979,,,,,,,,,,,,,,,,,,,,,,,,,,,,,,,,,,,,0.30401068925857544,,,,,,,,,,,,,,,,,,,,,,,,,,,,,,,,,,,,
13,,,11984,,,,,,,,,,,,,,,,,,,,,,,,,,,,,,,,,,,,0.3300183117389679,,,,,,,,,,,,,,,,,,,,,,,,,,,,,,,,,,,,
13,,,11989,,,,,,,,,,,,,,,,,,,,,,,,,,,,,,,,,,,,0.27729374170303345,,,,,,,,,,,,,,,,,,,,,,,,,,,,,,,,,,,,
13,,,11994,,,,,,,,,,,,,,,,,,,,,,,,,,,,,,,,,,,,0.3781960904598236,,,,,,,,,,,,,,,,,,,,,,,,,,,,,,,,,,,,
13,,,11999,,,,,,,,,,,,,,,,,,,,,,,,,,,,,,,,,,,,0.5644697546958923,,,,,,,,,,,,,,,,,,,,,,,,,,,,,,,,,,,,
13,,,12004,,,,,,,,,,,,,,,,,,,,,,,,,,,,,,,,,,,,0.2862761318683624,,,,,,,,,,,,,,,,,,,,,,,,,,,,,,,,,,,,
13,,,12009,,,,,,,,,,,,,,,,,,,,,,,,,,,,,,,,,,,,0.31794798374176025,,,,,,,,,,,,,,,,,,,,,,,,,,,,,,,,,,,,
13,,,12014,,,,,,,,,,,,,,,,,,,,,,,,,,,,,,,,,,,,0.6749719381332397,,,,,,,,,,,,,,,,,,,,,,,,,,,,,,,,,,,,
13,,,12019,,,,,,,,,,,,,,,,,,,,,,,,,,,,,,,,,,,,0.27313417196273804,,,,,,,,,,,,,,,,,,,,,,,,,,,,,,,,,,,,
13,,,12024,,,,,,,,,,,,,,,,,,,,,,,,,,,,,,,,,,,,0.34387826919555664,,,,,,,,,,,,,,,,,,,,,,,,,,,,,,,,,,,,
13,,,12029,,,,,,,,,,,,,,,,,,,,,,,,,,,,,,,,,,,,0.28415215015411377,,,,,,,,,,,,,,,,,,,,,,,,,,,,,,,,,,,,
13,,,12034,,,,,,,,,,,,,,,,,,,,,,,,,,,,,,,,,,,,0.3051067590713501,,,,,,,,,,,,,,,,,,,,,,,,,,,,,,,,,,,,
13,,,12039,,,,,,,,,,,,,,,,,,,,,,,,,,,,,,,,,,,,0.32901209592819214,,,,,,,,,,,,,,,,,,,,,,,,,,,,,,,,,,,,
13,,,12044,,,,,,,,,,,,,,,,,,,,,,,,,,,,,,,,,,,,0.6684331297874451,,,,,,,,,,,,,,,,,,,,,,,,,,,,,,,,,,,,
13,,,12049,,,,,,,,,,,,,,,,,,,,,,,,,,,,,,,,,,,,0.40678220987319946,,,,,,,,,,,,,,,,,,,,,,,,,,,,,,,,,,,,
13,,,12054,,,,,,,,,,,,,,,,,,,,,,,,,,,,,,,,,,,,0.6264651417732239,,,,,,,,,,,,,,,,,,,,,,,,,,,,,,,,,,,,
13,,,12059,,,,,,,,,,,,,,,,,,,,,,,,,,,,,,,,,,,,0.2820146679878235,,,,,,,,,,,,,,,,,,,,,,,,,,,,,,,,,,,,
13,,,12064,,,,,,,,,,,,,,,,,,,,,,,,,,,,,,,,,,,,0.6721845865249634,,,,,,,,,,,,,,,,,,,,,,,,,,,,,,,,,,,,
13,,,12069,,,,,,,,,,,,,,,,,,,,,,,,,,,,,,,,,,,,0.2544652819633484,,,,,,,,,,,,,,,,,,,,,,,,,,,,,,,,,,,,
13,,,12074,,,,,,,,,,,,,,,,,,,,,,,,,,,,,,,,,,,,0.21695023775100708,,,,,,,,,,,,,,,,,,,,,,,,,,,,,,,,,,,,
13,,,12079,,,,,,,,,,,,,,,,,,,,,,,,,,,,,,,,,,,,0.3031647801399231,,,,,,,,,,,,,,,,,,,,,,,,,,,,,,,,,,,,
13,,,12084,,,,,,,,,,,,,,,,,,,,,,,,,,,,,,,,,,,,0.6463695764541626,,,,,,,,,,,,,,,,,,,,,,,,,,,,,,,,,,,,
13,,,12089,,,,,,,,,,,,,,,,,,,,,,,,,,,,,,,,,,,,0.35883235931396484,,,,,,,,,,,,,,,,,,,,,,,,,,,,,,,,,,,,
13,,,12094,,,,,,,,,,,,,,,,,,,,,,,,,,,,,,,,,,,,0.2975963056087494,,,,,,,,,,,,,,,,,,,,,,,,,,,,,,,,,,,,
13,,,12099,,,,,,,,,,,,,,,,,,,,,,,,,,,,,,,,,,,,0.4355822801589966,,,,,,,,,,,,,,,,,,,,,,,,,,,,,,,,,,,,
13,,,12104,,,,,,,,,,,,,,,,,,,,,,,,,,,,,,,,,,,,0.6037949323654175,,,,,,,,,,,,,,,,,,,,,,,,,,,,,,,,,,,,
13,,,12109,,,,,,,,,,,,,,,,,,,,,,,,,,,,,,,,,,,,0.29829782247543335,,,,,,,,,,,,,,,,,,,,,,,,,,,,,,,,,,,,
13,,,12114,,,,,,,,,,,,,,,,,,,,,,,,,,,,,,,,,,,,0.3326056897640228,,,,,,,,,,,,,,,,,,,,,,,,,,,,,,,,,,,,
13,,,12119,,,,,,,,,,,,,,,,,,,,,,,,,,,,,,,,,,,,0.3290620446205139,,,,,,,,,,,,,,,,,,,,,,,,,,,,,,,,,,,,
13,,,12124,,,,,,,,,,,,,,,,,,,,,,,,,,,,,,,,,,,,0.4547100365161896,,,,,,,,,,,,,,,,,,,,,,,,,,,,,,,,,,,,
13,,,12129,,,,,,,,,,,,,,,,,,,,,,,,,,,,,,,,,,,,0.7457689642906189,,,,,,,,,,,,,,,,,,,,,,,,,,,,,,,,,,,,
13,,,12134,,,,,,,,,,,,,,,,,,,,,,,,,,,,,,,,,,,,0.3025115132331848,,,,,,,,,,,,,,,,,,,,,,,,,,,,,,,,,,,,
13,,,12139,,,,,,,,,,,,,,,,,,,,,,,,,,,,,,,,,,,,0.4057220220565796,,,,,,,,,,,,,,,,,,,,,,,,,,,,,,,,,,,,
13,,,12144,,,,,,,,,,,,,,,,,,,,,,,,,,,,,,,,,,,,0.32041192054748535,,,,,,,,,,,,,,,,,,,,,,,,,,,,,,,,,,,,
13,,,12149,,,,,,,,,,,,,,,,,,,,,,,,,,,,,,,,,,,,0.2501775920391083,,,,,,,,,,,,,,,,,,,,,,,,,,,,,,,,,,,,
13,,,12154,,,,,,,,,,,,,,,,,,,,,,,,,,,,,,,,,,,,0.4571155905723572,,,,,,,,,,,,,,,,,,,,,,,,,,,,,,,,,,,,
13,,,12159,,,,,,,,,,,,,,,,,,,,,,,,,,,,,,,,,,,,0.24242368340492249,,,,,,,,,,,,,,,,,,,,,,,,,,,,,,,,,,,,
13,,,12164,,,,,,,,,,,,,,,,,,,,,,,,,,,,,,,,,,,,0.28565531969070435,,,,,,,,,,,,,,,,,,,,,,,,,,,,,,,,,,,,
13,,,12169,,,,,,,,,,,,,,,,,,,,,,,,,,,,,,,,,,,,0.3193700313568115,,,,,,,,,,,,,,,,,,,,,,,,,,,,,,,,,,,,
13,,,12174,,,,,,,,,,,,,,,,,,,,,,,,,,,,,,,,,,,,0.5942303538322449,,,,,,,,,,,,,,,,,,,,,,,,,,,,,,,,,,,,
13,,,12179,,,,,,,,,,,,,,,,,,,,,,,,,,,,,,,,,,,,0.6011102199554443,,,,,,,,,,,,,,,,,,,,,,,,,,,,,,,,,,,,
13,,,12184,,,,,,,,,,,,,,,,,,,,,,,,,,,,,,,,,,,,0.3428337574005127,,,,,,,,,,,,,,,,,,,,,,,,,,,,,,,,,,,,
13,,,12189,,,,,,,,,,,,,,,,,,,,,,,,,,,,,,,,,,,,0.22963052988052368,,,,,,,,,,,,,,,,,,,,,,,,,,,,,,,,,,,,
13,,,12194,,,,,,,,,,,,,,,,,,,,,,,,,,,,,,,,,,,,0.5564326643943787,,,,,,,,,,,,,,,,,,,,,,,,,,,,,,,,,,,,
13,,,12199,,,,,,,,,,,,,,,,,,,,,,,,,,,,,,,,,,,,0.5331975221633911,,,,,,,,,,,,,,,,,,,,,,,,,,,,,,,,,,,,
13,,,12204,,,,,,,,,,,,,,,,,,,,,,,,,,,,,,,,,,,,0.657609760761261,,,,,,,,,,,,,,,,,,,,,,,,,,,,,,,,,,,,
13,,,12209,,,,,,,,,,,,,,,,,,,,,,,,,,,,,,,,,,,,0.3001513183116913,,,,,,,,,,,,,,,,,,,,,,,,,,,,,,,,,,,,
13,,,12214,,,,,,,,,,,,,,,,,,,,,,,,,,,,,,,,,,,,0.42229968309402466,,,,,,,,,,,,,,,,,,,,,,,,,,,,,,,,,,,,
13,,,12219,,,,,,,,,,,,,,,,,,,,,,,,,,,,,,,,,,,,0.24668002128601074,,,,,,,,,,,,,,,,,,,,,,,,,,,,,,,,,,,,
13,,,12224,,,,,,,,,,,,,,,,,,,,,,,,,,,,,,,,,,,,0.6255298852920532,,,,,,,,,,,,,,,,,,,,,,,,,,,,,,,,,,,,
13,,,12229,,,,,,,,,,,,,,,,,,,,,,,,,,,,,,,,,,,,0.6062262654304504,,,,,,,,,,,,,,,,,,,,,,,,,,,,,,,,,,,,
13,,,12234,,,,,,,,,,,,,,,,,,,,,,,,,,,,,,,,,,,,0.5898653864860535,,,,,,,,,,,,,,,,,,,,,,,,,,,,,,,,,,,,
13,,,12239,,,,,,,,,,,,,,,,,,,,,,,,,,,,,,,,,,,,0.35496896505355835,,,,,,,,,,,,,,,,,,,,,,,,,,,,,,,,,,,,
13,,,12244,,,,,,,,,,,,,,,,,,,,,,,,,,,,,,,,,,,,0.3244021534919739,,,,,,,,,,,,,,,,,,,,,,,,,,,,,,,,,,,,
13,,,12249,,,,,,,,,,,,,,,,,,,,,,,,,,,,,,,,,,,,0.4815075695514679,,,,,,,,,,,,,,,,,,,,,,,,,,,,,,,,,,,,
13,,,12254,,,,,,,,,,,,,,,,,,,,,,,,,,,,,,,,,,,,0.6058157682418823,,,,,,,,,,,,,,,,,,,,,,,,,,,,,,,,,,,,
13,,,12259,,,,,,,,,,,,,,,,,,,,,,,,,,,,,,,,,,,,0.41690346598625183,,,,,,,,,,,,,,,,,,,,,,,,,,,,,,,,,,,,
13,,,12264,,,,,,,,,,,,,,,,,,,,,,,,,,,,,,,,,,,,0.6507945656776428,,,,,,,,,,,,,,,,,,,,,,,,,,,,,,,,,,,,
13,,,12269,,,,,,,,,,,,,,,,,,,,,,,,,,,,,,,,,,,,0.270579069852829,,,,,,,,,,,,,,,,,,,,,,,,,,,,,,,,,,,,
13,,,12274,,,,,,,,,,,,,,,,,,,,,,,,,,,,,,,,,,,,0.6575831174850464,,,,,,,,,,,,,,,,,,,,,,,,,,,,,,,,,,,,
13,,,12279,,,,,,,,,,,,,,,,,,,,,,,,,,,,,,,,,,,,0.5046302676200867,,,,,,,,,,,,,,,,,,,,,,,,,,,,,,,,,,,,
13,,,12284,,,,,,,,,,,,,,,,,,,,,,,,,,,,,,,,,,,,0.2645747661590576,,,,,,,,,,,,,,,,,,,,,,,,,,,,,,,,,,,,
13,,,12289,,,,,,,,,,,,,,,,,,,,,,,,,,,,,,,,,,,,0.2409338653087616,,,,,,,,,,,,,,,,,,,,,,,,,,,,,,,,,,,,
13,,,12294,,,,,,,,,,,,,,,,,,,,,,,,,,,,,,,,,,,,0.3908512592315674,,,,,,,,,,,,,,,,,,,,,,,,,,,,,,,,,,,,
13,,,12299,,,,,,,,,,,,,,,,,,,,,,,,,,,,,,,,,,,,0.6392709016799927,,,,,,,,,,,,,,,,,,,,,,,,,,,,,,,,,,,,
13,,,12304,,,,,,,,,,,,,,,,,,,,,,,,,,,,,,,,,,,,0.4024181365966797,,,,,,,,,,,,,,,,,,,,,,,,,,,,,,,,,,,,
13,,,12309,,,,,,,,,,,,,,,,,,,,,,,,,,,,,,,,,,,,0.591712236404419,,,,,,,,,,,,,,,,,,,,,,,,,,,,,,,,,,,,
13,,,12314,,,,,,,,,,,,,,,,,,,,,,,,,,,,,,,,,,,,0.54874587059021,,,,,,,,,,,,,,,,,,,,,,,,,,,,,,,,,,,,
13,,,12319,,,,,,,,,,,,,,,,,,,,,,,,,,,,,,,,,,,,0.350727915763855,,,,,,,,,,,,,,,,,,,,,,,,,,,,,,,,,,,,
13,,,12324,,,,,,,,,,,,,,,,,,,,,,,,,,,,,,,,,,,,0.4024185538291931,,,,,,,,,,,,,,,,,,,,,,,,,,,,,,,,,,,,
13,,,12329,,,,,,,,,,,,,,,,,,,,,,,,,,,,,,,,,,,,0.39553508162498474,,,,,,,,,,,,,,,,,,,,,,,,,,,,,,,,,,,,
13,,,12334,,,,,,,,,,,,,,,,,,,,,,,,,,,,,,,,,,,,0.49389612674713135,,,,,,,,,,,,,,,,,,,,,,,,,,,,,,,,,,,,
13,,,12339,,,,,,,,,,,,,,,,,,,,,,,,,,,,,,,,,,,,0.3972938060760498,,,,,,,,,,,,,,,,,,,,,,,,,,,,,,,,,,,,
13,,,12344,,,,,,,,,,,,,,,,,,,,,,,,,,,,,,,,,,,,0.2655676603317261,,,,,,,,,,,,,,,,,,,,,,,,,,,,,,,,,,,,
13,,,12349,,,,,,,,,,,,,,,,,,,,,,,,,,,,,,,,,,,,0.640166699886322,,,,,,,,,,,,,,,,,,,,,,,,,,,,,,,,,,,,
13,,,12354,,,,,,,,,,,,,,,,,,,,,,,,,,,,,,,,,,,,0.5948579907417297,,,,,,,,,,,,,,,,,,,,,,,,,,,,,,,,,,,,
13,,,12359,,,,,,,,,,,,,,,,,,,,,,,,,,,,,,,,,,,,0.27468252182006836,,,,,,,,,,,,,,,,,,,,,,,,,,,,,,,,,,,,
13,,,12364,,,,,,,,,,,,,,,,,,,,,,,,,,,,,,,,,,,,0.6752948760986328,,,,,,,,,,,,,,,,,,,,,,,,,,,,,,,,,,,,
13,,,12369,,,,,,,,,,,,,,,,,,,,,,,,,,,,,,,,,,,,0.5745528936386108,,,,,,,,,,,,,,,,,,,,,,,,,,,,,,,,,,,,
13,,,12374,,,,,,,,,,,,,,,,,,,,,,,,,,,,,,,,,,,,0.4571843147277832,,,,,,,,,,,,,,,,,,,,,,,,,,,,,,,,,,,,
13,,,12379,,,,,,,,,,,,,,,,,,,,,,,,,,,,,,,,,,,,0.27789828181266785,,,,,,,,,,,,,,,,,,,,,,,,,,,,,,,,,,,,
13,,,12384,,,,,,,,,,,,,,,,,,,,,,,,,,,,,,,,,,,,0.6385244131088257,,,,,,,,,,,,,,,,,,,,,,,,,,,,,,,,,,,,
13,,,12389,,,,,,,,,,,,,,,,,,,,,,,,,,,,,,,,,,,,0.30617043375968933,,,,,,,,,,,,,,,,,,,,,,,,,,,,,,,,,,,,
13,,,12394,,,,,,,,,,,,,,,,,,,,,,,,,,,,,,,,,,,,0.7015942931175232,,,,,,,,,,,,,,,,,,,,,,,,,,,,,,,,,,,,
13,,,12399,,,,,,,,,,,,,,,,,,,,,,,,,,,,,,,,,,,,0.7000005841255188,,,,,,,,,,,,,,,,,,,,,,,,,,,,,,,,,,,,
13,,,12404,,,,,,,,,,,,,,,,,,,,,,,,,,,,,,,,,,,,0.4171627163887024,,,,,,,,,,,,,,,,,,,,,,,,,,,,,,,,,,,,
13,,,12409,,,,,,,,,,,,,,,,,,,,,,,,,,,,,,,,,,,,0.26879262924194336,,,,,,,,,,,,,,,,,,,,,,,,,,,,,,,,,,,,
13,,,12414,,,,,,,,,,,,,,,,,,,,,,,,,,,,,,,,,,,,0.40485328435897827,,,,,,,,,,,,,,,,,,,,,,,,,,,,,,,,,,,,
13,,,12419,,,,,,,,,,,,,,,,,,,,,,,,,,,,,,,,,,,,0.5976648926734924,,,,,,,,,,,,,,,,,,,,,,,,,,,,,,,,,,,,
13,,,12424,,,,,,,,,,,,,,,,,,,,,,,,,,,,,,,,,,,,0.4648415744304657,,,,,,,,,,,,,,,,,,,,,,,,,,,,,,,,,,,,
13,,,12429,,,,,,,,,,,,,,,,,,,,,,,,,,,,,,,,,,,,0.2682761549949646,,,,,,,,,,,,,,,,,,,,,,,,,,,,,,,,,,,,
13,,,12434,,,,,,,,,,,,,,,,,,,,,,,,,,,,,,,,,,,,0.675117015838623,,,,,,,,,,,,,,,,,,,,,,,,,,,,,,,,,,,,
13,,,12439,,,,,,,,,,,,,,,,,,,,,,,,,,,,,,,,,,,,0.29176759719848633,,,,,,,,,,,,,,,,,,,,,,,,,,,,,,,,,,,,
13,,,12444,,,,,,,,,,,,,,,,,,,,,,,,,,,,,,,,,,,,0.3417288661003113,,,,,,,,,,,,,,,,,,,,,,,,,,,,,,,,,,,,
13,,,12449,,,,,,,,,,,,,,,,,,,,,,,,,,,,,,,,,,,,0.2098103016614914,,,,,,,,,,,,,,,,,,,,,,,,,,,,,,,,,,,,
13,,,12454,,,,,,,,,,,,,,,,,,,,,,,,,,,,,,,,,,,,0.3472762703895569,,,,,,,,,,,,,,,,,,,,,,,,,,,,,,,,,,,,
13,,,12459,,,,,,,,,,,,,,,,,,,,,,,,,,,,,,,,,,,,0.5715371966362,,,,,,,,,,,,,,,,,,,,,,,,,,,,,,,,,,,,
13,,,12464,,,,,,,,,,,,,,,,,,,,,,,,,,,,,,,,,,,,0.3571162223815918,,,,,,,,,,,,,,,,,,,,,,,,,,,,,,,,,,,,
13,,,12469,,,,,,,,,,,,,,,,,,,,,,,,,,,,,,,,,,,,0.19940023124217987,,,,,,,,,,,,,,,,,,,,,,,,,,,,,,,,,,,,
13,,,12474,,,,,,,,,,,,,,,,,,,,,,,,,,,,,,,,,,,,0.32194793224334717,,,,,,,,,,,,,,,,,,,,,,,,,,,,,,,,,,,,
13,,,12479,,,,,,,,,,,,,,,,,,,,,,,,,,,,,,,,,,,,0.23911787569522858,,,,,,,,,,,,,,,,,,,,,,,,,,,,,,,,,,,,
13,,,12484,,,,,,,,,,,,,,,,,,,,,,,,,,,,,,,,,,,,0.28935298323631287,,,,,,,,,,,,,,,,,,,,,,,,,,,,,,,,,,,,
13,,,12489,,,,,,,,,,,,,,,,,,,,,,,,,,,,,,,,,,,,0.3664422631263733,,,,,,,,,,,,,,,,,,,,,,,,,,,,,,,,,,,,
13,,,12494,,,,,,,,,,,,,,,,,,,,,,,,,,,,,,,,,,,,0.6836768984794617,,,,,,,,,,,,,,,,,,,,,,,,,,,,,,,,,,,,
13,,,12499,,,,,,,,,,,,,,,,,,,,,,,,,,,,,,,,,,,,0.24887818098068237,,,,,,,,,,,,,,,,,,,,,,,,,,,,,,,,,,,,
13,,,12504,,,,,,,,,,,,,,,,,,,,,,,,,,,,,,,,,,,,0.3723294734954834,,,,,,,,,,,,,,,,,,,,,,,,,,,,,,,,,,,,
13,,,12509,,,,,,,,,,,,,,,,,,,,,,,,,,,,,,,,,,,,0.369072824716568,,,,,,,,,,,,,,,,,,,,,,,,,,,,,,,,,,,,
13,,,12514,,,,,,,,,,,,,,,,,,,,,,,,,,,,,,,,,,,,0.6799303293228149,,,,,,,,,,,,,,,,,,,,,,,,,,,,,,,,,,,,
13,,,12519,,,,,,,,,,,,,,,,,,,,,,,,,,,,,,,,,,,,0.4865776300430298,,,,,,,,,,,,,,,,,,,,,,,,,,,,,,,,,,,,
13,,,12524,,,,,,,,,,,,,,,,,,,,,,,,,,,,,,,,,,,,0.4992290735244751,,,,,,,,,,,,,,,,,,,,,,,,,,,,,,,,,,,,
13,,,12529,,,,,,,,,,,,,,,,,,,,,,,,,,,,,,,,,,,,0.3266723155975342,,,,,,,,,,,,,,,,,,,,,,,,,,,,,,,,,,,,
13,,,12534,,,,,,,,,,,,,,,,,,,,,,,,,,,,,,,,,,,,0.27646732330322266,,,,,,,,,,,,,,,,,,,,,,,,,,,,,,,,,,,,
13,,,12539,,,,,,,,,,,,,,,,,,,,,,,,,,,,,,,,,,,,0.7227721810340881,,,,,,,,,,,,,,,,,,,,,,,,,,,,,,,,,,,,
13,,,12544,,,,,,,,,,,,,,,,,,,,,,,,,,,,,,,,,,,,0.2392899990081787,,,,,,,,,,,,,,,,,,,,,,,,,,,,,,,,,,,,
13,,,12549,,,,,,,,,,,,,,,,,,,,,,,,,,,,,,,,,,,,0.5108307600021362,,,,,,,,,,,,,,,,,,,,,,,,,,,,,,,,,,,,
13,,,12554,,,,,,,,,,,,,,,,,,,,,,,,,,,,,,,,,,,,0.5931793451309204,,,,,,,,,,,,,,,,,,,,,,,,,,,,,,,,,,,,
13,,,12559,,,,,,,,,,,,,,,,,,,,,,,,,,,,,,,,,,,,0.31251978874206543,,,,,,,,,,,,,,,,,,,,,,,,,,,,,,,,,,,,
13,,,12564,,,,,,,,,,,,,,,,,,,,,,,,,,,,,,,,,,,,0.6390921473503113,,,,,,,,,,,,,,,,,,,,,,,,,,,,,,,,,,,,
13,,,12569,,,,,,,,,,,,,,,,,,,,,,,,,,,,,,,,,,,,0.31010138988494873,,,,,,,,,,,,,,,,,,,,,,,,,,,,,,,,,,,,
13,,,12574,,,,,,,,,,,,,,,,,,,,,,,,,,,,,,,,,,,,0.34107762575149536,,,,,,,,,,,,,,,,,,,,,,,,,,,,,,,,,,,,
13,,,12579,,,,,,,,,,,,,,,,,,,,,,,,,,,,,,,,,,,,0.49066779017448425,,,,,,,,,,,,,,,,,,,,,,,,,,,,,,,,,,,,
13,,,12584,,,,,,,,,,,,,,,,,,,,,,,,,,,,,,,,,,,,0.39825189113616943,,,,,,,,,,,,,,,,,,,,,,,,,,,,,,,,,,,,
13,,,12589,,,,,,,,,,,,,,,,,,,,,,,,,,,,,,,,,,,,0.3188279867172241,,,,,,,,,,,,,,,,,,,,,,,,,,,,,,,,,,,,
13,,,12594,,,,,,,,,,,,,,,,,,,,,,,,,,,,,,,,,,,,0.7253401875495911,,,,,,,,,,,,,,,,,,,,,,,,,,,,,,,,,,,,
13,,,12599,,,,,,,,,,,,,,,,,,,,,,,,,,,,,,,,,,,,0.40602731704711914,,,,,,,,,,,,,,,,,,,,,,,,,,,,,,,,,,,,
13,,,12604,,,,,,,,,,,,,,,,,,,,,,,,,,,,,,,,,,,,0.5940760374069214,,,,,,,,,,,,,,,,,,,,,,,,,,,,,,,,,,,,
13,,,12609,,,,,,,,,,,,,,,,,,,,,,,,,,,,,,,,,,,,0.6278252601623535,,,,,,,,,,,,,,,,,,,,,,,,,,,,,,,,,,,,
13,,,12614,,,,,,,,,,,,,,,,,,,,,,,,,,,,,,,,,,,,0.2840147614479065,,,,,,,,,,,,,,,,,,,,,,,,,,,,,,,,,,,,
13,,,12619,,,,,,,,,,,,,,,,,,,,,,,,,,,,,,,,,,,,0.5714979767799377,,,,,,,,,,,,,,,,,,,,,,,,,,,,,,,,,,,,
13,,,12624,,,,,,,,,,,,,,,,,,,,,,,,,,,,,,,,,,,,0.40402328968048096,,,,,,,,,,,,,,,,,,,,,,,,,,,,,,,,,,,,
13,,,12629,,,,,,,,,,,,,,,,,,,,,,,,,,,,,,,,,,,,0.3462912440299988,,,,,,,,,,,,,,,,,,,,,,,,,,,,,,,,,,,,
13,,,12634,,,,,,,,,,,,,,,,,,,,,,,,,,,,,,,,,,,,0.6571817398071289,,,,,,,,,,,,,,,,,,,,,,,,,,,,,,,,,,,,
13,,,12639,,,,,,,,,,,,,,,,,,,,,,,,,,,,,,,,,,,,0.26700714230537415,,,,,,,,,,,,,,,,,,,,,,,,,,,,,,,,,,,,
13,,,12644,,,,,,,,,,,,,,,,,,,,,,,,,,,,,,,,,,,,0.3356991708278656,,,,,,,,,,,,,,,,,,,,,,,,,,,,,,,,,,,,
13,,,12649,,,,,,,,,,,,,,,,,,,,,,,,,,,,,,,,,,,,0.6410098671913147,,,,,,,,,,,,,,,,,,,,,,,,,,,,,,,,,,,,
13,,,12654,,,,,,,,,,,,,,,,,,,,,,,,,,,,,,,,,,,,0.5517417192459106,,,,,,,,,,,,,,,,,,,,,,,,,,,,,,,,,,,,
13,,,12659,,,,,,,,,,,,,,,,,,,,,,,,,,,,,,,,,,,,0.6448959708213806,,,,,,,,,,,,,,,,,,,,,,,,,,,,,,,,,,,,
13,,,12664,,,,,,,,,,,,,,,,,,,,,,,,,,,,,,,,,,,,0.35013100504875183,,,,,,,,,,,,,,,,,,,,,,,,,,,,,,,,,,,,
13,,,12669,,,,,,,,,,,,,,,,,,,,,,,,,,,,,,,,,,,,0.3075641095638275,,,,,,,,,,,,,,,,,,,,,,,,,,,,,,,,,,,,
13,,,12674,,,,,,,,,,,,,,,,,,,,,,,,,,,,,,,,,,,,0.39900708198547363,,,,,,,,,,,,,,,,,,,,,,,,,,,,,,,,,,,,
13,,,12679,,,,,,,,,,,,,,,,,,,,,,,,,,,,,,,,,,,,0.3375388979911804,,,,,,,,,,,,,,,,,,,,,,,,,,,,,,,,,,,,
13,,,12684,,,,,,,,,,,,,,,,,,,,,,,,,,,,,,,,,,,,0.6372219324111938,,,,,,,,,,,,,,,,,,,,,,,,,,,,,,,,,,,,
13,,,12689,,,,,,,,,,,,,,,,,,,,,,,,,,,,,,,,,,,,0.2484176754951477,,,,,,,,,,,,,,,,,,,,,,,,,,,,,,,,,,,,
13,,,12694,,,,,,,,,,,,,,,,,,,,,,,,,,,,,,,,,,,,0.6401812434196472,,,,,,,,,,,,,,,,,,,,,,,,,,,,,,,,,,,,
13,,,12699,,,,,,,,,,,,,,,,,,,,,,,,,,,,,,,,,,,,0.32345837354660034,,,,,,,,,,,,,,,,,,,,,,,,,,,,,,,,,,,,
13,,,12704,,,,,,,,,,,,,,,,,,,,,,,,,,,,,,,,,,,,0.6086615920066833,,,,,,,,,,,,,,,,,,,,,,,,,,,,,,,,,,,,
13,,,12709,,,,,,,,,,,,,,,,,,,,,,,,,,,,,,,,,,,,0.5897762179374695,,,,,,,,,,,,,,,,,,,,,,,,,,,,,,,,,,,,
13,,,12714,,,,,,,,,,,,,,,,,,,,,,,,,,,,,,,,,,,,0.6813662052154541,,,,,,,,,,,,,,,,,,,,,,,,,,,,,,,,,,,,
13,,,12719,,,,,,,,,,,,,,,,,,,,,,,,,,,,,,,,,,,,0.4118637144565582,,,,,,,,,,,,,,,,,,,,,,,,,,,,,,,,,,,,
13,,,12724,,,,,,,,,,,,,,,,,,,,,,,,,,,,,,,,,,,,0.46305596828460693,,,,,,,,,,,,,,,,,,,,,,,,,,,,,,,,,,,,
13,,,12729,,,,,,,,,,,,,,,,,,,,,,,,,,,,,,,,,,,,0.43039464950561523,,,,,,,,,,,,,,,,,,,,,,,,,,,,,,,,,,,,
13,,,12734,,,,,,,,,,,,,,,,,,,,,,,,,,,,,,,,,,,,0.6085416078567505,,,,,,,,,,,,,,,,,,,,,,,,,,,,,,,,,,,,
13,,,12739,,,,,,,,,,,,,,,,,,,,,,,,,,,,,,,,,,,,0.6587862968444824,,,,,,,,,,,,,,,,,,,,,,,,,,,,,,,,,,,,
13,,,12744,,,,,,,,,,,,,,,,,,,,,,,,,,,,,,,,,,,,0.48894202709198,,,,,,,,,,,,,,,,,,,,,,,,,,,,,,,,,,,,
13,,,12749,,,,,,,,,,,,,,,,,,,,,,,,,,,,,,,,,,,,0.6119381189346313,,,,,,,,,,,,,,,,,,,,,,,,,,,,,,,,,,,,
13,,,12754,,,,,,,,,,,,,,,,,,,,,,,,,,,,,,,,,,,,0.35193055868148804,,,,,,,,,,,,,,,,,,,,,,,,,,,,,,,,,,,,
13,,,12759,,,,,,,,,,,,,,,,,,,,,,,,,,,,,,,,,,,,0.3917791247367859,,,,,,,,,,,,,,,,,,,,,,,,,,,,,,,,,,,,
13,,,12764,,,,,,,,,,,,,,,,,,,,,,,,,,,,,,,,,,,,0.2691135108470917,,,,,,,,,,,,,,,,,,,,,,,,,,,,,,,,,,,,
13,,,12769,,,,,,,,,,,,,,,,,,,,,,,,,,,,,,,,,,,,0.1599842756986618,,,,,,,,,,,,,,,,,,,,,,,,,,,,,,,,,,,,
13,,,12774,,,,,,,,,,,,,,,,,,,,,,,,,,,,,,,,,,,,0.5258090496063232,,,,,,,,,,,,,,,,,,,,,,,,,,,,,,,,,,,,
13,,,12779,,,,,,,,,,,,,,,,,,,,,,,,,,,,,,,,,,,,0.3677178621292114,,,,,,,,,,,,,,,,,,,,,,,,,,,,,,,,,,,,
13,,,12784,,,,,,,,,,,,,,,,,,,,,,,,,,,,,,,,,,,,0.5801271200180054,,,,,,,,,,,,,,,,,,,,,,,,,,,,,,,,,,,,
13,,,12789,,,,,,,,,,,,,,,,,,,,,,,,,,,,,,,,,,,,0.38989317417144775,,,,,,,,,,,,,,,,,,,,,,,,,,,,,,,,,,,,
13,,,12794,,,,,,,,,,,,,,,,,,,,,,,,,,,,,,,,,,,,0.6100277304649353,,,,,,,,,,,,,,,,,,,,,,,,,,,,,,,,,,,,
13,,,12799,,,,,,,,,,,,,,,,,,,,,,,,,,,,,,,,,,,,0.3482987880706787,,,,,,,,,,,,,,,,,,,,,,,,,,,,,,,,,,,,
13,,,12804,,,,,,,,,,,,,,,,,,,,,,,,,,,,,,,,,,,,0.4342975914478302,,,,,,,,,,,,,,,,,,,,,,,,,,,,,,,,,,,,
13,,,12809,,,,,,,,,,,,,,,,,,,,,,,,,,,,,,,,,,,,0.48086708784103394,,,,,,,,,,,,,,,,,,,,,,,,,,,,,,,,,,,,
13,,,12814,,,,,,,,,,,,,,,,,,,,,,,,,,,,,,,,,,,,0.3537178635597229,,,,,,,,,,,,,,,,,,,,,,,,,,,,,,,,,,,,
13,,,12819,,,,,,,,,,,,,,,,,,,,,,,,,,,,,,,,,,,,0.47256362438201904,,,,,,,,,,,,,,,,,,,,,,,,,,,,,,,,,,,,
13,,,12824,,,,,,,,,,,,,,,,,,,,,,,,,,,,,,,,,,,,0.6164156198501587,,,,,,,,,,,,,,,,,,,,,,,,,,,,,,,,,,,,
13,,,12829,,,,,,,,,,,,,,,,,,,,,,,,,,,,,,,,,,,,0.35588720440864563,,,,,,,,,,,,,,,,,,,,,,,,,,,,,,,,,,,,
13,,,12834,,,,,,,,,,,,,,,,,,,,,,,,,,,,,,,,,,,,0.37138915061950684,,,,,,,,,,,,,,,,,,,,,,,,,,,,,,,,,,,,
13,,,12839,,,,,,,,,,,,,,,,,,,,,,,,,,,,,,,,,,,,0.6717444062232971,,,,,,,,,,,,,,,,,,,,,,,,,,,,,,,,,,,,
13,,,12844,,,,,,,,,,,,,,,,,,,,,,,,,,,,,,,,,,,,0.631515383720398,,,,,,,,,,,,,,,,,,,,,,,,,,,,,,,,,,,,
13,,,12849,,,,,,,,,,,,,,,,,,,,,,,,,,,,,,,,,,,,0.6676969528198242,,,,,,,,,,,,,,,,,,,,,,,,,,,,,,,,,,,,
13,,,12854,,,,,,,,,,,,,,,,,,,,,,,,,,,,,,,,,,,,0.2775965929031372,,,,,,,,,,,,,,,,,,,,,,,,,,,,,,,,,,,,
13,,,12859,,,,,,,,,,,,,,,,,,,,,,,,,,,,,,,,,,,,0.3387027084827423,,,,,,,,,,,,,,,,,,,,,,,,,,,,,,,,,,,,
13,,,12864,,,,,,,,,,,,,,,,,,,,,,,,,,,,,,,,,,,,0.6578357219696045,,,,,,,,,,,,,,,,,,,,,,,,,,,,,,,,,,,,
13,,,12869,,,,,,,,,,,,,,,,,,,,,,,,,,,,,,,,,,,,0.45342278480529785,,,,,,,,,,,,,,,,,,,,,,,,,,,,,,,,,,,,
13,,,12874,,,,,,,,,,,,,,,,,,,,,,,,,,,,,,,,,,,,0.6999286413192749,,,,,,,,,,,,,,,,,,,,,,,,,,,,,,,,,,,,
13,,,12879,,,,,,,,,,,,,,,,,,,,,,,,,,,,,,,,,,,,0.4078878164291382,,,,,,,,,,,,,,,,,,,,,,,,,,,,,,,,,,,,
13,,,12884,,,,,,,,,,,,,,,,,,,,,,,,,,,,,,,,,,,,0.29693740606307983,,,,,,,,,,,,,,,,,,,,,,,,,,,,,,,,,,,,
13,,,12889,,,,,,,,,,,,,,,,,,,,,,,,,,,,,,,,,,,,0.3393641710281372,,,,,,,,,,,,,,,,,,,,,,,,,,,,,,,,,,,,
13,,,12893,,,,,,,,,,,,,,,,,,,,,,,,,,,,,,,,,,,,,0.7720327377319336,0.7465477585792542,0.6439898014068604,0.7277920246124268,0.7720327377319336,0.0,0.8629658818244934,0.8677240610122681,0.9451075792312622,0.41233330965042114,0.0,0.8918984532356262,0.8359985947608948,0.9173864126205444,0.3409075140953064,0.0,0.8048886656761169,0.7182109951972961,0.8473811745643616,0.20547831058502197,0.0,0.9228383898735046,0.8065112829208374,0.8912450671195984,0.2905734181404114,0.0,0.8629658818244934,0.8677240610122681,0.9451075792312622,0.41233330965042114,0.8588370084762573,0.8588370084762573,0.7525979280471802,0.8588370084762573,0.8588370084762573,0.467463880777359
13,,,12893,0.7519950866699219,0.7357295751571655,0.6329185962677002,0.7222597599029541,0.7519950866699219,0.0,0.871410071849823,0.8459398150444031,0.9356256723403931,0.35500478744506836,0.0,0.887888491153717,0.8287510871887207,0.913056492805481,0.3132222890853882,0.0,0.7983807921409607,0.7075789570808411,0.840022087097168,0.185692697763443,0.0,0.905002236366272,0.8122469186782837,0.8915505409240723,0.28023937344551086,0.0,0.871410071849823,0.8459398150444031,0.9356256723403931,0.35500478744506836,0.8541489839553833,0.8541489839553833,0.7454275488853455,0.8541489839553833,0.8541489839553833,,,,,,,,,,,,,,,,,,,,,,,,,,,,,,,,,,,,,
,1e-05,0.0001,12894,,,,,,,,,,,,,,,,,,,,,,,,,,,,,,,,,,,,,,,,,,,,,,,,,,,,,,,,,,,,,,,,,,,,,,,,
14,,,12894,,,,,,,,,,,,,,,,,,,,,,,,,,,,,,,,,,,,0.29398205876350403,,,,,,,,,,,,,,,,,,,,,,,,,,,,,,,,,,,,
14,,,12899,,,,,,,,,,,,,,,,,,,,,,,,,,,,,,,,,,,,0.42429256439208984,,,,,,,,,,,,,,,,,,,,,,,,,,,,,,,,,,,,
14,,,12904,,,,,,,,,,,,,,,,,,,,,,,,,,,,,,,,,,,,0.4141044616699219,,,,,,,,,,,,,,,,,,,,,,,,,,,,,,,,,,,,
14,,,12909,,,,,,,,,,,,,,,,,,,,,,,,,,,,,,,,,,,,0.6426410675048828,,,,,,,,,,,,,,,,,,,,,,,,,,,,,,,,,,,,
14,,,12914,,,,,,,,,,,,,,,,,,,,,,,,,,,,,,,,,,,,0.31952863931655884,,,,,,,,,,,,,,,,,,,,,,,,,,,,,,,,,,,,
14,,,12919,,,,,,,,,,,,,,,,,,,,,,,,,,,,,,,,,,,,0.6302453875541687,,,,,,,,,,,,,,,,,,,,,,,,,,,,,,,,,,,,
14,,,12924,,,,,,,,,,,,,,,,,,,,,,,,,,,,,,,,,,,,0.48881834745407104,,,,,,,,,,,,,,,,,,,,,,,,,,,,,,,,,,,,
14,,,12929,,,,,,,,,,,,,,,,,,,,,,,,,,,,,,,,,,,,0.41193777322769165,,,,,,,,,,,,,,,,,,,,,,,,,,,,,,,,,,,,
14,,,12934,,,,,,,,,,,,,,,,,,,,,,,,,,,,,,,,,,,,0.4461873769760132,,,,,,,,,,,,,,,,,,,,,,,,,,,,,,,,,,,,
14,,,12939,,,,,,,,,,,,,,,,,,,,,,,,,,,,,,,,,,,,0.3407561182975769,,,,,,,,,,,,,,,,,,,,,,,,,,,,,,,,,,,,
14,,,12944,,,,,,,,,,,,,,,,,,,,,,,,,,,,,,,,,,,,0.2338225096464157,,,,,,,,,,,,,,,,,,,,,,,,,,,,,,,,,,,,
14,,,12949,,,,,,,,,,,,,,,,,,,,,,,,,,,,,,,,,,,,0.7177532911300659,,,,,,,,,,,,,,,,,,,,,,,,,,,,,,,,,,,,
14,,,12954,,,,,,,,,,,,,,,,,,,,,,,,,,,,,,,,,,,,0.26787069439888,,,,,,,,,,,,,,,,,,,,,,,,,,,,,,,,,,,,
14,,,12959,,,,,,,,,,,,,,,,,,,,,,,,,,,,,,,,,,,,0.28779876232147217,,,,,,,,,,,,,,,,,,,,,,,,,,,,,,,,,,,,
14,,,12964,,,,,,,,,,,,,,,,,,,,,,,,,,,,,,,,,,,,0.6580929160118103,,,,,,,,,,,,,,,,,,,,,,,,,,,,,,,,,,,,
14,,,12969,,,,,,,,,,,,,,,,,,,,,,,,,,,,,,,,,,,,0.37860721349716187,,,,,,,,,,,,,,,,,,,,,,,,,,,,,,,,,,,,
14,,,12974,,,,,,,,,,,,,,,,,,,,,,,,,,,,,,,,,,,,0.404431015253067,,,,,,,,,,,,,,,,,,,,,,,,,,,,,,,,,,,,
14,,,12979,,,,,,,,,,,,,,,,,,,,,,,,,,,,,,,,,,,,0.7202889323234558,,,,,,,,,,,,,,,,,,,,,,,,,,,,,,,,,,,,
14,,,12984,,,,,,,,,,,,,,,,,,,,,,,,,,,,,,,,,,,,0.3654567003250122,,,,,,,,,,,,,,,,,,,,,,,,,,,,,,,,,,,,
14,,,12989,,,,,,,,,,,,,,,,,,,,,,,,,,,,,,,,,,,,0.28410226106643677,,,,,,,,,,,,,,,,,,,,,,,,,,,,,,,,,,,,
14,,,12994,,,,,,,,,,,,,,,,,,,,,,,,,,,,,,,,,,,,0.3109387457370758,,,,,,,,,,,,,,,,,,,,,,,,,,,,,,,,,,,,
14,,,12999,,,,,,,,,,,,,,,,,,,,,,,,,,,,,,,,,,,,0.274725079536438,,,,,,,,,,,,,,,,,,,,,,,,,,,,,,,,,,,,
14,,,13004,,,,,,,,,,,,,,,,,,,,,,,,,,,,,,,,,,,,0.253343790769577,,,,,,,,,,,,,,,,,,,,,,,,,,,,,,,,,,,,
14,,,13009,,,,,,,,,,,,,,,,,,,,,,,,,,,,,,,,,,,,0.3474023938179016,,,,,,,,,,,,,,,,,,,,,,,,,,,,,,,,,,,,
14,,,13014,,,,,,,,,,,,,,,,,,,,,,,,,,,,,,,,,,,,0.3737837076187134,,,,,,,,,,,,,,,,,,,,,,,,,,,,,,,,,,,,
14,,,13019,,,,,,,,,,,,,,,,,,,,,,,,,,,,,,,,,,,,0.4510642886161804,,,,,,,,,,,,,,,,,,,,,,,,,,,,,,,,,,,,
14,,,13024,,,,,,,,,,,,,,,,,,,,,,,,,,,,,,,,,,,,0.22826868295669556,,,,,,,,,,,,,,,,,,,,,,,,,,,,,,,,,,,,
14,,,13029,,,,,,,,,,,,,,,,,,,,,,,,,,,,,,,,,,,,0.2761465311050415,,,,,,,,,,,,,,,,,,,,,,,,,,,,,,,,,,,,
14,,,13034,,,,,,,,,,,,,,,,,,,,,,,,,,,,,,,,,,,,0.37601596117019653,,,,,,,,,,,,,,,,,,,,,,,,,,,,,,,,,,,,
14,,,13039,,,,,,,,,,,,,,,,,,,,,,,,,,,,,,,,,,,,0.274310439825058,,,,,,,,,,,,,,,,,,,,,,,,,,,,,,,,,,,,
14,,,13044,,,,,,,,,,,,,,,,,,,,,,,,,,,,,,,,,,,,0.4650036096572876,,,,,,,,,,,,,,,,,,,,,,,,,,,,,,,,,,,,
14,,,13049,,,,,,,,,,,,,,,,,,,,,,,,,,,,,,,,,,,,0.3663925528526306,,,,,,,,,,,,,,,,,,,,,,,,,,,,,,,,,,,,
14,,,13054,,,,,,,,,,,,,,,,,,,,,,,,,,,,,,,,,,,,0.3162088990211487,,,,,,,,,,,,,,,,,,,,,,,,,,,,,,,,,,,,
14,,,13059,,,,,,,,,,,,,,,,,,,,,,,,,,,,,,,,,,,,0.3375035524368286,,,,,,,,,,,,,,,,,,,,,,,,,,,,,,,,,,,,
14,,,13064,,,,,,,,,,,,,,,,,,,,,,,,,,,,,,,,,,,,0.6466721892356873,,,,,,,,,,,,,,,,,,,,,,,,,,,,,,,,,,,,
14,,,13069,,,,,,,,,,,,,,,,,,,,,,,,,,,,,,,,,,,,0.3145824670791626,,,,,,,,,,,,,,,,,,,,,,,,,,,,,,,,,,,,
14,,,13074,,,,,,,,,,,,,,,,,,,,,,,,,,,,,,,,,,,,0.24007052183151245,,,,,,,,,,,,,,,,,,,,,,,,,,,,,,,,,,,,
14,,,13079,,,,,,,,,,,,,,,,,,,,,,,,,,,,,,,,,,,,0.28635942935943604,,,,,,,,,,,,,,,,,,,,,,,,,,,,,,,,,,,,
14,,,13084,,,,,,,,,,,,,,,,,,,,,,,,,,,,,,,,,,,,0.2818268835544586,,,,,,,,,,,,,,,,,,,,,,,,,,,,,,,,,,,,
14,,,13089,,,,,,,,,,,,,,,,,,,,,,,,,,,,,,,,,,,,0.39544957876205444,,,,,,,,,,,,,,,,,,,,,,,,,,,,,,,,,,,,
14,,,13094,,,,,,,,,,,,,,,,,,,,,,,,,,,,,,,,,,,,0.6606916189193726,,,,,,,,,,,,,,,,,,,,,,,,,,,,,,,,,,,,
14,,,13099,,,,,,,,,,,,,,,,,,,,,,,,,,,,,,,,,,,,0.37072718143463135,,,,,,,,,,,,,,,,,,,,,,,,,,,,,,,,,,,,
14,,,13104,,,,,,,,,,,,,,,,,,,,,,,,,,,,,,,,,,,,0.32893091440200806,,,,,,,,,,,,,,,,,,,,,,,,,,,,,,,,,,,,
14,,,13109,,,,,,,,,,,,,,,,,,,,,,,,,,,,,,,,,,,,0.3133580982685089,,,,,,,,,,,,,,,,,,,,,,,,,,,,,,,,,,,,
14,,,13114,,,,,,,,,,,,,,,,,,,,,,,,,,,,,,,,,,,,0.3198336958885193,,,,,,,,,,,,,,,,,,,,,,,,,,,,,,,,,,,,
14,,,13119,,,,,,,,,,,,,,,,,,,,,,,,,,,,,,,,,,,,0.38648664951324463,,,,,,,,,,,,,,,,,,,,,,,,,,,,,,,,,,,,
14,,,13124,,,,,,,,,,,,,,,,,,,,,,,,,,,,,,,,,,,,0.6619212627410889,,,,,,,,,,,,,,,,,,,,,,,,,,,,,,,,,,,,
14,,,13129,,,,,,,,,,,,,,,,,,,,,,,,,,,,,,,,,,,,0.31456512212753296,,,,,,,,,,,,,,,,,,,,,,,,,,,,,,,,,,,,
14,,,13134,,,,,,,,,,,,,,,,,,,,,,,,,,,,,,,,,,,,0.32059139013290405,,,,,,,,,,,,,,,,,,,,,,,,,,,,,,,,,,,,
14,,,13139,,,,,,,,,,,,,,,,,,,,,,,,,,,,,,,,,,,,0.406810998916626,,,,,,,,,,,,,,,,,,,,,,,,,,,,,,,,,,,,
14,,,13144,,,,,,,,,,,,,,,,,,,,,,,,,,,,,,,,,,,,0.27021270990371704,,,,,,,,,,,,,,,,,,,,,,,,,,,,,,,,,,,,
14,,,13149,,,,,,,,,,,,,,,,,,,,,,,,,,,,,,,,,,,,0.27257975935935974,,,,,,,,,,,,,,,,,,,,,,,,,,,,,,,,,,,,
14,,,13154,,,,,,,,,,,,,,,,,,,,,,,,,,,,,,,,,,,,0.6441963911056519,,,,,,,,,,,,,,,,,,,,,,,,,,,,,,,,,,,,
14,,,13159,,,,,,,,,,,,,,,,,,,,,,,,,,,,,,,,,,,,0.2854462265968323,,,,,,,,,,,,,,,,,,,,,,,,,,,,,,,,,,,,
14,,,13164,,,,,,,,,,,,,,,,,,,,,,,,,,,,,,,,,,,,0.644481360912323,,,,,,,,,,,,,,,,,,,,,,,,,,,,,,,,,,,,
14,,,13169,,,,,,,,,,,,,,,,,,,,,,,,,,,,,,,,,,,,0.3461455702781677,,,,,,,,,,,,,,,,,,,,,,,,,,,,,,,,,,,,
14,,,13174,,,,,,,,,,,,,,,,,,,,,,,,,,,,,,,,,,,,0.459507554769516,,,,,,,,,,,,,,,,,,,,,,,,,,,,,,,,,,,,
14,,,13179,,,,,,,,,,,,,,,,,,,,,,,,,,,,,,,,,,,,0.6517823934555054,,,,,,,,,,,,,,,,,,,,,,,,,,,,,,,,,,,,
14,,,13184,,,,,,,,,,,,,,,,,,,,,,,,,,,,,,,,,,,,0.6228395104408264,,,,,,,,,,,,,,,,,,,,,,,,,,,,,,,,,,,,
14,,,13189,,,,,,,,,,,,,,,,,,,,,,,,,,,,,,,,,,,,0.3244377374649048,,,,,,,,,,,,,,,,,,,,,,,,,,,,,,,,,,,,
14,,,13194,,,,,,,,,,,,,,,,,,,,,,,,,,,,,,,,,,,,0.3118745684623718,,,,,,,,,,,,,,,,,,,,,,,,,,,,,,,,,,,,
14,,,13199,,,,,,,,,,,,,,,,,,,,,,,,,,,,,,,,,,,,0.718711256980896,,,,,,,,,,,,,,,,,,,,,,,,,,,,,,,,,,,,
14,,,13204,,,,,,,,,,,,,,,,,,,,,,,,,,,,,,,,,,,,0.33239299058914185,,,,,,,,,,,,,,,,,,,,,,,,,,,,,,,,,,,,
14,,,13209,,,,,,,,,,,,,,,,,,,,,,,,,,,,,,,,,,,,0.3650525212287903,,,,,,,,,,,,,,,,,,,,,,,,,,,,,,,,,,,,
14,,,13214,,,,,,,,,,,,,,,,,,,,,,,,,,,,,,,,,,,,0.6913565993309021,,,,,,,,,,,,,,,,,,,,,,,,,,,,,,,,,,,,
14,,,13219,,,,,,,,,,,,,,,,,,,,,,,,,,,,,,,,,,,,0.5613213777542114,,,,,,,,,,,,,,,,,,,,,,,,,,,,,,,,,,,,
14,,,13224,,,,,,,,,,,,,,,,,,,,,,,,,,,,,,,,,,,,0.307085245847702,,,,,,,,,,,,,,,,,,,,,,,,,,,,,,,,,,,,
14,,,13229,,,,,,,,,,,,,,,,,,,,,,,,,,,,,,,,,,,,0.37455928325653076,,,,,,,,,,,,,,,,,,,,,,,,,,,,,,,,,,,,
14,,,13234,,,,,,,,,,,,,,,,,,,,,,,,,,,,,,,,,,,,0.5071870684623718,,,,,,,,,,,,,,,,,,,,,,,,,,,,,,,,,,,,
14,,,13239,,,,,,,,,,,,,,,,,,,,,,,,,,,,,,,,,,,,0.3820257782936096,,,,,,,,,,,,,,,,,,,,,,,,,,,,,,,,,,,,
14,,,13244,,,,,,,,,,,,,,,,,,,,,,,,,,,,,,,,,,,,0.3741656541824341,,,,,,,,,,,,,,,,,,,,,,,,,,,,,,,,,,,,
14,,,13249,,,,,,,,,,,,,,,,,,,,,,,,,,,,,,,,,,,,0.31071940064430237,,,,,,,,,,,,,,,,,,,,,,,,,,,,,,,,,,,,
14,,,13254,,,,,,,,,,,,,,,,,,,,,,,,,,,,,,,,,,,,0.40907615423202515,,,,,,,,,,,,,,,,,,,,,,,,,,,,,,,,,,,,
14,,,13259,,,,,,,,,,,,,,,,,,,,,,,,,,,,,,,,,,,,0.5647549033164978,,,,,,,,,,,,,,,,,,,,,,,,,,,,,,,,,,,,
14,,,13264,,,,,,,,,,,,,,,,,,,,,,,,,,,,,,,,,,,,0.3342704772949219,,,,,,,,,,,,,,,,,,,,,,,,,,,,,,,,,,,,
14,,,13269,,,,,,,,,,,,,,,,,,,,,,,,,,,,,,,,,,,,0.5420218110084534,,,,,,,,,,,,,,,,,,,,,,,,,,,,,,,,,,,,
14,,,13274,,,,,,,,,,,,,,,,,,,,,,,,,,,,,,,,,,,,0.28939229249954224,,,,,,,,,,,,,,,,,,,,,,,,,,,,,,,,,,,,
14,,,13279,,,,,,,,,,,,,,,,,,,,,,,,,,,,,,,,,,,,0.30918923020362854,,,,,,,,,,,,,,,,,,,,,,,,,,,,,,,,,,,,
14,,,13284,,,,,,,,,,,,,,,,,,,,,,,,,,,,,,,,,,,,0.308337926864624,,,,,,,,,,,,,,,,,,,,,,,,,,,,,,,,,,,,
14,,,13289,,,,,,,,,,,,,,,,,,,,,,,,,,,,,,,,,,,,0.3314523696899414,,,,,,,,,,,,,,,,,,,,,,,,,,,,,,,,,,,,
14,,,13294,,,,,,,,,,,,,,,,,,,,,,,,,,,,,,,,,,,,0.2295827567577362,,,,,,,,,,,,,,,,,,,,,,,,,,,,,,,,,,,,
14,,,13299,,,,,,,,,,,,,,,,,,,,,,,,,,,,,,,,,,,,0.36440834403038025,,,,,,,,,,,,,,,,,,,,,,,,,,,,,,,,,,,,
14,,,13304,,,,,,,,,,,,,,,,,,,,,,,,,,,,,,,,,,,,0.6613931655883789,,,,,,,,,,,,,,,,,,,,,,,,,,,,,,,,,,,,
14,,,13309,,,,,,,,,,,,,,,,,,,,,,,,,,,,,,,,,,,,0.2590327262878418,,,,,,,,,,,,,,,,,,,,,,,,,,,,,,,,,,,,
14,,,13314,,,,,,,,,,,,,,,,,,,,,,,,,,,,,,,,,,,,0.2621038854122162,,,,,,,,,,,,,,,,,,,,,,,,,,,,,,,,,,,,
14,,,13319,,,,,,,,,,,,,,,,,,,,,,,,,,,,,,,,,,,,0.3106136620044708,,,,,,,,,,,,,,,,,,,,,,,,,,,,,,,,,,,,
14,,,13324,,,,,,,,,,,,,,,,,,,,,,,,,,,,,,,,,,,,0.3027040958404541,,,,,,,,,,,,,,,,,,,,,,,,,,,,,,,,,,,,
14,,,13329,,,,,,,,,,,,,,,,,,,,,,,,,,,,,,,,,,,,0.3568352460861206,,,,,,,,,,,,,,,,,,,,,,,,,,,,,,,,,,,,
14,,,13334,,,,,,,,,,,,,,,,,,,,,,,,,,,,,,,,,,,,0.3747650682926178,,,,,,,,,,,,,,,,,,,,,,,,,,,,,,,,,,,,
14,,,13339,,,,,,,,,,,,,,,,,,,,,,,,,,,,,,,,,,,,0.4972158372402191,,,,,,,,,,,,,,,,,,,,,,,,,,,,,,,,,,,,
14,,,13344,,,,,,,,,,,,,,,,,,,,,,,,,,,,,,,,,,,,0.39482271671295166,,,,,,,,,,,,,,,,,,,,,,,,,,,,,,,,,,,,
14,,,13349,,,,,,,,,,,,,,,,,,,,,,,,,,,,,,,,,,,,0.3986956775188446,,,,,,,,,,,,,,,,,,,,,,,,,,,,,,,,,,,,
14,,,13354,,,,,,,,,,,,,,,,,,,,,,,,,,,,,,,,,,,,0.398834764957428,,,,,,,,,,,,,,,,,,,,,,,,,,,,,,,,,,,,
14,,,13359,,,,,,,,,,,,,,,,,,,,,,,,,,,,,,,,,,,,0.6348761320114136,,,,,,,,,,,,,,,,,,,,,,,,,,,,,,,,,,,,
14,,,13364,,,,,,,,,,,,,,,,,,,,,,,,,,,,,,,,,,,,0.6968705058097839,,,,,,,,,,,,,,,,,,,,,,,,,,,,,,,,,,,,
14,,,13369,,,,,,,,,,,,,,,,,,,,,,,,,,,,,,,,,,,,0.63685142993927,,,,,,,,,,,,,,,,,,,,,,,,,,,,,,,,,,,,
14,,,13374,,,,,,,,,,,,,,,,,,,,,,,,,,,,,,,,,,,,0.6595304608345032,,,,,,,,,,,,,,,,,,,,,,,,,,,,,,,,,,,,
14,,,13379,,,,,,,,,,,,,,,,,,,,,,,,,,,,,,,,,,,,0.29011255502700806,,,,,,,,,,,,,,,,,,,,,,,,,,,,,,,,,,,,
14,,,13384,,,,,,,,,,,,,,,,,,,,,,,,,,,,,,,,,,,,0.7133512496948242,,,,,,,,,,,,,,,,,,,,,,,,,,,,,,,,,,,,
14,,,13389,,,,,,,,,,,,,,,,,,,,,,,,,,,,,,,,,,,,0.623088538646698,,,,,,,,,,,,,,,,,,,,,,,,,,,,,,,,,,,,
14,,,13394,,,,,,,,,,,,,,,,,,,,,,,,,,,,,,,,,,,,0.26933321356773376,,,,,,,,,,,,,,,,,,,,,,,,,,,,,,,,,,,,
14,,,13399,,,,,,,,,,,,,,,,,,,,,,,,,,,,,,,,,,,,0.32990899682044983,,,,,,,,,,,,,,,,,,,,,,,,,,,,,,,,,,,,
14,,,13404,,,,,,,,,,,,,,,,,,,,,,,,,,,,,,,,,,,,0.3511248826980591,,,,,,,,,,,,,,,,,,,,,,,,,,,,,,,,,,,,
14,,,13409,,,,,,,,,,,,,,,,,,,,,,,,,,,,,,,,,,,,0.6690168976783752,,,,,,,,,,,,,,,,,,,,,,,,,,,,,,,,,,,,
14,,,13414,,,,,,,,,,,,,,,,,,,,,,,,,,,,,,,,,,,,0.6838043332099915,,,,,,,,,,,,,,,,,,,,,,,,,,,,,,,,,,,,
14,,,13419,,,,,,,,,,,,,,,,,,,,,,,,,,,,,,,,,,,,0.3340159058570862,,,,,,,,,,,,,,,,,,,,,,,,,,,,,,,,,,,,
14,,,13424,,,,,,,,,,,,,,,,,,,,,,,,,,,,,,,,,,,,0.3440881371498108,,,,,,,,,,,,,,,,,,,,,,,,,,,,,,,,,,,,
14,,,13429,,,,,,,,,,,,,,,,,,,,,,,,,,,,,,,,,,,,0.2761882543563843,,,,,,,,,,,,,,,,,,,,,,,,,,,,,,,,,,,,
14,,,13434,,,,,,,,,,,,,,,,,,,,,,,,,,,,,,,,,,,,0.276623398065567,,,,,,,,,,,,,,,,,,,,,,,,,,,,,,,,,,,,
14,,,13439,,,,,,,,,,,,,,,,,,,,,,,,,,,,,,,,,,,,0.2927243113517761,,,,,,,,,,,,,,,,,,,,,,,,,,,,,,,,,,,,
14,,,13444,,,,,,,,,,,,,,,,,,,,,,,,,,,,,,,,,,,,0.4761849343776703,,,,,,,,,,,,,,,,,,,,,,,,,,,,,,,,,,,,
14,,,13449,,,,,,,,,,,,,,,,,,,,,,,,,,,,,,,,,,,,0.3567494750022888,,,,,,,,,,,,,,,,,,,,,,,,,,,,,,,,,,,,
14,,,13454,,,,,,,,,,,,,,,,,,,,,,,,,,,,,,,,,,,,0.48631107807159424,,,,,,,,,,,,,,,,,,,,,,,,,,,,,,,,,,,,
14,,,13459,,,,,,,,,,,,,,,,,,,,,,,,,,,,,,,,,,,,0.3110252618789673,,,,,,,,,,,,,,,,,,,,,,,,,,,,,,,,,,,,
14,,,13464,,,,,,,,,,,,,,,,,,,,,,,,,,,,,,,,,,,,0.6302003264427185,,,,,,,,,,,,,,,,,,,,,,,,,,,,,,,,,,,,
14,,,13469,,,,,,,,,,,,,,,,,,,,,,,,,,,,,,,,,,,,0.32076942920684814,,,,,,,,,,,,,,,,,,,,,,,,,,,,,,,,,,,,
14,,,13474,,,,,,,,,,,,,,,,,,,,,,,,,,,,,,,,,,,,0.6320831775665283,,,,,,,,,,,,,,,,,,,,,,,,,,,,,,,,,,,,
14,,,13479,,,,,,,,,,,,,,,,,,,,,,,,,,,,,,,,,,,,0.5997054576873779,,,,,,,,,,,,,,,,,,,,,,,,,,,,,,,,,,,,
14,,,13484,,,,,,,,,,,,,,,,,,,,,,,,,,,,,,,,,,,,0.37862837314605713,,,,,,,,,,,,,,,,,,,,,,,,,,,,,,,,,,,,
14,,,13489,,,,,,,,,,,,,,,,,,,,,,,,,,,,,,,,,,,,0.2954424321651459,,,,,,,,,,,,,,,,,,,,,,,,,,,,,,,,,,,,
14,,,13494,,,,,,,,,,,,,,,,,,,,,,,,,,,,,,,,,,,,0.38920140266418457,,,,,,,,,,,,,,,,,,,,,,,,,,,,,,,,,,,,
14,,,13499,,,,,,,,,,,,,,,,,,,,,,,,,,,,,,,,,,,,0.5269139409065247,,,,,,,,,,,,,,,,,,,,,,,,,,,,,,,,,,,,
14,,,13504,,,,,,,,,,,,,,,,,,,,,,,,,,,,,,,,,,,,0.5080181956291199,,,,,,,,,,,,,,,,,,,,,,,,,,,,,,,,,,,,
14,,,13509,,,,,,,,,,,,,,,,,,,,,,,,,,,,,,,,,,,,0.6733906269073486,,,,,,,,,,,,,,,,,,,,,,,,,,,,,,,,,,,,
14,,,13514,,,,,,,,,,,,,,,,,,,,,,,,,,,,,,,,,,,,0.5562927722930908,,,,,,,,,,,,,,,,,,,,,,,,,,,,,,,,,,,,
14,,,13519,,,,,,,,,,,,,,,,,,,,,,,,,,,,,,,,,,,,0.3031817674636841,,,,,,,,,,,,,,,,,,,,,,,,,,,,,,,,,,,,
14,,,13524,,,,,,,,,,,,,,,,,,,,,,,,,,,,,,,,,,,,0.5797340273857117,,,,,,,,,,,,,,,,,,,,,,,,,,,,,,,,,,,,
14,,,13529,,,,,,,,,,,,,,,,,,,,,,,,,,,,,,,,,,,,0.36282581090927124,,,,,,,,,,,,,,,,,,,,,,,,,,,,,,,,,,,,
14,,,13534,,,,,,,,,,,,,,,,,,,,,,,,,,,,,,,,,,,,0.6662643551826477,,,,,,,,,,,,,,,,,,,,,,,,,,,,,,,,,,,,
14,,,13539,,,,,,,,,,,,,,,,,,,,,,,,,,,,,,,,,,,,0.7190580368041992,,,,,,,,,,,,,,,,,,,,,,,,,,,,,,,,,,,,
14,,,13544,,,,,,,,,,,,,,,,,,,,,,,,,,,,,,,,,,,,0.6732233762741089,,,,,,,,,,,,,,,,,,,,,,,,,,,,,,,,,,,,
14,,,13549,,,,,,,,,,,,,,,,,,,,,,,,,,,,,,,,,,,,0.6822494268417358,,,,,,,,,,,,,,,,,,,,,,,,,,,,,,,,,,,,
14,,,13554,,,,,,,,,,,,,,,,,,,,,,,,,,,,,,,,,,,,0.2866639196872711,,,,,,,,,,,,,,,,,,,,,,,,,,,,,,,,,,,,
14,,,13559,,,,,,,,,,,,,,,,,,,,,,,,,,,,,,,,,,,,0.6654365658760071,,,,,,,,,,,,,,,,,,,,,,,,,,,,,,,,,,,,
14,,,13564,,,,,,,,,,,,,,,,,,,,,,,,,,,,,,,,,,,,0.6310786604881287,,,,,,,,,,,,,,,,,,,,,,,,,,,,,,,,,,,,
14,,,13569,,,,,,,,,,,,,,,,,,,,,,,,,,,,,,,,,,,,0.6787814497947693,,,,,,,,,,,,,,,,,,,,,,,,,,,,,,,,,,,,
14,,,13574,,,,,,,,,,,,,,,,,,,,,,,,,,,,,,,,,,,,0.5884222388267517,,,,,,,,,,,,,,,,,,,,,,,,,,,,,,,,,,,,
14,,,13579,,,,,,,,,,,,,,,,,,,,,,,,,,,,,,,,,,,,0.6218459010124207,,,,,,,,,,,,,,,,,,,,,,,,,,,,,,,,,,,,
14,,,13584,,,,,,,,,,,,,,,,,,,,,,,,,,,,,,,,,,,,0.400692343711853,,,,,,,,,,,,,,,,,,,,,,,,,,,,,,,,,,,,
14,,,13589,,,,,,,,,,,,,,,,,,,,,,,,,,,,,,,,,,,,0.6595393419265747,,,,,,,,,,,,,,,,,,,,,,,,,,,,,,,,,,,,
14,,,13594,,,,,,,,,,,,,,,,,,,,,,,,,,,,,,,,,,,,0.31751132011413574,,,,,,,,,,,,,,,,,,,,,,,,,,,,,,,,,,,,
14,,,13599,,,,,,,,,,,,,,,,,,,,,,,,,,,,,,,,,,,,0.4729159474372864,,,,,,,,,,,,,,,,,,,,,,,,,,,,,,,,,,,,
14,,,13604,,,,,,,,,,,,,,,,,,,,,,,,,,,,,,,,,,,,0.2694590389728546,,,,,,,,,,,,,,,,,,,,,,,,,,,,,,,,,,,,
14,,,13609,,,,,,,,,,,,,,,,,,,,,,,,,,,,,,,,,,,,0.37255722284317017,,,,,,,,,,,,,,,,,,,,,,,,,,,,,,,,,,,,
14,,,13614,,,,,,,,,,,,,,,,,,,,,,,,,,,,,,,,,,,,0.3764183521270752,,,,,,,,,,,,,,,,,,,,,,,,,,,,,,,,,,,,
14,,,13619,,,,,,,,,,,,,,,,,,,,,,,,,,,,,,,,,,,,0.3357824385166168,,,,,,,,,,,,,,,,,,,,,,,,,,,,,,,,,,,,
14,,,13624,,,,,,,,,,,,,,,,,,,,,,,,,,,,,,,,,,,,0.6320710778236389,,,,,,,,,,,,,,,,,,,,,,,,,,,,,,,,,,,,
14,,,13629,,,,,,,,,,,,,,,,,,,,,,,,,,,,,,,,,,,,0.21874499320983887,,,,,,,,,,,,,,,,,,,,,,,,,,,,,,,,,,,,
14,,,13634,,,,,,,,,,,,,,,,,,,,,,,,,,,,,,,,,,,,0.5665116906166077,,,,,,,,,,,,,,,,,,,,,,,,,,,,,,,,,,,,
14,,,13639,,,,,,,,,,,,,,,,,,,,,,,,,,,,,,,,,,,,0.28726375102996826,,,,,,,,,,,,,,,,,,,,,,,,,,,,,,,,,,,,
14,,,13644,,,,,,,,,,,,,,,,,,,,,,,,,,,,,,,,,,,,0.36164677143096924,,,,,,,,,,,,,,,,,,,,,,,,,,,,,,,,,,,,
14,,,13649,,,,,,,,,,,,,,,,,,,,,,,,,,,,,,,,,,,,0.2663692235946655,,,,,,,,,,,,,,,,,,,,,,,,,,,,,,,,,,,,
14,,,13654,,,,,,,,,,,,,,,,,,,,,,,,,,,,,,,,,,,,0.32250282168388367,,,,,,,,,,,,,,,,,,,,,,,,,,,,,,,,,,,,
14,,,13659,,,,,,,,,,,,,,,,,,,,,,,,,,,,,,,,,,,,0.3216479420661926,,,,,,,,,,,,,,,,,,,,,,,,,,,,,,,,,,,,
14,,,13664,,,,,,,,,,,,,,,,,,,,,,,,,,,,,,,,,,,,0.23208795487880707,,,,,,,,,,,,,,,,,,,,,,,,,,,,,,,,,,,,
14,,,13669,,,,,,,,,,,,,,,,,,,,,,,,,,,,,,,,,,,,0.32018929719924927,,,,,,,,,,,,,,,,,,,,,,,,,,,,,,,,,,,,
14,,,13674,,,,,,,,,,,,,,,,,,,,,,,,,,,,,,,,,,,,0.24105340242385864,,,,,,,,,,,,,,,,,,,,,,,,,,,,,,,,,,,,
14,,,13679,,,,,,,,,,,,,,,,,,,,,,,,,,,,,,,,,,,,0.2644725441932678,,,,,,,,,,,,,,,,,,,,,,,,,,,,,,,,,,,,
14,,,13684,,,,,,,,,,,,,,,,,,,,,,,,,,,,,,,,,,,,0.261880099773407,,,,,,,,,,,,,,,,,,,,,,,,,,,,,,,,,,,,
14,,,13689,,,,,,,,,,,,,,,,,,,,,,,,,,,,,,,,,,,,0.43021920323371887,,,,,,,,,,,,,,,,,,,,,,,,,,,,,,,,,,,,
14,,,13694,,,,,,,,,,,,,,,,,,,,,,,,,,,,,,,,,,,,0.35048097372055054,,,,,,,,,,,,,,,,,,,,,,,,,,,,,,,,,,,,
14,,,13699,,,,,,,,,,,,,,,,,,,,,,,,,,,,,,,,,,,,0.26648926734924316,,,,,,,,,,,,,,,,,,,,,,,,,,,,,,,,,,,,
14,,,13704,,,,,,,,,,,,,,,,,,,,,,,,,,,,,,,,,,,,0.1963336169719696,,,,,,,,,,,,,,,,,,,,,,,,,,,,,,,,,,,,
14,,,13709,,,,,,,,,,,,,,,,,,,,,,,,,,,,,,,,,,,,0.5670694708824158,,,,,,,,,,,,,,,,,,,,,,,,,,,,,,,,,,,,
14,,,13714,,,,,,,,,,,,,,,,,,,,,,,,,,,,,,,,,,,,0.4428711533546448,,,,,,,,,,,,,,,,,,,,,,,,,,,,,,,,,,,,
14,,,13719,,,,,,,,,,,,,,,,,,,,,,,,,,,,,,,,,,,,0.4963420033454895,,,,,,,,,,,,,,,,,,,,,,,,,,,,,,,,,,,,
14,,,13724,,,,,,,,,,,,,,,,,,,,,,,,,,,,,,,,,,,,0.6356450319290161,,,,,,,,,,,,,,,,,,,,,,,,,,,,,,,,,,,,
14,,,13729,,,,,,,,,,,,,,,,,,,,,,,,,,,,,,,,,,,,0.6421284675598145,,,,,,,,,,,,,,,,,,,,,,,,,,,,,,,,,,,,
14,,,13734,,,,,,,,,,,,,,,,,,,,,,,,,,,,,,,,,,,,0.34355050325393677,,,,,,,,,,,,,,,,,,,,,,,,,,,,,,,,,,,,
14,,,13739,,,,,,,,,,,,,,,,,,,,,,,,,,,,,,,,,,,,0.5276383757591248,,,,,,,,,,,,,,,,,,,,,,,,,,,,,,,,,,,,
14,,,13744,,,,,,,,,,,,,,,,,,,,,,,,,,,,,,,,,,,,0.33176565170288086,,,,,,,,,,,,,,,,,,,,,,,,,,,,,,,,,,,,
14,,,13749,,,,,,,,,,,,,,,,,,,,,,,,,,,,,,,,,,,,0.37096846103668213,,,,,,,,,,,,,,,,,,,,,,,,,,,,,,,,,,,,
14,,,13754,,,,,,,,,,,,,,,,,,,,,,,,,,,,,,,,,,,,0.28932690620422363,,,,,,,,,,,,,,,,,,,,,,,,,,,,,,,,,,,,
14,,,13759,,,,,,,,,,,,,,,,,,,,,,,,,,,,,,,,,,,,0.3248348832130432,,,,,,,,,,,,,,,,,,,,,,,,,,,,,,,,,,,,
14,,,13764,,,,,,,,,,,,,,,,,,,,,,,,,,,,,,,,,,,,0.6341246366500854,,,,,,,,,,,,,,,,,,,,,,,,,,,,,,,,,,,,
14,,,13769,,,,,,,,,,,,,,,,,,,,,,,,,,,,,,,,,,,,0.248627707362175,,,,,,,,,,,,,,,,,,,,,,,,,,,,,,,,,,,,
14,,,13774,,,,,,,,,,,,,,,,,,,,,,,,,,,,,,,,,,,,0.5813098549842834,,,,,,,,,,,,,,,,,,,,,,,,,,,,,,,,,,,,
14,,,13779,,,,,,,,,,,,,,,,,,,,,,,,,,,,,,,,,,,,0.31209343671798706,,,,,,,,,,,,,,,,,,,,,,,,,,,,,,,,,,,,
14,,,13784,,,,,,,,,,,,,,,,,,,,,,,,,,,,,,,,,,,,0.3062193989753723,,,,,,,,,,,,,,,,,,,,,,,,,,,,,,,,,,,,
14,,,13789,,,,,,,,,,,,,,,,,,,,,,,,,,,,,,,,,,,,0.25565096735954285,,,,,,,,,,,,,,,,,,,,,,,,,,,,,,,,,,,,
14,,,13794,,,,,,,,,,,,,,,,,,,,,,,,,,,,,,,,,,,,0.2729569673538208,,,,,,,,,,,,,,,,,,,,,,,,,,,,,,,,,,,,
14,,,13799,,,,,,,,,,,,,,,,,,,,,,,,,,,,,,,,,,,,0.24106952548027039,,,,,,,,,,,,,,,,,,,,,,,,,,,,,,,,,,,,
14,,,13804,,,,,,,,,,,,,,,,,,,,,,,,,,,,,,,,,,,,0.21492095291614532,,,,,,,,,,,,,,,,,,,,,,,,,,,,,,,,,,,,
14,,,13809,,,,,,,,,,,,,,,,,,,,,,,,,,,,,,,,,,,,0.43105143308639526,,,,,,,,,,,,,,,,,,,,,,,,,,,,,,,,,,,,
14,,,13814,,,,,,,,,,,,,,,,,,,,,,,,,,,,,,,,,,,,0.4392658770084381,,,,,,,,,,,,,,,,,,,,,,,,,,,,,,,,,,,,
14,,,13814,,,,,,,,,,,,,,,,,,,,,,,,,,,,,,,,,,,,,0.7876206636428833,0.7438157796859741,0.6429338455200195,0.7216456532478333,0.7876206636428833,0.0,0.8756279349327087,0.8368697762489319,0.9440621733665466,0.4939226508140564,0.0,0.8935440182685852,0.8341481685638428,0.9209596514701843,0.32661116123199463,0.0,0.807573139667511,0.7154838442802429,0.8534987568855286,0.19517949223518372,0.0,0.912208616733551,0.8314442038536072,0.8989607691764832,0.24396903812885284,0.0,0.8756279349327087,0.8368697762489319,0.9440621733665466,0.4939226508140564,0.8563639521598816,0.8563639521598816,0.7488080859184265,0.8563639521598816,0.8563639521598816,0.42858219146728516
14,,,13814,0.7527228593826294,0.7376547455787659,0.634800136089325,0.7252494096755981,0.7527228593826294,0.0,0.8733601570129395,0.8447713255882263,0.9317092299461365,0.361050546169281,0.0,0.8884998559951782,0.8292003273963928,0.9142682552337646,0.31865066289901733,0.0,0.7993699312210083,0.7082341909408569,0.8420756459236145,0.18952079117298126,0.0,0.9041736721992493,0.8141929507255554,0.8974682688713074,0.28516265749931335,0.0,0.8733601570129395,0.8447713255882263,0.9317092299461365,0.361050546169281,0.8548592329025269,0.8548592329025269,0.7465102672576904,0.8548592329025269,0.8548592329025269,,,,,,,,,,,,,,,,,,,,,,,,,,,,,,,,,,,,,
,1e-05,0.0001,13815,,,,,,,,,,,,,,,,,,,,,,,,,,,,,,,,,,,,,,,,,,,,,,,,,,,,,,,,,,,,,,,,,,,,,,,,
15,,,13819,,,,,,,,,,,,,,,,,,,,,,,,,,,,,,,,,,,,0.3875482678413391,,,,,,,,,,,,,,,,,,,,,,,,,,,,,,,,,,,,
15,,,13824,,,,,,,,,,,,,,,,,,,,,,,,,,,,,,,,,,,,0.6038408875465393,,,,,,,,,,,,,,,,,,,,,,,,,,,,,,,,,,,,
15,,,13829,,,,,,,,,,,,,,,,,,,,,,,,,,,,,,,,,,,,0.29993849992752075,,,,,,,,,,,,,,,,,,,,,,,,,,,,,,,,,,,,
15,,,13834,,,,,,,,,,,,,,,,,,,,,,,,,,,,,,,,,,,,0.6468331813812256,,,,,,,,,,,,,,,,,,,,,,,,,,,,,,,,,,,,
15,,,13839,,,,,,,,,,,,,,,,,,,,,,,,,,,,,,,,,,,,0.5640518665313721,,,,,,,,,,,,,,,,,,,,,,,,,,,,,,,,,,,,
15,,,13844,,,,,,,,,,,,,,,,,,,,,,,,,,,,,,,,,,,,0.6485617160797119,,,,,,,,,,,,,,,,,,,,,,,,,,,,,,,,,,,,
15,,,13849,,,,,,,,,,,,,,,,,,,,,,,,,,,,,,,,,,,,0.22023767232894897,,,,,,,,,,,,,,,,,,,,,,,,,,,,,,,,,,,,
15,,,13854,,,,,,,,,,,,,,,,,,,,,,,,,,,,,,,,,,,,0.21783223748207092,,,,,,,,,,,,,,,,,,,,,,,,,,,,,,,,,,,,
15,,,13859,,,,,,,,,,,,,,,,,,,,,,,,,,,,,,,,,,,,0.20741388201713562,,,,,,,,,,,,,,,,,,,,,,,,,,,,,,,,,,,,
15,,,13864,,,,,,,,,,,,,,,,,,,,,,,,,,,,,,,,,,,,0.37219521403312683,,,,,,,,,,,,,,,,,,,,,,,,,,,,,,,,,,,,
15,,,13869,,,,,,,,,,,,,,,,,,,,,,,,,,,,,,,,,,,,0.26711803674697876,,,,,,,,,,,,,,,,,,,,,,,,,,,,,,,,,,,,
15,,,13874,,,,,,,,,,,,,,,,,,,,,,,,,,,,,,,,,,,,0.3334398865699768,,,,,,,,,,,,,,,,,,,,,,,,,,,,,,,,,,,,
15,,,13879,,,,,,,,,,,,,,,,,,,,,,,,,,,,,,,,,,,,0.6232077479362488,,,,,,,,,,,,,,,,,,,,,,,,,,,,,,,,,,,,
15,,,13884,,,,,,,,,,,,,,,,,,,,,,,,,,,,,,,,,,,,0.5615679621696472,,,,,,,,,,,,,,,,,,,,,,,,,,,,,,,,,,,,
15,,,13889,,,,,,,,,,,,,,,,,,,,,,,,,,,,,,,,,,,,0.215083509683609,,,,,,,,,,,,,,,,,,,,,,,,,,,,,,,,,,,,
15,,,13894,,,,,,,,,,,,,,,,,,,,,,,,,,,,,,,,,,,,0.26169174909591675,,,,,,,,,,,,,,,,,,,,,,,,,,,,,,,,,,,,
15,,,13899,,,,,,,,,,,,,,,,,,,,,,,,,,,,,,,,,,,,0.3188247084617615,,,,,,,,,,,,,,,,,,,,,,,,,,,,,,,,,,,,
15,,,13904,,,,,,,,,,,,,,,,,,,,,,,,,,,,,,,,,,,,0.22203439474105835,,,,,,,,,,,,,,,,,,,,,,,,,,,,,,,,,,,,
15,,,13909,,,,,,,,,,,,,,,,,,,,,,,,,,,,,,,,,,,,0.36493006348609924,,,,,,,,,,,,,,,,,,,,,,,,,,,,,,,,,,,,
15,,,13914,,,,,,,,,,,,,,,,,,,,,,,,,,,,,,,,,,,,0.6093247532844543,,,,,,,,,,,,,,,,,,,,,,,,,,,,,,,,,,,,
15,,,13919,,,,,,,,,,,,,,,,,,,,,,,,,,,,,,,,,,,,0.44932234287261963,,,,,,,,,,,,,,,,,,,,,,,,,,,,,,,,,,,,
15,,,13924,,,,,,,,,,,,,,,,,,,,,,,,,,,,,,,,,,,,0.6010488867759705,,,,,,,,,,,,,,,,,,,,,,,,,,,,,,,,,,,,
15,,,13929,,,,,,,,,,,,,,,,,,,,,,,,,,,,,,,,,,,,0.3409402668476105,,,,,,,,,,,,,,,,,,,,,,,,,,,,,,,,,,,,
15,,,13934,,,,,,,,,,,,,,,,,,,,,,,,,,,,,,,,,,,,0.3131203055381775,,,,,,,,,,,,,,,,,,,,,,,,,,,,,,,,,,,,
15,,,13939,,,,,,,,,,,,,,,,,,,,,,,,,,,,,,,,,,,,0.38292813301086426,,,,,,,,,,,,,,,,,,,,,,,,,,,,,,,,,,,,
15,,,13944,,,,,,,,,,,,,,,,,,,,,,,,,,,,,,,,,,,,0.41081205010414124,,,,,,,,,,,,,,,,,,,,,,,,,,,,,,,,,,,,
15,,,13949,,,,,,,,,,,,,,,,,,,,,,,,,,,,,,,,,,,,0.6299458742141724,,,,,,,,,,,,,,,,,,,,,,,,,,,,,,,,,,,,
15,,,13954,,,,,,,,,,,,,,,,,,,,,,,,,,,,,,,,,,,,0.6298779249191284,,,,,,,,,,,,,,,,,,,,,,,,,,,,,,,,,,,,
15,,,13959,,,,,,,,,,,,,,,,,,,,,,,,,,,,,,,,,,,,0.21877950429916382,,,,,,,,,,,,,,,,,,,,,,,,,,,,,,,,,,,,
15,,,13964,,,,,,,,,,,,,,,,,,,,,,,,,,,,,,,,,,,,0.26214683055877686,,,,,,,,,,,,,,,,,,,,,,,,,,,,,,,,,,,,
15,,,13969,,,,,,,,,,,,,,,,,,,,,,,,,,,,,,,,,,,,0.22388394176959991,,,,,,,,,,,,,,,,,,,,,,,,,,,,,,,,,,,,
15,,,13974,,,,,,,,,,,,,,,,,,,,,,,,,,,,,,,,,,,,0.2699001729488373,,,,,,,,,,,,,,,,,,,,,,,,,,,,,,,,,,,,
15,,,13979,,,,,,,,,,,,,,,,,,,,,,,,,,,,,,,,,,,,0.252985417842865,,,,,,,,,,,,,,,,,,,,,,,,,,,,,,,,,,,,
15,,,13984,,,,,,,,,,,,,,,,,,,,,,,,,,,,,,,,,,,,0.48047083616256714,,,,,,,,,,,,,,,,,,,,,,,,,,,,,,,,,,,,
15,,,13989,,,,,,,,,,,,,,,,,,,,,,,,,,,,,,,,,,,,0.30433186888694763,,,,,,,,,,,,,,,,,,,,,,,,,,,,,,,,,,,,
15,,,13994,,,,,,,,,,,,,,,,,,,,,,,,,,,,,,,,,,,,0.30149632692337036,,,,,,,,,,,,,,,,,,,,,,,,,,,,,,,,,,,,
15,,,13999,,,,,,,,,,,,,,,,,,,,,,,,,,,,,,,,,,,,0.6719693541526794,,,,,,,,,,,,,,,,,,,,,,,,,,,,,,,,,,,,
15,,,14004,,,,,,,,,,,,,,,,,,,,,,,,,,,,,,,,,,,,0.5392562747001648,,,,,,,,,,,,,,,,,,,,,,,,,,,,,,,,,,,,
15,,,14009,,,,,,,,,,,,,,,,,,,,,,,,,,,,,,,,,,,,0.20214352011680603,,,,,,,,,,,,,,,,,,,,,,,,,,,,,,,,,,,,
15,,,14014,,,,,,,,,,,,,,,,,,,,,,,,,,,,,,,,,,,,0.19788053631782532,,,,,,,,,,,,,,,,,,,,,,,,,,,,,,,,,,,,
15,,,14019,,,,,,,,,,,,,,,,,,,,,,,,,,,,,,,,,,,,0.32232755422592163,,,,,,,,,,,,,,,,,,,,,,,,,,,,,,,,,,,,
15,,,14024,,,,,,,,,,,,,,,,,,,,,,,,,,,,,,,,,,,,0.5513702630996704,,,,,,,,,,,,,,,,,,,,,,,,,,,,,,,,,,,,
15,,,14029,,,,,,,,,,,,,,,,,,,,,,,,,,,,,,,,,,,,0.6290888786315918,,,,,,,,,,,,,,,,,,,,,,,,,,,,,,,,,,,,
15,,,14034,,,,,,,,,,,,,,,,,,,,,,,,,,,,,,,,,,,,0.30731523036956787,,,,,,,,,,,,,,,,,,,,,,,,,,,,,,,,,,,,
15,,,14039,,,,,,,,,,,,,,,,,,,,,,,,,,,,,,,,,,,,0.2112777978181839,,,,,,,,,,,,,,,,,,,,,,,,,,,,,,,,,,,,
15,,,14044,,,,,,,,,,,,,,,,,,,,,,,,,,,,,,,,,,,,0.6155593395233154,,,,,,,,,,,,,,,,,,,,,,,,,,,,,,,,,,,,
15,,,14049,,,,,,,,,,,,,,,,,,,,,,,,,,,,,,,,,,,,0.3392781615257263,,,,,,,,,,,,,,,,,,,,,,,,,,,,,,,,,,,,
15,,,14054,,,,,,,,,,,,,,,,,,,,,,,,,,,,,,,,,,,,0.458962082862854,,,,,,,,,,,,,,,,,,,,,,,,,,,,,,,,,,,,
15,,,14059,,,,,,,,,,,,,,,,,,,,,,,,,,,,,,,,,,,,0.36877667903900146,,,,,,,,,,,,,,,,,,,,,,,,,,,,,,,,,,,,
15,,,14064,,,,,,,,,,,,,,,,,,,,,,,,,,,,,,,,,,,,0.2596253454685211,,,,,,,,,,,,,,,,,,,,,,,,,,,,,,,,,,,,
15,,,14069,,,,,,,,,,,,,,,,,,,,,,,,,,,,,,,,,,,,0.249542236328125,,,,,,,,,,,,,,,,,,,,,,,,,,,,,,,,,,,,
15,,,14074,,,,,,,,,,,,,,,,,,,,,,,,,,,,,,,,,,,,0.41168212890625,,,,,,,,,,,,,,,,,,,,,,,,,,,,,,,,,,,,
15,,,14079,,,,,,,,,,,,,,,,,,,,,,,,,,,,,,,,,,,,0.3157813549041748,,,,,,,,,,,,,,,,,,,,,,,,,,,,,,,,,,,,
15,,,14084,,,,,,,,,,,,,,,,,,,,,,,,,,,,,,,,,,,,0.301954984664917,,,,,,,,,,,,,,,,,,,,,,,,,,,,,,,,,,,,
15,,,14089,,,,,,,,,,,,,,,,,,,,,,,,,,,,,,,,,,,,0.2873212695121765,,,,,,,,,,,,,,,,,,,,,,,,,,,,,,,,,,,,
15,,,14094,,,,,,,,,,,,,,,,,,,,,,,,,,,,,,,,,,,,0.2224380224943161,,,,,,,,,,,,,,,,,,,,,,,,,,,,,,,,,,,,
15,,,14099,,,,,,,,,,,,,,,,,,,,,,,,,,,,,,,,,,,,0.1850619912147522,,,,,,,,,,,,,,,,,,,,,,,,,,,,,,,,,,,,
15,,,14104,,,,,,,,,,,,,,,,,,,,,,,,,,,,,,,,,,,,0.2963741421699524,,,,,,,,,,,,,,,,,,,,,,,,,,,,,,,,,,,,
15,,,14109,,,,,,,,,,,,,,,,,,,,,,,,,,,,,,,,,,,,0.6515107750892639,,,,,,,,,,,,,,,,,,,,,,,,,,,,,,,,,,,,
15,,,14114,,,,,,,,,,,,,,,,,,,,,,,,,,,,,,,,,,,,0.205357164144516,,,,,,,,,,,,,,,,,,,,,,,,,,,,,,,,,,,,
15,,,14119,,,,,,,,,,,,,,,,,,,,,,,,,,,,,,,,,,,,0.5937825441360474,,,,,,,,,,,,,,,,,,,,,,,,,,,,,,,,,,,,
15,,,14124,,,,,,,,,,,,,,,,,,,,,,,,,,,,,,,,,,,,0.6306734085083008,,,,,,,,,,,,,,,,,,,,,,,,,,,,,,,,,,,,
15,,,14129,,,,,,,,,,,,,,,,,,,,,,,,,,,,,,,,,,,,0.24400371313095093,,,,,,,,,,,,,,,,,,,,,,,,,,,,,,,,,,,,
15,,,14134,,,,,,,,,,,,,,,,,,,,,,,,,,,,,,,,,,,,0.2135065793991089,,,,,,,,,,,,,,,,,,,,,,,,,,,,,,,,,,,,
15,,,14139,,,,,,,,,,,,,,,,,,,,,,,,,,,,,,,,,,,,0.2048296481370926,,,,,,,,,,,,,,,,,,,,,,,,,,,,,,,,,,,,
15,,,14144,,,,,,,,,,,,,,,,,,,,,,,,,,,,,,,,,,,,0.5963909029960632,,,,,,,,,,,,,,,,,,,,,,,,,,,,,,,,,,,,
15,,,14149,,,,,,,,,,,,,,,,,,,,,,,,,,,,,,,,,,,,0.4871339201927185,,,,,,,,,,,,,,,,,,,,,,,,,,,,,,,,,,,,
15,,,14154,,,,,,,,,,,,,,,,,,,,,,,,,,,,,,,,,,,,0.27670586109161377,,,,,,,,,,,,,,,,,,,,,,,,,,,,,,,,,,,,
15,,,14159,,,,,,,,,,,,,,,,,,,,,,,,,,,,,,,,,,,,0.6336787939071655,,,,,,,,,,,,,,,,,,,,,,,,,,,,,,,,,,,,
15,,,14164,,,,,,,,,,,,,,,,,,,,,,,,,,,,,,,,,,,,0.3110344111919403,,,,,,,,,,,,,,,,,,,,,,,,,,,,,,,,,,,,
15,,,14169,,,,,,,,,,,,,,,,,,,,,,,,,,,,,,,,,,,,0.32634586095809937,,,,,,,,,,,,,,,,,,,,,,,,,,,,,,,,,,,,
15,,,14174,,,,,,,,,,,,,,,,,,,,,,,,,,,,,,,,,,,,0.31182774901390076,,,,,,,,,,,,,,,,,,,,,,,,,,,,,,,,,,,,
15,,,14179,,,,,,,,,,,,,,,,,,,,,,,,,,,,,,,,,,,,0.5795913934707642,,,,,,,,,,,,,,,,,,,,,,,,,,,,,,,,,,,,
15,,,14184,,,,,,,,,,,,,,,,,,,,,,,,,,,,,,,,,,,,0.28367915749549866,,,,,,,,,,,,,,,,,,,,,,,,,,,,,,,,,,,,
15,,,14189,,,,,,,,,,,,,,,,,,,,,,,,,,,,,,,,,,,,0.23431062698364258,,,,,,,,,,,,,,,,,,,,,,,,,,,,,,,,,,,,
15,,,14194,,,,,,,,,,,,,,,,,,,,,,,,,,,,,,,,,,,,0.3192485272884369,,,,,,,,,,,,,,,,,,,,,,,,,,,,,,,,,,,,
15,,,14199,,,,,,,,,,,,,,,,,,,,,,,,,,,,,,,,,,,,0.2165343463420868,,,,,,,,,,,,,,,,,,,,,,,,,,,,,,,,,,,,
15,,,14204,,,,,,,,,,,,,,,,,,,,,,,,,,,,,,,,,,,,0.32927775382995605,,,,,,,,,,,,,,,,,,,,,,,,,,,,,,,,,,,,
15,,,14209,,,,,,,,,,,,,,,,,,,,,,,,,,,,,,,,,,,,0.4781327247619629,,,,,,,,,,,,,,,,,,,,,,,,,,,,,,,,,,,,
15,,,14214,,,,,,,,,,,,,,,,,,,,,,,,,,,,,,,,,,,,0.22677448391914368,,,,,,,,,,,,,,,,,,,,,,,,,,,,,,,,,,,,
15,,,14219,,,,,,,,,,,,,,,,,,,,,,,,,,,,,,,,,,,,0.32728877663612366,,,,,,,,,,,,,,,,,,,,,,,,,,,,,,,,,,,,
15,,,14224,,,,,,,,,,,,,,,,,,,,,,,,,,,,,,,,,,,,0.27635657787323,,,,,,,,,,,,,,,,,,,,,,,,,,,,,,,,,,,,
15,,,14229,,,,,,,,,,,,,,,,,,,,,,,,,,,,,,,,,,,,0.3124959468841553,,,,,,,,,,,,,,,,,,,,,,,,,,,,,,,,,,,,
15,,,14234,,,,,,,,,,,,,,,,,,,,,,,,,,,,,,,,,,,,0.49745792150497437,,,,,,,,,,,,,,,,,,,,,,,,,,,,,,,,,,,,
15,,,14239,,,,,,,,,,,,,,,,,,,,,,,,,,,,,,,,,,,,0.40265917778015137,,,,,,,,,,,,,,,,,,,,,,,,,,,,,,,,,,,,
15,,,14244,,,,,,,,,,,,,,,,,,,,,,,,,,,,,,,,,,,,0.5632019639015198,,,,,,,,,,,,,,,,,,,,,,,,,,,,,,,,,,,,
15,,,14249,,,,,,,,,,,,,,,,,,,,,,,,,,,,,,,,,,,,0.3087359368801117,,,,,,,,,,,,,,,,,,,,,,,,,,,,,,,,,,,,
15,,,14254,,,,,,,,,,,,,,,,,,,,,,,,,,,,,,,,,,,,0.2898651361465454,,,,,,,,,,,,,,,,,,,,,,,,,,,,,,,,,,,,
15,,,14259,,,,,,,,,,,,,,,,,,,,,,,,,,,,,,,,,,,,0.31380417943000793,,,,,,,,,,,,,,,,,,,,,,,,,,,,,,,,,,,,
15,,,14264,,,,,,,,,,,,,,,,,,,,,,,,,,,,,,,,,,,,0.2546018362045288,,,,,,,,,,,,,,,,,,,,,,,,,,,,,,,,,,,,
15,,,14269,,,,,,,,,,,,,,,,,,,,,,,,,,,,,,,,,,,,0.3538644015789032,,,,,,,,,,,,,,,,,,,,,,,,,,,,,,,,,,,,
15,,,14274,,,,,,,,,,,,,,,,,,,,,,,,,,,,,,,,,,,,0.17871247231960297,,,,,,,,,,,,,,,,,,,,,,,,,,,,,,,,,,,,
15,,,14279,,,,,,,,,,,,,,,,,,,,,,,,,,,,,,,,,,,,0.4393582344055176,,,,,,,,,,,,,,,,,,,,,,,,,,,,,,,,,,,,
15,,,14284,,,,,,,,,,,,,,,,,,,,,,,,,,,,,,,,,,,,0.6552140116691589,,,,,,,,,,,,,,,,,,,,,,,,,,,,,,,,,,,,
15,,,14289,,,,,,,,,,,,,,,,,,,,,,,,,,,,,,,,,,,,0.454006552696228,,,,,,,,,,,,,,,,,,,,,,,,,,,,,,,,,,,,
15,,,14294,,,,,,,,,,,,,,,,,,,,,,,,,,,,,,,,,,,,0.22830694913864136,,,,,,,,,,,,,,,,,,,,,,,,,,,,,,,,,,,,
15,,,14299,,,,,,,,,,,,,,,,,,,,,,,,,,,,,,,,,,,,0.6583704352378845,,,,,,,,,,,,,,,,,,,,,,,,,,,,,,,,,,,,
15,,,14304,,,,,,,,,,,,,,,,,,,,,,,,,,,,,,,,,,,,0.29281628131866455,,,,,,,,,,,,,,,,,,,,,,,,,,,,,,,,,,,,
15,,,14309,,,,,,,,,,,,,,,,,,,,,,,,,,,,,,,,,,,,0.37932437658309937,,,,,,,,,,,,,,,,,,,,,,,,,,,,,,,,,,,,
15,,,14314,,,,,,,,,,,,,,,,,,,,,,,,,,,,,,,,,,,,0.3513930141925812,,,,,,,,,,,,,,,,,,,,,,,,,,,,,,,,,,,,
15,,,14319,,,,,,,,,,,,,,,,,,,,,,,,,,,,,,,,,,,,0.32574960589408875,,,,,,,,,,,,,,,,,,,,,,,,,,,,,,,,,,,,
15,,,14324,,,,,,,,,,,,,,,,,,,,,,,,,,,,,,,,,,,,0.5939648747444153,,,,,,,,,,,,,,,,,,,,,,,,,,,,,,,,,,,,
15,,,14329,,,,,,,,,,,,,,,,,,,,,,,,,,,,,,,,,,,,0.28604698181152344,,,,,,,,,,,,,,,,,,,,,,,,,,,,,,,,,,,,
15,,,14334,,,,,,,,,,,,,,,,,,,,,,,,,,,,,,,,,,,,0.6241699457168579,,,,,,,,,,,,,,,,,,,,,,,,,,,,,,,,,,,,
15,,,14339,,,,,,,,,,,,,,,,,,,,,,,,,,,,,,,,,,,,0.2860114872455597,,,,,,,,,,,,,,,,,,,,,,,,,,,,,,,,,,,,
15,,,14344,,,,,,,,,,,,,,,,,,,,,,,,,,,,,,,,,,,,0.639646053314209,,,,,,,,,,,,,,,,,,,,,,,,,,,,,,,,,,,,
15,,,14349,,,,,,,,,,,,,,,,,,,,,,,,,,,,,,,,,,,,0.6666155457496643,,,,,,,,,,,,,,,,,,,,,,,,,,,,,,,,,,,,
15,,,14354,,,,,,,,,,,,,,,,,,,,,,,,,,,,,,,,,,,,0.6743713021278381,,,,,,,,,,,,,,,,,,,,,,,,,,,,,,,,,,,,
15,,,14359,,,,,,,,,,,,,,,,,,,,,,,,,,,,,,,,,,,,0.6149106621742249,,,,,,,,,,,,,,,,,,,,,,,,,,,,,,,,,,,,
15,,,14364,,,,,,,,,,,,,,,,,,,,,,,,,,,,,,,,,,,,0.3111801743507385,,,,,,,,,,,,,,,,,,,,,,,,,,,,,,,,,,,,
15,,,14369,,,,,,,,,,,,,,,,,,,,,,,,,,,,,,,,,,,,0.3492317795753479,,,,,,,,,,,,,,,,,,,,,,,,,,,,,,,,,,,,
15,,,14374,,,,,,,,,,,,,,,,,,,,,,,,,,,,,,,,,,,,0.34427952766418457,,,,,,,,,,,,,,,,,,,,,,,,,,,,,,,,,,,,
15,,,14379,,,,,,,,,,,,,,,,,,,,,,,,,,,,,,,,,,,,0.22225233912467957,,,,,,,,,,,,,,,,,,,,,,,,,,,,,,,,,,,,
15,,,14384,,,,,,,,,,,,,,,,,,,,,,,,,,,,,,,,,,,,0.24457502365112305,,,,,,,,,,,,,,,,,,,,,,,,,,,,,,,,,,,,
15,,,14389,,,,,,,,,,,,,,,,,,,,,,,,,,,,,,,,,,,,0.22298213839530945,,,,,,,,,,,,,,,,,,,,,,,,,,,,,,,,,,,,
15,,,14394,,,,,,,,,,,,,,,,,,,,,,,,,,,,,,,,,,,,0.5565996170043945,,,,,,,,,,,,,,,,,,,,,,,,,,,,,,,,,,,,
15,,,14399,,,,,,,,,,,,,,,,,,,,,,,,,,,,,,,,,,,,0.6472417116165161,,,,,,,,,,,,,,,,,,,,,,,,,,,,,,,,,,,,
15,,,14404,,,,,,,,,,,,,,,,,,,,,,,,,,,,,,,,,,,,0.3303844928741455,,,,,,,,,,,,,,,,,,,,,,,,,,,,,,,,,,,,
15,,,14409,,,,,,,,,,,,,,,,,,,,,,,,,,,,,,,,,,,,0.399333119392395,,,,,,,,,,,,,,,,,,,,,,,,,,,,,,,,,,,,
15,,,14414,,,,,,,,,,,,,,,,,,,,,,,,,,,,,,,,,,,,0.52376389503479,,,,,,,,,,,,,,,,,,,,,,,,,,,,,,,,,,,,
15,,,14419,,,,,,,,,,,,,,,,,,,,,,,,,,,,,,,,,,,,0.6016805171966553,,,,,,,,,,,,,,,,,,,,,,,,,,,,,,,,,,,,
15,,,14424,,,,,,,,,,,,,,,,,,,,,,,,,,,,,,,,,,,,0.2626270651817322,,,,,,,,,,,,,,,,,,,,,,,,,,,,,,,,,,,,
15,,,14429,,,,,,,,,,,,,,,,,,,,,,,,,,,,,,,,,,,,0.2529357075691223,,,,,,,,,,,,,,,,,,,,,,,,,,,,,,,,,,,,
15,,,14434,,,,,,,,,,,,,,,,,,,,,,,,,,,,,,,,,,,,0.5196048021316528,,,,,,,,,,,,,,,,,,,,,,,,,,,,,,,,,,,,
15,,,14439,,,,,,,,,,,,,,,,,,,,,,,,,,,,,,,,,,,,0.6027037501335144,,,,,,,,,,,,,,,,,,,,,,,,,,,,,,,,,,,,
15,,,14444,,,,,,,,,,,,,,,,,,,,,,,,,,,,,,,,,,,,0.6596449017524719,,,,,,,,,,,,,,,,,,,,,,,,,,,,,,,,,,,,
15,,,14449,,,,,,,,,,,,,,,,,,,,,,,,,,,,,,,,,,,,0.22778862714767456,,,,,,,,,,,,,,,,,,,,,,,,,,,,,,,,,,,,
15,,,14454,,,,,,,,,,,,,,,,,,,,,,,,,,,,,,,,,,,,0.2785339653491974,,,,,,,,,,,,,,,,,,,,,,,,,,,,,,,,,,,,
15,,,14459,,,,,,,,,,,,,,,,,,,,,,,,,,,,,,,,,,,,0.28067106008529663,,,,,,,,,,,,,,,,,,,,,,,,,,,,,,,,,,,,
15,,,14464,,,,,,,,,,,,,,,,,,,,,,,,,,,,,,,,,,,,0.34218111634254456,,,,,,,,,,,,,,,,,,,,,,,,,,,,,,,,,,,,
15,,,14469,,,,,,,,,,,,,,,,,,,,,,,,,,,,,,,,,,,,0.5820378661155701,,,,,,,,,,,,,,,,,,,,,,,,,,,,,,,,,,,,
15,,,14474,,,,,,,,,,,,,,,,,,,,,,,,,,,,,,,,,,,,0.6126627922058105,,,,,,,,,,,,,,,,,,,,,,,,,,,,,,,,,,,,
15,,,14479,,,,,,,,,,,,,,,,,,,,,,,,,,,,,,,,,,,,0.334674596786499,,,,,,,,,,,,,,,,,,,,,,,,,,,,,,,,,,,,
15,,,14484,,,,,,,,,,,,,,,,,,,,,,,,,,,,,,,,,,,,0.3741483688354492,,,,,,,,,,,,,,,,,,,,,,,,,,,,,,,,,,,,
15,,,14489,,,,,,,,,,,,,,,,,,,,,,,,,,,,,,,,,,,,0.22991111874580383,,,,,,,,,,,,,,,,,,,,,,,,,,,,,,,,,,,,
15,,,14494,,,,,,,,,,,,,,,,,,,,,,,,,,,,,,,,,,,,0.3218916654586792,,,,,,,,,,,,,,,,,,,,,,,,,,,,,,,,,,,,
15,,,14499,,,,,,,,,,,,,,,,,,,,,,,,,,,,,,,,,,,,0.19975244998931885,,,,,,,,,,,,,,,,,,,,,,,,,,,,,,,,,,,,
15,,,14504,,,,,,,,,,,,,,,,,,,,,,,,,,,,,,,,,,,,0.3599231243133545,,,,,,,,,,,,,,,,,,,,,,,,,,,,,,,,,,,,
15,,,14509,,,,,,,,,,,,,,,,,,,,,,,,,,,,,,,,,,,,0.23606383800506592,,,,,,,,,,,,,,,,,,,,,,,,,,,,,,,,,,,,
15,,,14514,,,,,,,,,,,,,,,,,,,,,,,,,,,,,,,,,,,,0.4612911343574524,,,,,,,,,,,,,,,,,,,,,,,,,,,,,,,,,,,,
15,,,14519,,,,,,,,,,,,,,,,,,,,,,,,,,,,,,,,,,,,0.6203908920288086,,,,,,,,,,,,,,,,,,,,,,,,,,,,,,,,,,,,
15,,,14524,,,,,,,,,,,,,,,,,,,,,,,,,,,,,,,,,,,,0.31135106086730957,,,,,,,,,,,,,,,,,,,,,,,,,,,,,,,,,,,,
15,,,14529,,,,,,,,,,,,,,,,,,,,,,,,,,,,,,,,,,,,0.616031289100647,,,,,,,,,,,,,,,,,,,,,,,,,,,,,,,,,,,,
15,,,14534,,,,,,,,,,,,,,,,,,,,,,,,,,,,,,,,,,,,0.27033400535583496,,,,,,,,,,,,,,,,,,,,,,,,,,,,,,,,,,,,
15,,,14539,,,,,,,,,,,,,,,,,,,,,,,,,,,,,,,,,,,,0.6124018430709839,,,,,,,,,,,,,,,,,,,,,,,,,,,,,,,,,,,,
15,,,14544,,,,,,,,,,,,,,,,,,,,,,,,,,,,,,,,,,,,0.6314761638641357,,,,,,,,,,,,,,,,,,,,,,,,,,,,,,,,,,,,
15,,,14549,,,,,,,,,,,,,,,,,,,,,,,,,,,,,,,,,,,,0.613536536693573,,,,,,,,,,,,,,,,,,,,,,,,,,,,,,,,,,,,
15,,,14554,,,,,,,,,,,,,,,,,,,,,,,,,,,,,,,,,,,,0.4634220004081726,,,,,,,,,,,,,,,,,,,,,,,,,,,,,,,,,,,,
15,,,14559,,,,,,,,,,,,,,,,,,,,,,,,,,,,,,,,,,,,0.4766865372657776,,,,,,,,,,,,,,,,,,,,,,,,,,,,,,,,,,,,
15,,,14564,,,,,,,,,,,,,,,,,,,,,,,,,,,,,,,,,,,,0.2600320279598236,,,,,,,,,,,,,,,,,,,,,,,,,,,,,,,,,,,,
15,,,14569,,,,,,,,,,,,,,,,,,,,,,,,,,,,,,,,,,,,0.294292688369751,,,,,,,,,,,,,,,,,,,,,,,,,,,,,,,,,,,,
15,,,14574,,,,,,,,,,,,,,,,,,,,,,,,,,,,,,,,,,,,0.5870712399482727,,,,,,,,,,,,,,,,,,,,,,,,,,,,,,,,,,,,
15,,,14579,,,,,,,,,,,,,,,,,,,,,,,,,,,,,,,,,,,,0.26103371381759644,,,,,,,,,,,,,,,,,,,,,,,,,,,,,,,,,,,,
15,,,14584,,,,,,,,,,,,,,,,,,,,,,,,,,,,,,,,,,,,0.2748856544494629,,,,,,,,,,,,,,,,,,,,,,,,,,,,,,,,,,,,
15,,,14589,,,,,,,,,,,,,,,,,,,,,,,,,,,,,,,,,,,,0.6023907661437988,,,,,,,,,,,,,,,,,,,,,,,,,,,,,,,,,,,,
15,,,14594,,,,,,,,,,,,,,,,,,,,,,,,,,,,,,,,,,,,0.32406342029571533,,,,,,,,,,,,,,,,,,,,,,,,,,,,,,,,,,,,
15,,,14599,,,,,,,,,,,,,,,,,,,,,,,,,,,,,,,,,,,,0.47868168354034424,,,,,,,,,,,,,,,,,,,,,,,,,,,,,,,,,,,,
15,,,14604,,,,,,,,,,,,,,,,,,,,,,,,,,,,,,,,,,,,0.28174954652786255,,,,,,,,,,,,,,,,,,,,,,,,,,,,,,,,,,,,
15,,,14609,,,,,,,,,,,,,,,,,,,,,,,,,,,,,,,,,,,,0.2927856743335724,,,,,,,,,,,,,,,,,,,,,,,,,,,,,,,,,,,,
15,,,14614,,,,,,,,,,,,,,,,,,,,,,,,,,,,,,,,,,,,0.5886222720146179,,,,,,,,,,,,,,,,,,,,,,,,,,,,,,,,,,,,
15,,,14619,,,,,,,,,,,,,,,,,,,,,,,,,,,,,,,,,,,,0.6146300435066223,,,,,,,,,,,,,,,,,,,,,,,,,,,,,,,,,,,,
15,,,14624,,,,,,,,,,,,,,,,,,,,,,,,,,,,,,,,,,,,0.3037852644920349,,,,,,,,,,,,,,,,,,,,,,,,,,,,,,,,,,,,
15,,,14629,,,,,,,,,,,,,,,,,,,,,,,,,,,,,,,,,,,,0.25434017181396484,,,,,,,,,,,,,,,,,,,,,,,,,,,,,,,,,,,,
15,,,14634,,,,,,,,,,,,,,,,,,,,,,,,,,,,,,,,,,,,0.6357141733169556,,,,,,,,,,,,,,,,,,,,,,,,,,,,,,,,,,,,
15,,,14639,,,,,,,,,,,,,,,,,,,,,,,,,,,,,,,,,,,,0.6658804416656494,,,,,,,,,,,,,,,,,,,,,,,,,,,,,,,,,,,,
15,,,14644,,,,,,,,,,,,,,,,,,,,,,,,,,,,,,,,,,,,0.6103496551513672,,,,,,,,,,,,,,,,,,,,,,,,,,,,,,,,,,,,
15,,,14649,,,,,,,,,,,,,,,,,,,,,,,,,,,,,,,,,,,,0.302780419588089,,,,,,,,,,,,,,,,,,,,,,,,,,,,,,,,,,,,
15,,,14654,,,,,,,,,,,,,,,,,,,,,,,,,,,,,,,,,,,,0.2984825372695923,,,,,,,,,,,,,,,,,,,,,,,,,,,,,,,,,,,,
15,,,14659,,,,,,,,,,,,,,,,,,,,,,,,,,,,,,,,,,,,0.3612816333770752,,,,,,,,,,,,,,,,,,,,,,,,,,,,,,,,,,,,
15,,,14664,,,,,,,,,,,,,,,,,,,,,,,,,,,,,,,,,,,,0.17670118808746338,,,,,,,,,,,,,,,,,,,,,,,,,,,,,,,,,,,,
15,,,14669,,,,,,,,,,,,,,,,,,,,,,,,,,,,,,,,,,,,0.2285582423210144,,,,,,,,,,,,,,,,,,,,,,,,,,,,,,,,,,,,
15,,,14674,,,,,,,,,,,,,,,,,,,,,,,,,,,,,,,,,,,,0.39047330617904663,,,,,,,,,,,,,,,,,,,,,,,,,,,,,,,,,,,,
15,,,14679,,,,,,,,,,,,,,,,,,,,,,,,,,,,,,,,,,,,0.660628080368042,,,,,,,,,,,,,,,,,,,,,,,,,,,,,,,,,,,,
15,,,14684,,,,,,,,,,,,,,,,,,,,,,,,,,,,,,,,,,,,0.5987206101417542,,,,,,,,,,,,,,,,,,,,,,,,,,,,,,,,,,,,
15,,,14689,,,,,,,,,,,,,,,,,,,,,,,,,,,,,,,,,,,,0.25381267070770264,,,,,,,,,,,,,,,,,,,,,,,,,,,,,,,,,,,,
15,,,14694,,,,,,,,,,,,,,,,,,,,,,,,,,,,,,,,,,,,0.4496055245399475,,,,,,,,,,,,,,,,,,,,,,,,,,,,,,,,,,,,
15,,,14699,,,,,,,,,,,,,,,,,,,,,,,,,,,,,,,,,,,,0.2717396318912506,,,,,,,,,,,,,,,,,,,,,,,,,,,,,,,,,,,,
15,,,14704,,,,,,,,,,,,,,,,,,,,,,,,,,,,,,,,,,,,0.3309691548347473,,,,,,,,,,,,,,,,,,,,,,,,,,,,,,,,,,,,
15,,,14709,,,,,,,,,,,,,,,,,,,,,,,,,,,,,,,,,,,,0.6676973700523376,,,,,,,,,,,,,,,,,,,,,,,,,,,,,,,,,,,,
15,,,14714,,,,,,,,,,,,,,,,,,,,,,,,,,,,,,,,,,,,0.25360292196273804,,,,,,,,,,,,,,,,,,,,,,,,,,,,,,,,,,,,
15,,,14719,,,,,,,,,,,,,,,,,,,,,,,,,,,,,,,,,,,,0.3882145881652832,,,,,,,,,,,,,,,,,,,,,,,,,,,,,,,,,,,,
15,,,14724,,,,,,,,,,,,,,,,,,,,,,,,,,,,,,,,,,,,0.5745940208435059,,,,,,,,,,,,,,,,,,,,,,,,,,,,,,,,,,,,
15,,,14729,,,,,,,,,,,,,,,,,,,,,,,,,,,,,,,,,,,,0.294002890586853,,,,,,,,,,,,,,,,,,,,,,,,,,,,,,,,,,,,
15,,,14734,,,,,,,,,,,,,,,,,,,,,,,,,,,,,,,,,,,,0.4154355525970459,,,,,,,,,,,,,,,,,,,,,,,,,,,,,,,,,,,,
15,,,14735,,,,,,,,,,,,,,,,,,,,,,,,,,,,,,,,,,,,,0.7741662263870239,0.7461830973625183,0.6452836394309998,0.7294946908950806,0.7741662263870239,0.0,0.897026002407074,0.8143615126609802,0.9408701062202454,0.44440728425979614,0.0,0.8963350057601929,0.8308043479919434,0.9234926700592041,0.3341003954410553,0.0,0.8121441006660461,0.7105778455734253,0.8578600883483887,0.2005525529384613,0.0,0.895645022392273,0.8479250073432922,0.9067454934120178,0.2676633596420288,0.0,0.897026002407074,0.8143615126609802,0.9408701062202454,0.44440728425979614,0.8594988584518433,0.8594988584518433,0.753615140914917,0.8594988584518433,0.8594988584518433,0.43670108914375305
15,,,14735,0.7510217428207397,0.7371082305908203,0.6341673135757446,0.7254652976989746,0.7510217428207397,0.0,0.8738405108451843,0.8467261791229248,0.9283809661865234,0.3551391661167145,0.0,0.8890295028686523,0.8304716348648071,0.9118059873580933,0.31712573766708374,0.0,0.8002277612686157,0.7100909948348999,0.837907612323761,0.1884429156780243,0.0,0.9047558307647705,0.8148294687271118,0.8958125114440918,0.2864632308483124,0.0,0.8738405108451843,0.8467261791229248,0.9283809661865234,0.3551391661167145,0.8556654453277588,0.8556654453277588,0.7477405667304993,0.8556654453277588,0.8556654453277588,,,,,,,,,,,,,,,,,,,,,,,,,,,,,,,,,,,,,
,1e-05,0.0001,14736,,,,,,,,,,,,,,,,,,,,,,,,,,,,,,,,,,,,,,,,,,,,,,,,,,,,,,,,,,,,,,,,,,,,,,,,
16,,,14739,,,,,,,,,,,,,,,,,,,,,,,,,,,,,,,,,,,,0.6097100377082825,,,,,,,,,,,,,,,,,,,,,,,,,,,,,,,,,,,,
16,,,14744,,,,,,,,,,,,,,,,,,,,,,,,,,,,,,,,,,,,0.22938084602355957,,,,,,,,,,,,,,,,,,,,,,,,,,,,,,,,,,,,
16,,,14749,,,,,,,,,,,,,,,,,,,,,,,,,,,,,,,,,,,,0.37989985942840576,,,,,,,,,,,,,,,,,,,,,,,,,,,,,,,,,,,,
16,,,14754,,,,,,,,,,,,,,,,,,,,,,,,,,,,,,,,,,,,0.3086587190628052,,,,,,,,,,,,,,,,,,,,,,,,,,,,,,,,,,,,
16,,,14759,,,,,,,,,,,,,,,,,,,,,,,,,,,,,,,,,,,,0.56523197889328,,,,,,,,,,,,,,,,,,,,,,,,,,,,,,,,,,,,
16,,,14764,,,,,,,,,,,,,,,,,,,,,,,,,,,,,,,,,,,,0.3293108642101288,,,,,,,,,,,,,,,,,,,,,,,,,,,,,,,,,,,,
16,,,14769,,,,,,,,,,,,,,,,,,,,,,,,,,,,,,,,,,,,0.33727869391441345,,,,,,,,,,,,,,,,,,,,,,,,,,,,,,,,,,,,
16,,,14774,,,,,,,,,,,,,,,,,,,,,,,,,,,,,,,,,,,,0.6454974412918091,,,,,,,,,,,,,,,,,,,,,,,,,,,,,,,,,,,,
16,,,14779,,,,,,,,,,,,,,,,,,,,,,,,,,,,,,,,,,,,0.31746649742126465,,,,,,,,,,,,,,,,,,,,,,,,,,,,,,,,,,,,
16,,,14784,,,,,,,,,,,,,,,,,,,,,,,,,,,,,,,,,,,,0.343484491109848,,,,,,,,,,,,,,,,,,,,,,,,,,,,,,,,,,,,
16,,,14789,,,,,,,,,,,,,,,,,,,,,,,,,,,,,,,,,,,,0.24514882266521454,,,,,,,,,,,,,,,,,,,,,,,,,,,,,,,,,,,,
16,,,14794,,,,,,,,,,,,,,,,,,,,,,,,,,,,,,,,,,,,0.2794267237186432,,,,,,,,,,,,,,,,,,,,,,,,,,,,,,,,,,,,
16,,,14799,,,,,,,,,,,,,,,,,,,,,,,,,,,,,,,,,,,,0.4808717370033264,,,,,,,,,,,,,,,,,,,,,,,,,,,,,,,,,,,,
16,,,14804,,,,,,,,,,,,,,,,,,,,,,,,,,,,,,,,,,,,0.36091452836990356,,,,,,,,,,,,,,,,,,,,,,,,,,,,,,,,,,,,
16,,,14809,,,,,,,,,,,,,,,,,,,,,,,,,,,,,,,,,,,,0.6209327578544617,,,,,,,,,,,,,,,,,,,,,,,,,,,,,,,,,,,,
16,,,14814,,,,,,,,,,,,,,,,,,,,,,,,,,,,,,,,,,,,0.2909938097000122,,,,,,,,,,,,,,,,,,,,,,,,,,,,,,,,,,,,
16,,,14819,,,,,,,,,,,,,,,,,,,,,,,,,,,,,,,,,,,,0.3096792697906494,,,,,,,,,,,,,,,,,,,,,,,,,,,,,,,,,,,,
16,,,14824,,,,,,,,,,,,,,,,,,,,,,,,,,,,,,,,,,,,0.27570295333862305,,,,,,,,,,,,,,,,,,,,,,,,,,,,,,,,,,,,
16,,,14829,,,,,,,,,,,,,,,,,,,,,,,,,,,,,,,,,,,,0.301266610622406,,,,,,,,,,,,,,,,,,,,,,,,,,,,,,,,,,,,
16,,,14834,,,,,,,,,,,,,,,,,,,,,,,,,,,,,,,,,,,,0.6491497755050659,,,,,,,,,,,,,,,,,,,,,,,,,,,,,,,,,,,,
16,,,14839,,,,,,,,,,,,,,,,,,,,,,,,,,,,,,,,,,,,0.24584536254405975,,,,,,,,,,,,,,,,,,,,,,,,,,,,,,,,,,,,
16,,,14844,,,,,,,,,,,,,,,,,,,,,,,,,,,,,,,,,,,,0.46318891644477844,,,,,,,,,,,,,,,,,,,,,,,,,,,,,,,,,,,,
16,,,14849,,,,,,,,,,,,,,,,,,,,,,,,,,,,,,,,,,,,0.22560565173625946,,,,,,,,,,,,,,,,,,,,,,,,,,,,,,,,,,,,
16,,,14854,,,,,,,,,,,,,,,,,,,,,,,,,,,,,,,,,,,,0.28099286556243896,,,,,,,,,,,,,,,,,,,,,,,,,,,,,,,,,,,,
16,,,14859,,,,,,,,,,,,,,,,,,,,,,,,,,,,,,,,,,,,0.3214399516582489,,,,,,,,,,,,,,,,,,,,,,,,,,,,,,,,,,,,
16,,,14864,,,,,,,,,,,,,,,,,,,,,,,,,,,,,,,,,,,,0.24412065744400024,,,,,,,,,,,,,,,,,,,,,,,,,,,,,,,,,,,,
16,,,14869,,,,,,,,,,,,,,,,,,,,,,,,,,,,,,,,,,,,0.6158528327941895,,,,,,,,,,,,,,,,,,,,,,,,,,,,,,,,,,,,
16,,,14874,,,,,,,,,,,,,,,,,,,,,,,,,,,,,,,,,,,,0.3382101058959961,,,,,,,,,,,,,,,,,,,,,,,,,,,,,,,,,,,,
16,,,14879,,,,,,,,,,,,,,,,,,,,,,,,,,,,,,,,,,,,0.6481377482414246,,,,,,,,,,,,,,,,,,,,,,,,,,,,,,,,,,,,
16,,,14884,,,,,,,,,,,,,,,,,,,,,,,,,,,,,,,,,,,,0.45472052693367004,,,,,,,,,,,,,,,,,,,,,,,,,,,,,,,,,,,,
16,,,14889,,,,,,,,,,,,,,,,,,,,,,,,,,,,,,,,,,,,0.610536515712738,,,,,,,,,,,,,,,,,,,,,,,,,,,,,,,,,,,,
16,,,14894,,,,,,,,,,,,,,,,,,,,,,,,,,,,,,,,,,,,0.6199474334716797,,,,,,,,,,,,,,,,,,,,,,,,,,,,,,,,,,,,
16,,,14899,,,,,,,,,,,,,,,,,,,,,,,,,,,,,,,,,,,,0.23148909211158752,,,,,,,,,,,,,,,,,,,,,,,,,,,,,,,,,,,,
16,,,14904,,,,,,,,,,,,,,,,,,,,,,,,,,,,,,,,,,,,0.46872425079345703,,,,,,,,,,,,,,,,,,,,,,,,,,,,,,,,,,,,
16,,,14909,,,,,,,,,,,,,,,,,,,,,,,,,,,,,,,,,,,,0.2928979694843292,,,,,,,,,,,,,,,,,,,,,,,,,,,,,,,,,,,,
16,,,14914,,,,,,,,,,,,,,,,,,,,,,,,,,,,,,,,,,,,0.3148162364959717,,,,,,,,,,,,,,,,,,,,,,,,,,,,,,,,,,,,
16,,,14919,,,,,,,,,,,,,,,,,,,,,,,,,,,,,,,,,,,,0.2208494246006012,,,,,,,,,,,,,,,,,,,,,,,,,,,,,,,,,,,,
16,,,14924,,,,,,,,,,,,,,,,,,,,,,,,,,,,,,,,,,,,0.14740346372127533,,,,,,,,,,,,,,,,,,,,,,,,,,,,,,,,,,,,
16,,,14929,,,,,,,,,,,,,,,,,,,,,,,,,,,,,,,,,,,,0.30043095350265503,,,,,,,,,,,,,,,,,,,,,,,,,,,,,,,,,,,,
16,,,14934,,,,,,,,,,,,,,,,,,,,,,,,,,,,,,,,,,,,0.31752267479896545,,,,,,,,,,,,,,,,,,,,,,,,,,,,,,,,,,,,
16,,,14939,,,,,,,,,,,,,,,,,,,,,,,,,,,,,,,,,,,,0.23009717464447021,,,,,,,,,,,,,,,,,,,,,,,,,,,,,,,,,,,,
16,,,14944,,,,,,,,,,,,,,,,,,,,,,,,,,,,,,,,,,,,0.20334748923778534,,,,,,,,,,,,,,,,,,,,,,,,,,,,,,,,,,,,
16,,,14949,,,,,,,,,,,,,,,,,,,,,,,,,,,,,,,,,,,,0.56668621301651,,,,,,,,,,,,,,,,,,,,,,,,,,,,,,,,,,,,
16,,,14954,,,,,,,,,,,,,,,,,,,,,,,,,,,,,,,,,,,,0.30792203545570374,,,,,,,,,,,,,,,,,,,,,,,,,,,,,,,,,,,,
16,,,14959,,,,,,,,,,,,,,,,,,,,,,,,,,,,,,,,,,,,0.22137042880058289,,,,,,,,,,,,,,,,,,,,,,,,,,,,,,,,,,,,
16,,,14964,,,,,,,,,,,,,,,,,,,,,,,,,,,,,,,,,,,,0.3328710198402405,,,,,,,,,,,,,,,,,,,,,,,,,,,,,,,,,,,,
16,,,14969,,,,,,,,,,,,,,,,,,,,,,,,,,,,,,,,,,,,0.644171416759491,,,,,,,,,,,,,,,,,,,,,,,,,,,,,,,,,,,,
16,,,14974,,,,,,,,,,,,,,,,,,,,,,,,,,,,,,,,,,,,0.1887964904308319,,,,,,,,,,,,,,,,,,,,,,,,,,,,,,,,,,,,
16,,,14979,,,,,,,,,,,,,,,,,,,,,,,,,,,,,,,,,,,,0.23742833733558655,,,,,,,,,,,,,,,,,,,,,,,,,,,,,,,,,,,,
16,,,14984,,,,,,,,,,,,,,,,,,,,,,,,,,,,,,,,,,,,0.2534942924976349,,,,,,,,,,,,,,,,,,,,,,,,,,,,,,,,,,,,
16,,,14989,,,,,,,,,,,,,,,,,,,,,,,,,,,,,,,,,,,,0.21223223209381104,,,,,,,,,,,,,,,,,,,,,,,,,,,,,,,,,,,,
16,,,14994,,,,,,,,,,,,,,,,,,,,,,,,,,,,,,,,,,,,0.5447050333023071,,,,,,,,,,,,,,,,,,,,,,,,,,,,,,,,,,,,
16,,,14999,,,,,,,,,,,,,,,,,,,,,,,,,,,,,,,,,,,,0.6276822686195374,,,,,,,,,,,,,,,,,,,,,,,,,,,,,,,,,,,,
16,,,15004,,,,,,,,,,,,,,,,,,,,,,,,,,,,,,,,,,,,0.2218645066022873,,,,,,,,,,,,,,,,,,,,,,,,,,,,,,,,,,,,
16,,,15009,,,,,,,,,,,,,,,,,,,,,,,,,,,,,,,,,,,,0.5571070909500122,,,,,,,,,,,,,,,,,,,,,,,,,,,,,,,,,,,,
16,,,15014,,,,,,,,,,,,,,,,,,,,,,,,,,,,,,,,,,,,0.20816555619239807,,,,,,,,,,,,,,,,,,,,,,,,,,,,,,,,,,,,
16,,,15019,,,,,,,,,,,,,,,,,,,,,,,,,,,,,,,,,,,,0.21574869751930237,,,,,,,,,,,,,,,,,,,,,,,,,,,,,,,,,,,,
16,,,15024,,,,,,,,,,,,,,,,,,,,,,,,,,,,,,,,,,,,0.5601059198379517,,,,,,,,,,,,,,,,,,,,,,,,,,,,,,,,,,,,
16,,,15029,,,,,,,,,,,,,,,,,,,,,,,,,,,,,,,,,,,,0.6247047781944275,,,,,,,,,,,,,,,,,,,,,,,,,,,,,,,,,,,,
16,,,15034,,,,,,,,,,,,,,,,,,,,,,,,,,,,,,,,,,,,0.5846757888793945,,,,,,,,,,,,,,,,,,,,,,,,,,,,,,,,,,,,
16,,,15039,,,,,,,,,,,,,,,,,,,,,,,,,,,,,,,,,,,,0.29682105779647827,,,,,,,,,,,,,,,,,,,,,,,,,,,,,,,,,,,,
16,,,15044,,,,,,,,,,,,,,,,,,,,,,,,,,,,,,,,,,,,0.3301459550857544,,,,,,,,,,,,,,,,,,,,,,,,,,,,,,,,,,,,
16,,,15049,,,,,,,,,,,,,,,,,,,,,,,,,,,,,,,,,,,,0.6070838570594788,,,,,,,,,,,,,,,,,,,,,,,,,,,,,,,,,,,,
16,,,15054,,,,,,,,,,,,,,,,,,,,,,,,,,,,,,,,,,,,0.6819119453430176,,,,,,,,,,,,,,,,,,,,,,,,,,,,,,,,,,,,
16,,,15059,,,,,,,,,,,,,,,,,,,,,,,,,,,,,,,,,,,,0.2630467414855957,,,,,,,,,,,,,,,,,,,,,,,,,,,,,,,,,,,,
16,,,15064,,,,,,,,,,,,,,,,,,,,,,,,,,,,,,,,,,,,0.6440820097923279,,,,,,,,,,,,,,,,,,,,,,,,,,,,,,,,,,,,
16,,,15069,,,,,,,,,,,,,,,,,,,,,,,,,,,,,,,,,,,,0.31444358825683594,,,,,,,,,,,,,,,,,,,,,,,,,,,,,,,,,,,,
16,,,15074,,,,,,,,,,,,,,,,,,,,,,,,,,,,,,,,,,,,0.2676255702972412,,,,,,,,,,,,,,,,,,,,,,,,,,,,,,,,,,,,
16,,,15079,,,,,,,,,,,,,,,,,,,,,,,,,,,,,,,,,,,,0.2368776500225067,,,,,,,,,,,,,,,,,,,,,,,,,,,,,,,,,,,,
16,,,15084,,,,,,,,,,,,,,,,,,,,,,,,,,,,,,,,,,,,0.26204073429107666,,,,,,,,,,,,,,,,,,,,,,,,,,,,,,,,,,,,
16,,,15089,,,,,,,,,,,,,,,,,,,,,,,,,,,,,,,,,,,,0.5816913843154907,,,,,,,,,,,,,,,,,,,,,,,,,,,,,,,,,,,,
16,,,15094,,,,,,,,,,,,,,,,,,,,,,,,,,,,,,,,,,,,0.34123602509498596,,,,,,,,,,,,,,,,,,,,,,,,,,,,,,,,,,,,
16,,,15099,,,,,,,,,,,,,,,,,,,,,,,,,,,,,,,,,,,,0.39396142959594727,,,,,,,,,,,,,,,,,,,,,,,,,,,,,,,,,,,,
16,,,15104,,,,,,,,,,,,,,,,,,,,,,,,,,,,,,,,,,,,0.5994950532913208,,,,,,,,,,,,,,,,,,,,,,,,,,,,,,,,,,,,
16,,,15109,,,,,,,,,,,,,,,,,,,,,,,,,,,,,,,,,,,,0.37634241580963135,,,,,,,,,,,,,,,,,,,,,,,,,,,,,,,,,,,,
16,,,15114,,,,,,,,,,,,,,,,,,,,,,,,,,,,,,,,,,,,0.41182345151901245,,,,,,,,,,,,,,,,,,,,,,,,,,,,,,,,,,,,
16,,,15119,,,,,,,,,,,,,,,,,,,,,,,,,,,,,,,,,,,,0.4667448401451111,,,,,,,,,,,,,,,,,,,,,,,,,,,,,,,,,,,,
16,,,15124,,,,,,,,,,,,,,,,,,,,,,,,,,,,,,,,,,,,0.2089337408542633,,,,,,,,,,,,,,,,,,,,,,,,,,,,,,,,,,,,
16,,,15129,,,,,,,,,,,,,,,,,,,,,,,,,,,,,,,,,,,,0.6570214033126831,,,,,,,,,,,,,,,,,,,,,,,,,,,,,,,,,,,,
16,,,15134,,,,,,,,,,,,,,,,,,,,,,,,,,,,,,,,,,,,0.3192439079284668,,,,,,,,,,,,,,,,,,,,,,,,,,,,,,,,,,,,
16,,,15139,,,,,,,,,,,,,,,,,,,,,,,,,,,,,,,,,,,,0.6490047574043274,,,,,,,,,,,,,,,,,,,,,,,,,,,,,,,,,,,,
16,,,15144,,,,,,,,,,,,,,,,,,,,,,,,,,,,,,,,,,,,0.4794636070728302,,,,,,,,,,,,,,,,,,,,,,,,,,,,,,,,,,,,
16,,,15149,,,,,,,,,,,,,,,,,,,,,,,,,,,,,,,,,,,,0.22849729657173157,,,,,,,,,,,,,,,,,,,,,,,,,,,,,,,,,,,,
16,,,15154,,,,,,,,,,,,,,,,,,,,,,,,,,,,,,,,,,,,0.407381534576416,,,,,,,,,,,,,,,,,,,,,,,,,,,,,,,,,,,,
16,,,15159,,,,,,,,,,,,,,,,,,,,,,,,,,,,,,,,,,,,0.6549479365348816,,,,,,,,,,,,,,,,,,,,,,,,,,,,,,,,,,,,
16,,,15164,,,,,,,,,,,,,,,,,,,,,,,,,,,,,,,,,,,,0.62257319688797,,,,,,,,,,,,,,,,,,,,,,,,,,,,,,,,,,,,
16,,,15169,,,,,,,,,,,,,,,,,,,,,,,,,,,,,,,,,,,,0.30301612615585327,,,,,,,,,,,,,,,,,,,,,,,,,,,,,,,,,,,,
16,,,15174,,,,,,,,,,,,,,,,,,,,,,,,,,,,,,,,,,,,0.6227983832359314,,,,,,,,,,,,,,,,,,,,,,,,,,,,,,,,,,,,
16,,,15179,,,,,,,,,,,,,,,,,,,,,,,,,,,,,,,,,,,,0.657314658164978,,,,,,,,,,,,,,,,,,,,,,,,,,,,,,,,,,,,
16,,,15184,,,,,,,,,,,,,,,,,,,,,,,,,,,,,,,,,,,,0.35186105966567993,,,,,,,,,,,,,,,,,,,,,,,,,,,,,,,,,,,,
16,,,15189,,,,,,,,,,,,,,,,,,,,,,,,,,,,,,,,,,,,0.23335197567939758,,,,,,,,,,,,,,,,,,,,,,,,,,,,,,,,,,,,
16,,,15194,,,,,,,,,,,,,,,,,,,,,,,,,,,,,,,,,,,,0.3069082498550415,,,,,,,,,,,,,,,,,,,,,,,,,,,,,,,,,,,,
16,,,15199,,,,,,,,,,,,,,,,,,,,,,,,,,,,,,,,,,,,0.6369695663452148,,,,,,,,,,,,,,,,,,,,,,,,,,,,,,,,,,,,
16,,,15204,,,,,,,,,,,,,,,,,,,,,,,,,,,,,,,,,,,,0.21974828839302063,,,,,,,,,,,,,,,,,,,,,,,,,,,,,,,,,,,,
16,,,15209,,,,,,,,,,,,,,,,,,,,,,,,,,,,,,,,,,,,0.27940690517425537,,,,,,,,,,,,,,,,,,,,,,,,,,,,,,,,,,,,
16,,,15214,,,,,,,,,,,,,,,,,,,,,,,,,,,,,,,,,,,,0.4145526885986328,,,,,,,,,,,,,,,,,,,,,,,,,,,,,,,,,,,,
16,,,15219,,,,,,,,,,,,,,,,,,,,,,,,,,,,,,,,,,,,0.35716480016708374,,,,,,,,,,,,,,,,,,,,,,,,,,,,,,,,,,,,
16,,,15224,,,,,,,,,,,,,,,,,,,,,,,,,,,,,,,,,,,,0.5138747692108154,,,,,,,,,,,,,,,,,,,,,,,,,,,,,,,,,,,,
16,,,15229,,,,,,,,,,,,,,,,,,,,,,,,,,,,,,,,,,,,0.5806323885917664,,,,,,,,,,,,,,,,,,,,,,,,,,,,,,,,,,,,
16,,,15234,,,,,,,,,,,,,,,,,,,,,,,,,,,,,,,,,,,,0.2341223657131195,,,,,,,,,,,,,,,,,,,,,,,,,,,,,,,,,,,,
16,,,15239,,,,,,,,,,,,,,,,,,,,,,,,,,,,,,,,,,,,0.4228055477142334,,,,,,,,,,,,,,,,,,,,,,,,,,,,,,,,,,,,
16,,,15244,,,,,,,,,,,,,,,,,,,,,,,,,,,,,,,,,,,,0.40930354595184326,,,,,,,,,,,,,,,,,,,,,,,,,,,,,,,,,,,,
16,,,15249,,,,,,,,,,,,,,,,,,,,,,,,,,,,,,,,,,,,0.24715164303779602,,,,,,,,,,,,,,,,,,,,,,,,,,,,,,,,,,,,
16,,,15254,,,,,,,,,,,,,,,,,,,,,,,,,,,,,,,,,,,,0.337477445602417,,,,,,,,,,,,,,,,,,,,,,,,,,,,,,,,,,,,
16,,,15259,,,,,,,,,,,,,,,,,,,,,,,,,,,,,,,,,,,,0.33164042234420776,,,,,,,,,,,,,,,,,,,,,,,,,,,,,,,,,,,,
16,,,15264,,,,,,,,,,,,,,,,,,,,,,,,,,,,,,,,,,,,0.46035557985305786,,,,,,,,,,,,,,,,,,,,,,,,,,,,,,,,,,,,
16,,,15269,,,,,,,,,,,,,,,,,,,,,,,,,,,,,,,,,,,,0.18287217617034912,,,,,,,,,,,,,,,,,,,,,,,,,,,,,,,,,,,,
16,,,15274,,,,,,,,,,,,,,,,,,,,,,,,,,,,,,,,,,,,0.5424771904945374,,,,,,,,,,,,,,,,,,,,,,,,,,,,,,,,,,,,
16,,,15279,,,,,,,,,,,,,,,,,,,,,,,,,,,,,,,,,,,,0.6145324110984802,,,,,,,,,,,,,,,,,,,,,,,,,,,,,,,,,,,,
16,,,15284,,,,,,,,,,,,,,,,,,,,,,,,,,,,,,,,,,,,0.354299396276474,,,,,,,,,,,,,,,,,,,,,,,,,,,,,,,,,,,,
16,,,15289,,,,,,,,,,,,,,,,,,,,,,,,,,,,,,,,,,,,0.3320285677909851,,,,,,,,,,,,,,,,,,,,,,,,,,,,,,,,,,,,
16,,,15294,,,,,,,,,,,,,,,,,,,,,,,,,,,,,,,,,,,,0.6666864156723022,,,,,,,,,,,,,,,,,,,,,,,,,,,,,,,,,,,,
16,,,15299,,,,,,,,,,,,,,,,,,,,,,,,,,,,,,,,,,,,0.22979658842086792,,,,,,,,,,,,,,,,,,,,,,,,,,,,,,,,,,,,
16,,,15304,,,,,,,,,,,,,,,,,,,,,,,,,,,,,,,,,,,,0.20518702268600464,,,,,,,,,,,,,,,,,,,,,,,,,,,,,,,,,,,,
16,,,15309,,,,,,,,,,,,,,,,,,,,,,,,,,,,,,,,,,,,0.580527126789093,,,,,,,,,,,,,,,,,,,,,,,,,,,,,,,,,,,,
16,,,15314,,,,,,,,,,,,,,,,,,,,,,,,,,,,,,,,,,,,0.21142388880252838,,,,,,,,,,,,,,,,,,,,,,,,,,,,,,,,,,,,
16,,,15319,,,,,,,,,,,,,,,,,,,,,,,,,,,,,,,,,,,,0.6089396476745605,,,,,,,,,,,,,,,,,,,,,,,,,,,,,,,,,,,,
16,,,15324,,,,,,,,,,,,,,,,,,,,,,,,,,,,,,,,,,,,0.21915945410728455,,,,,,,,,,,,,,,,,,,,,,,,,,,,,,,,,,,,
16,,,15329,,,,,,,,,,,,,,,,,,,,,,,,,,,,,,,,,,,,0.5378041863441467,,,,,,,,,,,,,,,,,,,,,,,,,,,,,,,,,,,,
16,,,15334,,,,,,,,,,,,,,,,,,,,,,,,,,,,,,,,,,,,0.2780359983444214,,,,,,,,,,,,,,,,,,,,,,,,,,,,,,,,,,,,
16,,,15339,,,,,,,,,,,,,,,,,,,,,,,,,,,,,,,,,,,,0.6741786003112793,,,,,,,,,,,,,,,,,,,,,,,,,,,,,,,,,,,,
16,,,15344,,,,,,,,,,,,,,,,,,,,,,,,,,,,,,,,,,,,0.2846451699733734,,,,,,,,,,,,,,,,,,,,,,,,,,,,,,,,,,,,
16,,,15349,,,,,,,,,,,,,,,,,,,,,,,,,,,,,,,,,,,,0.40233325958251953,,,,,,,,,,,,,,,,,,,,,,,,,,,,,,,,,,,,
16,,,15354,,,,,,,,,,,,,,,,,,,,,,,,,,,,,,,,,,,,0.3280719220638275,,,,,,,,,,,,,,,,,,,,,,,,,,,,,,,,,,,,
16,,,15359,,,,,,,,,,,,,,,,,,,,,,,,,,,,,,,,,,,,0.6064919233322144,,,,,,,,,,,,,,,,,,,,,,,,,,,,,,,,,,,,
16,,,15364,,,,,,,,,,,,,,,,,,,,,,,,,,,,,,,,,,,,0.3835219740867615,,,,,,,,,,,,,,,,,,,,,,,,,,,,,,,,,,,,
16,,,15369,,,,,,,,,,,,,,,,,,,,,,,,,,,,,,,,,,,,0.5647509098052979,,,,,,,,,,,,,,,,,,,,,,,,,,,,,,,,,,,,
16,,,15374,,,,,,,,,,,,,,,,,,,,,,,,,,,,,,,,,,,,0.21443593502044678,,,,,,,,,,,,,,,,,,,,,,,,,,,,,,,,,,,,
16,,,15379,,,,,,,,,,,,,,,,,,,,,,,,,,,,,,,,,,,,0.378517746925354,,,,,,,,,,,,,,,,,,,,,,,,,,,,,,,,,,,,
16,,,15384,,,,,,,,,,,,,,,,,,,,,,,,,,,,,,,,,,,,0.21786658465862274,,,,,,,,,,,,,,,,,,,,,,,,,,,,,,,,,,,,
16,,,15389,,,,,,,,,,,,,,,,,,,,,,,,,,,,,,,,,,,,0.2253267467021942,,,,,,,,,,,,,,,,,,,,,,,,,,,,,,,,,,,,
16,,,15394,,,,,,,,,,,,,,,,,,,,,,,,,,,,,,,,,,,,0.34665238857269287,,,,,,,,,,,,,,,,,,,,,,,,,,,,,,,,,,,,
16,,,15399,,,,,,,,,,,,,,,,,,,,,,,,,,,,,,,,,,,,0.23555085062980652,,,,,,,,,,,,,,,,,,,,,,,,,,,,,,,,,,,,
16,,,15404,,,,,,,,,,,,,,,,,,,,,,,,,,,,,,,,,,,,0.6751844882965088,,,,,,,,,,,,,,,,,,,,,,,,,,,,,,,,,,,,
16,,,15409,,,,,,,,,,,,,,,,,,,,,,,,,,,,,,,,,,,,0.3144189119338989,,,,,,,,,,,,,,,,,,,,,,,,,,,,,,,,,,,,
16,,,15414,,,,,,,,,,,,,,,,,,,,,,,,,,,,,,,,,,,,0.35968974232673645,,,,,,,,,,,,,,,,,,,,,,,,,,,,,,,,,,,,
16,,,15419,,,,,,,,,,,,,,,,,,,,,,,,,,,,,,,,,,,,0.3281334638595581,,,,,,,,,,,,,,,,,,,,,,,,,,,,,,,,,,,,
16,,,15424,,,,,,,,,,,,,,,,,,,,,,,,,,,,,,,,,,,,0.6668163537979126,,,,,,,,,,,,,,,,,,,,,,,,,,,,,,,,,,,,
16,,,15429,,,,,,,,,,,,,,,,,,,,,,,,,,,,,,,,,,,,0.31464579701423645,,,,,,,,,,,,,,,,,,,,,,,,,,,,,,,,,,,,
16,,,15434,,,,,,,,,,,,,,,,,,,,,,,,,,,,,,,,,,,,0.27590036392211914,,,,,,,,,,,,,,,,,,,,,,,,,,,,,,,,,,,,
16,,,15439,,,,,,,,,,,,,,,,,,,,,,,,,,,,,,,,,,,,0.25462520122528076,,,,,,,,,,,,,,,,,,,,,,,,,,,,,,,,,,,,
16,,,15444,,,,,,,,,,,,,,,,,,,,,,,,,,,,,,,,,,,,0.5751884579658508,,,,,,,,,,,,,,,,,,,,,,,,,,,,,,,,,,,,
16,,,15449,,,,,,,,,,,,,,,,,,,,,,,,,,,,,,,,,,,,0.6153435111045837,,,,,,,,,,,,,,,,,,,,,,,,,,,,,,,,,,,,
16,,,15454,,,,,,,,,,,,,,,,,,,,,,,,,,,,,,,,,,,,0.6119604110717773,,,,,,,,,,,,,,,,,,,,,,,,,,,,,,,,,,,,
16,,,15459,,,,,,,,,,,,,,,,,,,,,,,,,,,,,,,,,,,,0.27511483430862427,,,,,,,,,,,,,,,,,,,,,,,,,,,,,,,,,,,,
16,,,15464,,,,,,,,,,,,,,,,,,,,,,,,,,,,,,,,,,,,0.2991750240325928,,,,,,,,,,,,,,,,,,,,,,,,,,,,,,,,,,,,
16,,,15469,,,,,,,,,,,,,,,,,,,,,,,,,,,,,,,,,,,,0.2486974149942398,,,,,,,,,,,,,,,,,,,,,,,,,,,,,,,,,,,,
16,,,15474,,,,,,,,,,,,,,,,,,,,,,,,,,,,,,,,,,,,0.22330258786678314,,,,,,,,,,,,,,,,,,,,,,,,,,,,,,,,,,,,
16,,,15479,,,,,,,,,,,,,,,,,,,,,,,,,,,,,,,,,,,,0.36964187026023865,,,,,,,,,,,,,,,,,,,,,,,,,,,,,,,,,,,,
16,,,15484,,,,,,,,,,,,,,,,,,,,,,,,,,,,,,,,,,,,0.2926115095615387,,,,,,,,,,,,,,,,,,,,,,,,,,,,,,,,,,,,
16,,,15489,,,,,,,,,,,,,,,,,,,,,,,,,,,,,,,,,,,,0.334408164024353,,,,,,,,,,,,,,,,,,,,,,,,,,,,,,,,,,,,
16,,,15494,,,,,,,,,,,,,,,,,,,,,,,,,,,,,,,,,,,,0.3086162507534027,,,,,,,,,,,,,,,,,,,,,,,,,,,,,,,,,,,,
16,,,15499,,,,,,,,,,,,,,,,,,,,,,,,,,,,,,,,,,,,0.5837767720222473,,,,,,,,,,,,,,,,,,,,,,,,,,,,,,,,,,,,
16,,,15504,,,,,,,,,,,,,,,,,,,,,,,,,,,,,,,,,,,,0.34222206473350525,,,,,,,,,,,,,,,,,,,,,,,,,,,,,,,,,,,,
16,,,15509,,,,,,,,,,,,,,,,,,,,,,,,,,,,,,,,,,,,0.28885379433631897,,,,,,,,,,,,,,,,,,,,,,,,,,,,,,,,,,,,
16,,,15514,,,,,,,,,,,,,,,,,,,,,,,,,,,,,,,,,,,,0.29940155148506165,,,,,,,,,,,,,,,,,,,,,,,,,,,,,,,,,,,,
16,,,15519,,,,,,,,,,,,,,,,,,,,,,,,,,,,,,,,,,,,0.4082612991333008,,,,,,,,,,,,,,,,,,,,,,,,,,,,,,,,,,,,
16,,,15524,,,,,,,,,,,,,,,,,,,,,,,,,,,,,,,,,,,,0.6686516404151917,,,,,,,,,,,,,,,,,,,,,,,,,,,,,,,,,,,,
16,,,15529,,,,,,,,,,,,,,,,,,,,,,,,,,,,,,,,,,,,0.2664671838283539,,,,,,,,,,,,,,,,,,,,,,,,,,,,,,,,,,,,
16,,,15534,,,,,,,,,,,,,,,,,,,,,,,,,,,,,,,,,,,,0.20131078362464905,,,,,,,,,,,,,,,,,,,,,,,,,,,,,,,,,,,,
16,,,15539,,,,,,,,,,,,,,,,,,,,,,,,,,,,,,,,,,,,0.5855501890182495,,,,,,,,,,,,,,,,,,,,,,,,,,,,,,,,,,,,
16,,,15544,,,,,,,,,,,,,,,,,,,,,,,,,,,,,,,,,,,,0.22657516598701477,,,,,,,,,,,,,,,,,,,,,,,,,,,,,,,,,,,,
16,,,15549,,,,,,,,,,,,,,,,,,,,,,,,,,,,,,,,,,,,0.31651777029037476,,,,,,,,,,,,,,,,,,,,,,,,,,,,,,,,,,,,
16,,,15554,,,,,,,,,,,,,,,,,,,,,,,,,,,,,,,,,,,,0.28266918659210205,,,,,,,,,,,,,,,,,,,,,,,,,,,,,,,,,,,,
16,,,15559,,,,,,,,,,,,,,,,,,,,,,,,,,,,,,,,,,,,0.33780449628829956,,,,,,,,,,,,,,,,,,,,,,,,,,,,,,,,,,,,
16,,,15564,,,,,,,,,,,,,,,,,,,,,,,,,,,,,,,,,,,,0.6001893877983093,,,,,,,,,,,,,,,,,,,,,,,,,,,,,,,,,,,,
16,,,15569,,,,,,,,,,,,,,,,,,,,,,,,,,,,,,,,,,,,0.658130943775177,,,,,,,,,,,,,,,,,,,,,,,,,,,,,,,,,,,,
16,,,15574,,,,,,,,,,,,,,,,,,,,,,,,,,,,,,,,,,,,0.6169716119766235,,,,,,,,,,,,,,,,,,,,,,,,,,,,,,,,,,,,
16,,,15579,,,,,,,,,,,,,,,,,,,,,,,,,,,,,,,,,,,,0.27946826815605164,,,,,,,,,,,,,,,,,,,,,,,,,,,,,,,,,,,,
16,,,15584,,,,,,,,,,,,,,,,,,,,,,,,,,,,,,,,,,,,0.6110773086547852,,,,,,,,,,,,,,,,,,,,,,,,,,,,,,,,,,,,
16,,,15589,,,,,,,,,,,,,,,,,,,,,,,,,,,,,,,,,,,,0.5620231032371521,,,,,,,,,,,,,,,,,,,,,,,,,,,,,,,,,,,,
16,,,15594,,,,,,,,,,,,,,,,,,,,,,,,,,,,,,,,,,,,0.19791385531425476,,,,,,,,,,,,,,,,,,,,,,,,,,,,,,,,,,,,
16,,,15599,,,,,,,,,,,,,,,,,,,,,,,,,,,,,,,,,,,,0.3901238441467285,,,,,,,,,,,,,,,,,,,,,,,,,,,,,,,,,,,,
16,,,15604,,,,,,,,,,,,,,,,,,,,,,,,,,,,,,,,,,,,0.6120800375938416,,,,,,,,,,,,,,,,,,,,,,,,,,,,,,,,,,,,
16,,,15609,,,,,,,,,,,,,,,,,,,,,,,,,,,,,,,,,,,,0.3140784502029419,,,,,,,,,,,,,,,,,,,,,,,,,,,,,,,,,,,,
16,,,15614,,,,,,,,,,,,,,,,,,,,,,,,,,,,,,,,,,,,0.6541836261749268,,,,,,,,,,,,,,,,,,,,,,,,,,,,,,,,,,,,
16,,,15619,,,,,,,,,,,,,,,,,,,,,,,,,,,,,,,,,,,,0.3207193613052368,,,,,,,,,,,,,,,,,,,,,,,,,,,,,,,,,,,,
16,,,15624,,,,,,,,,,,,,,,,,,,,,,,,,,,,,,,,,,,,0.42595136165618896,,,,,,,,,,,,,,,,,,,,,,,,,,,,,,,,,,,,
16,,,15629,,,,,,,,,,,,,,,,,,,,,,,,,,,,,,,,,,,,0.5698550939559937,,,,,,,,,,,,,,,,,,,,,,,,,,,,,,,,,,,,
16,,,15634,,,,,,,,,,,,,,,,,,,,,,,,,,,,,,,,,,,,0.3817957639694214,,,,,,,,,,,,,,,,,,,,,,,,,,,,,,,,,,,,
16,,,15639,,,,,,,,,,,,,,,,,,,,,,,,,,,,,,,,,,,,0.31423741579055786,,,,,,,,,,,,,,,,,,,,,,,,,,,,,,,,,,,,
16,,,15644,,,,,,,,,,,,,,,,,,,,,,,,,,,,,,,,,,,,0.24848683178424835,,,,,,,,,,,,,,,,,,,,,,,,,,,,,,,,,,,,
16,,,15649,,,,,,,,,,,,,,,,,,,,,,,,,,,,,,,,,,,,0.2591440975666046,,,,,,,,,,,,,,,,,,,,,,,,,,,,,,,,,,,,
16,,,15654,,,,,,,,,,,,,,,,,,,,,,,,,,,,,,,,,,,,0.3633826971054077,,,,,,,,,,,,,,,,,,,,,,,,,,,,,,,,,,,,
16,,,15656,,,,,,,,,,,,,,,,,,,,,,,,,,,,,,,,,,,,,0.7765816450119019,0.7504414916038513,0.6492477059364319,0.7328232526779175,0.7765816450119019,0.0,0.8802434802055359,0.8495624661445618,0.9376469850540161,0.43887367844581604,0.0,0.8967788815498352,0.8379886746406555,0.9212102293968201,0.3457881212234497,0.0,0.8128730058670044,0.7211536169052124,0.8539292812347412,0.2090349644422531,0.0,0.9139474034309387,0.8267260193824768,0.905339777469635,0.2852799594402313,0.0,0.8802434802055359,0.8495624661445618,0.9376469850540161,0.43887367844581604,0.8624715209007263,0.8624715209007263,0.7581976652145386,0.8624715209007263,0.8624715209007263,0.42774662375450134
16,,,15656,0.7524857521057129,0.7380757927894592,0.6352407932281494,0.7262802720069885,0.7524857521057129,0.0,0.8744732737541199,0.8496725559234619,0.9249681830406189,0.36082878708839417,0.0,0.8901956677436829,0.8329861164093018,0.9103603363037109,0.31876108050346375,0.0,0.8021196722984314,0.7137755155563354,0.835469126701355,0.1895989179611206,0.0,0.9064939022064209,0.8169422745704651,0.8962066769599915,0.28547823429107666,0.0,0.8744732737541199,0.8496725559234619,0.9249681830406189,0.36082878708839417,0.8571405410766602,0.8571406006813049,0.7499966025352478,0.8571405410766602,0.8571405410766602,,,,,,,,,,,,,,,,,,,,,,,,,,,,,,,,,,,,,
,1e-05,0.0001,15657,,,,,,,,,,,,,,,,,,,,,,,,,,,,,,,,,,,,,,,,,,,,,,,,,,,,,,,,,,,,,,,,,,,,,,,,
17,,,15659,,,,,,,,,,,,,,,,,,,,,,,,,,,,,,,,,,,,0.6098421216011047,,,,,,,,,,,,,,,,,,,,,,,,,,,,,,,,,,,,
17,,,15664,,,,,,,,,,,,,,,,,,,,,,,,,,,,,,,,,,,,0.20236441493034363,,,,,,,,,,,,,,,,,,,,,,,,,,,,,,,,,,,,
17,,,15669,,,,,,,,,,,,,,,,,,,,,,,,,,,,,,,,,,,,0.5923347473144531,,,,,,,,,,,,,,,,,,,,,,,,,,,,,,,,,,,,
17,,,15674,,,,,,,,,,,,,,,,,,,,,,,,,,,,,,,,,,,,0.4217405617237091,,,,,,,,,,,,,,,,,,,,,,,,,,,,,,,,,,,,
17,,,15679,,,,,,,,,,,,,,,,,,,,,,,,,,,,,,,,,,,,0.3046205937862396,,,,,,,,,,,,,,,,,,,,,,,,,,,,,,,,,,,,
17,,,15684,,,,,,,,,,,,,,,,,,,,,,,,,,,,,,,,,,,,0.5607705116271973,,,,,,,,,,,,,,,,,,,,,,,,,,,,,,,,,,,,
17,,,15689,,,,,,,,,,,,,,,,,,,,,,,,,,,,,,,,,,,,0.6509636640548706,,,,,,,,,,,,,,,,,,,,,,,,,,,,,,,,,,,,
17,,,15694,,,,,,,,,,,,,,,,,,,,,,,,,,,,,,,,,,,,0.6157233715057373,,,,,,,,,,,,,,,,,,,,,,,,,,,,,,,,,,,,
17,,,15699,,,,,,,,,,,,,,,,,,,,,,,,,,,,,,,,,,,,0.3190135657787323,,,,,,,,,,,,,,,,,,,,,,,,,,,,,,,,,,,,
17,,,15704,,,,,,,,,,,,,,,,,,,,,,,,,,,,,,,,,,,,0.3035896420478821,,,,,,,,,,,,,,,,,,,,,,,,,,,,,,,,,,,,
17,,,15709,,,,,,,,,,,,,,,,,,,,,,,,,,,,,,,,,,,,0.355663925409317,,,,,,,,,,,,,,,,,,,,,,,,,,,,,,,,,,,,
17,,,15714,,,,,,,,,,,,,,,,,,,,,,,,,,,,,,,,,,,,0.5503556728363037,,,,,,,,,,,,,,,,,,,,,,,,,,,,,,,,,,,,
17,,,15719,,,,,,,,,,,,,,,,,,,,,,,,,,,,,,,,,,,,0.6046962738037109,,,,,,,,,,,,,,,,,,,,,,,,,,,,,,,,,,,,
17,,,15724,,,,,,,,,,,,,,,,,,,,,,,,,,,,,,,,,,,,0.5910677909851074,,,,,,,,,,,,,,,,,,,,,,,,,,,,,,,,,,,,
17,,,15729,,,,,,,,,,,,,,,,,,,,,,,,,,,,,,,,,,,,0.6504359245300293,,,,,,,,,,,,,,,,,,,,,,,,,,,,,,,,,,,,
17,,,15734,,,,,,,,,,,,,,,,,,,,,,,,,,,,,,,,,,,,0.2571479380130768,,,,,,,,,,,,,,,,,,,,,,,,,,,,,,,,,,,,
17,,,15739,,,,,,,,,,,,,,,,,,,,,,,,,,,,,,,,,,,,0.6027244925498962,,,,,,,,,,,,,,,,,,,,,,,,,,,,,,,,,,,,
17,,,15744,,,,,,,,,,,,,,,,,,,,,,,,,,,,,,,,,,,,0.18341398239135742,,,,,,,,,,,,,,,,,,,,,,,,,,,,,,,,,,,,
17,,,15749,,,,,,,,,,,,,,,,,,,,,,,,,,,,,,,,,,,,0.3722441792488098,,,,,,,,,,,,,,,,,,,,,,,,,,,,,,,,,,,,
17,,,15754,,,,,,,,,,,,,,,,,,,,,,,,,,,,,,,,,,,,0.28383132815361023,,,,,,,,,,,,,,,,,,,,,,,,,,,,,,,,,,,,
17,,,15759,,,,,,,,,,,,,,,,,,,,,,,,,,,,,,,,,,,,0.2922491431236267,,,,,,,,,,,,,,,,,,,,,,,,,,,,,,,,,,,,
17,,,15764,,,,,,,,,,,,,,,,,,,,,,,,,,,,,,,,,,,,0.3246056139469147,,,,,,,,,,,,,,,,,,,,,,,,,,,,,,,,,,,,
17,,,15769,,,,,,,,,,,,,,,,,,,,,,,,,,,,,,,,,,,,0.25823330879211426,,,,,,,,,,,,,,,,,,,,,,,,,,,,,,,,,,,,
17,,,15774,,,,,,,,,,,,,,,,,,,,,,,,,,,,,,,,,,,,0.5395582318305969,,,,,,,,,,,,,,,,,,,,,,,,,,,,,,,,,,,,
17,,,15779,,,,,,,,,,,,,,,,,,,,,,,,,,,,,,,,,,,,0.3049635887145996,,,,,,,,,,,,,,,,,,,,,,,,,,,,,,,,,,,,
17,,,15784,,,,,,,,,,,,,,,,,,,,,,,,,,,,,,,,,,,,0.2856529951095581,,,,,,,,,,,,,,,,,,,,,,,,,,,,,,,,,,,,
17,,,15789,,,,,,,,,,,,,,,,,,,,,,,,,,,,,,,,,,,,0.6725873351097107,,,,,,,,,,,,,,,,,,,,,,,,,,,,,,,,,,,,
17,,,15794,,,,,,,,,,,,,,,,,,,,,,,,,,,,,,,,,,,,0.2492249757051468,,,,,,,,,,,,,,,,,,,,,,,,,,,,,,,,,,,,
17,,,15799,,,,,,,,,,,,,,,,,,,,,,,,,,,,,,,,,,,,0.39511483907699585,,,,,,,,,,,,,,,,,,,,,,,,,,,,,,,,,,,,
17,,,15804,,,,,,,,,,,,,,,,,,,,,,,,,,,,,,,,,,,,0.3597137928009033,,,,,,,,,,,,,,,,,,,,,,,,,,,,,,,,,,,,
17,,,15809,,,,,,,,,,,,,,,,,,,,,,,,,,,,,,,,,,,,0.36919376254081726,,,,,,,,,,,,,,,,,,,,,,,,,,,,,,,,,,,,
17,,,15814,,,,,,,,,,,,,,,,,,,,,,,,,,,,,,,,,,,,0.32033801078796387,,,,,,,,,,,,,,,,,,,,,,,,,,,,,,,,,,,,
17,,,15819,,,,,,,,,,,,,,,,,,,,,,,,,,,,,,,,,,,,0.1886349320411682,,,,,,,,,,,,,,,,,,,,,,,,,,,,,,,,,,,,
17,,,15824,,,,,,,,,,,,,,,,,,,,,,,,,,,,,,,,,,,,0.3061367869377136,,,,,,,,,,,,,,,,,,,,,,,,,,,,,,,,,,,,
17,,,15829,,,,,,,,,,,,,,,,,,,,,,,,,,,,,,,,,,,,0.25508806109428406,,,,,,,,,,,,,,,,,,,,,,,,,,,,,,,,,,,,
17,,,15834,,,,,,,,,,,,,,,,,,,,,,,,,,,,,,,,,,,,0.3015022873878479,,,,,,,,,,,,,,,,,,,,,,,,,,,,,,,,,,,,
17,,,15839,,,,,,,,,,,,,,,,,,,,,,,,,,,,,,,,,,,,0.2915017008781433,,,,,,,,,,,,,,,,,,,,,,,,,,,,,,,,,,,,
17,,,15844,,,,,,,,,,,,,,,,,,,,,,,,,,,,,,,,,,,,0.266099214553833,,,,,,,,,,,,,,,,,,,,,,,,,,,,,,,,,,,,
17,,,15849,,,,,,,,,,,,,,,,,,,,,,,,,,,,,,,,,,,,0.5988465547561646,,,,,,,,,,,,,,,,,,,,,,,,,,,,,,,,,,,,
17,,,15854,,,,,,,,,,,,,,,,,,,,,,,,,,,,,,,,,,,,0.48554834723472595,,,,,,,,,,,,,,,,,,,,,,,,,,,,,,,,,,,,
17,,,15859,,,,,,,,,,,,,,,,,,,,,,,,,,,,,,,,,,,,0.6570016741752625,,,,,,,,,,,,,,,,,,,,,,,,,,,,,,,,,,,,
17,,,15864,,,,,,,,,,,,,,,,,,,,,,,,,,,,,,,,,,,,0.6360636353492737,,,,,,,,,,,,,,,,,,,,,,,,,,,,,,,,,,,,
17,,,15869,,,,,,,,,,,,,,,,,,,,,,,,,,,,,,,,,,,,0.6283268928527832,,,,,,,,,,,,,,,,,,,,,,,,,,,,,,,,,,,,
17,,,15874,,,,,,,,,,,,,,,,,,,,,,,,,,,,,,,,,,,,0.6168319582939148,,,,,,,,,,,,,,,,,,,,,,,,,,,,,,,,,,,,
17,,,15879,,,,,,,,,,,,,,,,,,,,,,,,,,,,,,,,,,,,0.20907703042030334,,,,,,,,,,,,,,,,,,,,,,,,,,,,,,,,,,,,
17,,,15884,,,,,,,,,,,,,,,,,,,,,,,,,,,,,,,,,,,,0.2732393741607666,,,,,,,,,,,,,,,,,,,,,,,,,,,,,,,,,,,,
17,,,15889,,,,,,,,,,,,,,,,,,,,,,,,,,,,,,,,,,,,0.27810612320899963,,,,,,,,,,,,,,,,,,,,,,,,,,,,,,,,,,,,
17,,,15894,,,,,,,,,,,,,,,,,,,,,,,,,,,,,,,,,,,,0.6640640497207642,,,,,,,,,,,,,,,,,,,,,,,,,,,,,,,,,,,,
17,,,15899,,,,,,,,,,,,,,,,,,,,,,,,,,,,,,,,,,,,0.3032783269882202,,,,,,,,,,,,,,,,,,,,,,,,,,,,,,,,,,,,
17,,,15904,,,,,,,,,,,,,,,,,,,,,,,,,,,,,,,,,,,,0.6154237985610962,,,,,,,,,,,,,,,,,,,,,,,,,,,,,,,,,,,,
17,,,15909,,,,,,,,,,,,,,,,,,,,,,,,,,,,,,,,,,,,0.5355725884437561,,,,,,,,,,,,,,,,,,,,,,,,,,,,,,,,,,,,
17,,,15914,,,,,,,,,,,,,,,,,,,,,,,,,,,,,,,,,,,,0.6694276928901672,,,,,,,,,,,,,,,,,,,,,,,,,,,,,,,,,,,,
17,,,15919,,,,,,,,,,,,,,,,,,,,,,,,,,,,,,,,,,,,0.5273810029029846,,,,,,,,,,,,,,,,,,,,,,,,,,,,,,,,,,,,
17,,,15924,,,,,,,,,,,,,,,,,,,,,,,,,,,,,,,,,,,,0.32074078917503357,,,,,,,,,,,,,,,,,,,,,,,,,,,,,,,,,,,,
17,,,15929,,,,,,,,,,,,,,,,,,,,,,,,,,,,,,,,,,,,0.6138894557952881,,,,,,,,,,,,,,,,,,,,,,,,,,,,,,,,,,,,
17,,,15934,,,,,,,,,,,,,,,,,,,,,,,,,,,,,,,,,,,,0.5853495597839355,,,,,,,,,,,,,,,,,,,,,,,,,,,,,,,,,,,,
17,,,15939,,,,,,,,,,,,,,,,,,,,,,,,,,,,,,,,,,,,0.5846304297447205,,,,,,,,,,,,,,,,,,,,,,,,,,,,,,,,,,,,
17,,,15944,,,,,,,,,,,,,,,,,,,,,,,,,,,,,,,,,,,,0.30636072158813477,,,,,,,,,,,,,,,,,,,,,,,,,,,,,,,,,,,,
17,,,15949,,,,,,,,,,,,,,,,,,,,,,,,,,,,,,,,,,,,0.2915647029876709,,,,,,,,,,,,,,,,,,,,,,,,,,,,,,,,,,,,
17,,,15954,,,,,,,,,,,,,,,,,,,,,,,,,,,,,,,,,,,,0.2276839315891266,,,,,,,,,,,,,,,,,,,,,,,,,,,,,,,,,,,,
17,,,15959,,,,,,,,,,,,,,,,,,,,,,,,,,,,,,,,,,,,0.2898804545402527,,,,,,,,,,,,,,,,,,,,,,,,,,,,,,,,,,,,
17,,,15964,,,,,,,,,,,,,,,,,,,,,,,,,,,,,,,,,,,,0.6336561441421509,,,,,,,,,,,,,,,,,,,,,,,,,,,,,,,,,,,,
17,,,15969,,,,,,,,,,,,,,,,,,,,,,,,,,,,,,,,,,,,0.40351223945617676,,,,,,,,,,,,,,,,,,,,,,,,,,,,,,,,,,,,
17,,,15974,,,,,,,,,,,,,,,,,,,,,,,,,,,,,,,,,,,,0.5139315724372864,,,,,,,,,,,,,,,,,,,,,,,,,,,,,,,,,,,,
17,,,15979,,,,,,,,,,,,,,,,,,,,,,,,,,,,,,,,,,,,0.43891122937202454,,,,,,,,,,,,,,,,,,,,,,,,,,,,,,,,,,,,
17,,,15984,,,,,,,,,,,,,,,,,,,,,,,,,,,,,,,,,,,,0.6779940724372864,,,,,,,,,,,,,,,,,,,,,,,,,,,,,,,,,,,,
17,,,15989,,,,,,,,,,,,,,,,,,,,,,,,,,,,,,,,,,,,0.26253196597099304,,,,,,,,,,,,,,,,,,,,,,,,,,,,,,,,,,,,
17,,,15994,,,,,,,,,,,,,,,,,,,,,,,,,,,,,,,,,,,,0.47364306449890137,,,,,,,,,,,,,,,,,,,,,,,,,,,,,,,,,,,,
17,,,15999,,,,,,,,,,,,,,,,,,,,,,,,,,,,,,,,,,,,0.3107548952102661,,,,,,,,,,,,,,,,,,,,,,,,,,,,,,,,,,,,
17,,,16004,,,,,,,,,,,,,,,,,,,,,,,,,,,,,,,,,,,,0.572312593460083,,,,,,,,,,,,,,,,,,,,,,,,,,,,,,,,,,,,
17,,,16009,,,,,,,,,,,,,,,,,,,,,,,,,,,,,,,,,,,,0.6214662194252014,,,,,,,,,,,,,,,,,,,,,,,,,,,,,,,,,,,,
17,,,16014,,,,,,,,,,,,,,,,,,,,,,,,,,,,,,,,,,,,0.23881712555885315,,,,,,,,,,,,,,,,,,,,,,,,,,,,,,,,,,,,
17,,,16019,,,,,,,,,,,,,,,,,,,,,,,,,,,,,,,,,,,,0.6183081865310669,,,,,,,,,,,,,,,,,,,,,,,,,,,,,,,,,,,,
17,,,16024,,,,,,,,,,,,,,,,,,,,,,,,,,,,,,,,,,,,0.31185662746429443,,,,,,,,,,,,,,,,,,,,,,,,,,,,,,,,,,,,
17,,,16029,,,,,,,,,,,,,,,,,,,,,,,,,,,,,,,,,,,,0.287534236907959,,,,,,,,,,,,,,,,,,,,,,,,,,,,,,,,,,,,
17,,,16034,,,,,,,,,,,,,,,,,,,,,,,,,,,,,,,,,,,,0.5805479884147644,,,,,,,,,,,,,,,,,,,,,,,,,,,,,,,,,,,,
17,,,16039,,,,,,,,,,,,,,,,,,,,,,,,,,,,,,,,,,,,0.3095971941947937,,,,,,,,,,,,,,,,,,,,,,,,,,,,,,,,,,,,
17,,,16044,,,,,,,,,,,,,,,,,,,,,,,,,,,,,,,,,,,,0.24436451494693756,,,,,,,,,,,,,,,,,,,,,,,,,,,,,,,,,,,,
17,,,16049,,,,,,,,,,,,,,,,,,,,,,,,,,,,,,,,,,,,0.6283836364746094,,,,,,,,,,,,,,,,,,,,,,,,,,,,,,,,,,,,
17,,,16054,,,,,,,,,,,,,,,,,,,,,,,,,,,,,,,,,,,,0.2507823407649994,,,,,,,,,,,,,,,,,,,,,,,,,,,,,,,,,,,,
17,,,16059,,,,,,,,,,,,,,,,,,,,,,,,,,,,,,,,,,,,0.3354842960834503,,,,,,,,,,,,,,,,,,,,,,,,,,,,,,,,,,,,
17,,,16064,,,,,,,,,,,,,,,,,,,,,,,,,,,,,,,,,,,,0.5637195110321045,,,,,,,,,,,,,,,,,,,,,,,,,,,,,,,,,,,,
17,,,16069,,,,,,,,,,,,,,,,,,,,,,,,,,,,,,,,,,,,0.402334064245224,,,,,,,,,,,,,,,,,,,,,,,,,,,,,,,,,,,,
17,,,16074,,,,,,,,,,,,,,,,,,,,,,,,,,,,,,,,,,,,0.31661534309387207,,,,,,,,,,,,,,,,,,,,,,,,,,,,,,,,,,,,
17,,,16079,,,,,,,,,,,,,,,,,,,,,,,,,,,,,,,,,,,,0.31428009271621704,,,,,,,,,,,,,,,,,,,,,,,,,,,,,,,,,,,,
17,,,16084,,,,,,,,,,,,,,,,,,,,,,,,,,,,,,,,,,,,0.3331797420978546,,,,,,,,,,,,,,,,,,,,,,,,,,,,,,,,,,,,
17,,,16089,,,,,,,,,,,,,,,,,,,,,,,,,,,,,,,,,,,,0.3023456037044525,,,,,,,,,,,,,,,,,,,,,,,,,,,,,,,,,,,,
17,,,16094,,,,,,,,,,,,,,,,,,,,,,,,,,,,,,,,,,,,0.6099152565002441,,,,,,,,,,,,,,,,,,,,,,,,,,,,,,,,,,,,
17,,,16099,,,,,,,,,,,,,,,,,,,,,,,,,,,,,,,,,,,,0.20897293090820312,,,,,,,,,,,,,,,,,,,,,,,,,,,,,,,,,,,,
17,,,16104,,,,,,,,,,,,,,,,,,,,,,,,,,,,,,,,,,,,0.7126709818840027,,,,,,,,,,,,,,,,,,,,,,,,,,,,,,,,,,,,
17,,,16109,,,,,,,,,,,,,,,,,,,,,,,,,,,,,,,,,,,,0.4313550591468811,,,,,,,,,,,,,,,,,,,,,,,,,,,,,,,,,,,,
17,,,16114,,,,,,,,,,,,,,,,,,,,,,,,,,,,,,,,,,,,0.2591371536254883,,,,,,,,,,,,,,,,,,,,,,,,,,,,,,,,,,,,
17,,,16119,,,,,,,,,,,,,,,,,,,,,,,,,,,,,,,,,,,,0.30675554275512695,,,,,,,,,,,,,,,,,,,,,,,,,,,,,,,,,,,,
17,,,16124,,,,,,,,,,,,,,,,,,,,,,,,,,,,,,,,,,,,0.6442650556564331,,,,,,,,,,,,,,,,,,,,,,,,,,,,,,,,,,,,
17,,,16129,,,,,,,,,,,,,,,,,,,,,,,,,,,,,,,,,,,,0.22386407852172852,,,,,,,,,,,,,,,,,,,,,,,,,,,,,,,,,,,,
17,,,16134,,,,,,,,,,,,,,,,,,,,,,,,,,,,,,,,,,,,0.5781047344207764,,,,,,,,,,,,,,,,,,,,,,,,,,,,,,,,,,,,
17,,,16139,,,,,,,,,,,,,,,,,,,,,,,,,,,,,,,,,,,,0.2033286690711975,,,,,,,,,,,,,,,,,,,,,,,,,,,,,,,,,,,,
17,,,16144,,,,,,,,,,,,,,,,,,,,,,,,,,,,,,,,,,,,0.3775022625923157,,,,,,,,,,,,,,,,,,,,,,,,,,,,,,,,,,,,
17,,,16149,,,,,,,,,,,,,,,,,,,,,,,,,,,,,,,,,,,,0.6647362112998962,,,,,,,,,,,,,,,,,,,,,,,,,,,,,,,,,,,,
17,,,16154,,,,,,,,,,,,,,,,,,,,,,,,,,,,,,,,,,,,0.3525124788284302,,,,,,,,,,,,,,,,,,,,,,,,,,,,,,,,,,,,
17,,,16159,,,,,,,,,,,,,,,,,,,,,,,,,,,,,,,,,,,,0.6310714483261108,,,,,,,,,,,,,,,,,,,,,,,,,,,,,,,,,,,,
17,,,16164,,,,,,,,,,,,,,,,,,,,,,,,,,,,,,,,,,,,0.6282211542129517,,,,,,,,,,,,,,,,,,,,,,,,,,,,,,,,,,,,
17,,,16169,,,,,,,,,,,,,,,,,,,,,,,,,,,,,,,,,,,,0.6249050498008728,,,,,,,,,,,,,,,,,,,,,,,,,,,,,,,,,,,,
17,,,16174,,,,,,,,,,,,,,,,,,,,,,,,,,,,,,,,,,,,0.37088271975517273,,,,,,,,,,,,,,,,,,,,,,,,,,,,,,,,,,,,
17,,,16179,,,,,,,,,,,,,,,,,,,,,,,,,,,,,,,,,,,,0.1700890064239502,,,,,,,,,,,,,,,,,,,,,,,,,,,,,,,,,,,,
17,,,16184,,,,,,,,,,,,,,,,,,,,,,,,,,,,,,,,,,,,0.2932937741279602,,,,,,,,,,,,,,,,,,,,,,,,,,,,,,,,,,,,
17,,,16189,,,,,,,,,,,,,,,,,,,,,,,,,,,,,,,,,,,,0.21518976986408234,,,,,,,,,,,,,,,,,,,,,,,,,,,,,,,,,,,,
17,,,16194,,,,,,,,,,,,,,,,,,,,,,,,,,,,,,,,,,,,0.6225336194038391,,,,,,,,,,,,,,,,,,,,,,,,,,,,,,,,,,,,
17,,,16199,,,,,,,,,,,,,,,,,,,,,,,,,,,,,,,,,,,,0.2951853573322296,,,,,,,,,,,,,,,,,,,,,,,,,,,,,,,,,,,,
17,,,16204,,,,,,,,,,,,,,,,,,,,,,,,,,,,,,,,,,,,0.31577354669570923,,,,,,,,,,,,,,,,,,,,,,,,,,,,,,,,,,,,
17,,,16209,,,,,,,,,,,,,,,,,,,,,,,,,,,,,,,,,,,,0.6178781986236572,,,,,,,,,,,,,,,,,,,,,,,,,,,,,,,,,,,,
17,,,16214,,,,,,,,,,,,,,,,,,,,,,,,,,,,,,,,,,,,0.25032874941825867,,,,,,,,,,,,,,,,,,,,,,,,,,,,,,,,,,,,
17,,,16219,,,,,,,,,,,,,,,,,,,,,,,,,,,,,,,,,,,,0.3401138186454773,,,,,,,,,,,,,,,,,,,,,,,,,,,,,,,,,,,,
17,,,16224,,,,,,,,,,,,,,,,,,,,,,,,,,,,,,,,,,,,0.2185829132795334,,,,,,,,,,,,,,,,,,,,,,,,,,,,,,,,,,,,
17,,,16229,,,,,,,,,,,,,,,,,,,,,,,,,,,,,,,,,,,,0.26909971237182617,,,,,,,,,,,,,,,,,,,,,,,,,,,,,,,,,,,,
17,,,16234,,,,,,,,,,,,,,,,,,,,,,,,,,,,,,,,,,,,0.6793181300163269,,,,,,,,,,,,,,,,,,,,,,,,,,,,,,,,,,,,
17,,,16239,,,,,,,,,,,,,,,,,,,,,,,,,,,,,,,,,,,,0.4599365293979645,,,,,,,,,,,,,,,,,,,,,,,,,,,,,,,,,,,,
17,,,16244,,,,,,,,,,,,,,,,,,,,,,,,,,,,,,,,,,,,0.5224217176437378,,,,,,,,,,,,,,,,,,,,,,,,,,,,,,,,,,,,
17,,,16249,,,,,,,,,,,,,,,,,,,,,,,,,,,,,,,,,,,,0.6054851412773132,,,,,,,,,,,,,,,,,,,,,,,,,,,,,,,,,,,,
17,,,16254,,,,,,,,,,,,,,,,,,,,,,,,,,,,,,,,,,,,0.36193424463272095,,,,,,,,,,,,,,,,,,,,,,,,,,,,,,,,,,,,
17,,,16259,,,,,,,,,,,,,,,,,,,,,,,,,,,,,,,,,,,,0.3855322003364563,,,,,,,,,,,,,,,,,,,,,,,,,,,,,,,,,,,,
17,,,16264,,,,,,,,,,,,,,,,,,,,,,,,,,,,,,,,,,,,0.22815901041030884,,,,,,,,,,,,,,,,,,,,,,,,,,,,,,,,,,,,
17,,,16269,,,,,,,,,,,,,,,,,,,,,,,,,,,,,,,,,,,,0.6609596610069275,,,,,,,,,,,,,,,,,,,,,,,,,,,,,,,,,,,,
17,,,16274,,,,,,,,,,,,,,,,,,,,,,,,,,,,,,,,,,,,0.25916147232055664,,,,,,,,,,,,,,,,,,,,,,,,,,,,,,,,,,,,
17,,,16279,,,,,,,,,,,,,,,,,,,,,,,,,,,,,,,,,,,,0.2787523865699768,,,,,,,,,,,,,,,,,,,,,,,,,,,,,,,,,,,,
17,,,16284,,,,,,,,,,,,,,,,,,,,,,,,,,,,,,,,,,,,0.6019812226295471,,,,,,,,,,,,,,,,,,,,,,,,,,,,,,,,,,,,
17,,,16289,,,,,,,,,,,,,,,,,,,,,,,,,,,,,,,,,,,,0.3977460265159607,,,,,,,,,,,,,,,,,,,,,,,,,,,,,,,,,,,,
17,,,16294,,,,,,,,,,,,,,,,,,,,,,,,,,,,,,,,,,,,0.43736565113067627,,,,,,,,,,,,,,,,,,,,,,,,,,,,,,,,,,,,
17,,,16299,,,,,,,,,,,,,,,,,,,,,,,,,,,,,,,,,,,,0.511603057384491,,,,,,,,,,,,,,,,,,,,,,,,,,,,,,,,,,,,
17,,,16304,,,,,,,,,,,,,,,,,,,,,,,,,,,,,,,,,,,,0.4686693251132965,,,,,,,,,,,,,,,,,,,,,,,,,,,,,,,,,,,,
17,,,16309,,,,,,,,,,,,,,,,,,,,,,,,,,,,,,,,,,,,0.6287358999252319,,,,,,,,,,,,,,,,,,,,,,,,,,,,,,,,,,,,
17,,,16314,,,,,,,,,,,,,,,,,,,,,,,,,,,,,,,,,,,,0.26041606068611145,,,,,,,,,,,,,,,,,,,,,,,,,,,,,,,,,,,,
17,,,16319,,,,,,,,,,,,,,,,,,,,,,,,,,,,,,,,,,,,0.22681941092014313,,,,,,,,,,,,,,,,,,,,,,,,,,,,,,,,,,,,
17,,,16324,,,,,,,,,,,,,,,,,,,,,,,,,,,,,,,,,,,,0.3104154169559479,,,,,,,,,,,,,,,,,,,,,,,,,,,,,,,,,,,,
17,,,16329,,,,,,,,,,,,,,,,,,,,,,,,,,,,,,,,,,,,0.21888577938079834,,,,,,,,,,,,,,,,,,,,,,,,,,,,,,,,,,,,
17,,,16334,,,,,,,,,,,,,,,,,,,,,,,,,,,,,,,,,,,,0.30492889881134033,,,,,,,,,,,,,,,,,,,,,,,,,,,,,,,,,,,,
17,,,16339,,,,,,,,,,,,,,,,,,,,,,,,,,,,,,,,,,,,0.31178519129753113,,,,,,,,,,,,,,,,,,,,,,,,,,,,,,,,,,,,
17,,,16344,,,,,,,,,,,,,,,,,,,,,,,,,,,,,,,,,,,,0.21680112183094025,,,,,,,,,,,,,,,,,,,,,,,,,,,,,,,,,,,,
17,,,16349,,,,,,,,,,,,,,,,,,,,,,,,,,,,,,,,,,,,0.5382459759712219,,,,,,,,,,,,,,,,,,,,,,,,,,,,,,,,,,,,
17,,,16354,,,,,,,,,,,,,,,,,,,,,,,,,,,,,,,,,,,,0.3055002689361572,,,,,,,,,,,,,,,,,,,,,,,,,,,,,,,,,,,,
17,,,16359,,,,,,,,,,,,,,,,,,,,,,,,,,,,,,,,,,,,0.6296811699867249,,,,,,,,,,,,,,,,,,,,,,,,,,,,,,,,,,,,
17,,,16364,,,,,,,,,,,,,,,,,,,,,,,,,,,,,,,,,,,,0.30533367395401,,,,,,,,,,,,,,,,,,,,,,,,,,,,,,,,,,,,
17,,,16369,,,,,,,,,,,,,,,,,,,,,,,,,,,,,,,,,,,,0.32759273052215576,,,,,,,,,,,,,,,,,,,,,,,,,,,,,,,,,,,,
17,,,16374,,,,,,,,,,,,,,,,,,,,,,,,,,,,,,,,,,,,0.6200031638145447,,,,,,,,,,,,,,,,,,,,,,,,,,,,,,,,,,,,
17,,,16379,,,,,,,,,,,,,,,,,,,,,,,,,,,,,,,,,,,,0.20915746688842773,,,,,,,,,,,,,,,,,,,,,,,,,,,,,,,,,,,,
17,,,16384,,,,,,,,,,,,,,,,,,,,,,,,,,,,,,,,,,,,0.5178450345993042,,,,,,,,,,,,,,,,,,,,,,,,,,,,,,,,,,,,
17,,,16389,,,,,,,,,,,,,,,,,,,,,,,,,,,,,,,,,,,,0.2335735261440277,,,,,,,,,,,,,,,,,,,,,,,,,,,,,,,,,,,,
17,,,16394,,,,,,,,,,,,,,,,,,,,,,,,,,,,,,,,,,,,0.24403154850006104,,,,,,,,,,,,,,,,,,,,,,,,,,,,,,,,,,,,
17,,,16399,,,,,,,,,,,,,,,,,,,,,,,,,,,,,,,,,,,,0.45998647809028625,,,,,,,,,,,,,,,,,,,,,,,,,,,,,,,,,,,,
17,,,16404,,,,,,,,,,,,,,,,,,,,,,,,,,,,,,,,,,,,0.3580785393714905,,,,,,,,,,,,,,,,,,,,,,,,,,,,,,,,,,,,
17,,,16409,,,,,,,,,,,,,,,,,,,,,,,,,,,,,,,,,,,,0.30550676584243774,,,,,,,,,,,,,,,,,,,,,,,,,,,,,,,,,,,,
17,,,16414,,,,,,,,,,,,,,,,,,,,,,,,,,,,,,,,,,,,0.6048986911773682,,,,,,,,,,,,,,,,,,,,,,,,,,,,,,,,,,,,
17,,,16419,,,,,,,,,,,,,,,,,,,,,,,,,,,,,,,,,,,,0.6048997640609741,,,,,,,,,,,,,,,,,,,,,,,,,,,,,,,,,,,,
17,,,16424,,,,,,,,,,,,,,,,,,,,,,,,,,,,,,,,,,,,0.421816349029541,,,,,,,,,,,,,,,,,,,,,,,,,,,,,,,,,,,,
17,,,16429,,,,,,,,,,,,,,,,,,,,,,,,,,,,,,,,,,,,0.5948269367218018,,,,,,,,,,,,,,,,,,,,,,,,,,,,,,,,,,,,
17,,,16434,,,,,,,,,,,,,,,,,,,,,,,,,,,,,,,,,,,,0.19895491003990173,,,,,,,,,,,,,,,,,,,,,,,,,,,,,,,,,,,,
17,,,16439,,,,,,,,,,,,,,,,,,,,,,,,,,,,,,,,,,,,0.6016421914100647,,,,,,,,,,,,,,,,,,,,,,,,,,,,,,,,,,,,
17,,,16444,,,,,,,,,,,,,,,,,,,,,,,,,,,,,,,,,,,,0.5947259068489075,,,,,,,,,,,,,,,,,,,,,,,,,,,,,,,,,,,,
17,,,16449,,,,,,,,,,,,,,,,,,,,,,,,,,,,,,,,,,,,0.2786739766597748,,,,,,,,,,,,,,,,,,,,,,,,,,,,,,,,,,,,
17,,,16454,,,,,,,,,,,,,,,,,,,,,,,,,,,,,,,,,,,,0.23025763034820557,,,,,,,,,,,,,,,,,,,,,,,,,,,,,,,,,,,,
17,,,16459,,,,,,,,,,,,,,,,,,,,,,,,,,,,,,,,,,,,0.6560102701187134,,,,,,,,,,,,,,,,,,,,,,,,,,,,,,,,,,,,
17,,,16464,,,,,,,,,,,,,,,,,,,,,,,,,,,,,,,,,,,,0.20006617903709412,,,,,,,,,,,,,,,,,,,,,,,,,,,,,,,,,,,,
17,,,16469,,,,,,,,,,,,,,,,,,,,,,,,,,,,,,,,,,,,0.23641929030418396,,,,,,,,,,,,,,,,,,,,,,,,,,,,,,,,,,,,
17,,,16474,,,,,,,,,,,,,,,,,,,,,,,,,,,,,,,,,,,,0.36917564272880554,,,,,,,,,,,,,,,,,,,,,,,,,,,,,,,,,,,,
17,,,16479,,,,,,,,,,,,,,,,,,,,,,,,,,,,,,,,,,,,0.23568038642406464,,,,,,,,,,,,,,,,,,,,,,,,,,,,,,,,,,,,
17,,,16484,,,,,,,,,,,,,,,,,,,,,,,,,,,,,,,,,,,,0.5178150534629822,,,,,,,,,,,,,,,,,,,,,,,,,,,,,,,,,,,,
17,,,16489,,,,,,,,,,,,,,,,,,,,,,,,,,,,,,,,,,,,0.2668025493621826,,,,,,,,,,,,,,,,,,,,,,,,,,,,,,,,,,,,
17,,,16494,,,,,,,,,,,,,,,,,,,,,,,,,,,,,,,,,,,,0.2622259259223938,,,,,,,,,,,,,,,,,,,,,,,,,,,,,,,,,,,,
17,,,16499,,,,,,,,,,,,,,,,,,,,,,,,,,,,,,,,,,,,0.3487429916858673,,,,,,,,,,,,,,,,,,,,,,,,,,,,,,,,,,,,
17,,,16504,,,,,,,,,,,,,,,,,,,,,,,,,,,,,,,,,,,,0.26251041889190674,,,,,,,,,,,,,,,,,,,,,,,,,,,,,,,,,,,,
17,,,16509,,,,,,,,,,,,,,,,,,,,,,,,,,,,,,,,,,,,0.31078004837036133,,,,,,,,,,,,,,,,,,,,,,,,,,,,,,,,,,,,
17,,,16514,,,,,,,,,,,,,,,,,,,,,,,,,,,,,,,,,,,,0.19800546765327454,,,,,,,,,,,,,,,,,,,,,,,,,,,,,,,,,,,,
17,,,16519,,,,,,,,,,,,,,,,,,,,,,,,,,,,,,,,,,,,0.6402400135993958,,,,,,,,,,,,,,,,,,,,,,,,,,,,,,,,,,,,
17,,,16524,,,,,,,,,,,,,,,,,,,,,,,,,,,,,,,,,,,,0.5930066704750061,,,,,,,,,,,,,,,,,,,,,,,,,,,,,,,,,,,,
17,,,16529,,,,,,,,,,,,,,,,,,,,,,,,,,,,,,,,,,,,0.39872127771377563,,,,,,,,,,,,,,,,,,,,,,,,,,,,,,,,,,,,
17,,,16534,,,,,,,,,,,,,,,,,,,,,,,,,,,,,,,,,,,,0.6049346923828125,,,,,,,,,,,,,,,,,,,,,,,,,,,,,,,,,,,,
17,,,16539,,,,,,,,,,,,,,,,,,,,,,,,,,,,,,,,,,,,0.6103389859199524,,,,,,,,,,,,,,,,,,,,,,,,,,,,,,,,,,,,
17,,,16544,,,,,,,,,,,,,,,,,,,,,,,,,,,,,,,,,,,,0.339583158493042,,,,,,,,,,,,,,,,,,,,,,,,,,,,,,,,,,,,
17,,,16549,,,,,,,,,,,,,,,,,,,,,,,,,,,,,,,,,,,,0.3197473883628845,,,,,,,,,,,,,,,,,,,,,,,,,,,,,,,,,,,,
17,,,16554,,,,,,,,,,,,,,,,,,,,,,,,,,,,,,,,,,,,0.40473440289497375,,,,,,,,,,,,,,,,,,,,,,,,,,,,,,,,,,,,
17,,,16559,,,,,,,,,,,,,,,,,,,,,,,,,,,,,,,,,,,,0.5363832712173462,,,,,,,,,,,,,,,,,,,,,,,,,,,,,,,,,,,,
17,,,16564,,,,,,,,,,,,,,,,,,,,,,,,,,,,,,,,,,,,0.25350624322891235,,,,,,,,,,,,,,,,,,,,,,,,,,,,,,,,,,,,
17,,,16569,,,,,,,,,,,,,,,,,,,,,,,,,,,,,,,,,,,,0.3242926597595215,,,,,,,,,,,,,,,,,,,,,,,,,,,,,,,,,,,,
17,,,16574,,,,,,,,,,,,,,,,,,,,,,,,,,,,,,,,,,,,0.3118513822555542,,,,,,,,,,,,,,,,,,,,,,,,,,,,,,,,,,,,
17,,,16577,,,,,,,,,,,,,,,,,,,,,,,,,,,,,,,,,,,,,0.7861047983169556,0.7430558800697327,0.639100193977356,0.7177523970603943,0.7861047983169556,0.0,0.8939080834388733,0.814944863319397,0.9551360607147217,0.48043006658554077,0.0,0.8981212377548218,0.830741822719574,0.905759871006012,0.3376006484031677,0.0,0.815081775188446,0.7104862332344055,0.8277523517608643,0.20308034121990204,0.0,0.9023743271827698,0.8471633195877075,0.8612377047538757,0.2602342963218689,0.0,0.8939080834388733,0.814944863319397,0.9551360607147217,0.48043006658554077,0.859034538269043,0.859034538269043,0.7529014348983765,0.859034538269043,0.859034538269043,0.4277849495410919
17,,,16577,0.750900387763977,0.7382662296295166,0.6344901323318481,0.7277824878692627,0.750900387763977,0.0,0.8756909966468811,0.8505218029022217,0.9166647791862488,0.36072394251823425,0.0,0.8908271193504333,0.8338512778282166,0.905421257019043,0.32296520471572876,0.0,0.8031452894210815,0.7150470614433289,0.8271870017051697,0.19258110225200653,0.0,0.9064956903457642,0.8178215622901917,0.894450306892395,0.2923622131347656,0.0,0.8756909966468811,0.8505218029022217,0.9166647791862488,0.36072394251823425,0.8579397201538086,0.8579397201538086,0.7512209415435791,0.8579397201538086,0.8579397201538086,,,,,,,,,,,,,,,,,,,,,,,,,,,,,,,,,,,,,
,1e-05,0.0001,16578,,,,,,,,,,,,,,,,,,,,,,,,,,,,,,,,,,,,,,,,,,,,,,,,,,,,,,,,,,,,,,,,,,,,,,,,
18,,,16579,,,,,,,,,,,,,,,,,,,,,,,,,,,,,,,,,,,,0.27880096435546875,,,,,,,,,,,,,,,,,,,,,,,,,,,,,,,,,,,,
18,,,16584,,,,,,,,,,,,,,,,,,,,,,,,,,,,,,,,,,,,0.2111428827047348,,,,,,,,,,,,,,,,,,,,,,,,,,,,,,,,,,,,
18,,,16589,,,,,,,,,,,,,,,,,,,,,,,,,,,,,,,,,,,,0.21807710826396942,,,,,,,,,,,,,,,,,,,,,,,,,,,,,,,,,,,,
18,,,16594,,,,,,,,,,,,,,,,,,,,,,,,,,,,,,,,,,,,0.2981634736061096,,,,,,,,,,,,,,,,,,,,,,,,,,,,,,,,,,,,
18,,,16599,,,,,,,,,,,,,,,,,,,,,,,,,,,,,,,,,,,,0.5933585166931152,,,,,,,,,,,,,,,,,,,,,,,,,,,,,,,,,,,,
18,,,16604,,,,,,,,,,,,,,,,,,,,,,,,,,,,,,,,,,,,0.3384510278701782,,,,,,,,,,,,,,,,,,,,,,,,,,,,,,,,,,,,
18,,,16609,,,,,,,,,,,,,,,,,,,,,,,,,,,,,,,,,,,,0.35214969515800476,,,,,,,,,,,,,,,,,,,,,,,,,,,,,,,,,,,,
18,,,16614,,,,,,,,,,,,,,,,,,,,,,,,,,,,,,,,,,,,0.1865350902080536,,,,,,,,,,,,,,,,,,,,,,,,,,,,,,,,,,,,
18,,,16619,,,,,,,,,,,,,,,,,,,,,,,,,,,,,,,,,,,,0.6156739592552185,,,,,,,,,,,,,,,,,,,,,,,,,,,,,,,,,,,,
18,,,16624,,,,,,,,,,,,,,,,,,,,,,,,,,,,,,,,,,,,0.26877743005752563,,,,,,,,,,,,,,,,,,,,,,,,,,,,,,,,,,,,
18,,,16629,,,,,,,,,,,,,,,,,,,,,,,,,,,,,,,,,,,,0.6628919243812561,,,,,,,,,,,,,,,,,,,,,,,,,,,,,,,,,,,,
18,,,16634,,,,,,,,,,,,,,,,,,,,,,,,,,,,,,,,,,,,0.22852155566215515,,,,,,,,,,,,,,,,,,,,,,,,,,,,,,,,,,,,
18,,,16639,,,,,,,,,,,,,,,,,,,,,,,,,,,,,,,,,,,,0.6841333508491516,,,,,,,,,,,,,,,,,,,,,,,,,,,,,,,,,,,,
18,,,16644,,,,,,,,,,,,,,,,,,,,,,,,,,,,,,,,,,,,0.24448330700397491,,,,,,,,,,,,,,,,,,,,,,,,,,,,,,,,,,,,
18,,,16649,,,,,,,,,,,,,,,,,,,,,,,,,,,,,,,,,,,,0.5881302356719971,,,,,,,,,,,,,,,,,,,,,,,,,,,,,,,,,,,,
18,,,16654,,,,,,,,,,,,,,,,,,,,,,,,,,,,,,,,,,,,0.34686458110809326,,,,,,,,,,,,,,,,,,,,,,,,,,,,,,,,,,,,
18,,,16659,,,,,,,,,,,,,,,,,,,,,,,,,,,,,,,,,,,,0.27264225482940674,,,,,,,,,,,,,,,,,,,,,,,,,,,,,,,,,,,,
18,,,16664,,,,,,,,,,,,,,,,,,,,,,,,,,,,,,,,,,,,0.25105664134025574,,,,,,,,,,,,,,,,,,,,,,,,,,,,,,,,,,,,
18,,,16669,,,,,,,,,,,,,,,,,,,,,,,,,,,,,,,,,,,,0.6094020009040833,,,,,,,,,,,,,,,,,,,,,,,,,,,,,,,,,,,,
18,,,16674,,,,,,,,,,,,,,,,,,,,,,,,,,,,,,,,,,,,0.3607926368713379,,,,,,,,,,,,,,,,,,,,,,,,,,,,,,,,,,,,
18,,,16679,,,,,,,,,,,,,,,,,,,,,,,,,,,,,,,,,,,,0.2878044843673706,,,,,,,,,,,,,,,,,,,,,,,,,,,,,,,,,,,,
18,,,16684,,,,,,,,,,,,,,,,,,,,,,,,,,,,,,,,,,,,0.19952306151390076,,,,,,,,,,,,,,,,,,,,,,,,,,,,,,,,,,,,
18,,,16689,,,,,,,,,,,,,,,,,,,,,,,,,,,,,,,,,,,,0.22998687624931335,,,,,,,,,,,,,,,,,,,,,,,,,,,,,,,,,,,,
18,,,16694,,,,,,,,,,,,,,,,,,,,,,,,,,,,,,,,,,,,0.2697731554508209,,,,,,,,,,,,,,,,,,,,,,,,,,,,,,,,,,,,
18,,,16699,,,,,,,,,,,,,,,,,,,,,,,,,,,,,,,,,,,,0.6152538061141968,,,,,,,,,,,,,,,,,,,,,,,,,,,,,,,,,,,,
18,,,16704,,,,,,,,,,,,,,,,,,,,,,,,,,,,,,,,,,,,0.3578982353210449,,,,,,,,,,,,,,,,,,,,,,,,,,,,,,,,,,,,
18,,,16709,,,,,,,,,,,,,,,,,,,,,,,,,,,,,,,,,,,,0.4365980625152588,,,,,,,,,,,,,,,,,,,,,,,,,,,,,,,,,,,,
18,,,16714,,,,,,,,,,,,,,,,,,,,,,,,,,,,,,,,,,,,0.1667281687259674,,,,,,,,,,,,,,,,,,,,,,,,,,,,,,,,,,,,
18,,,16719,,,,,,,,,,,,,,,,,,,,,,,,,,,,,,,,,,,,0.4552696645259857,,,,,,,,,,,,,,,,,,,,,,,,,,,,,,,,,,,,
18,,,16724,,,,,,,,,,,,,,,,,,,,,,,,,,,,,,,,,,,,0.23530316352844238,,,,,,,,,,,,,,,,,,,,,,,,,,,,,,,,,,,,
18,,,16729,,,,,,,,,,,,,,,,,,,,,,,,,,,,,,,,,,,,0.5757288932800293,,,,,,,,,,,,,,,,,,,,,,,,,,,,,,,,,,,,
18,,,16734,,,,,,,,,,,,,,,,,,,,,,,,,,,,,,,,,,,,0.2965616285800934,,,,,,,,,,,,,,,,,,,,,,,,,,,,,,,,,,,,
18,,,16739,,,,,,,,,,,,,,,,,,,,,,,,,,,,,,,,,,,,0.6331051588058472,,,,,,,,,,,,,,,,,,,,,,,,,,,,,,,,,,,,
18,,,16744,,,,,,,,,,,,,,,,,,,,,,,,,,,,,,,,,,,,0.2253006398677826,,,,,,,,,,,,,,,,,,,,,,,,,,,,,,,,,,,,
18,,,16749,,,,,,,,,,,,,,,,,,,,,,,,,,,,,,,,,,,,0.31385013461112976,,,,,,,,,,,,,,,,,,,,,,,,,,,,,,,,,,,,
18,,,16754,,,,,,,,,,,,,,,,,,,,,,,,,,,,,,,,,,,,0.2189459502696991,,,,,,,,,,,,,,,,,,,,,,,,,,,,,,,,,,,,
18,,,16759,,,,,,,,,,,,,,,,,,,,,,,,,,,,,,,,,,,,0.21407034993171692,,,,,,,,,,,,,,,,,,,,,,,,,,,,,,,,,,,,
18,,,16764,,,,,,,,,,,,,,,,,,,,,,,,,,,,,,,,,,,,0.28217455744743347,,,,,,,,,,,,,,,,,,,,,,,,,,,,,,,,,,,,
18,,,16769,,,,,,,,,,,,,,,,,,,,,,,,,,,,,,,,,,,,0.3485356569290161,,,,,,,,,,,,,,,,,,,,,,,,,,,,,,,,,,,,
18,,,16774,,,,,,,,,,,,,,,,,,,,,,,,,,,,,,,,,,,,0.20021477341651917,,,,,,,,,,,,,,,,,,,,,,,,,,,,,,,,,,,,
18,,,16779,,,,,,,,,,,,,,,,,,,,,,,,,,,,,,,,,,,,0.32463037967681885,,,,,,,,,,,,,,,,,,,,,,,,,,,,,,,,,,,,
18,,,16784,,,,,,,,,,,,,,,,,,,,,,,,,,,,,,,,,,,,0.24364429712295532,,,,,,,,,,,,,,,,,,,,,,,,,,,,,,,,,,,,
18,,,16789,,,,,,,,,,,,,,,,,,,,,,,,,,,,,,,,,,,,0.2376290261745453,,,,,,,,,,,,,,,,,,,,,,,,,,,,,,,,,,,,
18,,,16794,,,,,,,,,,,,,,,,,,,,,,,,,,,,,,,,,,,,0.38416245579719543,,,,,,,,,,,,,,,,,,,,,,,,,,,,,,,,,,,,
18,,,16799,,,,,,,,,,,,,,,,,,,,,,,,,,,,,,,,,,,,0.2811696529388428,,,,,,,,,,,,,,,,,,,,,,,,,,,,,,,,,,,,
18,,,16804,,,,,,,,,,,,,,,,,,,,,,,,,,,,,,,,,,,,0.2959120273590088,,,,,,,,,,,,,,,,,,,,,,,,,,,,,,,,,,,,
18,,,16809,,,,,,,,,,,,,,,,,,,,,,,,,,,,,,,,,,,,0.6311368346214294,,,,,,,,,,,,,,,,,,,,,,,,,,,,,,,,,,,,
18,,,16814,,,,,,,,,,,,,,,,,,,,,,,,,,,,,,,,,,,,0.21853753924369812,,,,,,,,,,,,,,,,,,,,,,,,,,,,,,,,,,,,
18,,,16819,,,,,,,,,,,,,,,,,,,,,,,,,,,,,,,,,,,,0.4683280885219574,,,,,,,,,,,,,,,,,,,,,,,,,,,,,,,,,,,,
18,,,16824,,,,,,,,,,,,,,,,,,,,,,,,,,,,,,,,,,,,0.38621044158935547,,,,,,,,,,,,,,,,,,,,,,,,,,,,,,,,,,,,
18,,,16829,,,,,,,,,,,,,,,,,,,,,,,,,,,,,,,,,,,,0.27743545174598694,,,,,,,,,,,,,,,,,,,,,,,,,,,,,,,,,,,,
18,,,16834,,,,,,,,,,,,,,,,,,,,,,,,,,,,,,,,,,,,0.3009335696697235,,,,,,,,,,,,,,,,,,,,,,,,,,,,,,,,,,,,
18,,,16839,,,,,,,,,,,,,,,,,,,,,,,,,,,,,,,,,,,,0.5551968216896057,,,,,,,,,,,,,,,,,,,,,,,,,,,,,,,,,,,,
18,,,16844,,,,,,,,,,,,,,,,,,,,,,,,,,,,,,,,,,,,0.29962867498397827,,,,,,,,,,,,,,,,,,,,,,,,,,,,,,,,,,,,
18,,,16849,,,,,,,,,,,,,,,,,,,,,,,,,,,,,,,,,,,,0.5426459312438965,,,,,,,,,,,,,,,,,,,,,,,,,,,,,,,,,,,,
18,,,16854,,,,,,,,,,,,,,,,,,,,,,,,,,,,,,,,,,,,0.46149057149887085,,,,,,,,,,,,,,,,,,,,,,,,,,,,,,,,,,,,
18,,,16859,,,,,,,,,,,,,,,,,,,,,,,,,,,,,,,,,,,,0.3096628785133362,,,,,,,,,,,,,,,,,,,,,,,,,,,,,,,,,,,,
18,,,16864,,,,,,,,,,,,,,,,,,,,,,,,,,,,,,,,,,,,0.34634169936180115,,,,,,,,,,,,,,,,,,,,,,,,,,,,,,,,,,,,
18,,,16869,,,,,,,,,,,,,,,,,,,,,,,,,,,,,,,,,,,,0.2905949354171753,,,,,,,,,,,,,,,,,,,,,,,,,,,,,,,,,,,,
18,,,16874,,,,,,,,,,,,,,,,,,,,,,,,,,,,,,,,,,,,0.5033386945724487,,,,,,,,,,,,,,,,,,,,,,,,,,,,,,,,,,,,
18,,,16879,,,,,,,,,,,,,,,,,,,,,,,,,,,,,,,,,,,,0.3136948347091675,,,,,,,,,,,,,,,,,,,,,,,,,,,,,,,,,,,,
18,,,16884,,,,,,,,,,,,,,,,,,,,,,,,,,,,,,,,,,,,0.28596752882003784,,,,,,,,,,,,,,,,,,,,,,,,,,,,,,,,,,,,
18,,,16889,,,,,,,,,,,,,,,,,,,,,,,,,,,,,,,,,,,,0.30772870779037476,,,,,,,,,,,,,,,,,,,,,,,,,,,,,,,,,,,,
18,,,16894,,,,,,,,,,,,,,,,,,,,,,,,,,,,,,,,,,,,0.2216373085975647,,,,,,,,,,,,,,,,,,,,,,,,,,,,,,,,,,,,
18,,,16899,,,,,,,,,,,,,,,,,,,,,,,,,,,,,,,,,,,,0.6180822253227234,,,,,,,,,,,,,,,,,,,,,,,,,,,,,,,,,,,,
18,,,16904,,,,,,,,,,,,,,,,,,,,,,,,,,,,,,,,,,,,0.2806389331817627,,,,,,,,,,,,,,,,,,,,,,,,,,,,,,,,,,,,
18,,,16909,,,,,,,,,,,,,,,,,,,,,,,,,,,,,,,,,,,,0.6305831074714661,,,,,,,,,,,,,,,,,,,,,,,,,,,,,,,,,,,,
18,,,16914,,,,,,,,,,,,,,,,,,,,,,,,,,,,,,,,,,,,0.21235495805740356,,,,,,,,,,,,,,,,,,,,,,,,,,,,,,,,,,,,
18,,,16919,,,,,,,,,,,,,,,,,,,,,,,,,,,,,,,,,,,,0.3043883442878723,,,,,,,,,,,,,,,,,,,,,,,,,,,,,,,,,,,,
18,,,16924,,,,,,,,,,,,,,,,,,,,,,,,,,,,,,,,,,,,0.23519083857536316,,,,,,,,,,,,,,,,,,,,,,,,,,,,,,,,,,,,
18,,,16929,,,,,,,,,,,,,,,,,,,,,,,,,,,,,,,,,,,,0.6369539499282837,,,,,,,,,,,,,,,,,,,,,,,,,,,,,,,,,,,,
18,,,16934,,,,,,,,,,,,,,,,,,,,,,,,,,,,,,,,,,,,0.6192101240158081,,,,,,,,,,,,,,,,,,,,,,,,,,,,,,,,,,,,
18,,,16939,,,,,,,,,,,,,,,,,,,,,,,,,,,,,,,,,,,,0.28743478655815125,,,,,,,,,,,,,,,,,,,,,,,,,,,,,,,,,,,,
18,,,16944,,,,,,,,,,,,,,,,,,,,,,,,,,,,,,,,,,,,0.27879250049591064,,,,,,,,,,,,,,,,,,,,,,,,,,,,,,,,,,,,
18,,,16949,,,,,,,,,,,,,,,,,,,,,,,,,,,,,,,,,,,,0.1700975000858307,,,,,,,,,,,,,,,,,,,,,,,,,,,,,,,,,,,,
18,,,16954,,,,,,,,,,,,,,,,,,,,,,,,,,,,,,,,,,,,0.6324805021286011,,,,,,,,,,,,,,,,,,,,,,,,,,,,,,,,,,,,
18,,,16959,,,,,,,,,,,,,,,,,,,,,,,,,,,,,,,,,,,,0.24642834067344666,,,,,,,,,,,,,,,,,,,,,,,,,,,,,,,,,,,,
18,,,16964,,,,,,,,,,,,,,,,,,,,,,,,,,,,,,,,,,,,0.32933318614959717,,,,,,,,,,,,,,,,,,,,,,,,,,,,,,,,,,,,
18,,,16969,,,,,,,,,,,,,,,,,,,,,,,,,,,,,,,,,,,,0.5817160606384277,,,,,,,,,,,,,,,,,,,,,,,,,,,,,,,,,,,,
18,,,16974,,,,,,,,,,,,,,,,,,,,,,,,,,,,,,,,,,,,0.1994563788175583,,,,,,,,,,,,,,,,,,,,,,,,,,,,,,,,,,,,
18,,,16979,,,,,,,,,,,,,,,,,,,,,,,,,,,,,,,,,,,,0.6234174966812134,,,,,,,,,,,,,,,,,,,,,,,,,,,,,,,,,,,,
18,,,16984,,,,,,,,,,,,,,,,,,,,,,,,,,,,,,,,,,,,0.32639279961586,,,,,,,,,,,,,,,,,,,,,,,,,,,,,,,,,,,,
18,,,16989,,,,,,,,,,,,,,,,,,,,,,,,,,,,,,,,,,,,0.2473294734954834,,,,,,,,,,,,,,,,,,,,,,,,,,,,,,,,,,,,
18,,,16994,,,,,,,,,,,,,,,,,,,,,,,,,,,,,,,,,,,,0.5310611724853516,,,,,,,,,,,,,,,,,,,,,,,,,,,,,,,,,,,,
18,,,16999,,,,,,,,,,,,,,,,,,,,,,,,,,,,,,,,,,,,0.3425566852092743,,,,,,,,,,,,,,,,,,,,,,,,,,,,,,,,,,,,
18,,,17004,,,,,,,,,,,,,,,,,,,,,,,,,,,,,,,,,,,,0.2892884612083435,,,,,,,,,,,,,,,,,,,,,,,,,,,,,,,,,,,,
18,,,17009,,,,,,,,,,,,,,,,,,,,,,,,,,,,,,,,,,,,0.6937040090560913,,,,,,,,,,,,,,,,,,,,,,,,,,,,,,,,,,,,
18,,,17014,,,,,,,,,,,,,,,,,,,,,,,,,,,,,,,,,,,,0.6030616760253906,,,,,,,,,,,,,,,,,,,,,,,,,,,,,,,,,,,,
18,,,17019,,,,,,,,,,,,,,,,,,,,,,,,,,,,,,,,,,,,0.25632426142692566,,,,,,,,,,,,,,,,,,,,,,,,,,,,,,,,,,,,
18,,,17024,,,,,,,,,,,,,,,,,,,,,,,,,,,,,,,,,,,,0.3243888318538666,,,,,,,,,,,,,,,,,,,,,,,,,,,,,,,,,,,,
18,,,17029,,,,,,,,,,,,,,,,,,,,,,,,,,,,,,,,,,,,0.2918969690799713,,,,,,,,,,,,,,,,,,,,,,,,,,,,,,,,,,,,
18,,,17034,,,,,,,,,,,,,,,,,,,,,,,,,,,,,,,,,,,,0.6420949697494507,,,,,,,,,,,,,,,,,,,,,,,,,,,,,,,,,,,,
18,,,17039,,,,,,,,,,,,,,,,,,,,,,,,,,,,,,,,,,,,0.4173349142074585,,,,,,,,,,,,,,,,,,,,,,,,,,,,,,,,,,,,
18,,,17044,,,,,,,,,,,,,,,,,,,,,,,,,,,,,,,,,,,,0.6426846385002136,,,,,,,,,,,,,,,,,,,,,,,,,,,,,,,,,,,,
18,,,17049,,,,,,,,,,,,,,,,,,,,,,,,,,,,,,,,,,,,0.17319007217884064,,,,,,,,,,,,,,,,,,,,,,,,,,,,,,,,,,,,
18,,,17054,,,,,,,,,,,,,,,,,,,,,,,,,,,,,,,,,,,,0.43434977531433105,,,,,,,,,,,,,,,,,,,,,,,,,,,,,,,,,,,,
18,,,17059,,,,,,,,,,,,,,,,,,,,,,,,,,,,,,,,,,,,0.5538961887359619,,,,,,,,,,,,,,,,,,,,,,,,,,,,,,,,,,,,
18,,,17064,,,,,,,,,,,,,,,,,,,,,,,,,,,,,,,,,,,,0.33930015563964844,,,,,,,,,,,,,,,,,,,,,,,,,,,,,,,,,,,,
18,,,17069,,,,,,,,,,,,,,,,,,,,,,,,,,,,,,,,,,,,0.15318483114242554,,,,,,,,,,,,,,,,,,,,,,,,,,,,,,,,,,,,
18,,,17074,,,,,,,,,,,,,,,,,,,,,,,,,,,,,,,,,,,,0.38931918144226074,,,,,,,,,,,,,,,,,,,,,,,,,,,,,,,,,,,,
18,,,17079,,,,,,,,,,,,,,,,,,,,,,,,,,,,,,,,,,,,0.3436592221260071,,,,,,,,,,,,,,,,,,,,,,,,,,,,,,,,,,,,
18,,,17084,,,,,,,,,,,,,,,,,,,,,,,,,,,,,,,,,,,,0.5115486979484558,,,,,,,,,,,,,,,,,,,,,,,,,,,,,,,,,,,,
18,,,17089,,,,,,,,,,,,,,,,,,,,,,,,,,,,,,,,,,,,0.612980306148529,,,,,,,,,,,,,,,,,,,,,,,,,,,,,,,,,,,,
18,,,17094,,,,,,,,,,,,,,,,,,,,,,,,,,,,,,,,,,,,0.22304707765579224,,,,,,,,,,,,,,,,,,,,,,,,,,,,,,,,,,,,
18,,,17099,,,,,,,,,,,,,,,,,,,,,,,,,,,,,,,,,,,,0.5020193457603455,,,,,,,,,,,,,,,,,,,,,,,,,,,,,,,,,,,,
18,,,17104,,,,,,,,,,,,,,,,,,,,,,,,,,,,,,,,,,,,0.25589248538017273,,,,,,,,,,,,,,,,,,,,,,,,,,,,,,,,,,,,
18,,,17109,,,,,,,,,,,,,,,,,,,,,,,,,,,,,,,,,,,,0.6659413576126099,,,,,,,,,,,,,,,,,,,,,,,,,,,,,,,,,,,,
18,,,17114,,,,,,,,,,,,,,,,,,,,,,,,,,,,,,,,,,,,0.29106956720352173,,,,,,,,,,,,,,,,,,,,,,,,,,,,,,,,,,,,
18,,,17119,,,,,,,,,,,,,,,,,,,,,,,,,,,,,,,,,,,,0.3611796200275421,,,,,,,,,,,,,,,,,,,,,,,,,,,,,,,,,,,,
18,,,17124,,,,,,,,,,,,,,,,,,,,,,,,,,,,,,,,,,,,0.607456624507904,,,,,,,,,,,,,,,,,,,,,,,,,,,,,,,,,,,,
18,,,17129,,,,,,,,,,,,,,,,,,,,,,,,,,,,,,,,,,,,0.3153407573699951,,,,,,,,,,,,,,,,,,,,,,,,,,,,,,,,,,,,
18,,,17134,,,,,,,,,,,,,,,,,,,,,,,,,,,,,,,,,,,,0.6316410303115845,,,,,,,,,,,,,,,,,,,,,,,,,,,,,,,,,,,,
18,,,17139,,,,,,,,,,,,,,,,,,,,,,,,,,,,,,,,,,,,0.28867024183273315,,,,,,,,,,,,,,,,,,,,,,,,,,,,,,,,,,,,
18,,,17144,,,,,,,,,,,,,,,,,,,,,,,,,,,,,,,,,,,,0.3965386748313904,,,,,,,,,,,,,,,,,,,,,,,,,,,,,,,,,,,,
18,,,17149,,,,,,,,,,,,,,,,,,,,,,,,,,,,,,,,,,,,0.20312508940696716,,,,,,,,,,,,,,,,,,,,,,,,,,,,,,,,,,,,
18,,,17154,,,,,,,,,,,,,,,,,,,,,,,,,,,,,,,,,,,,0.2832581400871277,,,,,,,,,,,,,,,,,,,,,,,,,,,,,,,,,,,,
18,,,17159,,,,,,,,,,,,,,,,,,,,,,,,,,,,,,,,,,,,0.6134256720542908,,,,,,,,,,,,,,,,,,,,,,,,,,,,,,,,,,,,
18,,,17164,,,,,,,,,,,,,,,,,,,,,,,,,,,,,,,,,,,,0.2850492000579834,,,,,,,,,,,,,,,,,,,,,,,,,,,,,,,,,,,,
18,,,17169,,,,,,,,,,,,,,,,,,,,,,,,,,,,,,,,,,,,0.5239585041999817,,,,,,,,,,,,,,,,,,,,,,,,,,,,,,,,,,,,
18,,,17174,,,,,,,,,,,,,,,,,,,,,,,,,,,,,,,,,,,,0.58580482006073,,,,,,,,,,,,,,,,,,,,,,,,,,,,,,,,,,,,
18,,,17179,,,,,,,,,,,,,,,,,,,,,,,,,,,,,,,,,,,,0.27842459082603455,,,,,,,,,,,,,,,,,,,,,,,,,,,,,,,,,,,,
18,,,17184,,,,,,,,,,,,,,,,,,,,,,,,,,,,,,,,,,,,0.25031787157058716,,,,,,,,,,,,,,,,,,,,,,,,,,,,,,,,,,,,
18,,,17189,,,,,,,,,,,,,,,,,,,,,,,,,,,,,,,,,,,,0.32760483026504517,,,,,,,,,,,,,,,,,,,,,,,,,,,,,,,,,,,,
18,,,17194,,,,,,,,,,,,,,,,,,,,,,,,,,,,,,,,,,,,0.3282257914543152,,,,,,,,,,,,,,,,,,,,,,,,,,,,,,,,,,,,
18,,,17199,,,,,,,,,,,,,,,,,,,,,,,,,,,,,,,,,,,,0.29512837529182434,,,,,,,,,,,,,,,,,,,,,,,,,,,,,,,,,,,,
18,,,17204,,,,,,,,,,,,,,,,,,,,,,,,,,,,,,,,,,,,0.6798339486122131,,,,,,,,,,,,,,,,,,,,,,,,,,,,,,,,,,,,
18,,,17209,,,,,,,,,,,,,,,,,,,,,,,,,,,,,,,,,,,,0.5484837889671326,,,,,,,,,,,,,,,,,,,,,,,,,,,,,,,,,,,,
18,,,17214,,,,,,,,,,,,,,,,,,,,,,,,,,,,,,,,,,,,0.243596613407135,,,,,,,,,,,,,,,,,,,,,,,,,,,,,,,,,,,,
18,,,17219,,,,,,,,,,,,,,,,,,,,,,,,,,,,,,,,,,,,0.562167763710022,,,,,,,,,,,,,,,,,,,,,,,,,,,,,,,,,,,,
18,,,17224,,,,,,,,,,,,,,,,,,,,,,,,,,,,,,,,,,,,0.2580539584159851,,,,,,,,,,,,,,,,,,,,,,,,,,,,,,,,,,,,
18,,,17229,,,,,,,,,,,,,,,,,,,,,,,,,,,,,,,,,,,,0.29197487235069275,,,,,,,,,,,,,,,,,,,,,,,,,,,,,,,,,,,,
18,,,17234,,,,,,,,,,,,,,,,,,,,,,,,,,,,,,,,,,,,0.28187045454978943,,,,,,,,,,,,,,,,,,,,,,,,,,,,,,,,,,,,
18,,,17239,,,,,,,,,,,,,,,,,,,,,,,,,,,,,,,,,,,,0.24851933121681213,,,,,,,,,,,,,,,,,,,,,,,,,,,,,,,,,,,,
18,,,17244,,,,,,,,,,,,,,,,,,,,,,,,,,,,,,,,,,,,0.3583560585975647,,,,,,,,,,,,,,,,,,,,,,,,,,,,,,,,,,,,
18,,,17249,,,,,,,,,,,,,,,,,,,,,,,,,,,,,,,,,,,,0.6286798119544983,,,,,,,,,,,,,,,,,,,,,,,,,,,,,,,,,,,,
18,,,17254,,,,,,,,,,,,,,,,,,,,,,,,,,,,,,,,,,,,0.22008174657821655,,,,,,,,,,,,,,,,,,,,,,,,,,,,,,,,,,,,
18,,,17259,,,,,,,,,,,,,,,,,,,,,,,,,,,,,,,,,,,,0.41035205125808716,,,,,,,,,,,,,,,,,,,,,,,,,,,,,,,,,,,,
18,,,17264,,,,,,,,,,,,,,,,,,,,,,,,,,,,,,,,,,,,0.2203855812549591,,,,,,,,,,,,,,,,,,,,,,,,,,,,,,,,,,,,
18,,,17269,,,,,,,,,,,,,,,,,,,,,,,,,,,,,,,,,,,,0.6026732921600342,,,,,,,,,,,,,,,,,,,,,,,,,,,,,,,,,,,,
18,,,17274,,,,,,,,,,,,,,,,,,,,,,,,,,,,,,,,,,,,0.5382925868034363,,,,,,,,,,,,,,,,,,,,,,,,,,,,,,,,,,,,
18,,,17279,,,,,,,,,,,,,,,,,,,,,,,,,,,,,,,,,,,,0.21930766105651855,,,,,,,,,,,,,,,,,,,,,,,,,,,,,,,,,,,,
18,,,17284,,,,,,,,,,,,,,,,,,,,,,,,,,,,,,,,,,,,0.5931214094161987,,,,,,,,,,,,,,,,,,,,,,,,,,,,,,,,,,,,
18,,,17289,,,,,,,,,,,,,,,,,,,,,,,,,,,,,,,,,,,,0.5473523736000061,,,,,,,,,,,,,,,,,,,,,,,,,,,,,,,,,,,,
18,,,17294,,,,,,,,,,,,,,,,,,,,,,,,,,,,,,,,,,,,0.44747957587242126,,,,,,,,,,,,,,,,,,,,,,,,,,,,,,,,,,,,
18,,,17299,,,,,,,,,,,,,,,,,,,,,,,,,,,,,,,,,,,,0.3181900978088379,,,,,,,,,,,,,,,,,,,,,,,,,,,,,,,,,,,,
18,,,17304,,,,,,,,,,,,,,,,,,,,,,,,,,,,,,,,,,,,0.36641448736190796,,,,,,,,,,,,,,,,,,,,,,,,,,,,,,,,,,,,
18,,,17309,,,,,,,,,,,,,,,,,,,,,,,,,,,,,,,,,,,,0.23481836915016174,,,,,,,,,,,,,,,,,,,,,,,,,,,,,,,,,,,,
18,,,17314,,,,,,,,,,,,,,,,,,,,,,,,,,,,,,,,,,,,0.28589528799057007,,,,,,,,,,,,,,,,,,,,,,,,,,,,,,,,,,,,
18,,,17319,,,,,,,,,,,,,,,,,,,,,,,,,,,,,,,,,,,,0.6777388453483582,,,,,,,,,,,,,,,,,,,,,,,,,,,,,,,,,,,,
18,,,17324,,,,,,,,,,,,,,,,,,,,,,,,,,,,,,,,,,,,0.19907249510288239,,,,,,,,,,,,,,,,,,,,,,,,,,,,,,,,,,,,
18,,,17329,,,,,,,,,,,,,,,,,,,,,,,,,,,,,,,,,,,,0.28899604082107544,,,,,,,,,,,,,,,,,,,,,,,,,,,,,,,,,,,,
18,,,17334,,,,,,,,,,,,,,,,,,,,,,,,,,,,,,,,,,,,0.25380873680114746,,,,,,,,,,,,,,,,,,,,,,,,,,,,,,,,,,,,
18,,,17339,,,,,,,,,,,,,,,,,,,,,,,,,,,,,,,,,,,,0.23940840363502502,,,,,,,,,,,,,,,,,,,,,,,,,,,,,,,,,,,,
18,,,17344,,,,,,,,,,,,,,,,,,,,,,,,,,,,,,,,,,,,0.24383118748664856,,,,,,,,,,,,,,,,,,,,,,,,,,,,,,,,,,,,
18,,,17349,,,,,,,,,,,,,,,,,,,,,,,,,,,,,,,,,,,,0.6692776083946228,,,,,,,,,,,,,,,,,,,,,,,,,,,,,,,,,,,,
18,,,17354,,,,,,,,,,,,,,,,,,,,,,,,,,,,,,,,,,,,0.567560076713562,,,,,,,,,,,,,,,,,,,,,,,,,,,,,,,,,,,,
18,,,17359,,,,,,,,,,,,,,,,,,,,,,,,,,,,,,,,,,,,0.2777464985847473,,,,,,,,,,,,,,,,,,,,,,,,,,,,,,,,,,,,
18,,,17364,,,,,,,,,,,,,,,,,,,,,,,,,,,,,,,,,,,,0.6468270421028137,,,,,,,,,,,,,,,,,,,,,,,,,,,,,,,,,,,,
18,,,17369,,,,,,,,,,,,,,,,,,,,,,,,,,,,,,,,,,,,0.46247678995132446,,,,,,,,,,,,,,,,,,,,,,,,,,,,,,,,,,,,
18,,,17374,,,,,,,,,,,,,,,,,,,,,,,,,,,,,,,,,,,,0.38021034002304077,,,,,,,,,,,,,,,,,,,,,,,,,,,,,,,,,,,,
18,,,17379,,,,,,,,,,,,,,,,,,,,,,,,,,,,,,,,,,,,0.27837663888931274,,,,,,,,,,,,,,,,,,,,,,,,,,,,,,,,,,,,
18,,,17384,,,,,,,,,,,,,,,,,,,,,,,,,,,,,,,,,,,,0.653037428855896,,,,,,,,,,,,,,,,,,,,,,,,,,,,,,,,,,,,
18,,,17389,,,,,,,,,,,,,,,,,,,,,,,,,,,,,,,,,,,,0.5192570686340332,,,,,,,,,,,,,,,,,,,,,,,,,,,,,,,,,,,,
18,,,17394,,,,,,,,,,,,,,,,,,,,,,,,,,,,,,,,,,,,0.5416507720947266,,,,,,,,,,,,,,,,,,,,,,,,,,,,,,,,,,,,
18,,,17399,,,,,,,,,,,,,,,,,,,,,,,,,,,,,,,,,,,,0.19614794850349426,,,,,,,,,,,,,,,,,,,,,,,,,,,,,,,,,,,,
18,,,17404,,,,,,,,,,,,,,,,,,,,,,,,,,,,,,,,,,,,0.37753111124038696,,,,,,,,,,,,,,,,,,,,,,,,,,,,,,,,,,,,
18,,,17409,,,,,,,,,,,,,,,,,,,,,,,,,,,,,,,,,,,,0.27366313338279724,,,,,,,,,,,,,,,,,,,,,,,,,,,,,,,,,,,,
18,,,17414,,,,,,,,,,,,,,,,,,,,,,,,,,,,,,,,,,,,0.4173510670661926,,,,,,,,,,,,,,,,,,,,,,,,,,,,,,,,,,,,
18,,,17419,,,,,,,,,,,,,,,,,,,,,,,,,,,,,,,,,,,,0.25698918104171753,,,,,,,,,,,,,,,,,,,,,,,,,,,,,,,,,,,,
18,,,17424,,,,,,,,,,,,,,,,,,,,,,,,,,,,,,,,,,,,0.616672158241272,,,,,,,,,,,,,,,,,,,,,,,,,,,,,,,,,,,,
18,,,17429,,,,,,,,,,,,,,,,,,,,,,,,,,,,,,,,,,,,0.3818243741989136,,,,,,,,,,,,,,,,,,,,,,,,,,,,,,,,,,,,
18,,,17434,,,,,,,,,,,,,,,,,,,,,,,,,,,,,,,,,,,,0.2645045518875122,,,,,,,,,,,,,,,,,,,,,,,,,,,,,,,,,,,,
18,,,17439,,,,,,,,,,,,,,,,,,,,,,,,,,,,,,,,,,,,0.47732749581336975,,,,,,,,,,,,,,,,,,,,,,,,,,,,,,,,,,,,
18,,,17444,,,,,,,,,,,,,,,,,,,,,,,,,,,,,,,,,,,,0.37557533383369446,,,,,,,,,,,,,,,,,,,,,,,,,,,,,,,,,,,,
18,,,17449,,,,,,,,,,,,,,,,,,,,,,,,,,,,,,,,,,,,0.39444708824157715,,,,,,,,,,,,,,,,,,,,,,,,,,,,,,,,,,,,
18,,,17454,,,,,,,,,,,,,,,,,,,,,,,,,,,,,,,,,,,,0.25589293241500854,,,,,,,,,,,,,,,,,,,,,,,,,,,,,,,,,,,,
18,,,17459,,,,,,,,,,,,,,,,,,,,,,,,,,,,,,,,,,,,0.34894120693206787,,,,,,,,,,,,,,,,,,,,,,,,,,,,,,,,,,,,
18,,,17464,,,,,,,,,,,,,,,,,,,,,,,,,,,,,,,,,,,,0.30123573541641235,,,,,,,,,,,,,,,,,,,,,,,,,,,,,,,,,,,,
18,,,17469,,,,,,,,,,,,,,,,,,,,,,,,,,,,,,,,,,,,0.22654080390930176,,,,,,,,,,,,,,,,,,,,,,,,,,,,,,,,,,,,
18,,,17474,,,,,,,,,,,,,,,,,,,,,,,,,,,,,,,,,,,,0.3388788104057312,,,,,,,,,,,,,,,,,,,,,,,,,,,,,,,,,,,,
18,,,17479,,,,,,,,,,,,,,,,,,,,,,,,,,,,,,,,,,,,0.2661108374595642,,,,,,,,,,,,,,,,,,,,,,,,,,,,,,,,,,,,
18,,,17484,,,,,,,,,,,,,,,,,,,,,,,,,,,,,,,,,,,,0.3570849895477295,,,,,,,,,,,,,,,,,,,,,,,,,,,,,,,,,,,,
18,,,17489,,,,,,,,,,,,,,,,,,,,,,,,,,,,,,,,,,,,0.16769972443580627,,,,,,,,,,,,,,,,,,,,,,,,,,,,,,,,,,,,
18,,,17494,,,,,,,,,,,,,,,,,,,,,,,,,,,,,,,,,,,,0.32497256994247437,,,,,,,,,,,,,,,,,,,,,,,,,,,,,,,,,,,,
18,,,17498,,,,,,,,,,,,,,,,,,,,,,,,,,,,,,,,,,,,,0.7934565544128418,0.7504651546478271,0.6522120833396912,0.7277880907058716,0.7934565544128418,0.0,0.8720979690551758,0.8499937057495117,0.9569836258888245,0.4947509467601776,0.0,0.8942533731460571,0.8395986557006836,0.9339180588722229,0.3340907096862793,0.0,0.8087326884269714,0.7235416173934937,0.8760283589363098,0.2005455642938614,0.0,0.9175639748573303,0.8294548392295837,0.9119381308555603,0.25219541788101196,0.0,0.8720979690551758,0.8499937057495117,0.9569836258888245,0.4947509467601776,0.8595635294914246,0.8595635294914246,0.7537145018577576,0.8595635294914246,0.8595635294914246,0.4247819781303406
18,,,17498,0.756601095199585,0.7421729564666748,0.6406849026679993,0.7300469875335693,0.756601095199585,0.0,0.8774987459182739,0.848632276058197,0.9367600679397583,0.36351320147514343,0.0,0.8916820287704468,0.8339675068855286,0.9184980988502502,0.32454410195350647,0.0,0.8045364618301392,0.7152180671691895,0.8492801785469055,0.19370494782924652,0.0,0.9063313603401184,0.8198009729385376,0.9009345769882202,0.2931210994720459,0.0,0.8774987459182739,0.848632276058197,0.9367600679397583,0.36351320147514343,0.8588885068893433,0.8588884472846985,0.7526770830154419,0.8588885068893433,0.8588885068893433,,,,,,,,,,,,,,,,,,,,,,,,,,,,,,,,,,,,,
,1e-05,0.0001,17499,,,,,,,,,,,,,,,,,,,,,,,,,,,,,,,,,,,,,,,,,,,,,,,,,,,,,,,,,,,,,,,,,,,,,,,,
19,,,17499,,,,,,,,,,,,,,,,,,,,,,,,,,,,,,,,,,,,0.3254772424697876,,,,,,,,,,,,,,,,,,,,,,,,,,,,,,,,,,,,
19,,,17504,,,,,,,,,,,,,,,,,,,,,,,,,,,,,,,,,,,,0.361240416765213,,,,,,,,,,,,,,,,,,,,,,,,,,,,,,,,,,,,
19,,,17509,,,,,,,,,,,,,,,,,,,,,,,,,,,,,,,,,,,,0.3418201804161072,,,,,,,,,,,,,,,,,,,,,,,,,,,,,,,,,,,,
19,,,17514,,,,,,,,,,,,,,,,,,,,,,,,,,,,,,,,,,,,0.2780403792858124,,,,,,,,,,,,,,,,,,,,,,,,,,,,,,,,,,,,
19,,,17519,,,,,,,,,,,,,,,,,,,,,,,,,,,,,,,,,,,,0.30539971590042114,,,,,,,,,,,,,,,,,,,,,,,,,,,,,,,,,,,,
19,,,17524,,,,,,,,,,,,,,,,,,,,,,,,,,,,,,,,,,,,0.4064905643463135,,,,,,,,,,,,,,,,,,,,,,,,,,,,,,,,,,,,
19,,,17529,,,,,,,,,,,,,,,,,,,,,,,,,,,,,,,,,,,,0.3346967101097107,,,,,,,,,,,,,,,,,,,,,,,,,,,,,,,,,,,,
19,,,17534,,,,,,,,,,,,,,,,,,,,,,,,,,,,,,,,,,,,0.25324535369873047,,,,,,,,,,,,,,,,,,,,,,,,,,,,,,,,,,,,
19,,,17539,,,,,,,,,,,,,,,,,,,,,,,,,,,,,,,,,,,,0.35416269302368164,,,,,,,,,,,,,,,,,,,,,,,,,,,,,,,,,,,,
19,,,17544,,,,,,,,,,,,,,,,,,,,,,,,,,,,,,,,,,,,0.18773682415485382,,,,,,,,,,,,,,,,,,,,,,,,,,,,,,,,,,,,
19,,,17549,,,,,,,,,,,,,,,,,,,,,,,,,,,,,,,,,,,,0.5926730036735535,,,,,,,,,,,,,,,,,,,,,,,,,,,,,,,,,,,,
19,,,17554,,,,,,,,,,,,,,,,,,,,,,,,,,,,,,,,,,,,0.6319642663002014,,,,,,,,,,,,,,,,,,,,,,,,,,,,,,,,,,,,
19,,,17559,,,,,,,,,,,,,,,,,,,,,,,,,,,,,,,,,,,,0.27831408381462097,,,,,,,,,,,,,,,,,,,,,,,,,,,,,,,,,,,,
19,,,17564,,,,,,,,,,,,,,,,,,,,,,,,,,,,,,,,,,,,0.3253459632396698,,,,,,,,,,,,,,,,,,,,,,,,,,,,,,,,,,,,
19,,,17569,,,,,,,,,,,,,,,,,,,,,,,,,,,,,,,,,,,,0.2283041626214981,,,,,,,,,,,,,,,,,,,,,,,,,,,,,,,,,,,,
19,,,17574,,,,,,,,,,,,,,,,,,,,,,,,,,,,,,,,,,,,0.605218231678009,,,,,,,,,,,,,,,,,,,,,,,,,,,,,,,,,,,,
19,,,17579,,,,,,,,,,,,,,,,,,,,,,,,,,,,,,,,,,,,0.4375672936439514,,,,,,,,,,,,,,,,,,,,,,,,,,,,,,,,,,,,
19,,,17584,,,,,,,,,,,,,,,,,,,,,,,,,,,,,,,,,,,,0.6460864543914795,,,,,,,,,,,,,,,,,,,,,,,,,,,,,,,,,,,,
19,,,17589,,,,,,,,,,,,,,,,,,,,,,,,,,,,,,,,,,,,0.242116779088974,,,,,,,,,,,,,,,,,,,,,,,,,,,,,,,,,,,,
19,,,17594,,,,,,,,,,,,,,,,,,,,,,,,,,,,,,,,,,,,0.3355417251586914,,,,,,,,,,,,,,,,,,,,,,,,,,,,,,,,,,,,
19,,,17599,,,,,,,,,,,,,,,,,,,,,,,,,,,,,,,,,,,,0.21865573525428772,,,,,,,,,,,,,,,,,,,,,,,,,,,,,,,,,,,,
19,,,17604,,,,,,,,,,,,,,,,,,,,,,,,,,,,,,,,,,,,0.17230087518692017,,,,,,,,,,,,,,,,,,,,,,,,,,,,,,,,,,,,
19,,,17609,,,,,,,,,,,,,,,,,,,,,,,,,,,,,,,,,,,,0.6783609390258789,,,,,,,,,,,,,,,,,,,,,,,,,,,,,,,,,,,,
19,,,17614,,,,,,,,,,,,,,,,,,,,,,,,,,,,,,,,,,,,0.2056201994419098,,,,,,,,,,,,,,,,,,,,,,,,,,,,,,,,,,,,
19,,,17619,,,,,,,,,,,,,,,,,,,,,,,,,,,,,,,,,,,,0.26768752932548523,,,,,,,,,,,,,,,,,,,,,,,,,,,,,,,,,,,,
19,,,17624,,,,,,,,,,,,,,,,,,,,,,,,,,,,,,,,,,,,0.6074478626251221,,,,,,,,,,,,,,,,,,,,,,,,,,,,,,,,,,,,
19,,,17629,,,,,,,,,,,,,,,,,,,,,,,,,,,,,,,,,,,,0.28163546323776245,,,,,,,,,,,,,,,,,,,,,,,,,,,,,,,,,,,,
19,,,17634,,,,,,,,,,,,,,,,,,,,,,,,,,,,,,,,,,,,0.5590497255325317,,,,,,,,,,,,,,,,,,,,,,,,,,,,,,,,,,,,
19,,,17639,,,,,,,,,,,,,,,,,,,,,,,,,,,,,,,,,,,,0.33110183477401733,,,,,,,,,,,,,,,,,,,,,,,,,,,,,,,,,,,,
19,,,17644,,,,,,,,,,,,,,,,,,,,,,,,,,,,,,,,,,,,0.3085733652114868,,,,,,,,,,,,,,,,,,,,,,,,,,,,,,,,,,,,
19,,,17649,,,,,,,,,,,,,,,,,,,,,,,,,,,,,,,,,,,,0.4332709312438965,,,,,,,,,,,,,,,,,,,,,,,,,,,,,,,,,,,,
19,,,17654,,,,,,,,,,,,,,,,,,,,,,,,,,,,,,,,,,,,0.5675762891769409,,,,,,,,,,,,,,,,,,,,,,,,,,,,,,,,,,,,
19,,,17659,,,,,,,,,,,,,,,,,,,,,,,,,,,,,,,,,,,,0.6085785627365112,,,,,,,,,,,,,,,,,,,,,,,,,,,,,,,,,,,,
19,,,17664,,,,,,,,,,,,,,,,,,,,,,,,,,,,,,,,,,,,0.5740799903869629,,,,,,,,,,,,,,,,,,,,,,,,,,,,,,,,,,,,
19,,,17669,,,,,,,,,,,,,,,,,,,,,,,,,,,,,,,,,,,,0.6383862495422363,,,,,,,,,,,,,,,,,,,,,,,,,,,,,,,,,,,,
19,,,17674,,,,,,,,,,,,,,,,,,,,,,,,,,,,,,,,,,,,0.2012982964515686,,,,,,,,,,,,,,,,,,,,,,,,,,,,,,,,,,,,
19,,,17679,,,,,,,,,,,,,,,,,,,,,,,,,,,,,,,,,,,,0.258355975151062,,,,,,,,,,,,,,,,,,,,,,,,,,,,,,,,,,,,
19,,,17684,,,,,,,,,,,,,,,,,,,,,,,,,,,,,,,,,,,,0.3120211958885193,,,,,,,,,,,,,,,,,,,,,,,,,,,,,,,,,,,,
19,,,17689,,,,,,,,,,,,,,,,,,,,,,,,,,,,,,,,,,,,0.26128360629081726,,,,,,,,,,,,,,,,,,,,,,,,,,,,,,,,,,,,
19,,,17694,,,,,,,,,,,,,,,,,,,,,,,,,,,,,,,,,,,,0.6504359245300293,,,,,,,,,,,,,,,,,,,,,,,,,,,,,,,,,,,,
19,,,17699,,,,,,,,,,,,,,,,,,,,,,,,,,,,,,,,,,,,0.23662082850933075,,,,,,,,,,,,,,,,,,,,,,,,,,,,,,,,,,,,
19,,,17704,,,,,,,,,,,,,,,,,,,,,,,,,,,,,,,,,,,,0.5632739663124084,,,,,,,,,,,,,,,,,,,,,,,,,,,,,,,,,,,,
19,,,17709,,,,,,,,,,,,,,,,,,,,,,,,,,,,,,,,,,,,0.37512263655662537,,,,,,,,,,,,,,,,,,,,,,,,,,,,,,,,,,,,
19,,,17714,,,,,,,,,,,,,,,,,,,,,,,,,,,,,,,,,,,,0.42983585596084595,,,,,,,,,,,,,,,,,,,,,,,,,,,,,,,,,,,,
19,,,17719,,,,,,,,,,,,,,,,,,,,,,,,,,,,,,,,,,,,0.5862425565719604,,,,,,,,,,,,,,,,,,,,,,,,,,,,,,,,,,,,
19,,,17724,,,,,,,,,,,,,,,,,,,,,,,,,,,,,,,,,,,,0.5310973525047302,,,,,,,,,,,,,,,,,,,,,,,,,,,,,,,,,,,,
19,,,17729,,,,,,,,,,,,,,,,,,,,,,,,,,,,,,,,,,,,0.2635473608970642,,,,,,,,,,,,,,,,,,,,,,,,,,,,,,,,,,,,
19,,,17734,,,,,,,,,,,,,,,,,,,,,,,,,,,,,,,,,,,,0.6292915344238281,,,,,,,,,,,,,,,,,,,,,,,,,,,,,,,,,,,,
19,,,17739,,,,,,,,,,,,,,,,,,,,,,,,,,,,,,,,,,,,0.3522258400917053,,,,,,,,,,,,,,,,,,,,,,,,,,,,,,,,,,,,
19,,,17744,,,,,,,,,,,,,,,,,,,,,,,,,,,,,,,,,,,,0.6696426272392273,,,,,,,,,,,,,,,,,,,,,,,,,,,,,,,,,,,,
19,,,17749,,,,,,,,,,,,,,,,,,,,,,,,,,,,,,,,,,,,0.45573756098747253,,,,,,,,,,,,,,,,,,,,,,,,,,,,,,,,,,,,
19,,,17754,,,,,,,,,,,,,,,,,,,,,,,,,,,,,,,,,,,,0.3168027400970459,,,,,,,,,,,,,,,,,,,,,,,,,,,,,,,,,,,,
19,,,17759,,,,,,,,,,,,,,,,,,,,,,,,,,,,,,,,,,,,0.5597007274627686,,,,,,,,,,,,,,,,,,,,,,,,,,,,,,,,,,,,
19,,,17764,,,,,,,,,,,,,,,,,,,,,,,,,,,,,,,,,,,,0.642663300037384,,,,,,,,,,,,,,,,,,,,,,,,,,,,,,,,,,,,
19,,,17769,,,,,,,,,,,,,,,,,,,,,,,,,,,,,,,,,,,,0.2968924939632416,,,,,,,,,,,,,,,,,,,,,,,,,,,,,,,,,,,,
19,,,17774,,,,,,,,,,,,,,,,,,,,,,,,,,,,,,,,,,,,0.46473947167396545,,,,,,,,,,,,,,,,,,,,,,,,,,,,,,,,,,,,
19,,,17779,,,,,,,,,,,,,,,,,,,,,,,,,,,,,,,,,,,,0.28380900621414185,,,,,,,,,,,,,,,,,,,,,,,,,,,,,,,,,,,,
19,,,17784,,,,,,,,,,,,,,,,,,,,,,,,,,,,,,,,,,,,0.32353323698043823,,,,,,,,,,,,,,,,,,,,,,,,,,,,,,,,,,,,
19,,,17789,,,,,,,,,,,,,,,,,,,,,,,,,,,,,,,,,,,,0.30651140213012695,,,,,,,,,,,,,,,,,,,,,,,,,,,,,,,,,,,,
19,,,17794,,,,,,,,,,,,,,,,,,,,,,,,,,,,,,,,,,,,0.2665698826313019,,,,,,,,,,,,,,,,,,,,,,,,,,,,,,,,,,,,
19,,,17799,,,,,,,,,,,,,,,,,,,,,,,,,,,,,,,,,,,,0.5618568658828735,,,,,,,,,,,,,,,,,,,,,,,,,,,,,,,,,,,,
19,,,17804,,,,,,,,,,,,,,,,,,,,,,,,,,,,,,,,,,,,0.5938578844070435,,,,,,,,,,,,,,,,,,,,,,,,,,,,,,,,,,,,
19,,,17809,,,,,,,,,,,,,,,,,,,,,,,,,,,,,,,,,,,,0.22195985913276672,,,,,,,,,,,,,,,,,,,,,,,,,,,,,,,,,,,,
19,,,17814,,,,,,,,,,,,,,,,,,,,,,,,,,,,,,,,,,,,0.6660138368606567,,,,,,,,,,,,,,,,,,,,,,,,,,,,,,,,,,,,
19,,,17819,,,,,,,,,,,,,,,,,,,,,,,,,,,,,,,,,,,,0.30296218395233154,,,,,,,,,,,,,,,,,,,,,,,,,,,,,,,,,,,,
19,,,17824,,,,,,,,,,,,,,,,,,,,,,,,,,,,,,,,,,,,0.4804888367652893,,,,,,,,,,,,,,,,,,,,,,,,,,,,,,,,,,,,
19,,,17829,,,,,,,,,,,,,,,,,,,,,,,,,,,,,,,,,,,,0.5095362067222595,,,,,,,,,,,,,,,,,,,,,,,,,,,,,,,,,,,,
19,,,17834,,,,,,,,,,,,,,,,,,,,,,,,,,,,,,,,,,,,0.4260112941265106,,,,,,,,,,,,,,,,,,,,,,,,,,,,,,,,,,,,
19,,,17839,,,,,,,,,,,,,,,,,,,,,,,,,,,,,,,,,,,,0.2825356423854828,,,,,,,,,,,,,,,,,,,,,,,,,,,,,,,,,,,,
19,,,17844,,,,,,,,,,,,,,,,,,,,,,,,,,,,,,,,,,,,0.3199717402458191,,,,,,,,,,,,,,,,,,,,,,,,,,,,,,,,,,,,
19,,,17849,,,,,,,,,,,,,,,,,,,,,,,,,,,,,,,,,,,,0.37580400705337524,,,,,,,,,,,,,,,,,,,,,,,,,,,,,,,,,,,,
19,,,17854,,,,,,,,,,,,,,,,,,,,,,,,,,,,,,,,,,,,0.21338406205177307,,,,,,,,,,,,,,,,,,,,,,,,,,,,,,,,,,,,
19,,,17859,,,,,,,,,,,,,,,,,,,,,,,,,,,,,,,,,,,,0.30669236183166504,,,,,,,,,,,,,,,,,,,,,,,,,,,,,,,,,,,,
19,,,17864,,,,,,,,,,,,,,,,,,,,,,,,,,,,,,,,,,,,0.3140382170677185,,,,,,,,,,,,,,,,,,,,,,,,,,,,,,,,,,,,
19,,,17869,,,,,,,,,,,,,,,,,,,,,,,,,,,,,,,,,,,,0.31859445571899414,,,,,,,,,,,,,,,,,,,,,,,,,,,,,,,,,,,,
19,,,17874,,,,,,,,,,,,,,,,,,,,,,,,,,,,,,,,,,,,0.3059658408164978,,,,,,,,,,,,,,,,,,,,,,,,,,,,,,,,,,,,
19,,,17879,,,,,,,,,,,,,,,,,,,,,,,,,,,,,,,,,,,,0.5885618329048157,,,,,,,,,,,,,,,,,,,,,,,,,,,,,,,,,,,,
19,,,17884,,,,,,,,,,,,,,,,,,,,,,,,,,,,,,,,,,,,0.2975178360939026,,,,,,,,,,,,,,,,,,,,,,,,,,,,,,,,,,,,
19,,,17889,,,,,,,,,,,,,,,,,,,,,,,,,,,,,,,,,,,,0.3172040283679962,,,,,,,,,,,,,,,,,,,,,,,,,,,,,,,,,,,,
19,,,17894,,,,,,,,,,,,,,,,,,,,,,,,,,,,,,,,,,,,0.21151873469352722,,,,,,,,,,,,,,,,,,,,,,,,,,,,,,,,,,,,
19,,,17899,,,,,,,,,,,,,,,,,,,,,,,,,,,,,,,,,,,,0.3138449192047119,,,,,,,,,,,,,,,,,,,,,,,,,,,,,,,,,,,,
19,,,17904,,,,,,,,,,,,,,,,,,,,,,,,,,,,,,,,,,,,0.6367295980453491,,,,,,,,,,,,,,,,,,,,,,,,,,,,,,,,,,,,
19,,,17909,,,,,,,,,,,,,,,,,,,,,,,,,,,,,,,,,,,,0.23529088497161865,,,,,,,,,,,,,,,,,,,,,,,,,,,,,,,,,,,,
19,,,17914,,,,,,,,,,,,,,,,,,,,,,,,,,,,,,,,,,,,0.2520795464515686,,,,,,,,,,,,,,,,,,,,,,,,,,,,,,,,,,,,
19,,,17919,,,,,,,,,,,,,,,,,,,,,,,,,,,,,,,,,,,,0.38648349046707153,,,,,,,,,,,,,,,,,,,,,,,,,,,,,,,,,,,,
19,,,17924,,,,,,,,,,,,,,,,,,,,,,,,,,,,,,,,,,,,0.1777874231338501,,,,,,,,,,,,,,,,,,,,,,,,,,,,,,,,,,,,
19,,,17929,,,,,,,,,,,,,,,,,,,,,,,,,,,,,,,,,,,,0.5916752815246582,,,,,,,,,,,,,,,,,,,,,,,,,,,,,,,,,,,,
19,,,17934,,,,,,,,,,,,,,,,,,,,,,,,,,,,,,,,,,,,0.66583251953125,,,,,,,,,,,,,,,,,,,,,,,,,,,,,,,,,,,,
19,,,17939,,,,,,,,,,,,,,,,,,,,,,,,,,,,,,,,,,,,0.3611237406730652,,,,,,,,,,,,,,,,,,,,,,,,,,,,,,,,,,,,
19,,,17944,,,,,,,,,,,,,,,,,,,,,,,,,,,,,,,,,,,,0.3583195209503174,,,,,,,,,,,,,,,,,,,,,,,,,,,,,,,,,,,,
19,,,17949,,,,,,,,,,,,,,,,,,,,,,,,,,,,,,,,,,,,0.29865890741348267,,,,,,,,,,,,,,,,,,,,,,,,,,,,,,,,,,,,
19,,,17954,,,,,,,,,,,,,,,,,,,,,,,,,,,,,,,,,,,,0.27625852823257446,,,,,,,,,,,,,,,,,,,,,,,,,,,,,,,,,,,,
19,,,17959,,,,,,,,,,,,,,,,,,,,,,,,,,,,,,,,,,,,0.24129101634025574,,,,,,,,,,,,,,,,,,,,,,,,,,,,,,,,,,,,
19,,,17964,,,,,,,,,,,,,,,,,,,,,,,,,,,,,,,,,,,,0.6713712811470032,,,,,,,,,,,,,,,,,,,,,,,,,,,,,,,,,,,,
19,,,17969,,,,,,,,,,,,,,,,,,,,,,,,,,,,,,,,,,,,0.3479052782058716,,,,,,,,,,,,,,,,,,,,,,,,,,,,,,,,,,,,
19,,,17974,,,,,,,,,,,,,,,,,,,,,,,,,,,,,,,,,,,,0.22244487702846527,,,,,,,,,,,,,,,,,,,,,,,,,,,,,,,,,,,,
19,,,17979,,,,,,,,,,,,,,,,,,,,,,,,,,,,,,,,,,,,0.6182375550270081,,,,,,,,,,,,,,,,,,,,,,,,,,,,,,,,,,,,
19,,,17984,,,,,,,,,,,,,,,,,,,,,,,,,,,,,,,,,,,,0.3420344591140747,,,,,,,,,,,,,,,,,,,,,,,,,,,,,,,,,,,,
19,,,17989,,,,,,,,,,,,,,,,,,,,,,,,,,,,,,,,,,,,0.5537554025650024,,,,,,,,,,,,,,,,,,,,,,,,,,,,,,,,,,,,
19,,,17994,,,,,,,,,,,,,,,,,,,,,,,,,,,,,,,,,,,,0.30964210629463196,,,,,,,,,,,,,,,,,,,,,,,,,,,,,,,,,,,,
19,,,17999,,,,,,,,,,,,,,,,,,,,,,,,,,,,,,,,,,,,0.6437840461730957,,,,,,,,,,,,,,,,,,,,,,,,,,,,,,,,,,,,
19,,,18004,,,,,,,,,,,,,,,,,,,,,,,,,,,,,,,,,,,,0.37623074650764465,,,,,,,,,,,,,,,,,,,,,,,,,,,,,,,,,,,,
19,,,18009,,,,,,,,,,,,,,,,,,,,,,,,,,,,,,,,,,,,0.5149871706962585,,,,,,,,,,,,,,,,,,,,,,,,,,,,,,,,,,,,
19,,,18014,,,,,,,,,,,,,,,,,,,,,,,,,,,,,,,,,,,,0.34541434049606323,,,,,,,,,,,,,,,,,,,,,,,,,,,,,,,,,,,,
19,,,18019,,,,,,,,,,,,,,,,,,,,,,,,,,,,,,,,,,,,0.3692529797554016,,,,,,,,,,,,,,,,,,,,,,,,,,,,,,,,,,,,
19,,,18024,,,,,,,,,,,,,,,,,,,,,,,,,,,,,,,,,,,,0.191522479057312,,,,,,,,,,,,,,,,,,,,,,,,,,,,,,,,,,,,
19,,,18029,,,,,,,,,,,,,,,,,,,,,,,,,,,,,,,,,,,,0.6251510381698608,,,,,,,,,,,,,,,,,,,,,,,,,,,,,,,,,,,,
19,,,18034,,,,,,,,,,,,,,,,,,,,,,,,,,,,,,,,,,,,0.5439750552177429,,,,,,,,,,,,,,,,,,,,,,,,,,,,,,,,,,,,
19,,,18039,,,,,,,,,,,,,,,,,,,,,,,,,,,,,,,,,,,,0.26789236068725586,,,,,,,,,,,,,,,,,,,,,,,,,,,,,,,,,,,,
19,,,18044,,,,,,,,,,,,,,,,,,,,,,,,,,,,,,,,,,,,0.6603193879127502,,,,,,,,,,,,,,,,,,,,,,,,,,,,,,,,,,,,
19,,,18049,,,,,,,,,,,,,,,,,,,,,,,,,,,,,,,,,,,,0.35852527618408203,,,,,,,,,,,,,,,,,,,,,,,,,,,,,,,,,,,,
19,,,18054,,,,,,,,,,,,,,,,,,,,,,,,,,,,,,,,,,,,0.6531865000724792,,,,,,,,,,,,,,,,,,,,,,,,,,,,,,,,,,,,
19,,,18059,,,,,,,,,,,,,,,,,,,,,,,,,,,,,,,,,,,,0.3864099979400635,,,,,,,,,,,,,,,,,,,,,,,,,,,,,,,,,,,,
19,,,18064,,,,,,,,,,,,,,,,,,,,,,,,,,,,,,,,,,,,0.39694178104400635,,,,,,,,,,,,,,,,,,,,,,,,,,,,,,,,,,,,
19,,,18069,,,,,,,,,,,,,,,,,,,,,,,,,,,,,,,,,,,,0.2384348213672638,,,,,,,,,,,,,,,,,,,,,,,,,,,,,,,,,,,,
19,,,18074,,,,,,,,,,,,,,,,,,,,,,,,,,,,,,,,,,,,0.48869121074676514,,,,,,,,,,,,,,,,,,,,,,,,,,,,,,,,,,,,
19,,,18079,,,,,,,,,,,,,,,,,,,,,,,,,,,,,,,,,,,,0.6270530819892883,,,,,,,,,,,,,,,,,,,,,,,,,,,,,,,,,,,,
19,,,18084,,,,,,,,,,,,,,,,,,,,,,,,,,,,,,,,,,,,0.3286171555519104,,,,,,,,,,,,,,,,,,,,,,,,,,,,,,,,,,,,
19,,,18089,,,,,,,,,,,,,,,,,,,,,,,,,,,,,,,,,,,,0.2217269092798233,,,,,,,,,,,,,,,,,,,,,,,,,,,,,,,,,,,,
19,,,18094,,,,,,,,,,,,,,,,,,,,,,,,,,,,,,,,,,,,0.5799205899238586,,,,,,,,,,,,,,,,,,,,,,,,,,,,,,,,,,,,
19,,,18099,,,,,,,,,,,,,,,,,,,,,,,,,,,,,,,,,,,,0.2874782681465149,,,,,,,,,,,,,,,,,,,,,,,,,,,,,,,,,,,,
19,,,18104,,,,,,,,,,,,,,,,,,,,,,,,,,,,,,,,,,,,0.28164660930633545,,,,,,,,,,,,,,,,,,,,,,,,,,,,,,,,,,,,
19,,,18109,,,,,,,,,,,,,,,,,,,,,,,,,,,,,,,,,,,,0.3273789882659912,,,,,,,,,,,,,,,,,,,,,,,,,,,,,,,,,,,,
19,,,18114,,,,,,,,,,,,,,,,,,,,,,,,,,,,,,,,,,,,0.29147613048553467,,,,,,,,,,,,,,,,,,,,,,,,,,,,,,,,,,,,
19,,,18119,,,,,,,,,,,,,,,,,,,,,,,,,,,,,,,,,,,,0.25919896364212036,,,,,,,,,,,,,,,,,,,,,,,,,,,,,,,,,,,,
19,,,18124,,,,,,,,,,,,,,,,,,,,,,,,,,,,,,,,,,,,0.32836440205574036,,,,,,,,,,,,,,,,,,,,,,,,,,,,,,,,,,,,
19,,,18129,,,,,,,,,,,,,,,,,,,,,,,,,,,,,,,,,,,,0.32819435000419617,,,,,,,,,,,,,,,,,,,,,,,,,,,,,,,,,,,,
19,,,18134,,,,,,,,,,,,,,,,,,,,,,,,,,,,,,,,,,,,0.2713533937931061,,,,,,,,,,,,,,,,,,,,,,,,,,,,,,,,,,,,
19,,,18139,,,,,,,,,,,,,,,,,,,,,,,,,,,,,,,,,,,,0.27695775032043457,,,,,,,,,,,,,,,,,,,,,,,,,,,,,,,,,,,,
19,,,18144,,,,,,,,,,,,,,,,,,,,,,,,,,,,,,,,,,,,0.36448854207992554,,,,,,,,,,,,,,,,,,,,,,,,,,,,,,,,,,,,
19,,,18149,,,,,,,,,,,,,,,,,,,,,,,,,,,,,,,,,,,,0.2884342670440674,,,,,,,,,,,,,,,,,,,,,,,,,,,,,,,,,,,,
19,,,18154,,,,,,,,,,,,,,,,,,,,,,,,,,,,,,,,,,,,0.5558016896247864,,,,,,,,,,,,,,,,,,,,,,,,,,,,,,,,,,,,
19,,,18159,,,,,,,,,,,,,,,,,,,,,,,,,,,,,,,,,,,,0.5781053304672241,,,,,,,,,,,,,,,,,,,,,,,,,,,,,,,,,,,,
19,,,18164,,,,,,,,,,,,,,,,,,,,,,,,,,,,,,,,,,,,0.3371084928512573,,,,,,,,,,,,,,,,,,,,,,,,,,,,,,,,,,,,
19,,,18169,,,,,,,,,,,,,,,,,,,,,,,,,,,,,,,,,,,,0.257747083902359,,,,,,,,,,,,,,,,,,,,,,,,,,,,,,,,,,,,
19,,,18174,,,,,,,,,,,,,,,,,,,,,,,,,,,,,,,,,,,,0.6269298195838928,,,,,,,,,,,,,,,,,,,,,,,,,,,,,,,,,,,,
19,,,18179,,,,,,,,,,,,,,,,,,,,,,,,,,,,,,,,,,,,0.2420484870672226,,,,,,,,,,,,,,,,,,,,,,,,,,,,,,,,,,,,
19,,,18184,,,,,,,,,,,,,,,,,,,,,,,,,,,,,,,,,,,,0.3036162555217743,,,,,,,,,,,,,,,,,,,,,,,,,,,,,,,,,,,,
19,,,18189,,,,,,,,,,,,,,,,,,,,,,,,,,,,,,,,,,,,0.2741495370864868,,,,,,,,,,,,,,,,,,,,,,,,,,,,,,,,,,,,
19,,,18194,,,,,,,,,,,,,,,,,,,,,,,,,,,,,,,,,,,,0.3310156464576721,,,,,,,,,,,,,,,,,,,,,,,,,,,,,,,,,,,,
19,,,18199,,,,,,,,,,,,,,,,,,,,,,,,,,,,,,,,,,,,0.5812618136405945,,,,,,,,,,,,,,,,,,,,,,,,,,,,,,,,,,,,
19,,,18204,,,,,,,,,,,,,,,,,,,,,,,,,,,,,,,,,,,,0.5851680636405945,,,,,,,,,,,,,,,,,,,,,,,,,,,,,,,,,,,,
19,,,18209,,,,,,,,,,,,,,,,,,,,,,,,,,,,,,,,,,,,0.2664109468460083,,,,,,,,,,,,,,,,,,,,,,,,,,,,,,,,,,,,
19,,,18214,,,,,,,,,,,,,,,,,,,,,,,,,,,,,,,,,,,,0.4308614134788513,,,,,,,,,,,,,,,,,,,,,,,,,,,,,,,,,,,,
19,,,18219,,,,,,,,,,,,,,,,,,,,,,,,,,,,,,,,,,,,0.5617572069168091,,,,,,,,,,,,,,,,,,,,,,,,,,,,,,,,,,,,
19,,,18224,,,,,,,,,,,,,,,,,,,,,,,,,,,,,,,,,,,,0.6078892350196838,,,,,,,,,,,,,,,,,,,,,,,,,,,,,,,,,,,,
19,,,18229,,,,,,,,,,,,,,,,,,,,,,,,,,,,,,,,,,,,0.40514838695526123,,,,,,,,,,,,,,,,,,,,,,,,,,,,,,,,,,,,
19,,,18234,,,,,,,,,,,,,,,,,,,,,,,,,,,,,,,,,,,,0.2984965443611145,,,,,,,,,,,,,,,,,,,,,,,,,,,,,,,,,,,,
19,,,18239,,,,,,,,,,,,,,,,,,,,,,,,,,,,,,,,,,,,0.210703045129776,,,,,,,,,,,,,,,,,,,,,,,,,,,,,,,,,,,,
19,,,18244,,,,,,,,,,,,,,,,,,,,,,,,,,,,,,,,,,,,0.39095479249954224,,,,,,,,,,,,,,,,,,,,,,,,,,,,,,,,,,,,
19,,,18249,,,,,,,,,,,,,,,,,,,,,,,,,,,,,,,,,,,,0.6132259368896484,,,,,,,,,,,,,,,,,,,,,,,,,,,,,,,,,,,,
19,,,18254,,,,,,,,,,,,,,,,,,,,,,,,,,,,,,,,,,,,0.44361168146133423,,,,,,,,,,,,,,,,,,,,,,,,,,,,,,,,,,,,
19,,,18259,,,,,,,,,,,,,,,,,,,,,,,,,,,,,,,,,,,,0.4152395725250244,,,,,,,,,,,,,,,,,,,,,,,,,,,,,,,,,,,,
19,,,18264,,,,,,,,,,,,,,,,,,,,,,,,,,,,,,,,,,,,0.3990271985530853,,,,,,,,,,,,,,,,,,,,,,,,,,,,,,,,,,,,
19,,,18269,,,,,,,,,,,,,,,,,,,,,,,,,,,,,,,,,,,,0.4416026473045349,,,,,,,,,,,,,,,,,,,,,,,,,,,,,,,,,,,,
19,,,18274,,,,,,,,,,,,,,,,,,,,,,,,,,,,,,,,,,,,0.5883193612098694,,,,,,,,,,,,,,,,,,,,,,,,,,,,,,,,,,,,
19,,,18279,,,,,,,,,,,,,,,,,,,,,,,,,,,,,,,,,,,,0.5737301111221313,,,,,,,,,,,,,,,,,,,,,,,,,,,,,,,,,,,,
19,,,18284,,,,,,,,,,,,,,,,,,,,,,,,,,,,,,,,,,,,0.6639867424964905,,,,,,,,,,,,,,,,,,,,,,,,,,,,,,,,,,,,
19,,,18289,,,,,,,,,,,,,,,,,,,,,,,,,,,,,,,,,,,,0.2709893584251404,,,,,,,,,,,,,,,,,,,,,,,,,,,,,,,,,,,,
19,,,18294,,,,,,,,,,,,,,,,,,,,,,,,,,,,,,,,,,,,0.2769542336463928,,,,,,,,,,,,,,,,,,,,,,,,,,,,,,,,,,,,
19,,,18299,,,,,,,,,,,,,,,,,,,,,,,,,,,,,,,,,,,,0.23214679956436157,,,,,,,,,,,,,,,,,,,,,,,,,,,,,,,,,,,,
19,,,18304,,,,,,,,,,,,,,,,,,,,,,,,,,,,,,,,,,,,0.2964441180229187,,,,,,,,,,,,,,,,,,,,,,,,,,,,,,,,,,,,
19,,,18309,,,,,,,,,,,,,,,,,,,,,,,,,,,,,,,,,,,,0.3500327467918396,,,,,,,,,,,,,,,,,,,,,,,,,,,,,,,,,,,,
19,,,18314,,,,,,,,,,,,,,,,,,,,,,,,,,,,,,,,,,,,0.3888983726501465,,,,,,,,,,,,,,,,,,,,,,,,,,,,,,,,,,,,
19,,,18319,,,,,,,,,,,,,,,,,,,,,,,,,,,,,,,,,,,,0.3735007643699646,,,,,,,,,,,,,,,,,,,,,,,,,,,,,,,,,,,,
19,,,18324,,,,,,,,,,,,,,,,,,,,,,,,,,,,,,,,,,,,0.564319372177124,,,,,,,,,,,,,,,,,,,,,,,,,,,,,,,,,,,,
19,,,18329,,,,,,,,,,,,,,,,,,,,,,,,,,,,,,,,,,,,0.29238200187683105,,,,,,,,,,,,,,,,,,,,,,,,,,,,,,,,,,,,
19,,,18334,,,,,,,,,,,,,,,,,,,,,,,,,,,,,,,,,,,,0.21319898962974548,,,,,,,,,,,,,,,,,,,,,,,,,,,,,,,,,,,,
19,,,18339,,,,,,,,,,,,,,,,,,,,,,,,,,,,,,,,,,,,0.6262290477752686,,,,,,,,,,,,,,,,,,,,,,,,,,,,,,,,,,,,
19,,,18344,,,,,,,,,,,,,,,,,,,,,,,,,,,,,,,,,,,,0.21432998776435852,,,,,,,,,,,,,,,,,,,,,,,,,,,,,,,,,,,,
19,,,18349,,,,,,,,,,,,,,,,,,,,,,,,,,,,,,,,,,,,0.37995445728302,,,,,,,,,,,,,,,,,,,,,,,,,,,,,,,,,,,,
19,,,18354,,,,,,,,,,,,,,,,,,,,,,,,,,,,,,,,,,,,0.24423585832118988,,,,,,,,,,,,,,,,,,,,,,,,,,,,,,,,,,,,
19,,,18359,,,,,,,,,,,,,,,,,,,,,,,,,,,,,,,,,,,,0.21868255734443665,,,,,,,,,,,,,,,,,,,,,,,,,,,,,,,,,,,,
19,,,18364,,,,,,,,,,,,,,,,,,,,,,,,,,,,,,,,,,,,0.24078118801116943,,,,,,,,,,,,,,,,,,,,,,,,,,,,,,,,,,,,
19,,,18369,,,,,,,,,,,,,,,,,,,,,,,,,,,,,,,,,,,,0.20302027463912964,,,,,,,,,,,,,,,,,,,,,,,,,,,,,,,,,,,,
19,,,18374,,,,,,,,,,,,,,,,,,,,,,,,,,,,,,,,,,,,0.2638028860092163,,,,,,,,,,,,,,,,,,,,,,,,,,,,,,,,,,,,
19,,,18379,,,,,,,,,,,,,,,,,,,,,,,,,,,,,,,,,,,,0.3076174855232239,,,,,,,,,,,,,,,,,,,,,,,,,,,,,,,,,,,,
19,,,18384,,,,,,,,,,,,,,,,,,,,,,,,,,,,,,,,,,,,0.24455581605434418,,,,,,,,,,,,,,,,,,,,,,,,,,,,,,,,,,,,
19,,,18389,,,,,,,,,,,,,,,,,,,,,,,,,,,,,,,,,,,,0.32554271817207336,,,,,,,,,,,,,,,,,,,,,,,,,,,,,,,,,,,,
19,,,18394,,,,,,,,,,,,,,,,,,,,,,,,,,,,,,,,,,,,0.3396356403827667,,,,,,,,,,,,,,,,,,,,,,,,,,,,,,,,,,,,
19,,,18399,,,,,,,,,,,,,,,,,,,,,,,,,,,,,,,,,,,,0.38303640484809875,,,,,,,,,,,,,,,,,,,,,,,,,,,,,,,,,,,,
19,,,18404,,,,,,,,,,,,,,,,,,,,,,,,,,,,,,,,,,,,0.17670850455760956,,,,,,,,,,,,,,,,,,,,,,,,,,,,,,,,,,,,
19,,,18409,,,,,,,,,,,,,,,,,,,,,,,,,,,,,,,,,,,,0.27038735151290894,,,,,,,,,,,,,,,,,,,,,,,,,,,,,,,,,,,,
19,,,18414,,,,,,,,,,,,,,,,,,,,,,,,,,,,,,,,,,,,0.2236715853214264,,,,,,,,,,,,,,,,,,,,,,,,,,,,,,,,,,,,
19,,,18419,,,,,,,,,,,,,,,,,,,,,,,,,,,,,,,,,,,,0.5824733376502991,,,,,,,,,,,,,,,,,,,,,,,,,,,,,,,,,,,,
19,,,18419,,,,,,,,,,,,,,,,,,,,,,,,,,,,,,,,,,,,,0.7870776653289795,0.7484278082847595,0.6477099657058716,0.7212750911712646,0.7870776653289795,0.0,0.8633362054824829,0.865491509437561,0.9844143390655518,0.43506842851638794,0.0,0.8929118514060974,0.8386307954788208,0.9239662289619446,0.3382023274898529,0.0,0.8065409660339355,0.7221052050590515,0.8586776852607727,0.2035159468650818,0.0,0.92458575963974,0.8133870959281921,0.8705122470855713,0.276615172624588,0.0,0.8633362054824829,0.865491509437561,0.9844143390655518,0.43506842851638794,0.8599146604537964,0.8599146604537964,0.7542546391487122,0.8599146604537964,0.8599146604537964,0.41951683163642883
19,,,18419,0.7466825246810913,0.7385882139205933,0.6337902545928955,0.7323288917541504,0.7466825246810913,0.0,0.8783699870109558,0.8510650396347046,0.8939767479896545,0.3633183240890503,0.0,0.8915708661079407,0.8357617259025574,0.8992430567741394,0.32777732610702515,0.0,0.8043551445007324,0.7178613543510437,0.8169316053390503,0.1960129737854004,0.0,0.9051745533943176,0.8209989070892334,0.9045718312263489,0.2985702157020569,0.0,0.8783699870109558,0.8510650396347046,0.8939767479896545,0.3633183240890503,0.8591389060020447,0.8591389060020447,0.7530617117881775,0.8591389060020447,0.8591389060020447,,,,,,,,,,,,,,,,,,,,,,,,,,,,,,,,,,,,,
,1e-05,0.0001,18420,,,,,,,,,,,,,,,,,,,,,,,,,,,,,,,,,,,,,,,,,,,,,,,,,,,,,,,,,,,,,,,,,,,,,,,,
20,,,18424,,,,,,,,,,,,,,,,,,,,,,,,,,,,,,,,,,,,0.2194838523864746,,,,,,,,,,,,,,,,,,,,,,,,,,,,,,,,,,,,
20,,,18429,,,,,,,,,,,,,,,,,,,,,,,,,,,,,,,,,,,,0.27783623337745667,,,,,,,,,,,,,,,,,,,,,,,,,,,,,,,,,,,,
20,,,18434,,,,,,,,,,,,,,,,,,,,,,,,,,,,,,,,,,,,0.2388191521167755,,,,,,,,,,,,,,,,,,,,,,,,,,,,,,,,,,,,
20,,,18439,,,,,,,,,,,,,,,,,,,,,,,,,,,,,,,,,,,,0.2770701050758362,,,,,,,,,,,,,,,,,,,,,,,,,,,,,,,,,,,,
20,,,18444,,,,,,,,,,,,,,,,,,,,,,,,,,,,,,,,,,,,0.5678327679634094,,,,,,,,,,,,,,,,,,,,,,,,,,,,,,,,,,,,
20,,,18449,,,,,,,,,,,,,,,,,,,,,,,,,,,,,,,,,,,,0.3068661093711853,,,,,,,,,,,,,,,,,,,,,,,,,,,,,,,,,,,,
20,,,18454,,,,,,,,,,,,,,,,,,,,,,,,,,,,,,,,,,,,0.2724801003932953,,,,,,,,,,,,,,,,,,,,,,,,,,,,,,,,,,,,
20,,,18459,,,,,,,,,,,,,,,,,,,,,,,,,,,,,,,,,,,,0.32154542207717896,,,,,,,,,,,,,,,,,,,,,,,,,,,,,,,,,,,,
20,,,18464,,,,,,,,,,,,,,,,,,,,,,,,,,,,,,,,,,,,0.27438926696777344,,,,,,,,,,,,,,,,,,,,,,,,,,,,,,,,,,,,
20,,,18469,,,,,,,,,,,,,,,,,,,,,,,,,,,,,,,,,,,,0.3094291388988495,,,,,,,,,,,,,,,,,,,,,,,,,,,,,,,,,,,,
20,,,18474,,,,,,,,,,,,,,,,,,,,,,,,,,,,,,,,,,,,0.24549086391925812,,,,,,,,,,,,,,,,,,,,,,,,,,,,,,,,,,,,
20,,,18479,,,,,,,,,,,,,,,,,,,,,,,,,,,,,,,,,,,,0.393626868724823,,,,,,,,,,,,,,,,,,,,,,,,,,,,,,,,,,,,
20,,,18484,,,,,,,,,,,,,,,,,,,,,,,,,,,,,,,,,,,,0.4890444576740265,,,,,,,,,,,,,,,,,,,,,,,,,,,,,,,,,,,,
20,,,18489,,,,,,,,,,,,,,,,,,,,,,,,,,,,,,,,,,,,0.22476455569267273,,,,,,,,,,,,,,,,,,,,,,,,,,,,,,,,,,,,
20,,,18494,,,,,,,,,,,,,,,,,,,,,,,,,,,,,,,,,,,,0.3016781210899353,,,,,,,,,,,,,,,,,,,,,,,,,,,,,,,,,,,,
20,,,18499,,,,,,,,,,,,,,,,,,,,,,,,,,,,,,,,,,,,0.2666390836238861,,,,,,,,,,,,,,,,,,,,,,,,,,,,,,,,,,,,
20,,,18504,,,,,,,,,,,,,,,,,,,,,,,,,,,,,,,,,,,,0.177791029214859,,,,,,,,,,,,,,,,,,,,,,,,,,,,,,,,,,,,
20,,,18509,,,,,,,,,,,,,,,,,,,,,,,,,,,,,,,,,,,,0.26084089279174805,,,,,,,,,,,,,,,,,,,,,,,,,,,,,,,,,,,,
20,,,18514,,,,,,,,,,,,,,,,,,,,,,,,,,,,,,,,,,,,0.24059239029884338,,,,,,,,,,,,,,,,,,,,,,,,,,,,,,,,,,,,
20,,,18519,,,,,,,,,,,,,,,,,,,,,,,,,,,,,,,,,,,,0.5148381590843201,,,,,,,,,,,,,,,,,,,,,,,,,,,,,,,,,,,,
20,,,18524,,,,,,,,,,,,,,,,,,,,,,,,,,,,,,,,,,,,0.29241734743118286,,,,,,,,,,,,,,,,,,,,,,,,,,,,,,,,,,,,
20,,,18529,,,,,,,,,,,,,,,,,,,,,,,,,,,,,,,,,,,,0.5664889812469482,,,,,,,,,,,,,,,,,,,,,,,,,,,,,,,,,,,,
20,,,18534,,,,,,,,,,,,,,,,,,,,,,,,,,,,,,,,,,,,0.2660849094390869,,,,,,,,,,,,,,,,,,,,,,,,,,,,,,,,,,,,
20,,,18539,,,,,,,,,,,,,,,,,,,,,,,,,,,,,,,,,,,,0.6553226709365845,,,,,,,,,,,,,,,,,,,,,,,,,,,,,,,,,,,,
20,,,18544,,,,,,,,,,,,,,,,,,,,,,,,,,,,,,,,,,,,0.2873314619064331,,,,,,,,,,,,,,,,,,,,,,,,,,,,,,,,,,,,
20,,,18549,,,,,,,,,,,,,,,,,,,,,,,,,,,,,,,,,,,,0.6032230257987976,,,,,,,,,,,,,,,,,,,,,,,,,,,,,,,,,,,,
20,,,18554,,,,,,,,,,,,,,,,,,,,,,,,,,,,,,,,,,,,0.23852643370628357,,,,,,,,,,,,,,,,,,,,,,,,,,,,,,,,,,,,
20,,,18559,,,,,,,,,,,,,,,,,,,,,,,,,,,,,,,,,,,,0.28360486030578613,,,,,,,,,,,,,,,,,,,,,,,,,,,,,,,,,,,,
20,,,18564,,,,,,,,,,,,,,,,,,,,,,,,,,,,,,,,,,,,0.2792228162288666,,,,,,,,,,,,,,,,,,,,,,,,,,,,,,,,,,,,
20,,,18569,,,,,,,,,,,,,,,,,,,,,,,,,,,,,,,,,,,,0.3035593330860138,,,,,,,,,,,,,,,,,,,,,,,,,,,,,,,,,,,,
20,,,18574,,,,,,,,,,,,,,,,,,,,,,,,,,,,,,,,,,,,0.23753972351551056,,,,,,,,,,,,,,,,,,,,,,,,,,,,,,,,,,,,
20,,,18579,,,,,,,,,,,,,,,,,,,,,,,,,,,,,,,,,,,,0.3958645462989807,,,,,,,,,,,,,,,,,,,,,,,,,,,,,,,,,,,,
20,,,18584,,,,,,,,,,,,,,,,,,,,,,,,,,,,,,,,,,,,0.28699493408203125,,,,,,,,,,,,,,,,,,,,,,,,,,,,,,,,,,,,
20,,,18589,,,,,,,,,,,,,,,,,,,,,,,,,,,,,,,,,,,,0.3102461099624634,,,,,,,,,,,,,,,,,,,,,,,,,,,,,,,,,,,,
20,,,18594,,,,,,,,,,,,,,,,,,,,,,,,,,,,,,,,,,,,0.4813901484012604,,,,,,,,,,,,,,,,,,,,,,,,,,,,,,,,,,,,
20,,,18599,,,,,,,,,,,,,,,,,,,,,,,,,,,,,,,,,,,,0.25801101326942444,,,,,,,,,,,,,,,,,,,,,,,,,,,,,,,,,,,,
20,,,18604,,,,,,,,,,,,,,,,,,,,,,,,,,,,,,,,,,,,0.527238130569458,,,,,,,,,,,,,,,,,,,,,,,,,,,,,,,,,,,,
20,,,18609,,,,,,,,,,,,,,,,,,,,,,,,,,,,,,,,,,,,0.6437755227088928,,,,,,,,,,,,,,,,,,,,,,,,,,,,,,,,,,,,
20,,,18614,,,,,,,,,,,,,,,,,,,,,,,,,,,,,,,,,,,,0.28453999757766724,,,,,,,,,,,,,,,,,,,,,,,,,,,,,,,,,,,,
20,,,18619,,,,,,,,,,,,,,,,,,,,,,,,,,,,,,,,,,,,0.3058353066444397,,,,,,,,,,,,,,,,,,,,,,,,,,,,,,,,,,,,
20,,,18624,,,,,,,,,,,,,,,,,,,,,,,,,,,,,,,,,,,,0.49420616030693054,,,,,,,,,,,,,,,,,,,,,,,,,,,,,,,,,,,,
20,,,18629,,,,,,,,,,,,,,,,,,,,,,,,,,,,,,,,,,,,0.21245108544826508,,,,,,,,,,,,,,,,,,,,,,,,,,,,,,,,,,,,
20,,,18634,,,,,,,,,,,,,,,,,,,,,,,,,,,,,,,,,,,,0.25469616055488586,,,,,,,,,,,,,,,,,,,,,,,,,,,,,,,,,,,,
20,,,18639,,,,,,,,,,,,,,,,,,,,,,,,,,,,,,,,,,,,0.3073235750198364,,,,,,,,,,,,,,,,,,,,,,,,,,,,,,,,,,,,
20,,,18644,,,,,,,,,,,,,,,,,,,,,,,,,,,,,,,,,,,,0.38385269045829773,,,,,,,,,,,,,,,,,,,,,,,,,,,,,,,,,,,,
20,,,18649,,,,,,,,,,,,,,,,,,,,,,,,,,,,,,,,,,,,0.600559413433075,,,,,,,,,,,,,,,,,,,,,,,,,,,,,,,,,,,,
20,,,18654,,,,,,,,,,,,,,,,,,,,,,,,,,,,,,,,,,,,0.30742454528808594,,,,,,,,,,,,,,,,,,,,,,,,,,,,,,,,,,,,
20,,,18659,,,,,,,,,,,,,,,,,,,,,,,,,,,,,,,,,,,,0.5160233378410339,,,,,,,,,,,,,,,,,,,,,,,,,,,,,,,,,,,,
20,,,18664,,,,,,,,,,,,,,,,,,,,,,,,,,,,,,,,,,,,0.5998954772949219,,,,,,,,,,,,,,,,,,,,,,,,,,,,,,,,,,,,
20,,,18669,,,,,,,,,,,,,,,,,,,,,,,,,,,,,,,,,,,,0.4293057322502136,,,,,,,,,,,,,,,,,,,,,,,,,,,,,,,,,,,,
20,,,18674,,,,,,,,,,,,,,,,,,,,,,,,,,,,,,,,,,,,0.6080978512763977,,,,,,,,,,,,,,,,,,,,,,,,,,,,,,,,,,,,
20,,,18679,,,,,,,,,,,,,,,,,,,,,,,,,,,,,,,,,,,,0.2033941149711609,,,,,,,,,,,,,,,,,,,,,,,,,,,,,,,,,,,,
20,,,18684,,,,,,,,,,,,,,,,,,,,,,,,,,,,,,,,,,,,0.5535365343093872,,,,,,,,,,,,,,,,,,,,,,,,,,,,,,,,,,,,
20,,,18689,,,,,,,,,,,,,,,,,,,,,,,,,,,,,,,,,,,,0.32339489459991455,,,,,,,,,,,,,,,,,,,,,,,,,,,,,,,,,,,,
20,,,18694,,,,,,,,,,,,,,,,,,,,,,,,,,,,,,,,,,,,0.2660519480705261,,,,,,,,,,,,,,,,,,,,,,,,,,,,,,,,,,,,
20,,,18699,,,,,,,,,,,,,,,,,,,,,,,,,,,,,,,,,,,,0.2506971061229706,,,,,,,,,,,,,,,,,,,,,,,,,,,,,,,,,,,,
20,,,18704,,,,,,,,,,,,,,,,,,,,,,,,,,,,,,,,,,,,0.3306290805339813,,,,,,,,,,,,,,,,,,,,,,,,,,,,,,,,,,,,
20,,,18709,,,,,,,,,,,,,,,,,,,,,,,,,,,,,,,,,,,,0.21736572682857513,,,,,,,,,,,,,,,,,,,,,,,,,,,,,,,,,,,,
20,,,18714,,,,,,,,,,,,,,,,,,,,,,,,,,,,,,,,,,,,0.304922878742218,,,,,,,,,,,,,,,,,,,,,,,,,,,,,,,,,,,,
20,,,18719,,,,,,,,,,,,,,,,,,,,,,,,,,,,,,,,,,,,0.3867635428905487,,,,,,,,,,,,,,,,,,,,,,,,,,,,,,,,,,,,
20,,,18724,,,,,,,,,,,,,,,,,,,,,,,,,,,,,,,,,,,,0.36815905570983887,,,,,,,,,,,,,,,,,,,,,,,,,,,,,,,,,,,,
20,,,18729,,,,,,,,,,,,,,,,,,,,,,,,,,,,,,,,,,,,0.33507871627807617,,,,,,,,,,,,,,,,,,,,,,,,,,,,,,,,,,,,
20,,,18734,,,,,,,,,,,,,,,,,,,,,,,,,,,,,,,,,,,,0.2420189380645752,,,,,,,,,,,,,,,,,,,,,,,,,,,,,,,,,,,,
20,,,18739,,,,,,,,,,,,,,,,,,,,,,,,,,,,,,,,,,,,0.20429658889770508,,,,,,,,,,,,,,,,,,,,,,,,,,,,,,,,,,,,
20,,,18744,,,,,,,,,,,,,,,,,,,,,,,,,,,,,,,,,,,,0.1912587285041809,,,,,,,,,,,,,,,,,,,,,,,,,,,,,,,,,,,,
20,,,18749,,,,,,,,,,,,,,,,,,,,,,,,,,,,,,,,,,,,0.5717121958732605,,,,,,,,,,,,,,,,,,,,,,,,,,,,,,,,,,,,
20,,,18754,,,,,,,,,,,,,,,,,,,,,,,,,,,,,,,,,,,,0.21510621905326843,,,,,,,,,,,,,,,,,,,,,,,,,,,,,,,,,,,,
20,,,18759,,,,,,,,,,,,,,,,,,,,,,,,,,,,,,,,,,,,0.6754085421562195,,,,,,,,,,,,,,,,,,,,,,,,,,,,,,,,,,,,
20,,,18764,,,,,,,,,,,,,,,,,,,,,,,,,,,,,,,,,,,,0.6021518707275391,,,,,,,,,,,,,,,,,,,,,,,,,,,,,,,,,,,,
20,,,18769,,,,,,,,,,,,,,,,,,,,,,,,,,,,,,,,,,,,0.21849939227104187,,,,,,,,,,,,,,,,,,,,,,,,,,,,,,,,,,,,
20,,,18774,,,,,,,,,,,,,,,,,,,,,,,,,,,,,,,,,,,,0.6315016746520996,,,,,,,,,,,,,,,,,,,,,,,,,,,,,,,,,,,,
20,,,18779,,,,,,,,,,,,,,,,,,,,,,,,,,,,,,,,,,,,0.2180287092924118,,,,,,,,,,,,,,,,,,,,,,,,,,,,,,,,,,,,
20,,,18784,,,,,,,,,,,,,,,,,,,,,,,,,,,,,,,,,,,,0.6328166127204895,,,,,,,,,,,,,,,,,,,,,,,,,,,,,,,,,,,,
20,,,18789,,,,,,,,,,,,,,,,,,,,,,,,,,,,,,,,,,,,0.4141194224357605,,,,,,,,,,,,,,,,,,,,,,,,,,,,,,,,,,,,
20,,,18794,,,,,,,,,,,,,,,,,,,,,,,,,,,,,,,,,,,,0.39947810769081116,,,,,,,,,,,,,,,,,,,,,,,,,,,,,,,,,,,,
20,,,18799,,,,,,,,,,,,,,,,,,,,,,,,,,,,,,,,,,,,0.6663806438446045,,,,,,,,,,,,,,,,,,,,,,,,,,,,,,,,,,,,
20,,,18804,,,,,,,,,,,,,,,,,,,,,,,,,,,,,,,,,,,,0.2571304142475128,,,,,,,,,,,,,,,,,,,,,,,,,,,,,,,,,,,,
20,,,18809,,,,,,,,,,,,,,,,,,,,,,,,,,,,,,,,,,,,0.23185837268829346,,,,,,,,,,,,,,,,,,,,,,,,,,,,,,,,,,,,
20,,,18814,,,,,,,,,,,,,,,,,,,,,,,,,,,,,,,,,,,,0.32255709171295166,,,,,,,,,,,,,,,,,,,,,,,,,,,,,,,,,,,,
20,,,18819,,,,,,,,,,,,,,,,,,,,,,,,,,,,,,,,,,,,0.6350045204162598,,,,,,,,,,,,,,,,,,,,,,,,,,,,,,,,,,,,
20,,,18824,,,,,,,,,,,,,,,,,,,,,,,,,,,,,,,,,,,,0.28037843108177185,,,,,,,,,,,,,,,,,,,,,,,,,,,,,,,,,,,,
20,,,18829,,,,,,,,,,,,,,,,,,,,,,,,,,,,,,,,,,,,0.3498722314834595,,,,,,,,,,,,,,,,,,,,,,,,,,,,,,,,,,,,
20,,,18834,,,,,,,,,,,,,,,,,,,,,,,,,,,,,,,,,,,,0.46041956543922424,,,,,,,,,,,,,,,,,,,,,,,,,,,,,,,,,,,,
20,,,18839,,,,,,,,,,,,,,,,,,,,,,,,,,,,,,,,,,,,0.592278003692627,,,,,,,,,,,,,,,,,,,,,,,,,,,,,,,,,,,,
20,,,18844,,,,,,,,,,,,,,,,,,,,,,,,,,,,,,,,,,,,0.29473379254341125,,,,,,,,,,,,,,,,,,,,,,,,,,,,,,,,,,,,
20,,,18849,,,,,,,,,,,,,,,,,,,,,,,,,,,,,,,,,,,,0.4533955752849579,,,,,,,,,,,,,,,,,,,,,,,,,,,,,,,,,,,,
20,,,18854,,,,,,,,,,,,,,,,,,,,,,,,,,,,,,,,,,,,0.3074323236942291,,,,,,,,,,,,,,,,,,,,,,,,,,,,,,,,,,,,
20,,,18859,,,,,,,,,,,,,,,,,,,,,,,,,,,,,,,,,,,,0.2853376865386963,,,,,,,,,,,,,,,,,,,,,,,,,,,,,,,,,,,,
20,,,18864,,,,,,,,,,,,,,,,,,,,,,,,,,,,,,,,,,,,0.2344578206539154,,,,,,,,,,,,,,,,,,,,,,,,,,,,,,,,,,,,
20,,,18869,,,,,,,,,,,,,,,,,,,,,,,,,,,,,,,,,,,,0.2950531542301178,,,,,,,,,,,,,,,,,,,,,,,,,,,,,,,,,,,,
20,,,18874,,,,,,,,,,,,,,,,,,,,,,,,,,,,,,,,,,,,0.4945579469203949,,,,,,,,,,,,,,,,,,,,,,,,,,,,,,,,,,,,
20,,,18879,,,,,,,,,,,,,,,,,,,,,,,,,,,,,,,,,,,,0.5601621270179749,,,,,,,,,,,,,,,,,,,,,,,,,,,,,,,,,,,,
20,,,18884,,,,,,,,,,,,,,,,,,,,,,,,,,,,,,,,,,,,0.6039723753929138,,,,,,,,,,,,,,,,,,,,,,,,,,,,,,,,,,,,
20,,,18889,,,,,,,,,,,,,,,,,,,,,,,,,,,,,,,,,,,,0.21417677402496338,,,,,,,,,,,,,,,,,,,,,,,,,,,,,,,,,,,,
20,,,18894,,,,,,,,,,,,,,,,,,,,,,,,,,,,,,,,,,,,0.5778603553771973,,,,,,,,,,,,,,,,,,,,,,,,,,,,,,,,,,,,
20,,,18899,,,,,,,,,,,,,,,,,,,,,,,,,,,,,,,,,,,,0.2759871482849121,,,,,,,,,,,,,,,,,,,,,,,,,,,,,,,,,,,,
20,,,18904,,,,,,,,,,,,,,,,,,,,,,,,,,,,,,,,,,,,0.2654772996902466,,,,,,,,,,,,,,,,,,,,,,,,,,,,,,,,,,,,
20,,,18909,,,,,,,,,,,,,,,,,,,,,,,,,,,,,,,,,,,,0.3868495225906372,,,,,,,,,,,,,,,,,,,,,,,,,,,,,,,,,,,,
20,,,18914,,,,,,,,,,,,,,,,,,,,,,,,,,,,,,,,,,,,0.2581496834754944,,,,,,,,,,,,,,,,,,,,,,,,,,,,,,,,,,,,
20,,,18919,,,,,,,,,,,,,,,,,,,,,,,,,,,,,,,,,,,,0.2725747227668762,,,,,,,,,,,,,,,,,,,,,,,,,,,,,,,,,,,,
20,,,18924,,,,,,,,,,,,,,,,,,,,,,,,,,,,,,,,,,,,0.3318846821784973,,,,,,,,,,,,,,,,,,,,,,,,,,,,,,,,,,,,
20,,,18929,,,,,,,,,,,,,,,,,,,,,,,,,,,,,,,,,,,,0.3416135907173157,,,,,,,,,,,,,,,,,,,,,,,,,,,,,,,,,,,,
20,,,18934,,,,,,,,,,,,,,,,,,,,,,,,,,,,,,,,,,,,0.6008484363555908,,,,,,,,,,,,,,,,,,,,,,,,,,,,,,,,,,,,
20,,,18939,,,,,,,,,,,,,,,,,,,,,,,,,,,,,,,,,,,,0.34320011734962463,,,,,,,,,,,,,,,,,,,,,,,,,,,,,,,,,,,,
20,,,18944,,,,,,,,,,,,,,,,,,,,,,,,,,,,,,,,,,,,0.3574348986148834,,,,,,,,,,,,,,,,,,,,,,,,,,,,,,,,,,,,
20,,,18949,,,,,,,,,,,,,,,,,,,,,,,,,,,,,,,,,,,,0.2943482995033264,,,,,,,,,,,,,,,,,,,,,,,,,,,,,,,,,,,,
20,,,18954,,,,,,,,,,,,,,,,,,,,,,,,,,,,,,,,,,,,0.250921368598938,,,,,,,,,,,,,,,,,,,,,,,,,,,,,,,,,,,,
20,,,18959,,,,,,,,,,,,,,,,,,,,,,,,,,,,,,,,,,,,0.34458354115486145,,,,,,,,,,,,,,,,,,,,,,,,,,,,,,,,,,,,
20,,,18964,,,,,,,,,,,,,,,,,,,,,,,,,,,,,,,,,,,,0.28129327297210693,,,,,,,,,,,,,,,,,,,,,,,,,,,,,,,,,,,,
20,,,18969,,,,,,,,,,,,,,,,,,,,,,,,,,,,,,,,,,,,0.697738528251648,,,,,,,,,,,,,,,,,,,,,,,,,,,,,,,,,,,,
20,,,18974,,,,,,,,,,,,,,,,,,,,,,,,,,,,,,,,,,,,0.4783182144165039,,,,,,,,,,,,,,,,,,,,,,,,,,,,,,,,,,,,
20,,,18979,,,,,,,,,,,,,,,,,,,,,,,,,,,,,,,,,,,,0.25166571140289307,,,,,,,,,,,,,,,,,,,,,,,,,,,,,,,,,,,,
20,,,18984,,,,,,,,,,,,,,,,,,,,,,,,,,,,,,,,,,,,0.6022272109985352,,,,,,,,,,,,,,,,,,,,,,,,,,,,,,,,,,,,
20,,,18989,,,,,,,,,,,,,,,,,,,,,,,,,,,,,,,,,,,,0.28581830859184265,,,,,,,,,,,,,,,,,,,,,,,,,,,,,,,,,,,,
20,,,18994,,,,,,,,,,,,,,,,,,,,,,,,,,,,,,,,,,,,0.29790014028549194,,,,,,,,,,,,,,,,,,,,,,,,,,,,,,,,,,,,
20,,,18999,,,,,,,,,,,,,,,,,,,,,,,,,,,,,,,,,,,,0.3173498511314392,,,,,,,,,,,,,,,,,,,,,,,,,,,,,,,,,,,,
20,,,19004,,,,,,,,,,,,,,,,,,,,,,,,,,,,,,,,,,,,0.6073161363601685,,,,,,,,,,,,,,,,,,,,,,,,,,,,,,,,,,,,
20,,,19009,,,,,,,,,,,,,,,,,,,,,,,,,,,,,,,,,,,,0.6208710670471191,,,,,,,,,,,,,,,,,,,,,,,,,,,,,,,,,,,,
20,,,19014,,,,,,,,,,,,,,,,,,,,,,,,,,,,,,,,,,,,0.6002288460731506,,,,,,,,,,,,,,,,,,,,,,,,,,,,,,,,,,,,
20,,,19019,,,,,,,,,,,,,,,,,,,,,,,,,,,,,,,,,,,,0.21888743340969086,,,,,,,,,,,,,,,,,,,,,,,,,,,,,,,,,,,,
20,,,19024,,,,,,,,,,,,,,,,,,,,,,,,,,,,,,,,,,,,0.5924819707870483,,,,,,,,,,,,,,,,,,,,,,,,,,,,,,,,,,,,
20,,,19029,,,,,,,,,,,,,,,,,,,,,,,,,,,,,,,,,,,,0.29283398389816284,,,,,,,,,,,,,,,,,,,,,,,,,,,,,,,,,,,,
20,,,19034,,,,,,,,,,,,,,,,,,,,,,,,,,,,,,,,,,,,0.3583477735519409,,,,,,,,,,,,,,,,,,,,,,,,,,,,,,,,,,,,
20,,,19039,,,,,,,,,,,,,,,,,,,,,,,,,,,,,,,,,,,,0.6220107078552246,,,,,,,,,,,,,,,,,,,,,,,,,,,,,,,,,,,,
20,,,19044,,,,,,,,,,,,,,,,,,,,,,,,,,,,,,,,,,,,0.4170287847518921,,,,,,,,,,,,,,,,,,,,,,,,,,,,,,,,,,,,
20,,,19049,,,,,,,,,,,,,,,,,,,,,,,,,,,,,,,,,,,,0.5088667273521423,,,,,,,,,,,,,,,,,,,,,,,,,,,,,,,,,,,,
20,,,19054,,,,,,,,,,,,,,,,,,,,,,,,,,,,,,,,,,,,0.6430807113647461,,,,,,,,,,,,,,,,,,,,,,,,,,,,,,,,,,,,
20,,,19059,,,,,,,,,,,,,,,,,,,,,,,,,,,,,,,,,,,,0.21469643712043762,,,,,,,,,,,,,,,,,,,,,,,,,,,,,,,,,,,,
20,,,19064,,,,,,,,,,,,,,,,,,,,,,,,,,,,,,,,,,,,0.3034016788005829,,,,,,,,,,,,,,,,,,,,,,,,,,,,,,,,,,,,
20,,,19069,,,,,,,,,,,,,,,,,,,,,,,,,,,,,,,,,,,,0.3408694267272949,,,,,,,,,,,,,,,,,,,,,,,,,,,,,,,,,,,,
20,,,19074,,,,,,,,,,,,,,,,,,,,,,,,,,,,,,,,,,,,0.18453630805015564,,,,,,,,,,,,,,,,,,,,,,,,,,,,,,,,,,,,
20,,,19079,,,,,,,,,,,,,,,,,,,,,,,,,,,,,,,,,,,,0.36736246943473816,,,,,,,,,,,,,,,,,,,,,,,,,,,,,,,,,,,,
20,,,19084,,,,,,,,,,,,,,,,,,,,,,,,,,,,,,,,,,,,0.3919755816459656,,,,,,,,,,,,,,,,,,,,,,,,,,,,,,,,,,,,
20,,,19089,,,,,,,,,,,,,,,,,,,,,,,,,,,,,,,,,,,,0.28347069025039673,,,,,,,,,,,,,,,,,,,,,,,,,,,,,,,,,,,,
20,,,19094,,,,,,,,,,,,,,,,,,,,,,,,,,,,,,,,,,,,0.4319148063659668,,,,,,,,,,,,,,,,,,,,,,,,,,,,,,,,,,,,
20,,,19099,,,,,,,,,,,,,,,,,,,,,,,,,,,,,,,,,,,,0.6450971364974976,,,,,,,,,,,,,,,,,,,,,,,,,,,,,,,,,,,,
20,,,19104,,,,,,,,,,,,,,,,,,,,,,,,,,,,,,,,,,,,0.28656601905822754,,,,,,,,,,,,,,,,,,,,,,,,,,,,,,,,,,,,
20,,,19109,,,,,,,,,,,,,,,,,,,,,,,,,,,,,,,,,,,,0.17871877551078796,,,,,,,,,,,,,,,,,,,,,,,,,,,,,,,,,,,,
20,,,19114,,,,,,,,,,,,,,,,,,,,,,,,,,,,,,,,,,,,0.3585871756076813,,,,,,,,,,,,,,,,,,,,,,,,,,,,,,,,,,,,
20,,,19119,,,,,,,,,,,,,,,,,,,,,,,,,,,,,,,,,,,,0.43380284309387207,,,,,,,,,,,,,,,,,,,,,,,,,,,,,,,,,,,,
20,,,19124,,,,,,,,,,,,,,,,,,,,,,,,,,,,,,,,,,,,0.5575771927833557,,,,,,,,,,,,,,,,,,,,,,,,,,,,,,,,,,,,
20,,,19129,,,,,,,,,,,,,,,,,,,,,,,,,,,,,,,,,,,,0.5691273808479309,,,,,,,,,,,,,,,,,,,,,,,,,,,,,,,,,,,,
20,,,19134,,,,,,,,,,,,,,,,,,,,,,,,,,,,,,,,,,,,0.6165614128112793,,,,,,,,,,,,,,,,,,,,,,,,,,,,,,,,,,,,
20,,,19139,,,,,,,,,,,,,,,,,,,,,,,,,,,,,,,,,,,,0.36096739768981934,,,,,,,,,,,,,,,,,,,,,,,,,,,,,,,,,,,,
20,,,19144,,,,,,,,,,,,,,,,,,,,,,,,,,,,,,,,,,,,0.4377308189868927,,,,,,,,,,,,,,,,,,,,,,,,,,,,,,,,,,,,
20,,,19149,,,,,,,,,,,,,,,,,,,,,,,,,,,,,,,,,,,,0.3151894509792328,,,,,,,,,,,,,,,,,,,,,,,,,,,,,,,,,,,,
20,,,19154,,,,,,,,,,,,,,,,,,,,,,,,,,,,,,,,,,,,0.3395531475543976,,,,,,,,,,,,,,,,,,,,,,,,,,,,,,,,,,,,
20,,,19159,,,,,,,,,,,,,,,,,,,,,,,,,,,,,,,,,,,,0.21750274300575256,,,,,,,,,,,,,,,,,,,,,,,,,,,,,,,,,,,,
20,,,19164,,,,,,,,,,,,,,,,,,,,,,,,,,,,,,,,,,,,0.18888315558433533,,,,,,,,,,,,,,,,,,,,,,,,,,,,,,,,,,,,
20,,,19169,,,,,,,,,,,,,,,,,,,,,,,,,,,,,,,,,,,,0.23265501856803894,,,,,,,,,,,,,,,,,,,,,,,,,,,,,,,,,,,,
20,,,19174,,,,,,,,,,,,,,,,,,,,,,,,,,,,,,,,,,,,0.6149893403053284,,,,,,,,,,,,,,,,,,,,,,,,,,,,,,,,,,,,
20,,,19179,,,,,,,,,,,,,,,,,,,,,,,,,,,,,,,,,,,,0.24413102865219116,,,,,,,,,,,,,,,,,,,,,,,,,,,,,,,,,,,,
20,,,19184,,,,,,,,,,,,,,,,,,,,,,,,,,,,,,,,,,,,0.39023274183273315,,,,,,,,,,,,,,,,,,,,,,,,,,,,,,,,,,,,
20,,,19189,,,,,,,,,,,,,,,,,,,,,,,,,,,,,,,,,,,,0.37204426527023315,,,,,,,,,,,,,,,,,,,,,,,,,,,,,,,,,,,,
20,,,19194,,,,,,,,,,,,,,,,,,,,,,,,,,,,,,,,,,,,0.6650742292404175,,,,,,,,,,,,,,,,,,,,,,,,,,,,,,,,,,,,
20,,,19199,,,,,,,,,,,,,,,,,,,,,,,,,,,,,,,,,,,,0.3366210460662842,,,,,,,,,,,,,,,,,,,,,,,,,,,,,,,,,,,,
20,,,19204,,,,,,,,,,,,,,,,,,,,,,,,,,,,,,,,,,,,0.19980007410049438,,,,,,,,,,,,,,,,,,,,,,,,,,,,,,,,,,,,
20,,,19209,,,,,,,,,,,,,,,,,,,,,,,,,,,,,,,,,,,,0.5998054146766663,,,,,,,,,,,,,,,,,,,,,,,,,,,,,,,,,,,,
20,,,19214,,,,,,,,,,,,,,,,,,,,,,,,,,,,,,,,,,,,0.21998082101345062,,,,,,,,,,,,,,,,,,,,,,,,,,,,,,,,,,,,
20,,,19219,,,,,,,,,,,,,,,,,,,,,,,,,,,,,,,,,,,,0.2720423936843872,,,,,,,,,,,,,,,,,,,,,,,,,,,,,,,,,,,,
20,,,19224,,,,,,,,,,,,,,,,,,,,,,,,,,,,,,,,,,,,0.6630872488021851,,,,,,,,,,,,,,,,,,,,,,,,,,,,,,,,,,,,
20,,,19229,,,,,,,,,,,,,,,,,,,,,,,,,,,,,,,,,,,,0.48897600173950195,,,,,,,,,,,,,,,,,,,,,,,,,,,,,,,,,,,,
20,,,19234,,,,,,,,,,,,,,,,,,,,,,,,,,,,,,,,,,,,0.6348915100097656,,,,,,,,,,,,,,,,,,,,,,,,,,,,,,,,,,,,
20,,,19239,,,,,,,,,,,,,,,,,,,,,,,,,,,,,,,,,,,,0.49545034766197205,,,,,,,,,,,,,,,,,,,,,,,,,,,,,,,,,,,,
20,,,19244,,,,,,,,,,,,,,,,,,,,,,,,,,,,,,,,,,,,0.2548922300338745,,,,,,,,,,,,,,,,,,,,,,,,,,,,,,,,,,,,
20,,,19249,,,,,,,,,,,,,,,,,,,,,,,,,,,,,,,,,,,,0.6548008918762207,,,,,,,,,,,,,,,,,,,,,,,,,,,,,,,,,,,,
20,,,19254,,,,,,,,,,,,,,,,,,,,,,,,,,,,,,,,,,,,0.18835043907165527,,,,,,,,,,,,,,,,,,,,,,,,,,,,,,,,,,,,
20,,,19259,,,,,,,,,,,,,,,,,,,,,,,,,,,,,,,,,,,,0.3253154754638672,,,,,,,,,,,,,,,,,,,,,,,,,,,,,,,,,,,,
20,,,19264,,,,,,,,,,,,,,,,,,,,,,,,,,,,,,,,,,,,0.4780418276786804,,,,,,,,,,,,,,,,,,,,,,,,,,,,,,,,,,,,
20,,,19269,,,,,,,,,,,,,,,,,,,,,,,,,,,,,,,,,,,,0.30071085691452026,,,,,,,,,,,,,,,,,,,,,,,,,,,,,,,,,,,,
20,,,19274,,,,,,,,,,,,,,,,,,,,,,,,,,,,,,,,,,,,0.6251440644264221,,,,,,,,,,,,,,,,,,,,,,,,,,,,,,,,,,,,
20,,,19279,,,,,,,,,,,,,,,,,,,,,,,,,,,,,,,,,,,,0.24590781331062317,,,,,,,,,,,,,,,,,,,,,,,,,,,,,,,,,,,,
20,,,19284,,,,,,,,,,,,,,,,,,,,,,,,,,,,,,,,,,,,0.5489858984947205,,,,,,,,,,,,,,,,,,,,,,,,,,,,,,,,,,,,
20,,,19289,,,,,,,,,,,,,,,,,,,,,,,,,,,,,,,,,,,,0.2442724108695984,,,,,,,,,,,,,,,,,,,,,,,,,,,,,,,,,,,,
20,,,19294,,,,,,,,,,,,,,,,,,,,,,,,,,,,,,,,,,,,0.2426815927028656,,,,,,,,,,,,,,,,,,,,,,,,,,,,,,,,,,,,
20,,,19299,,,,,,,,,,,,,,,,,,,,,,,,,,,,,,,,,,,,0.6081655621528625,,,,,,,,,,,,,,,,,,,,,,,,,,,,,,,,,,,,
20,,,19304,,,,,,,,,,,,,,,,,,,,,,,,,,,,,,,,,,,,0.591604471206665,,,,,,,,,,,,,,,,,,,,,,,,,,,,,,,,,,,,
20,,,19309,,,,,,,,,,,,,,,,,,,,,,,,,,,,,,,,,,,,0.22267551720142365,,,,,,,,,,,,,,,,,,,,,,,,,,,,,,,,,,,,
20,,,19314,,,,,,,,,,,,,,,,,,,,,,,,,,,,,,,,,,,,0.6157195568084717,,,,,,,,,,,,,,,,,,,,,,,,,,,,,,,,,,,,
20,,,19319,,,,,,,,,,,,,,,,,,,,,,,,,,,,,,,,,,,,0.21882197260856628,,,,,,,,,,,,,,,,,,,,,,,,,,,,,,,,,,,,
20,,,19324,,,,,,,,,,,,,,,,,,,,,,,,,,,,,,,,,,,,0.3369531035423279,,,,,,,,,,,,,,,,,,,,,,,,,,,,,,,,,,,,
20,,,19329,,,,,,,,,,,,,,,,,,,,,,,,,,,,,,,,,,,,0.629488468170166,,,,,,,,,,,,,,,,,,,,,,,,,,,,,,,,,,,,
20,,,19334,,,,,,,,,,,,,,,,,,,,,,,,,,,,,,,,,,,,0.6060206890106201,,,,,,,,,,,,,,,,,,,,,,,,,,,,,,,,,,,,
20,,,19339,,,,,,,,,,,,,,,,,,,,,,,,,,,,,,,,,,,,0.22291111946105957,,,,,,,,,,,,,,,,,,,,,,,,,,,,,,,,,,,,
20,,,19340,,,,,,,,,,,,,,,,,,,,,,,,,,,,,,,,,,,,,0.7834445238113403,0.7462533712387085,0.6440110206604004,0.7226788997650146,0.7834445238113403,0.0,0.8701306581497192,0.8542162179946899,0.9508116841316223,0.4586195647716522,0.0,0.8939467072486877,0.8369812965393066,0.9156935214996338,0.33839184045791626,0.0,0.8082311153411865,0.7196627855300903,0.8444969654083252,0.20365320146083832,0.0,0.91910320520401,0.820428192615509,0.8830771446228027,0.26810717582702637,0.0,0.8701306581497192,0.8542162179946899,0.9508116841316223,0.4586195647716522,0.859093189239502,0.859093189239502,0.7529915571212769,0.859093189239502,0.859093189239502,0.42136386036872864
20,,,19340,0.7582833766937256,0.7442507743835449,0.6428557634353638,0.7327660322189331,0.7582833766937256,0.0,0.8786716461181641,0.8515761494636536,0.9306657910346985,0.37222009897232056,0.0,0.8930843472480774,0.8366115689277649,0.9179468750953674,0.3293602764606476,0.0,0.8068225383758545,0.7191162705421448,0.8483380675315857,0.1971461921930313,0.0,0.9079778790473938,0.8221638798713684,0.905570924282074,0.2953515648841858,0.0,0.8786716461181641,0.8515761494636536,0.9306657910346985,0.37222009897232056,0.8606611490249634,0.8606611490249634,0.7554041743278503,0.8606611490249634,0.8606611490249634,,,,,,,,,,,,,,,,,,,,,,,,,,,,,,,,,,,,,
,1e-05,0.0001,19341,,,,,,,,,,,,,,,,,,,,,,,,,,,,,,,,,,,,,,,,,,,,,,,,,,,,,,,,,,,,,,,,,,,,,,,,
21,,,19344,,,,,,,,,,,,,,,,,,,,,,,,,,,,,,,,,,,,0.3002910614013672,,,,,,,,,,,,,,,,,,,,,,,,,,,,,,,,,,,,
21,,,19349,,,,,,,,,,,,,,,,,,,,,,,,,,,,,,,,,,,,0.7264744639396667,,,,,,,,,,,,,,,,,,,,,,,,,,,,,,,,,,,,
21,,,19354,,,,,,,,,,,,,,,,,,,,,,,,,,,,,,,,,,,,0.25873950123786926,,,,,,,,,,,,,,,,,,,,,,,,,,,,,,,,,,,,
21,,,19359,,,,,,,,,,,,,,,,,,,,,,,,,,,,,,,,,,,,0.6013938784599304,,,,,,,,,,,,,,,,,,,,,,,,,,,,,,,,,,,,
21,,,19364,,,,,,,,,,,,,,,,,,,,,,,,,,,,,,,,,,,,0.2373742163181305,,,,,,,,,,,,,,,,,,,,,,,,,,,,,,,,,,,,
21,,,19369,,,,,,,,,,,,,,,,,,,,,,,,,,,,,,,,,,,,0.5903759598731995,,,,,,,,,,,,,,,,,,,,,,,,,,,,,,,,,,,,
21,,,19374,,,,,,,,,,,,,,,,,,,,,,,,,,,,,,,,,,,,0.29831984639167786,,,,,,,,,,,,,,,,,,,,,,,,,,,,,,,,,,,,
21,,,19379,,,,,,,,,,,,,,,,,,,,,,,,,,,,,,,,,,,,0.23283711075782776,,,,,,,,,,,,,,,,,,,,,,,,,,,,,,,,,,,,
21,,,19384,,,,,,,,,,,,,,,,,,,,,,,,,,,,,,,,,,,,0.48045849800109863,,,,,,,,,,,,,,,,,,,,,,,,,,,,,,,,,,,,
21,,,19389,,,,,,,,,,,,,,,,,,,,,,,,,,,,,,,,,,,,0.5984156131744385,,,,,,,,,,,,,,,,,,,,,,,,,,,,,,,,,,,,
21,,,19394,,,,,,,,,,,,,,,,,,,,,,,,,,,,,,,,,,,,0.23702549934387207,,,,,,,,,,,,,,,,,,,,,,,,,,,,,,,,,,,,
21,,,19399,,,,,,,,,,,,,,,,,,,,,,,,,,,,,,,,,,,,0.3705546259880066,,,,,,,,,,,,,,,,,,,,,,,,,,,,,,,,,,,,
21,,,19404,,,,,,,,,,,,,,,,,,,,,,,,,,,,,,,,,,,,0.5360401272773743,,,,,,,,,,,,,,,,,,,,,,,,,,,,,,,,,,,,
21,,,19409,,,,,,,,,,,,,,,,,,,,,,,,,,,,,,,,,,,,0.25306937098503113,,,,,,,,,,,,,,,,,,,,,,,,,,,,,,,,,,,,
21,,,19414,,,,,,,,,,,,,,,,,,,,,,,,,,,,,,,,,,,,0.29187893867492676,,,,,,,,,,,,,,,,,,,,,,,,,,,,,,,,,,,,
21,,,19419,,,,,,,,,,,,,,,,,,,,,,,,,,,,,,,,,,,,0.3429621458053589,,,,,,,,,,,,,,,,,,,,,,,,,,,,,,,,,,,,
21,,,19424,,,,,,,,,,,,,,,,,,,,,,,,,,,,,,,,,,,,0.18055123090744019,,,,,,,,,,,,,,,,,,,,,,,,,,,,,,,,,,,,
21,,,19429,,,,,,,,,,,,,,,,,,,,,,,,,,,,,,,,,,,,0.6083013415336609,,,,,,,,,,,,,,,,,,,,,,,,,,,,,,,,,,,,
21,,,19434,,,,,,,,,,,,,,,,,,,,,,,,,,,,,,,,,,,,0.3420720100402832,,,,,,,,,,,,,,,,,,,,,,,,,,,,,,,,,,,,
21,,,19439,,,,,,,,,,,,,,,,,,,,,,,,,,,,,,,,,,,,0.48928093910217285,,,,,,,,,,,,,,,,,,,,,,,,,,,,,,,,,,,,
21,,,19444,,,,,,,,,,,,,,,,,,,,,,,,,,,,,,,,,,,,0.30060335993766785,,,,,,,,,,,,,,,,,,,,,,,,,,,,,,,,,,,,
21,,,19449,,,,,,,,,,,,,,,,,,,,,,,,,,,,,,,,,,,,0.3393585979938507,,,,,,,,,,,,,,,,,,,,,,,,,,,,,,,,,,,,
21,,,19454,,,,,,,,,,,,,,,,,,,,,,,,,,,,,,,,,,,,0.6263383626937866,,,,,,,,,,,,,,,,,,,,,,,,,,,,,,,,,,,,
21,,,19459,,,,,,,,,,,,,,,,,,,,,,,,,,,,,,,,,,,,0.6023047566413879,,,,,,,,,,,,,,,,,,,,,,,,,,,,,,,,,,,,
21,,,19464,,,,,,,,,,,,,,,,,,,,,,,,,,,,,,,,,,,,0.32001641392707825,,,,,,,,,,,,,,,,,,,,,,,,,,,,,,,,,,,,
21,,,19469,,,,,,,,,,,,,,,,,,,,,,,,,,,,,,,,,,,,0.26069560647010803,,,,,,,,,,,,,,,,,,,,,,,,,,,,,,,,,,,,
21,,,19474,,,,,,,,,,,,,,,,,,,,,,,,,,,,,,,,,,,,0.22501739859580994,,,,,,,,,,,,,,,,,,,,,,,,,,,,,,,,,,,,
21,,,19479,,,,,,,,,,,,,,,,,,,,,,,,,,,,,,,,,,,,0.6270809173583984,,,,,,,,,,,,,,,,,,,,,,,,,,,,,,,,,,,,
21,,,19484,,,,,,,,,,,,,,,,,,,,,,,,,,,,,,,,,,,,0.27524489164352417,,,,,,,,,,,,,,,,,,,,,,,,,,,,,,,,,,,,
21,,,19489,,,,,,,,,,,,,,,,,,,,,,,,,,,,,,,,,,,,0.2528156042098999,,,,,,,,,,,,,,,,,,,,,,,,,,,,,,,,,,,,
21,,,19494,,,,,,,,,,,,,,,,,,,,,,,,,,,,,,,,,,,,0.2252887785434723,,,,,,,,,,,,,,,,,,,,,,,,,,,,,,,,,,,,
21,,,19499,,,,,,,,,,,,,,,,,,,,,,,,,,,,,,,,,,,,0.2269478142261505,,,,,,,,,,,,,,,,,,,,,,,,,,,,,,,,,,,,
21,,,19504,,,,,,,,,,,,,,,,,,,,,,,,,,,,,,,,,,,,0.475347638130188,,,,,,,,,,,,,,,,,,,,,,,,,,,,,,,,,,,,
21,,,19509,,,,,,,,,,,,,,,,,,,,,,,,,,,,,,,,,,,,0.3568953573703766,,,,,,,,,,,,,,,,,,,,,,,,,,,,,,,,,,,,
21,,,19514,,,,,,,,,,,,,,,,,,,,,,,,,,,,,,,,,,,,0.5616645812988281,,,,,,,,,,,,,,,,,,,,,,,,,,,,,,,,,,,,
21,,,19519,,,,,,,,,,,,,,,,,,,,,,,,,,,,,,,,,,,,0.21009695529937744,,,,,,,,,,,,,,,,,,,,,,,,,,,,,,,,,,,,
21,,,19524,,,,,,,,,,,,,,,,,,,,,,,,,,,,,,,,,,,,0.5641998052597046,,,,,,,,,,,,,,,,,,,,,,,,,,,,,,,,,,,,
21,,,19529,,,,,,,,,,,,,,,,,,,,,,,,,,,,,,,,,,,,0.5831427574157715,,,,,,,,,,,,,,,,,,,,,,,,,,,,,,,,,,,,
21,,,19534,,,,,,,,,,,,,,,,,,,,,,,,,,,,,,,,,,,,0.5771372318267822,,,,,,,,,,,,,,,,,,,,,,,,,,,,,,,,,,,,
21,,,19539,,,,,,,,,,,,,,,,,,,,,,,,,,,,,,,,,,,,0.26635807752609253,,,,,,,,,,,,,,,,,,,,,,,,,,,,,,,,,,,,
21,,,19544,,,,,,,,,,,,,,,,,,,,,,,,,,,,,,,,,,,,0.2880238890647888,,,,,,,,,,,,,,,,,,,,,,,,,,,,,,,,,,,,
21,,,19549,,,,,,,,,,,,,,,,,,,,,,,,,,,,,,,,,,,,0.6077843904495239,,,,,,,,,,,,,,,,,,,,,,,,,,,,,,,,,,,,
21,,,19554,,,,,,,,,,,,,,,,,,,,,,,,,,,,,,,,,,,,0.30316466093063354,,,,,,,,,,,,,,,,,,,,,,,,,,,,,,,,,,,,
21,,,19559,,,,,,,,,,,,,,,,,,,,,,,,,,,,,,,,,,,,0.3376745879650116,,,,,,,,,,,,,,,,,,,,,,,,,,,,,,,,,,,,
21,,,19564,,,,,,,,,,,,,,,,,,,,,,,,,,,,,,,,,,,,0.27016085386276245,,,,,,,,,,,,,,,,,,,,,,,,,,,,,,,,,,,,
21,,,19569,,,,,,,,,,,,,,,,,,,,,,,,,,,,,,,,,,,,0.37538930773735046,,,,,,,,,,,,,,,,,,,,,,,,,,,,,,,,,,,,
21,,,19574,,,,,,,,,,,,,,,,,,,,,,,,,,,,,,,,,,,,0.6079277396202087,,,,,,,,,,,,,,,,,,,,,,,,,,,,,,,,,,,,
21,,,19579,,,,,,,,,,,,,,,,,,,,,,,,,,,,,,,,,,,,0.19976437091827393,,,,,,,,,,,,,,,,,,,,,,,,,,,,,,,,,,,,
21,,,19584,,,,,,,,,,,,,,,,,,,,,,,,,,,,,,,,,,,,0.30112624168395996,,,,,,,,,,,,,,,,,,,,,,,,,,,,,,,,,,,,
21,,,19589,,,,,,,,,,,,,,,,,,,,,,,,,,,,,,,,,,,,0.3069920241832733,,,,,,,,,,,,,,,,,,,,,,,,,,,,,,,,,,,,
21,,,19594,,,,,,,,,,,,,,,,,,,,,,,,,,,,,,,,,,,,0.3380158543586731,,,,,,,,,,,,,,,,,,,,,,,,,,,,,,,,,,,,
21,,,19599,,,,,,,,,,,,,,,,,,,,,,,,,,,,,,,,,,,,0.350411593914032,,,,,,,,,,,,,,,,,,,,,,,,,,,,,,,,,,,,
21,,,19604,,,,,,,,,,,,,,,,,,,,,,,,,,,,,,,,,,,,0.1710643768310547,,,,,,,,,,,,,,,,,,,,,,,,,,,,,,,,,,,,
21,,,19609,,,,,,,,,,,,,,,,,,,,,,,,,,,,,,,,,,,,0.3070906400680542,,,,,,,,,,,,,,,,,,,,,,,,,,,,,,,,,,,,
21,,,19614,,,,,,,,,,,,,,,,,,,,,,,,,,,,,,,,,,,,0.1477489471435547,,,,,,,,,,,,,,,,,,,,,,,,,,,,,,,,,,,,
21,,,19619,,,,,,,,,,,,,,,,,,,,,,,,,,,,,,,,,,,,0.5570815801620483,,,,,,,,,,,,,,,,,,,,,,,,,,,,,,,,,,,,
21,,,19624,,,,,,,,,,,,,,,,,,,,,,,,,,,,,,,,,,,,0.42052412033081055,,,,,,,,,,,,,,,,,,,,,,,,,,,,,,,,,,,,
21,,,19629,,,,,,,,,,,,,,,,,,,,,,,,,,,,,,,,,,,,0.6265464425086975,,,,,,,,,,,,,,,,,,,,,,,,,,,,,,,,,,,,
21,,,19634,,,,,,,,,,,,,,,,,,,,,,,,,,,,,,,,,,,,0.23682403564453125,,,,,,,,,,,,,,,,,,,,,,,,,,,,,,,,,,,,
21,,,19639,,,,,,,,,,,,,,,,,,,,,,,,,,,,,,,,,,,,0.305320143699646,,,,,,,,,,,,,,,,,,,,,,,,,,,,,,,,,,,,
21,,,19644,,,,,,,,,,,,,,,,,,,,,,,,,,,,,,,,,,,,0.46113401651382446,,,,,,,,,,,,,,,,,,,,,,,,,,,,,,,,,,,,
21,,,19649,,,,,,,,,,,,,,,,,,,,,,,,,,,,,,,,,,,,0.2920767664909363,,,,,,,,,,,,,,,,,,,,,,,,,,,,,,,,,,,,
21,,,19654,,,,,,,,,,,,,,,,,,,,,,,,,,,,,,,,,,,,0.3807240128517151,,,,,,,,,,,,,,,,,,,,,,,,,,,,,,,,,,,,
21,,,19659,,,,,,,,,,,,,,,,,,,,,,,,,,,,,,,,,,,,0.27271604537963867,,,,,,,,,,,,,,,,,,,,,,,,,,,,,,,,,,,,
21,,,19664,,,,,,,,,,,,,,,,,,,,,,,,,,,,,,,,,,,,0.26752594113349915,,,,,,,,,,,,,,,,,,,,,,,,,,,,,,,,,,,,
21,,,19669,,,,,,,,,,,,,,,,,,,,,,,,,,,,,,,,,,,,0.23359918594360352,,,,,,,,,,,,,,,,,,,,,,,,,,,,,,,,,,,,
21,,,19674,,,,,,,,,,,,,,,,,,,,,,,,,,,,,,,,,,,,0.20765820145606995,,,,,,,,,,,,,,,,,,,,,,,,,,,,,,,,,,,,
21,,,19679,,,,,,,,,,,,,,,,,,,,,,,,,,,,,,,,,,,,0.2015170454978943,,,,,,,,,,,,,,,,,,,,,,,,,,,,,,,,,,,,
21,,,19684,,,,,,,,,,,,,,,,,,,,,,,,,,,,,,,,,,,,0.29767659306526184,,,,,,,,,,,,,,,,,,,,,,,,,,,,,,,,,,,,
21,,,19689,,,,,,,,,,,,,,,,,,,,,,,,,,,,,,,,,,,,0.3759685158729553,,,,,,,,,,,,,,,,,,,,,,,,,,,,,,,,,,,,
21,,,19694,,,,,,,,,,,,,,,,,,,,,,,,,,,,,,,,,,,,0.5801271200180054,,,,,,,,,,,,,,,,,,,,,,,,,,,,,,,,,,,,
21,,,19699,,,,,,,,,,,,,,,,,,,,,,,,,,,,,,,,,,,,0.29746168851852417,,,,,,,,,,,,,,,,,,,,,,,,,,,,,,,,,,,,
21,,,19704,,,,,,,,,,,,,,,,,,,,,,,,,,,,,,,,,,,,0.33928021788597107,,,,,,,,,,,,,,,,,,,,,,,,,,,,,,,,,,,,
21,,,19709,,,,,,,,,,,,,,,,,,,,,,,,,,,,,,,,,,,,0.25024229288101196,,,,,,,,,,,,,,,,,,,,,,,,,,,,,,,,,,,,
21,,,19714,,,,,,,,,,,,,,,,,,,,,,,,,,,,,,,,,,,,0.3037203252315521,,,,,,,,,,,,,,,,,,,,,,,,,,,,,,,,,,,,
21,,,19719,,,,,,,,,,,,,,,,,,,,,,,,,,,,,,,,,,,,0.4690397381782532,,,,,,,,,,,,,,,,,,,,,,,,,,,,,,,,,,,,
21,,,19724,,,,,,,,,,,,,,,,,,,,,,,,,,,,,,,,,,,,0.36063581705093384,,,,,,,,,,,,,,,,,,,,,,,,,,,,,,,,,,,,
21,,,19729,,,,,,,,,,,,,,,,,,,,,,,,,,,,,,,,,,,,0.2680469751358032,,,,,,,,,,,,,,,,,,,,,,,,,,,,,,,,,,,,
21,,,19734,,,,,,,,,,,,,,,,,,,,,,,,,,,,,,,,,,,,0.27074453234672546,,,,,,,,,,,,,,,,,,,,,,,,,,,,,,,,,,,,
21,,,19739,,,,,,,,,,,,,,,,,,,,,,,,,,,,,,,,,,,,0.24818718433380127,,,,,,,,,,,,,,,,,,,,,,,,,,,,,,,,,,,,
21,,,19744,,,,,,,,,,,,,,,,,,,,,,,,,,,,,,,,,,,,0.29553672671318054,,,,,,,,,,,,,,,,,,,,,,,,,,,,,,,,,,,,
21,,,19749,,,,,,,,,,,,,,,,,,,,,,,,,,,,,,,,,,,,0.3033974766731262,,,,,,,,,,,,,,,,,,,,,,,,,,,,,,,,,,,,
21,,,19754,,,,,,,,,,,,,,,,,,,,,,,,,,,,,,,,,,,,0.17834562063217163,,,,,,,,,,,,,,,,,,,,,,,,,,,,,,,,,,,,
21,,,19759,,,,,,,,,,,,,,,,,,,,,,,,,,,,,,,,,,,,0.2726357579231262,,,,,,,,,,,,,,,,,,,,,,,,,,,,,,,,,,,,
21,,,19764,,,,,,,,,,,,,,,,,,,,,,,,,,,,,,,,,,,,0.6540178060531616,,,,,,,,,,,,,,,,,,,,,,,,,,,,,,,,,,,,
21,,,19769,,,,,,,,,,,,,,,,,,,,,,,,,,,,,,,,,,,,0.4780331254005432,,,,,,,,,,,,,,,,,,,,,,,,,,,,,,,,,,,,
21,,,19774,,,,,,,,,,,,,,,,,,,,,,,,,,,,,,,,,,,,0.26033276319503784,,,,,,,,,,,,,,,,,,,,,,,,,,,,,,,,,,,,
21,,,19779,,,,,,,,,,,,,,,,,,,,,,,,,,,,,,,,,,,,0.46442192792892456,,,,,,,,,,,,,,,,,,,,,,,,,,,,,,,,,,,,
21,,,19784,,,,,,,,,,,,,,,,,,,,,,,,,,,,,,,,,,,,0.19899716973304749,,,,,,,,,,,,,,,,,,,,,,,,,,,,,,,,,,,,
21,,,19789,,,,,,,,,,,,,,,,,,,,,,,,,,,,,,,,,,,,0.3844239413738251,,,,,,,,,,,,,,,,,,,,,,,,,,,,,,,,,,,,
21,,,19794,,,,,,,,,,,,,,,,,,,,,,,,,,,,,,,,,,,,0.1537829339504242,,,,,,,,,,,,,,,,,,,,,,,,,,,,,,,,,,,,
21,,,19799,,,,,,,,,,,,,,,,,,,,,,,,,,,,,,,,,,,,0.6093912124633789,,,,,,,,,,,,,,,,,,,,,,,,,,,,,,,,,,,,
21,,,19804,,,,,,,,,,,,,,,,,,,,,,,,,,,,,,,,,,,,0.5886898040771484,,,,,,,,,,,,,,,,,,,,,,,,,,,,,,,,,,,,
21,,,19809,,,,,,,,,,,,,,,,,,,,,,,,,,,,,,,,,,,,0.4313649833202362,,,,,,,,,,,,,,,,,,,,,,,,,,,,,,,,,,,,
21,,,19814,,,,,,,,,,,,,,,,,,,,,,,,,,,,,,,,,,,,0.23597022891044617,,,,,,,,,,,,,,,,,,,,,,,,,,,,,,,,,,,,
21,,,19819,,,,,,,,,,,,,,,,,,,,,,,,,,,,,,,,,,,,0.2307600975036621,,,,,,,,,,,,,,,,,,,,,,,,,,,,,,,,,,,,
21,,,19824,,,,,,,,,,,,,,,,,,,,,,,,,,,,,,,,,,,,0.662229597568512,,,,,,,,,,,,,,,,,,,,,,,,,,,,,,,,,,,,
21,,,19829,,,,,,,,,,,,,,,,,,,,,,,,,,,,,,,,,,,,0.33480918407440186,,,,,,,,,,,,,,,,,,,,,,,,,,,,,,,,,,,,
21,,,19834,,,,,,,,,,,,,,,,,,,,,,,,,,,,,,,,,,,,0.5860893130302429,,,,,,,,,,,,,,,,,,,,,,,,,,,,,,,,,,,,
21,,,19839,,,,,,,,,,,,,,,,,,,,,,,,,,,,,,,,,,,,0.3818860650062561,,,,,,,,,,,,,,,,,,,,,,,,,,,,,,,,,,,,
21,,,19844,,,,,,,,,,,,,,,,,,,,,,,,,,,,,,,,,,,,0.16424936056137085,,,,,,,,,,,,,,,,,,,,,,,,,,,,,,,,,,,,
21,,,19849,,,,,,,,,,,,,,,,,,,,,,,,,,,,,,,,,,,,0.3411819338798523,,,,,,,,,,,,,,,,,,,,,,,,,,,,,,,,,,,,
21,,,19854,,,,,,,,,,,,,,,,,,,,,,,,,,,,,,,,,,,,0.3829585909843445,,,,,,,,,,,,,,,,,,,,,,,,,,,,,,,,,,,,
21,,,19859,,,,,,,,,,,,,,,,,,,,,,,,,,,,,,,,,,,,0.27230364084243774,,,,,,,,,,,,,,,,,,,,,,,,,,,,,,,,,,,,
21,,,19864,,,,,,,,,,,,,,,,,,,,,,,,,,,,,,,,,,,,0.30614423751831055,,,,,,,,,,,,,,,,,,,,,,,,,,,,,,,,,,,,
21,,,19869,,,,,,,,,,,,,,,,,,,,,,,,,,,,,,,,,,,,0.3229309022426605,,,,,,,,,,,,,,,,,,,,,,,,,,,,,,,,,,,,
21,,,19874,,,,,,,,,,,,,,,,,,,,,,,,,,,,,,,,,,,,0.2952403426170349,,,,,,,,,,,,,,,,,,,,,,,,,,,,,,,,,,,,
21,,,19879,,,,,,,,,,,,,,,,,,,,,,,,,,,,,,,,,,,,0.5890576839447021,,,,,,,,,,,,,,,,,,,,,,,,,,,,,,,,,,,,
21,,,19884,,,,,,,,,,,,,,,,,,,,,,,,,,,,,,,,,,,,0.5676659345626831,,,,,,,,,,,,,,,,,,,,,,,,,,,,,,,,,,,,
21,,,19889,,,,,,,,,,,,,,,,,,,,,,,,,,,,,,,,,,,,0.2617972493171692,,,,,,,,,,,,,,,,,,,,,,,,,,,,,,,,,,,,
21,,,19894,,,,,,,,,,,,,,,,,,,,,,,,,,,,,,,,,,,,0.20284602046012878,,,,,,,,,,,,,,,,,,,,,,,,,,,,,,,,,,,,
21,,,19899,,,,,,,,,,,,,,,,,,,,,,,,,,,,,,,,,,,,0.2261371910572052,,,,,,,,,,,,,,,,,,,,,,,,,,,,,,,,,,,,
21,,,19904,,,,,,,,,,,,,,,,,,,,,,,,,,,,,,,,,,,,0.613983154296875,,,,,,,,,,,,,,,,,,,,,,,,,,,,,,,,,,,,
21,,,19909,,,,,,,,,,,,,,,,,,,,,,,,,,,,,,,,,,,,0.22943055629730225,,,,,,,,,,,,,,,,,,,,,,,,,,,,,,,,,,,,
21,,,19914,,,,,,,,,,,,,,,,,,,,,,,,,,,,,,,,,,,,0.2796371281147003,,,,,,,,,,,,,,,,,,,,,,,,,,,,,,,,,,,,
21,,,19919,,,,,,,,,,,,,,,,,,,,,,,,,,,,,,,,,,,,0.3154976963996887,,,,,,,,,,,,,,,,,,,,,,,,,,,,,,,,,,,,
21,,,19924,,,,,,,,,,,,,,,,,,,,,,,,,,,,,,,,,,,,0.22070643305778503,,,,,,,,,,,,,,,,,,,,,,,,,,,,,,,,,,,,
21,,,19929,,,,,,,,,,,,,,,,,,,,,,,,,,,,,,,,,,,,0.1913752555847168,,,,,,,,,,,,,,,,,,,,,,,,,,,,,,,,,,,,
21,,,19934,,,,,,,,,,,,,,,,,,,,,,,,,,,,,,,,,,,,0.6480820775032043,,,,,,,,,,,,,,,,,,,,,,,,,,,,,,,,,,,,
21,,,19939,,,,,,,,,,,,,,,,,,,,,,,,,,,,,,,,,,,,0.45952194929122925,,,,,,,,,,,,,,,,,,,,,,,,,,,,,,,,,,,,
21,,,19944,,,,,,,,,,,,,,,,,,,,,,,,,,,,,,,,,,,,0.18788586556911469,,,,,,,,,,,,,,,,,,,,,,,,,,,,,,,,,,,,
21,,,19949,,,,,,,,,,,,,,,,,,,,,,,,,,,,,,,,,,,,0.20823851227760315,,,,,,,,,,,,,,,,,,,,,,,,,,,,,,,,,,,,
21,,,19954,,,,,,,,,,,,,,,,,,,,,,,,,,,,,,,,,,,,0.3277581036090851,,,,,,,,,,,,,,,,,,,,,,,,,,,,,,,,,,,,
21,,,19959,,,,,,,,,,,,,,,,,,,,,,,,,,,,,,,,,,,,0.23318040370941162,,,,,,,,,,,,,,,,,,,,,,,,,,,,,,,,,,,,
21,,,19964,,,,,,,,,,,,,,,,,,,,,,,,,,,,,,,,,,,,0.6290270686149597,,,,,,,,,,,,,,,,,,,,,,,,,,,,,,,,,,,,
21,,,19969,,,,,,,,,,,,,,,,,,,,,,,,,,,,,,,,,,,,0.4785500466823578,,,,,,,,,,,,,,,,,,,,,,,,,,,,,,,,,,,,
21,,,19974,,,,,,,,,,,,,,,,,,,,,,,,,,,,,,,,,,,,0.5932815670967102,,,,,,,,,,,,,,,,,,,,,,,,,,,,,,,,,,,,
21,,,19979,,,,,,,,,,,,,,,,,,,,,,,,,,,,,,,,,,,,0.23821859061717987,,,,,,,,,,,,,,,,,,,,,,,,,,,,,,,,,,,,
21,,,19984,,,,,,,,,,,,,,,,,,,,,,,,,,,,,,,,,,,,0.5599765777587891,,,,,,,,,,,,,,,,,,,,,,,,,,,,,,,,,,,,
21,,,19989,,,,,,,,,,,,,,,,,,,,,,,,,,,,,,,,,,,,0.2698189616203308,,,,,,,,,,,,,,,,,,,,,,,,,,,,,,,,,,,,
21,,,19994,,,,,,,,,,,,,,,,,,,,,,,,,,,,,,,,,,,,0.6269038319587708,,,,,,,,,,,,,,,,,,,,,,,,,,,,,,,,,,,,
21,,,19999,,,,,,,,,,,,,,,,,,,,,,,,,,,,,,,,,,,,0.5464365482330322,,,,,,,,,,,,,,,,,,,,,,,,,,,,,,,,,,,,
21,,,20004,,,,,,,,,,,,,,,,,,,,,,,,,,,,,,,,,,,,0.4368927478790283,,,,,,,,,,,,,,,,,,,,,,,,,,,,,,,,,,,,
21,,,20009,,,,,,,,,,,,,,,,,,,,,,,,,,,,,,,,,,,,0.3131060302257538,,,,,,,,,,,,,,,,,,,,,,,,,,,,,,,,,,,,
21,,,20014,,,,,,,,,,,,,,,,,,,,,,,,,,,,,,,,,,,,0.5148760676383972,,,,,,,,,,,,,,,,,,,,,,,,,,,,,,,,,,,,
21,,,20019,,,,,,,,,,,,,,,,,,,,,,,,,,,,,,,,,,,,0.3129630982875824,,,,,,,,,,,,,,,,,,,,,,,,,,,,,,,,,,,,
21,,,20024,,,,,,,,,,,,,,,,,,,,,,,,,,,,,,,,,,,,0.253406822681427,,,,,,,,,,,,,,,,,,,,,,,,,,,,,,,,,,,,
21,,,20029,,,,,,,,,,,,,,,,,,,,,,,,,,,,,,,,,,,,0.35367873311042786,,,,,,,,,,,,,,,,,,,,,,,,,,,,,,,,,,,,
21,,,20034,,,,,,,,,,,,,,,,,,,,,,,,,,,,,,,,,,,,0.6501600742340088,,,,,,,,,,,,,,,,,,,,,,,,,,,,,,,,,,,,
21,,,20039,,,,,,,,,,,,,,,,,,,,,,,,,,,,,,,,,,,,0.3963903784751892,,,,,,,,,,,,,,,,,,,,,,,,,,,,,,,,,,,,
21,,,20044,,,,,,,,,,,,,,,,,,,,,,,,,,,,,,,,,,,,0.3754016160964966,,,,,,,,,,,,,,,,,,,,,,,,,,,,,,,,,,,,
21,,,20049,,,,,,,,,,,,,,,,,,,,,,,,,,,,,,,,,,,,0.4129071831703186,,,,,,,,,,,,,,,,,,,,,,,,,,,,,,,,,,,,
21,,,20054,,,,,,,,,,,,,,,,,,,,,,,,,,,,,,,,,,,,0.30903059244155884,,,,,,,,,,,,,,,,,,,,,,,,,,,,,,,,,,,,
21,,,20059,,,,,,,,,,,,,,,,,,,,,,,,,,,,,,,,,,,,0.2588626742362976,,,,,,,,,,,,,,,,,,,,,,,,,,,,,,,,,,,,
21,,,20064,,,,,,,,,,,,,,,,,,,,,,,,,,,,,,,,,,,,0.23430725932121277,,,,,,,,,,,,,,,,,,,,,,,,,,,,,,,,,,,,
21,,,20069,,,,,,,,,,,,,,,,,,,,,,,,,,,,,,,,,,,,0.17186087369918823,,,,,,,,,,,,,,,,,,,,,,,,,,,,,,,,,,,,
21,,,20074,,,,,,,,,,,,,,,,,,,,,,,,,,,,,,,,,,,,0.5554876923561096,,,,,,,,,,,,,,,,,,,,,,,,,,,,,,,,,,,,
21,,,20079,,,,,,,,,,,,,,,,,,,,,,,,,,,,,,,,,,,,0.6274936199188232,,,,,,,,,,,,,,,,,,,,,,,,,,,,,,,,,,,,
21,,,20084,,,,,,,,,,,,,,,,,,,,,,,,,,,,,,,,,,,,0.6463359594345093,,,,,,,,,,,,,,,,,,,,,,,,,,,,,,,,,,,,
21,,,20089,,,,,,,,,,,,,,,,,,,,,,,,,,,,,,,,,,,,0.274436354637146,,,,,,,,,,,,,,,,,,,,,,,,,,,,,,,,,,,,
21,,,20094,,,,,,,,,,,,,,,,,,,,,,,,,,,,,,,,,,,,0.4841076135635376,,,,,,,,,,,,,,,,,,,,,,,,,,,,,,,,,,,,
21,,,20099,,,,,,,,,,,,,,,,,,,,,,,,,,,,,,,,,,,,0.6052701473236084,,,,,,,,,,,,,,,,,,,,,,,,,,,,,,,,,,,,
21,,,20104,,,,,,,,,,,,,,,,,,,,,,,,,,,,,,,,,,,,0.37691783905029297,,,,,,,,,,,,,,,,,,,,,,,,,,,,,,,,,,,,
21,,,20109,,,,,,,,,,,,,,,,,,,,,,,,,,,,,,,,,,,,0.2711789906024933,,,,,,,,,,,,,,,,,,,,,,,,,,,,,,,,,,,,
21,,,20114,,,,,,,,,,,,,,,,,,,,,,,,,,,,,,,,,,,,0.406801700592041,,,,,,,,,,,,,,,,,,,,,,,,,,,,,,,,,,,,
21,,,20119,,,,,,,,,,,,,,,,,,,,,,,,,,,,,,,,,,,,0.21229048073291779,,,,,,,,,,,,,,,,,,,,,,,,,,,,,,,,,,,,
21,,,20124,,,,,,,,,,,,,,,,,,,,,,,,,,,,,,,,,,,,0.3058522045612335,,,,,,,,,,,,,,,,,,,,,,,,,,,,,,,,,,,,
21,,,20129,,,,,,,,,,,,,,,,,,,,,,,,,,,,,,,,,,,,0.17193305492401123,,,,,,,,,,,,,,,,,,,,,,,,,,,,,,,,,,,,
21,,,20134,,,,,,,,,,,,,,,,,,,,,,,,,,,,,,,,,,,,0.22502705454826355,,,,,,,,,,,,,,,,,,,,,,,,,,,,,,,,,,,,
21,,,20139,,,,,,,,,,,,,,,,,,,,,,,,,,,,,,,,,,,,0.6227694749832153,,,,,,,,,,,,,,,,,,,,,,,,,,,,,,,,,,,,
21,,,20144,,,,,,,,,,,,,,,,,,,,,,,,,,,,,,,,,,,,0.2975269854068756,,,,,,,,,,,,,,,,,,,,,,,,,,,,,,,,,,,,
21,,,20149,,,,,,,,,,,,,,,,,,,,,,,,,,,,,,,,,,,,0.27158504724502563,,,,,,,,,,,,,,,,,,,,,,,,,,,,,,,,,,,,
21,,,20154,,,,,,,,,,,,,,,,,,,,,,,,,,,,,,,,,,,,0.37395918369293213,,,,,,,,,,,,,,,,,,,,,,,,,,,,,,,,,,,,
21,,,20159,,,,,,,,,,,,,,,,,,,,,,,,,,,,,,,,,,,,0.2566322982311249,,,,,,,,,,,,,,,,,,,,,,,,,,,,,,,,,,,,
21,,,20164,,,,,,,,,,,,,,,,,,,,,,,,,,,,,,,,,,,,0.3139913082122803,,,,,,,,,,,,,,,,,,,,,,,,,,,,,,,,,,,,
21,,,20169,,,,,,,,,,,,,,,,,,,,,,,,,,,,,,,,,,,,0.26950621604919434,,,,,,,,,,,,,,,,,,,,,,,,,,,,,,,,,,,,
21,,,20174,,,,,,,,,,,,,,,,,,,,,,,,,,,,,,,,,,,,0.224603533744812,,,,,,,,,,,,,,,,,,,,,,,,,,,,,,,,,,,,
21,,,20179,,,,,,,,,,,,,,,,,,,,,,,,,,,,,,,,,,,,0.5299609899520874,,,,,,,,,,,,,,,,,,,,,,,,,,,,,,,,,,,,
21,,,20184,,,,,,,,,,,,,,,,,,,,,,,,,,,,,,,,,,,,0.3740212321281433,,,,,,,,,,,,,,,,,,,,,,,,,,,,,,,,,,,,
21,,,20189,,,,,,,,,,,,,,,,,,,,,,,,,,,,,,,,,,,,0.3203326165676117,,,,,,,,,,,,,,,,,,,,,,,,,,,,,,,,,,,,
21,,,20194,,,,,,,,,,,,,,,,,,,,,,,,,,,,,,,,,,,,0.19754832983016968,,,,,,,,,,,,,,,,,,,,,,,,,,,,,,,,,,,,
21,,,20199,,,,,,,,,,,,,,,,,,,,,,,,,,,,,,,,,,,,0.3857229948043823,,,,,,,,,,,,,,,,,,,,,,,,,,,,,,,,,,,,
21,,,20204,,,,,,,,,,,,,,,,,,,,,,,,,,,,,,,,,,,,0.25621530413627625,,,,,,,,,,,,,,,,,,,,,,,,,,,,,,,,,,,,
21,,,20209,,,,,,,,,,,,,,,,,,,,,,,,,,,,,,,,,,,,0.5820988416671753,,,,,,,,,,,,,,,,,,,,,,,,,,,,,,,,,,,,
21,,,20214,,,,,,,,,,,,,,,,,,,,,,,,,,,,,,,,,,,,0.23039305210113525,,,,,,,,,,,,,,,,,,,,,,,,,,,,,,,,,,,,
21,,,20219,,,,,,,,,,,,,,,,,,,,,,,,,,,,,,,,,,,,0.2736717760562897,,,,,,,,,,,,,,,,,,,,,,,,,,,,,,,,,,,,
21,,,20224,,,,,,,,,,,,,,,,,,,,,,,,,,,,,,,,,,,,0.3252599239349365,,,,,,,,,,,,,,,,,,,,,,,,,,,,,,,,,,,,
21,,,20229,,,,,,,,,,,,,,,,,,,,,,,,,,,,,,,,,,,,0.27738213539123535,,,,,,,,,,,,,,,,,,,,,,,,,,,,,,,,,,,,
21,,,20234,,,,,,,,,,,,,,,,,,,,,,,,,,,,,,,,,,,,0.33082354068756104,,,,,,,,,,,,,,,,,,,,,,,,,,,,,,,,,,,,
21,,,20239,,,,,,,,,,,,,,,,,,,,,,,,,,,,,,,,,,,,0.3645486831665039,,,,,,,,,,,,,,,,,,,,,,,,,,,,,,,,,,,,
21,,,20244,,,,,,,,,,,,,,,,,,,,,,,,,,,,,,,,,,,,0.2740675210952759,,,,,,,,,,,,,,,,,,,,,,,,,,,,,,,,,,,,
21,,,20249,,,,,,,,,,,,,,,,,,,,,,,,,,,,,,,,,,,,0.5713192820549011,,,,,,,,,,,,,,,,,,,,,,,,,,,,,,,,,,,,
21,,,20254,,,,,,,,,,,,,,,,,,,,,,,,,,,,,,,,,,,,0.20071721076965332,,,,,,,,,,,,,,,,,,,,,,,,,,,,,,,,,,,,
21,,,20259,,,,,,,,,,,,,,,,,,,,,,,,,,,,,,,,,,,,0.23912709951400757,,,,,,,,,,,,,,,,,,,,,,,,,,,,,,,,,,,,
21,,,20261,,,,,,,,,,,,,,,,,,,,,,,,,,,,,,,,,,,,,0.7794578671455383,0.7512080669403076,0.6501603722572327,0.7346123456954956,0.7794578671455383,0.0,0.8753786683082581,0.8550082445144653,0.9264540076255798,0.4609906077384949,0.0,0.8957551121711731,0.8392149209976196,0.9226436614990234,0.34721851348876953,0.0,0.8111923336982727,0.7229717969894409,0.8563960194587708,0.2100813090801239,0.0,0.9171026945114136,0.8239943981170654,0.9188645482063293,0.2784879207611084,0.0,0.8753786683082581,0.8550082445144653,0.9264540076255798,0.4609906077384949,0.8617041707038879,0.8617041707038879,0.7570124864578247,0.8617041707038879,0.8617041707038879,0.4295554459095001
21,,,20261,0.7595937252044678,0.7468066215515137,0.6466193199157715,0.7358439564704895,0.7595937252044678,0.0,0.8804663419723511,0.8525813221931458,0.9396793246269226,0.36564794182777405,0.0,0.8941454887390137,0.8377730250358582,0.9238091111183167,0.3314987123012543,0.0,0.8085560202598572,0.7208343148231506,0.8584063649177551,0.19868052005767822,0.0,0.9082562923431396,0.8234702944755554,0.9084659814834595,0.30318328738212585,0.0,0.8804663419723511,0.8525813221931458,0.9396793246269226,0.36564794182777405,0.8622034788131714,0.8622034192085266,0.7577835321426392,0.8622034788131714,0.8622034788131714,,,,,,,,,,,,,,,,,,,,,,,,,,,,,,,,,,,,,
,1e-05,0.0001,20262,,,,,,,,,,,,,,,,,,,,,,,,,,,,,,,,,,,,,,,,,,,,,,,,,,,,,,,,,,,,,,,,,,,,,,,,
22,,,20264,,,,,,,,,,,,,,,,,,,,,,,,,,,,,,,,,,,,0.3266521692276001,,,,,,,,,,,,,,,,,,,,,,,,,,,,,,,,,,,,
22,,,20269,,,,,,,,,,,,,,,,,,,,,,,,,,,,,,,,,,,,0.402641624212265,,,,,,,,,,,,,,,,,,,,,,,,,,,,,,,,,,,,
22,,,20274,,,,,,,,,,,,,,,,,,,,,,,,,,,,,,,,,,,,0.2593209445476532,,,,,,,,,,,,,,,,,,,,,,,,,,,,,,,,,,,,
22,,,20279,,,,,,,,,,,,,,,,,,,,,,,,,,,,,,,,,,,,0.1703796088695526,,,,,,,,,,,,,,,,,,,,,,,,,,,,,,,,,,,,
22,,,20284,,,,,,,,,,,,,,,,,,,,,,,,,,,,,,,,,,,,0.5095137357711792,,,,,,,,,,,,,,,,,,,,,,,,,,,,,,,,,,,,
22,,,20289,,,,,,,,,,,,,,,,,,,,,,,,,,,,,,,,,,,,0.5881668329238892,,,,,,,,,,,,,,,,,,,,,,,,,,,,,,,,,,,,
22,,,20294,,,,,,,,,,,,,,,,,,,,,,,,,,,,,,,,,,,,0.30692657828330994,,,,,,,,,,,,,,,,,,,,,,,,,,,,,,,,,,,,
22,,,20299,,,,,,,,,,,,,,,,,,,,,,,,,,,,,,,,,,,,0.3851800858974457,,,,,,,,,,,,,,,,,,,,,,,,,,,,,,,,,,,,
22,,,20304,,,,,,,,,,,,,,,,,,,,,,,,,,,,,,,,,,,,0.4058859646320343,,,,,,,,,,,,,,,,,,,,,,,,,,,,,,,,,,,,
22,,,20309,,,,,,,,,,,,,,,,,,,,,,,,,,,,,,,,,,,,0.4243696928024292,,,,,,,,,,,,,,,,,,,,,,,,,,,,,,,,,,,,
22,,,20314,,,,,,,,,,,,,,,,,,,,,,,,,,,,,,,,,,,,0.6118655204772949,,,,,,,,,,,,,,,,,,,,,,,,,,,,,,,,,,,,
22,,,20319,,,,,,,,,,,,,,,,,,,,,,,,,,,,,,,,,,,,0.408407598733902,,,,,,,,,,,,,,,,,,,,,,,,,,,,,,,,,,,,
22,,,20324,,,,,,,,,,,,,,,,,,,,,,,,,,,,,,,,,,,,0.2643130421638489,,,,,,,,,,,,,,,,,,,,,,,,,,,,,,,,,,,,
22,,,20329,,,,,,,,,,,,,,,,,,,,,,,,,,,,,,,,,,,,0.23183396458625793,,,,,,,,,,,,,,,,,,,,,,,,,,,,,,,,,,,,
22,,,20334,,,,,,,,,,,,,,,,,,,,,,,,,,,,,,,,,,,,0.3436189293861389,,,,,,,,,,,,,,,,,,,,,,,,,,,,,,,,,,,,
22,,,20339,,,,,,,,,,,,,,,,,,,,,,,,,,,,,,,,,,,,0.6295666098594666,,,,,,,,,,,,,,,,,,,,,,,,,,,,,,,,,,,,
22,,,20344,,,,,,,,,,,,,,,,,,,,,,,,,,,,,,,,,,,,0.3051145076751709,,,,,,,,,,,,,,,,,,,,,,,,,,,,,,,,,,,,
22,,,20349,,,,,,,,,,,,,,,,,,,,,,,,,,,,,,,,,,,,0.6287486553192139,,,,,,,,,,,,,,,,,,,,,,,,,,,,,,,,,,,,
22,,,20354,,,,,,,,,,,,,,,,,,,,,,,,,,,,,,,,,,,,0.25279444456100464,,,,,,,,,,,,,,,,,,,,,,,,,,,,,,,,,,,,
22,,,20359,,,,,,,,,,,,,,,,,,,,,,,,,,,,,,,,,,,,0.43605440855026245,,,,,,,,,,,,,,,,,,,,,,,,,,,,,,,,,,,,
22,,,20364,,,,,,,,,,,,,,,,,,,,,,,,,,,,,,,,,,,,0.2730609178543091,,,,,,,,,,,,,,,,,,,,,,,,,,,,,,,,,,,,
22,,,20369,,,,,,,,,,,,,,,,,,,,,,,,,,,,,,,,,,,,0.5946013927459717,,,,,,,,,,,,,,,,,,,,,,,,,,,,,,,,,,,,
22,,,20374,,,,,,,,,,,,,,,,,,,,,,,,,,,,,,,,,,,,0.20795857906341553,,,,,,,,,,,,,,,,,,,,,,,,,,,,,,,,,,,,
22,,,20379,,,,,,,,,,,,,,,,,,,,,,,,,,,,,,,,,,,,0.6666657328605652,,,,,,,,,,,,,,,,,,,,,,,,,,,,,,,,,,,,
22,,,20384,,,,,,,,,,,,,,,,,,,,,,,,,,,,,,,,,,,,0.4136914610862732,,,,,,,,,,,,,,,,,,,,,,,,,,,,,,,,,,,,
22,,,20389,,,,,,,,,,,,,,,,,,,,,,,,,,,,,,,,,,,,0.2792263627052307,,,,,,,,,,,,,,,,,,,,,,,,,,,,,,,,,,,,
22,,,20394,,,,,,,,,,,,,,,,,,,,,,,,,,,,,,,,,,,,0.3472186028957367,,,,,,,,,,,,,,,,,,,,,,,,,,,,,,,,,,,,
22,,,20399,,,,,,,,,,,,,,,,,,,,,,,,,,,,,,,,,,,,0.1848529577255249,,,,,,,,,,,,,,,,,,,,,,,,,,,,,,,,,,,,
22,,,20404,,,,,,,,,,,,,,,,,,,,,,,,,,,,,,,,,,,,0.4422798752784729,,,,,,,,,,,,,,,,,,,,,,,,,,,,,,,,,,,,
22,,,20409,,,,,,,,,,,,,,,,,,,,,,,,,,,,,,,,,,,,0.573276162147522,,,,,,,,,,,,,,,,,,,,,,,,,,,,,,,,,,,,
22,,,20414,,,,,,,,,,,,,,,,,,,,,,,,,,,,,,,,,,,,0.5705351829528809,,,,,,,,,,,,,,,,,,,,,,,,,,,,,,,,,,,,
22,,,20419,,,,,,,,,,,,,,,,,,,,,,,,,,,,,,,,,,,,0.3480157256126404,,,,,,,,,,,,,,,,,,,,,,,,,,,,,,,,,,,,
22,,,20424,,,,,,,,,,,,,,,,,,,,,,,,,,,,,,,,,,,,0.5752831697463989,,,,,,,,,,,,,,,,,,,,,,,,,,,,,,,,,,,,
22,,,20429,,,,,,,,,,,,,,,,,,,,,,,,,,,,,,,,,,,,0.45653337240219116,,,,,,,,,,,,,,,,,,,,,,,,,,,,,,,,,,,,
22,,,20434,,,,,,,,,,,,,,,,,,,,,,,,,,,,,,,,,,,,0.6073161363601685,,,,,,,,,,,,,,,,,,,,,,,,,,,,,,,,,,,,
22,,,20439,,,,,,,,,,,,,,,,,,,,,,,,,,,,,,,,,,,,0.2316933274269104,,,,,,,,,,,,,,,,,,,,,,,,,,,,,,,,,,,,
22,,,20444,,,,,,,,,,,,,,,,,,,,,,,,,,,,,,,,,,,,0.355499267578125,,,,,,,,,,,,,,,,,,,,,,,,,,,,,,,,,,,,
22,,,20449,,,,,,,,,,,,,,,,,,,,,,,,,,,,,,,,,,,,0.26217037439346313,,,,,,,,,,,,,,,,,,,,,,,,,,,,,,,,,,,,
22,,,20454,,,,,,,,,,,,,,,,,,,,,,,,,,,,,,,,,,,,0.25806358456611633,,,,,,,,,,,,,,,,,,,,,,,,,,,,,,,,,,,,
22,,,20459,,,,,,,,,,,,,,,,,,,,,,,,,,,,,,,,,,,,0.21239978075027466,,,,,,,,,,,,,,,,,,,,,,,,,,,,,,,,,,,,
22,,,20464,,,,,,,,,,,,,,,,,,,,,,,,,,,,,,,,,,,,0.6084516048431396,,,,,,,,,,,,,,,,,,,,,,,,,,,,,,,,,,,,
22,,,20469,,,,,,,,,,,,,,,,,,,,,,,,,,,,,,,,,,,,0.4937288761138916,,,,,,,,,,,,,,,,,,,,,,,,,,,,,,,,,,,,
22,,,20474,,,,,,,,,,,,,,,,,,,,,,,,,,,,,,,,,,,,0.24122950434684753,,,,,,,,,,,,,,,,,,,,,,,,,,,,,,,,,,,,
22,,,20479,,,,,,,,,,,,,,,,,,,,,,,,,,,,,,,,,,,,0.6243898272514343,,,,,,,,,,,,,,,,,,,,,,,,,,,,,,,,,,,,
22,,,20484,,,,,,,,,,,,,,,,,,,,,,,,,,,,,,,,,,,,0.1857900321483612,,,,,,,,,,,,,,,,,,,,,,,,,,,,,,,,,,,,
22,,,20489,,,,,,,,,,,,,,,,,,,,,,,,,,,,,,,,,,,,0.62849360704422,,,,,,,,,,,,,,,,,,,,,,,,,,,,,,,,,,,,
22,,,20494,,,,,,,,,,,,,,,,,,,,,,,,,,,,,,,,,,,,0.41207993030548096,,,,,,,,,,,,,,,,,,,,,,,,,,,,,,,,,,,,
22,,,20499,,,,,,,,,,,,,,,,,,,,,,,,,,,,,,,,,,,,0.3575504422187805,,,,,,,,,,,,,,,,,,,,,,,,,,,,,,,,,,,,
22,,,20504,,,,,,,,,,,,,,,,,,,,,,,,,,,,,,,,,,,,0.5783021450042725,,,,,,,,,,,,,,,,,,,,,,,,,,,,,,,,,,,,
22,,,20509,,,,,,,,,,,,,,,,,,,,,,,,,,,,,,,,,,,,0.412188321352005,,,,,,,,,,,,,,,,,,,,,,,,,,,,,,,,,,,,
22,,,20514,,,,,,,,,,,,,,,,,,,,,,,,,,,,,,,,,,,,0.6227039098739624,,,,,,,,,,,,,,,,,,,,,,,,,,,,,,,,,,,,
22,,,20519,,,,,,,,,,,,,,,,,,,,,,,,,,,,,,,,,,,,0.21763890981674194,,,,,,,,,,,,,,,,,,,,,,,,,,,,,,,,,,,,
22,,,20524,,,,,,,,,,,,,,,,,,,,,,,,,,,,,,,,,,,,0.2644537091255188,,,,,,,,,,,,,,,,,,,,,,,,,,,,,,,,,,,,
22,,,20529,,,,,,,,,,,,,,,,,,,,,,,,,,,,,,,,,,,,0.6187573075294495,,,,,,,,,,,,,,,,,,,,,,,,,,,,,,,,,,,,
22,,,20534,,,,,,,,,,,,,,,,,,,,,,,,,,,,,,,,,,,,0.3111969828605652,,,,,,,,,,,,,,,,,,,,,,,,,,,,,,,,,,,,
22,,,20539,,,,,,,,,,,,,,,,,,,,,,,,,,,,,,,,,,,,0.6288211345672607,,,,,,,,,,,,,,,,,,,,,,,,,,,,,,,,,,,,
22,,,20544,,,,,,,,,,,,,,,,,,,,,,,,,,,,,,,,,,,,0.6146628260612488,,,,,,,,,,,,,,,,,,,,,,,,,,,,,,,,,,,,
22,,,20549,,,,,,,,,,,,,,,,,,,,,,,,,,,,,,,,,,,,0.23803246021270752,,,,,,,,,,,,,,,,,,,,,,,,,,,,,,,,,,,,
22,,,20554,,,,,,,,,,,,,,,,,,,,,,,,,,,,,,,,,,,,0.20897820591926575,,,,,,,,,,,,,,,,,,,,,,,,,,,,,,,,,,,,
22,,,20559,,,,,,,,,,,,,,,,,,,,,,,,,,,,,,,,,,,,0.14870300889015198,,,,,,,,,,,,,,,,,,,,,,,,,,,,,,,,,,,,
22,,,20564,,,,,,,,,,,,,,,,,,,,,,,,,,,,,,,,,,,,0.24701572954654694,,,,,,,,,,,,,,,,,,,,,,,,,,,,,,,,,,,,
22,,,20569,,,,,,,,,,,,,,,,,,,,,,,,,,,,,,,,,,,,0.6189861297607422,,,,,,,,,,,,,,,,,,,,,,,,,,,,,,,,,,,,
22,,,20574,,,,,,,,,,,,,,,,,,,,,,,,,,,,,,,,,,,,0.5901145339012146,,,,,,,,,,,,,,,,,,,,,,,,,,,,,,,,,,,,
22,,,20579,,,,,,,,,,,,,,,,,,,,,,,,,,,,,,,,,,,,0.3715663552284241,,,,,,,,,,,,,,,,,,,,,,,,,,,,,,,,,,,,
22,,,20584,,,,,,,,,,,,,,,,,,,,,,,,,,,,,,,,,,,,0.29081398248672485,,,,,,,,,,,,,,,,,,,,,,,,,,,,,,,,,,,,
22,,,20589,,,,,,,,,,,,,,,,,,,,,,,,,,,,,,,,,,,,0.3666656017303467,,,,,,,,,,,,,,,,,,,,,,,,,,,,,,,,,,,,
22,,,20594,,,,,,,,,,,,,,,,,,,,,,,,,,,,,,,,,,,,0.22029423713684082,,,,,,,,,,,,,,,,,,,,,,,,,,,,,,,,,,,,
22,,,20599,,,,,,,,,,,,,,,,,,,,,,,,,,,,,,,,,,,,0.2812451124191284,,,,,,,,,,,,,,,,,,,,,,,,,,,,,,,,,,,,
22,,,20604,,,,,,,,,,,,,,,,,,,,,,,,,,,,,,,,,,,,0.4139562249183655,,,,,,,,,,,,,,,,,,,,,,,,,,,,,,,,,,,,
22,,,20609,,,,,,,,,,,,,,,,,,,,,,,,,,,,,,,,,,,,0.22798946499824524,,,,,,,,,,,,,,,,,,,,,,,,,,,,,,,,,,,,
22,,,20614,,,,,,,,,,,,,,,,,,,,,,,,,,,,,,,,,,,,0.5675904154777527,,,,,,,,,,,,,,,,,,,,,,,,,,,,,,,,,,,,
22,,,20619,,,,,,,,,,,,,,,,,,,,,,,,,,,,,,,,,,,,0.25756576657295227,,,,,,,,,,,,,,,,,,,,,,,,,,,,,,,,,,,,
22,,,20624,,,,,,,,,,,,,,,,,,,,,,,,,,,,,,,,,,,,0.4291675388813019,,,,,,,,,,,,,,,,,,,,,,,,,,,,,,,,,,,,
22,,,20629,,,,,,,,,,,,,,,,,,,,,,,,,,,,,,,,,,,,0.28090500831604004,,,,,,,,,,,,,,,,,,,,,,,,,,,,,,,,,,,,
22,,,20634,,,,,,,,,,,,,,,,,,,,,,,,,,,,,,,,,,,,0.6054972410202026,,,,,,,,,,,,,,,,,,,,,,,,,,,,,,,,,,,,
22,,,20639,,,,,,,,,,,,,,,,,,,,,,,,,,,,,,,,,,,,0.18910148739814758,,,,,,,,,,,,,,,,,,,,,,,,,,,,,,,,,,,,
22,,,20644,,,,,,,,,,,,,,,,,,,,,,,,,,,,,,,,,,,,0.2729291319847107,,,,,,,,,,,,,,,,,,,,,,,,,,,,,,,,,,,,
22,,,20649,,,,,,,,,,,,,,,,,,,,,,,,,,,,,,,,,,,,0.23968371748924255,,,,,,,,,,,,,,,,,,,,,,,,,,,,,,,,,,,,
22,,,20654,,,,,,,,,,,,,,,,,,,,,,,,,,,,,,,,,,,,0.22613954544067383,,,,,,,,,,,,,,,,,,,,,,,,,,,,,,,,,,,,
22,,,20659,,,,,,,,,,,,,,,,,,,,,,,,,,,,,,,,,,,,0.585920512676239,,,,,,,,,,,,,,,,,,,,,,,,,,,,,,,,,,,,
22,,,20664,,,,,,,,,,,,,,,,,,,,,,,,,,,,,,,,,,,,0.6052972674369812,,,,,,,,,,,,,,,,,,,,,,,,,,,,,,,,,,,,
22,,,20669,,,,,,,,,,,,,,,,,,,,,,,,,,,,,,,,,,,,0.3029296398162842,,,,,,,,,,,,,,,,,,,,,,,,,,,,,,,,,,,,
22,,,20674,,,,,,,,,,,,,,,,,,,,,,,,,,,,,,,,,,,,0.2660099267959595,,,,,,,,,,,,,,,,,,,,,,,,,,,,,,,,,,,,
22,,,20679,,,,,,,,,,,,,,,,,,,,,,,,,,,,,,,,,,,,0.5808505415916443,,,,,,,,,,,,,,,,,,,,,,,,,,,,,,,,,,,,
22,,,20684,,,,,,,,,,,,,,,,,,,,,,,,,,,,,,,,,,,,0.5933843851089478,,,,,,,,,,,,,,,,,,,,,,,,,,,,,,,,,,,,
22,,,20689,,,,,,,,,,,,,,,,,,,,,,,,,,,,,,,,,,,,0.5928271412849426,,,,,,,,,,,,,,,,,,,,,,,,,,,,,,,,,,,,
22,,,20694,,,,,,,,,,,,,,,,,,,,,,,,,,,,,,,,,,,,0.20925313234329224,,,,,,,,,,,,,,,,,,,,,,,,,,,,,,,,,,,,
22,,,20699,,,,,,,,,,,,,,,,,,,,,,,,,,,,,,,,,,,,0.27691733837127686,,,,,,,,,,,,,,,,,,,,,,,,,,,,,,,,,,,,
22,,,20704,,,,,,,,,,,,,,,,,,,,,,,,,,,,,,,,,,,,0.2856241762638092,,,,,,,,,,,,,,,,,,,,,,,,,,,,,,,,,,,,
22,,,20709,,,,,,,,,,,,,,,,,,,,,,,,,,,,,,,,,,,,0.2535151243209839,,,,,,,,,,,,,,,,,,,,,,,,,,,,,,,,,,,,
22,,,20714,,,,,,,,,,,,,,,,,,,,,,,,,,,,,,,,,,,,0.2556053400039673,,,,,,,,,,,,,,,,,,,,,,,,,,,,,,,,,,,,
22,,,20719,,,,,,,,,,,,,,,,,,,,,,,,,,,,,,,,,,,,0.6328845620155334,,,,,,,,,,,,,,,,,,,,,,,,,,,,,,,,,,,,
22,,,20724,,,,,,,,,,,,,,,,,,,,,,,,,,,,,,,,,,,,0.24937793612480164,,,,,,,,,,,,,,,,,,,,,,,,,,,,,,,,,,,,
22,,,20729,,,,,,,,,,,,,,,,,,,,,,,,,,,,,,,,,,,,0.19850055873394012,,,,,,,,,,,,,,,,,,,,,,,,,,,,,,,,,,,,
22,,,20734,,,,,,,,,,,,,,,,,,,,,,,,,,,,,,,,,,,,0.3322072923183441,,,,,,,,,,,,,,,,,,,,,,,,,,,,,,,,,,,,
22,,,20739,,,,,,,,,,,,,,,,,,,,,,,,,,,,,,,,,,,,0.1769852340221405,,,,,,,,,,,,,,,,,,,,,,,,,,,,,,,,,,,,
22,,,20744,,,,,,,,,,,,,,,,,,,,,,,,,,,,,,,,,,,,0.6355878710746765,,,,,,,,,,,,,,,,,,,,,,,,,,,,,,,,,,,,
22,,,20749,,,,,,,,,,,,,,,,,,,,,,,,,,,,,,,,,,,,0.32935830950737,,,,,,,,,,,,,,,,,,,,,,,,,,,,,,,,,,,,
22,,,20754,,,,,,,,,,,,,,,,,,,,,,,,,,,,,,,,,,,,0.2759925127029419,,,,,,,,,,,,,,,,,,,,,,,,,,,,,,,,,,,,
22,,,20759,,,,,,,,,,,,,,,,,,,,,,,,,,,,,,,,,,,,0.3171560764312744,,,,,,,,,,,,,,,,,,,,,,,,,,,,,,,,,,,,
22,,,20764,,,,,,,,,,,,,,,,,,,,,,,,,,,,,,,,,,,,0.2194749414920807,,,,,,,,,,,,,,,,,,,,,,,,,,,,,,,,,,,,
22,,,20769,,,,,,,,,,,,,,,,,,,,,,,,,,,,,,,,,,,,0.41515183448791504,,,,,,,,,,,,,,,,,,,,,,,,,,,,,,,,,,,,
22,,,20774,,,,,,,,,,,,,,,,,,,,,,,,,,,,,,,,,,,,0.41355469822883606,,,,,,,,,,,,,,,,,,,,,,,,,,,,,,,,,,,,
22,,,20779,,,,,,,,,,,,,,,,,,,,,,,,,,,,,,,,,,,,0.21154838800430298,,,,,,,,,,,,,,,,,,,,,,,,,,,,,,,,,,,,
22,,,20784,,,,,,,,,,,,,,,,,,,,,,,,,,,,,,,,,,,,0.27992308139801025,,,,,,,,,,,,,,,,,,,,,,,,,,,,,,,,,,,,
22,,,20789,,,,,,,,,,,,,,,,,,,,,,,,,,,,,,,,,,,,0.3029329478740692,,,,,,,,,,,,,,,,,,,,,,,,,,,,,,,,,,,,
22,,,20794,,,,,,,,,,,,,,,,,,,,,,,,,,,,,,,,,,,,0.5892404317855835,,,,,,,,,,,,,,,,,,,,,,,,,,,,,,,,,,,,
22,,,20799,,,,,,,,,,,,,,,,,,,,,,,,,,,,,,,,,,,,0.3262236714363098,,,,,,,,,,,,,,,,,,,,,,,,,,,,,,,,,,,,
22,,,20804,,,,,,,,,,,,,,,,,,,,,,,,,,,,,,,,,,,,0.20157253742218018,,,,,,,,,,,,,,,,,,,,,,,,,,,,,,,,,,,,
22,,,20809,,,,,,,,,,,,,,,,,,,,,,,,,,,,,,,,,,,,0.3511153757572174,,,,,,,,,,,,,,,,,,,,,,,,,,,,,,,,,,,,
22,,,20814,,,,,,,,,,,,,,,,,,,,,,,,,,,,,,,,,,,,0.6251550912857056,,,,,,,,,,,,,,,,,,,,,,,,,,,,,,,,,,,,
22,,,20819,,,,,,,,,,,,,,,,,,,,,,,,,,,,,,,,,,,,0.25295454263687134,,,,,,,,,,,,,,,,,,,,,,,,,,,,,,,,,,,,
22,,,20824,,,,,,,,,,,,,,,,,,,,,,,,,,,,,,,,,,,,0.6204198598861694,,,,,,,,,,,,,,,,,,,,,,,,,,,,,,,,,,,,
22,,,20829,,,,,,,,,,,,,,,,,,,,,,,,,,,,,,,,,,,,0.3262198567390442,,,,,,,,,,,,,,,,,,,,,,,,,,,,,,,,,,,,
22,,,20834,,,,,,,,,,,,,,,,,,,,,,,,,,,,,,,,,,,,0.2849010229110718,,,,,,,,,,,,,,,,,,,,,,,,,,,,,,,,,,,,
22,,,20839,,,,,,,,,,,,,,,,,,,,,,,,,,,,,,,,,,,,0.3254866600036621,,,,,,,,,,,,,,,,,,,,,,,,,,,,,,,,,,,,
22,,,20844,,,,,,,,,,,,,,,,,,,,,,,,,,,,,,,,,,,,0.19844584167003632,,,,,,,,,,,,,,,,,,,,,,,,,,,,,,,,,,,,
22,,,20849,,,,,,,,,,,,,,,,,,,,,,,,,,,,,,,,,,,,0.27907872200012207,,,,,,,,,,,,,,,,,,,,,,,,,,,,,,,,,,,,
22,,,20854,,,,,,,,,,,,,,,,,,,,,,,,,,,,,,,,,,,,0.24042938649654388,,,,,,,,,,,,,,,,,,,,,,,,,,,,,,,,,,,,
22,,,20859,,,,,,,,,,,,,,,,,,,,,,,,,,,,,,,,,,,,0.5952576994895935,,,,,,,,,,,,,,,,,,,,,,,,,,,,,,,,,,,,
22,,,20864,,,,,,,,,,,,,,,,,,,,,,,,,,,,,,,,,,,,0.6438783407211304,,,,,,,,,,,,,,,,,,,,,,,,,,,,,,,,,,,,
22,,,20869,,,,,,,,,,,,,,,,,,,,,,,,,,,,,,,,,,,,0.358384907245636,,,,,,,,,,,,,,,,,,,,,,,,,,,,,,,,,,,,
22,,,20874,,,,,,,,,,,,,,,,,,,,,,,,,,,,,,,,,,,,0.5524411797523499,,,,,,,,,,,,,,,,,,,,,,,,,,,,,,,,,,,,
22,,,20879,,,,,,,,,,,,,,,,,,,,,,,,,,,,,,,,,,,,0.20927661657333374,,,,,,,,,,,,,,,,,,,,,,,,,,,,,,,,,,,,
22,,,20884,,,,,,,,,,,,,,,,,,,,,,,,,,,,,,,,,,,,0.6725037097930908,,,,,,,,,,,,,,,,,,,,,,,,,,,,,,,,,,,,
22,,,20889,,,,,,,,,,,,,,,,,,,,,,,,,,,,,,,,,,,,0.37697240710258484,,,,,,,,,,,,,,,,,,,,,,,,,,,,,,,,,,,,
22,,,20894,,,,,,,,,,,,,,,,,,,,,,,,,,,,,,,,,,,,0.5988081693649292,,,,,,,,,,,,,,,,,,,,,,,,,,,,,,,,,,,,
22,,,20899,,,,,,,,,,,,,,,,,,,,,,,,,,,,,,,,,,,,0.3688102960586548,,,,,,,,,,,,,,,,,,,,,,,,,,,,,,,,,,,,
22,,,20904,,,,,,,,,,,,,,,,,,,,,,,,,,,,,,,,,,,,0.554097592830658,,,,,,,,,,,,,,,,,,,,,,,,,,,,,,,,,,,,
22,,,20909,,,,,,,,,,,,,,,,,,,,,,,,,,,,,,,,,,,,0.343416303396225,,,,,,,,,,,,,,,,,,,,,,,,,,,,,,,,,,,,
22,,,20914,,,,,,,,,,,,,,,,,,,,,,,,,,,,,,,,,,,,0.2651841640472412,,,,,,,,,,,,,,,,,,,,,,,,,,,,,,,,,,,,
22,,,20919,,,,,,,,,,,,,,,,,,,,,,,,,,,,,,,,,,,,0.19696009159088135,,,,,,,,,,,,,,,,,,,,,,,,,,,,,,,,,,,,
22,,,20924,,,,,,,,,,,,,,,,,,,,,,,,,,,,,,,,,,,,0.30922508239746094,,,,,,,,,,,,,,,,,,,,,,,,,,,,,,,,,,,,
22,,,20929,,,,,,,,,,,,,,,,,,,,,,,,,,,,,,,,,,,,0.350128710269928,,,,,,,,,,,,,,,,,,,,,,,,,,,,,,,,,,,,
22,,,20934,,,,,,,,,,,,,,,,,,,,,,,,,,,,,,,,,,,,0.32375651597976685,,,,,,,,,,,,,,,,,,,,,,,,,,,,,,,,,,,,
22,,,20939,,,,,,,,,,,,,,,,,,,,,,,,,,,,,,,,,,,,0.3140155076980591,,,,,,,,,,,,,,,,,,,,,,,,,,,,,,,,,,,,
22,,,20944,,,,,,,,,,,,,,,,,,,,,,,,,,,,,,,,,,,,0.6552172303199768,,,,,,,,,,,,,,,,,,,,,,,,,,,,,,,,,,,,
22,,,20949,,,,,,,,,,,,,,,,,,,,,,,,,,,,,,,,,,,,0.610335111618042,,,,,,,,,,,,,,,,,,,,,,,,,,,,,,,,,,,,
22,,,20954,,,,,,,,,,,,,,,,,,,,,,,,,,,,,,,,,,,,0.23241940140724182,,,,,,,,,,,,,,,,,,,,,,,,,,,,,,,,,,,,
22,,,20959,,,,,,,,,,,,,,,,,,,,,,,,,,,,,,,,,,,,0.3525060713291168,,,,,,,,,,,,,,,,,,,,,,,,,,,,,,,,,,,,
22,,,20964,,,,,,,,,,,,,,,,,,,,,,,,,,,,,,,,,,,,0.5702258944511414,,,,,,,,,,,,,,,,,,,,,,,,,,,,,,,,,,,,
22,,,20969,,,,,,,,,,,,,,,,,,,,,,,,,,,,,,,,,,,,0.20429372787475586,,,,,,,,,,,,,,,,,,,,,,,,,,,,,,,,,,,,
22,,,20974,,,,,,,,,,,,,,,,,,,,,,,,,,,,,,,,,,,,0.2507650852203369,,,,,,,,,,,,,,,,,,,,,,,,,,,,,,,,,,,,
22,,,20979,,,,,,,,,,,,,,,,,,,,,,,,,,,,,,,,,,,,0.24191689491271973,,,,,,,,,,,,,,,,,,,,,,,,,,,,,,,,,,,,
22,,,20984,,,,,,,,,,,,,,,,,,,,,,,,,,,,,,,,,,,,0.23760166764259338,,,,,,,,,,,,,,,,,,,,,,,,,,,,,,,,,,,,
22,,,20989,,,,,,,,,,,,,,,,,,,,,,,,,,,,,,,,,,,,0.6268863081932068,,,,,,,,,,,,,,,,,,,,,,,,,,,,,,,,,,,,
22,,,20994,,,,,,,,,,,,,,,,,,,,,,,,,,,,,,,,,,,,0.2569746673107147,,,,,,,,,,,,,,,,,,,,,,,,,,,,,,,,,,,,
22,,,20999,,,,,,,,,,,,,,,,,,,,,,,,,,,,,,,,,,,,0.5439215302467346,,,,,,,,,,,,,,,,,,,,,,,,,,,,,,,,,,,,
22,,,21004,,,,,,,,,,,,,,,,,,,,,,,,,,,,,,,,,,,,0.23746788501739502,,,,,,,,,,,,,,,,,,,,,,,,,,,,,,,,,,,,
22,,,21009,,,,,,,,,,,,,,,,,,,,,,,,,,,,,,,,,,,,0.27856767177581787,,,,,,,,,,,,,,,,,,,,,,,,,,,,,,,,,,,,
22,,,21014,,,,,,,,,,,,,,,,,,,,,,,,,,,,,,,,,,,,0.3194175958633423,,,,,,,,,,,,,,,,,,,,,,,,,,,,,,,,,,,,
22,,,21019,,,,,,,,,,,,,,,,,,,,,,,,,,,,,,,,,,,,0.27124565839767456,,,,,,,,,,,,,,,,,,,,,,,,,,,,,,,,,,,,
22,,,21024,,,,,,,,,,,,,,,,,,,,,,,,,,,,,,,,,,,,0.6256194710731506,,,,,,,,,,,,,,,,,,,,,,,,,,,,,,,,,,,,
22,,,21029,,,,,,,,,,,,,,,,,,,,,,,,,,,,,,,,,,,,0.24320021271705627,,,,,,,,,,,,,,,,,,,,,,,,,,,,,,,,,,,,
22,,,21034,,,,,,,,,,,,,,,,,,,,,,,,,,,,,,,,,,,,0.5927977561950684,,,,,,,,,,,,,,,,,,,,,,,,,,,,,,,,,,,,
22,,,21039,,,,,,,,,,,,,,,,,,,,,,,,,,,,,,,,,,,,0.290081650018692,,,,,,,,,,,,,,,,,,,,,,,,,,,,,,,,,,,,
22,,,21044,,,,,,,,,,,,,,,,,,,,,,,,,,,,,,,,,,,,0.3469836115837097,,,,,,,,,,,,,,,,,,,,,,,,,,,,,,,,,,,,
22,,,21049,,,,,,,,,,,,,,,,,,,,,,,,,,,,,,,,,,,,0.5306308269500732,,,,,,,,,,,,,,,,,,,,,,,,,,,,,,,,,,,,
22,,,21054,,,,,,,,,,,,,,,,,,,,,,,,,,,,,,,,,,,,0.5997298955917358,,,,,,,,,,,,,,,,,,,,,,,,,,,,,,,,,,,,
22,,,21059,,,,,,,,,,,,,,,,,,,,,,,,,,,,,,,,,,,,0.5500563979148865,,,,,,,,,,,,,,,,,,,,,,,,,,,,,,,,,,,,
22,,,21064,,,,,,,,,,,,,,,,,,,,,,,,,,,,,,,,,,,,0.23287951946258545,,,,,,,,,,,,,,,,,,,,,,,,,,,,,,,,,,,,
22,,,21069,,,,,,,,,,,,,,,,,,,,,,,,,,,,,,,,,,,,0.5495474934577942,,,,,,,,,,,,,,,,,,,,,,,,,,,,,,,,,,,,
22,,,21074,,,,,,,,,,,,,,,,,,,,,,,,,,,,,,,,,,,,0.1972101777791977,,,,,,,,,,,,,,,,,,,,,,,,,,,,,,,,,,,,
22,,,21079,,,,,,,,,,,,,,,,,,,,,,,,,,,,,,,,,,,,0.6501743197441101,,,,,,,,,,,,,,,,,,,,,,,,,,,,,,,,,,,,
22,,,21084,,,,,,,,,,,,,,,,,,,,,,,,,,,,,,,,,,,,0.591910183429718,,,,,,,,,,,,,,,,,,,,,,,,,,,,,,,,,,,,
22,,,21089,,,,,,,,,,,,,,,,,,,,,,,,,,,,,,,,,,,,0.18015533685684204,,,,,,,,,,,,,,,,,,,,,,,,,,,,,,,,,,,,
22,,,21094,,,,,,,,,,,,,,,,,,,,,,,,,,,,,,,,,,,,0.23667198419570923,,,,,,,,,,,,,,,,,,,,,,,,,,,,,,,,,,,,
22,,,21099,,,,,,,,,,,,,,,,,,,,,,,,,,,,,,,,,,,,0.6259762644767761,,,,,,,,,,,,,,,,,,,,,,,,,,,,,,,,,,,,
22,,,21104,,,,,,,,,,,,,,,,,,,,,,,,,,,,,,,,,,,,0.2586993873119354,,,,,,,,,,,,,,,,,,,,,,,,,,,,,,,,,,,,
22,,,21109,,,,,,,,,,,,,,,,,,,,,,,,,,,,,,,,,,,,0.6157458424568176,,,,,,,,,,,,,,,,,,,,,,,,,,,,,,,,,,,,
22,,,21114,,,,,,,,,,,,,,,,,,,,,,,,,,,,,,,,,,,,0.6248022317886353,,,,,,,,,,,,,,,,,,,,,,,,,,,,,,,,,,,,
22,,,21119,,,,,,,,,,,,,,,,,,,,,,,,,,,,,,,,,,,,0.5936821699142456,,,,,,,,,,,,,,,,,,,,,,,,,,,,,,,,,,,,
22,,,21124,,,,,,,,,,,,,,,,,,,,,,,,,,,,,,,,,,,,0.24353578686714172,,,,,,,,,,,,,,,,,,,,,,,,,,,,,,,,,,,,
22,,,21129,,,,,,,,,,,,,,,,,,,,,,,,,,,,,,,,,,,,0.47334176301956177,,,,,,,,,,,,,,,,,,,,,,,,,,,,,,,,,,,,
22,,,21134,,,,,,,,,,,,,,,,,,,,,,,,,,,,,,,,,,,,0.36563050746917725,,,,,,,,,,,,,,,,,,,,,,,,,,,,,,,,,,,,
22,,,21139,,,,,,,,,,,,,,,,,,,,,,,,,,,,,,,,,,,,0.41450387239456177,,,,,,,,,,,,,,,,,,,,,,,,,,,,,,,,,,,,
22,,,21144,,,,,,,,,,,,,,,,,,,,,,,,,,,,,,,,,,,,0.2417284995317459,,,,,,,,,,,,,,,,,,,,,,,,,,,,,,,,,,,,
22,,,21149,,,,,,,,,,,,,,,,,,,,,,,,,,,,,,,,,,,,0.1846984326839447,,,,,,,,,,,,,,,,,,,,,,,,,,,,,,,,,,,,
22,,,21154,,,,,,,,,,,,,,,,,,,,,,,,,,,,,,,,,,,,0.36115944385528564,,,,,,,,,,,,,,,,,,,,,,,,,,,,,,,,,,,,
22,,,21159,,,,,,,,,,,,,,,,,,,,,,,,,,,,,,,,,,,,0.31582045555114746,,,,,,,,,,,,,,,,,,,,,,,,,,,,,,,,,,,,
22,,,21164,,,,,,,,,,,,,,,,,,,,,,,,,,,,,,,,,,,,0.3073495328426361,,,,,,,,,,,,,,,,,,,,,,,,,,,,,,,,,,,,
22,,,21169,,,,,,,,,,,,,,,,,,,,,,,,,,,,,,,,,,,,0.23758259415626526,,,,,,,,,,,,,,,,,,,,,,,,,,,,,,,,,,,,
22,,,21174,,,,,,,,,,,,,,,,,,,,,,,,,,,,,,,,,,,,0.6095578670501709,,,,,,,,,,,,,,,,,,,,,,,,,,,,,,,,,,,,
22,,,21179,,,,,,,,,,,,,,,,,,,,,,,,,,,,,,,,,,,,0.36877959966659546,,,,,,,,,,,,,,,,,,,,,,,,,,,,,,,,,,,,
22,,,21182,,,,,,,,,,,,,,,,,,,,,,,,,,,,,,,,,,,,,0.7915160655975342,0.7531534433364868,0.6532287001609802,0.730718731880188,0.7915160655975342,0.0,0.8881058692932129,0.837226152420044,0.9537108540534973,0.48702138662338257,0.0,0.8996773958206177,0.8395845890045166,0.925369143486023,0.3479825556278229,0.0,0.8176487684249878,0.7235207557678223,0.8611042499542236,0.21064096689224243,0.0,0.9115545153617859,0.8419563174247742,0.898663341999054,0.27070069313049316,0.0,0.8881058692932129,0.837226152420044,0.9537108540534973,0.48702138662338257,0.8639299273490906,0.8639299273490906,0.7604547739028931,0.8639299273490906,0.8639299273490906,0.42111536860466003
22,,,21182,0.757805585861206,0.745854914188385,0.6438703536987305,0.7356879711151123,0.757805585861206,0.0,0.8829018473625183,0.8518467545509338,0.9256259202957153,0.3708478808403015,0.0,0.8952707052230835,0.8387978076934814,0.9136459231376648,0.3357051610946655,0.0,0.8103980422019958,0.722352921962738,0.841020405292511,0.20171016454696655,0.0,0.9079908728599548,0.8261424899101257,0.9019721150398254,0.3066464066505432,0.0,0.8829018473625183,0.8518467545509338,0.9256259202957153,0.3708478808403015,0.8630682826042175,0.8630682826042175,0.7591204643249512,0.8630682826042175,0.8630682826042175,,,,,,,,,,,,,,,,,,,,,,,,,,,,,,,,,,,,,
,1e-05,0.0001,21183,,,,,,,,,,,,,,,,,,,,,,,,,,,,,,,,,,,,,,,,,,,,,,,,,,,,,,,,,,,,,,,,,,,,,,,,
23,,,21184,,,,,,,,,,,,,,,,,,,,,,,,,,,,,,,,,,,,0.5353652238845825,,,,,,,,,,,,,,,,,,,,,,,,,,,,,,,,,,,,
23,,,21189,,,,,,,,,,,,,,,,,,,,,,,,,,,,,,,,,,,,0.3599642813205719,,,,,,,,,,,,,,,,,,,,,,,,,,,,,,,,,,,,
23,,,21194,,,,,,,,,,,,,,,,,,,,,,,,,,,,,,,,,,,,0.6044718027114868,,,,,,,,,,,,,,,,,,,,,,,,,,,,,,,,,,,,
23,,,21199,,,,,,,,,,,,,,,,,,,,,,,,,,,,,,,,,,,,0.6814716458320618,,,,,,,,,,,,,,,,,,,,,,,,,,,,,,,,,,,,
23,,,21204,,,,,,,,,,,,,,,,,,,,,,,,,,,,,,,,,,,,0.6494187116622925,,,,,,,,,,,,,,,,,,,,,,,,,,,,,,,,,,,,
23,,,21209,,,,,,,,,,,,,,,,,,,,,,,,,,,,,,,,,,,,0.30535057187080383,,,,,,,,,,,,,,,,,,,,,,,,,,,,,,,,,,,,
23,,,21214,,,,,,,,,,,,,,,,,,,,,,,,,,,,,,,,,,,,0.5732295513153076,,,,,,,,,,,,,,,,,,,,,,,,,,,,,,,,,,,,
23,,,21219,,,,,,,,,,,,,,,,,,,,,,,,,,,,,,,,,,,,0.1987093687057495,,,,,,,,,,,,,,,,,,,,,,,,,,,,,,,,,,,,
23,,,21224,,,,,,,,,,,,,,,,,,,,,,,,,,,,,,,,,,,,0.19678029417991638,,,,,,,,,,,,,,,,,,,,,,,,,,,,,,,,,,,,
23,,,21229,,,,,,,,,,,,,,,,,,,,,,,,,,,,,,,,,,,,0.26652705669403076,,,,,,,,,,,,,,,,,,,,,,,,,,,,,,,,,,,,
23,,,21234,,,,,,,,,,,,,,,,,,,,,,,,,,,,,,,,,,,,0.3326649069786072,,,,,,,,,,,,,,,,,,,,,,,,,,,,,,,,,,,,
23,,,21239,,,,,,,,,,,,,,,,,,,,,,,,,,,,,,,,,,,,0.3695521950721741,,,,,,,,,,,,,,,,,,,,,,,,,,,,,,,,,,,,
23,,,21244,,,,,,,,,,,,,,,,,,,,,,,,,,,,,,,,,,,,0.2617315649986267,,,,,,,,,,,,,,,,,,,,,,,,,,,,,,,,,,,,
23,,,21249,,,,,,,,,,,,,,,,,,,,,,,,,,,,,,,,,,,,0.35011303424835205,,,,,,,,,,,,,,,,,,,,,,,,,,,,,,,,,,,,
23,,,21254,,,,,,,,,,,,,,,,,,,,,,,,,,,,,,,,,,,,0.3002438247203827,,,,,,,,,,,,,,,,,,,,,,,,,,,,,,,,,,,,
23,,,21259,,,,,,,,,,,,,,,,,,,,,,,,,,,,,,,,,,,,0.24856942892074585,,,,,,,,,,,,,,,,,,,,,,,,,,,,,,,,,,,,
23,,,21264,,,,,,,,,,,,,,,,,,,,,,,,,,,,,,,,,,,,0.5895334482192993,,,,,,,,,,,,,,,,,,,,,,,,,,,,,,,,,,,,
23,,,21269,,,,,,,,,,,,,,,,,,,,,,,,,,,,,,,,,,,,0.44756588339805603,,,,,,,,,,,,,,,,,,,,,,,,,,,,,,,,,,,,
23,,,21274,,,,,,,,,,,,,,,,,,,,,,,,,,,,,,,,,,,,0.30454137921333313,,,,,,,,,,,,,,,,,,,,,,,,,,,,,,,,,,,,
23,,,21279,,,,,,,,,,,,,,,,,,,,,,,,,,,,,,,,,,,,0.49261242151260376,,,,,,,,,,,,,,,,,,,,,,,,,,,,,,,,,,,,
23,,,21284,,,,,,,,,,,,,,,,,,,,,,,,,,,,,,,,,,,,0.2824367880821228,,,,,,,,,,,,,,,,,,,,,,,,,,,,,,,,,,,,
23,,,21289,,,,,,,,,,,,,,,,,,,,,,,,,,,,,,,,,,,,0.16890054941177368,,,,,,,,,,,,,,,,,,,,,,,,,,,,,,,,,,,,
23,,,21294,,,,,,,,,,,,,,,,,,,,,,,,,,,,,,,,,,,,0.4084823429584503,,,,,,,,,,,,,,,,,,,,,,,,,,,,,,,,,,,,
23,,,21299,,,,,,,,,,,,,,,,,,,,,,,,,,,,,,,,,,,,0.2953372299671173,,,,,,,,,,,,,,,,,,,,,,,,,,,,,,,,,,,,
23,,,21304,,,,,,,,,,,,,,,,,,,,,,,,,,,,,,,,,,,,0.2202131301164627,,,,,,,,,,,,,,,,,,,,,,,,,,,,,,,,,,,,
23,,,21309,,,,,,,,,,,,,,,,,,,,,,,,,,,,,,,,,,,,0.4461933970451355,,,,,,,,,,,,,,,,,,,,,,,,,,,,,,,,,,,,
23,,,21314,,,,,,,,,,,,,,,,,,,,,,,,,,,,,,,,,,,,0.615260124206543,,,,,,,,,,,,,,,,,,,,,,,,,,,,,,,,,,,,
23,,,21319,,,,,,,,,,,,,,,,,,,,,,,,,,,,,,,,,,,,0.3607790768146515,,,,,,,,,,,,,,,,,,,,,,,,,,,,,,,,,,,,
23,,,21324,,,,,,,,,,,,,,,,,,,,,,,,,,,,,,,,,,,,0.24412445724010468,,,,,,,,,,,,,,,,,,,,,,,,,,,,,,,,,,,,
23,,,21329,,,,,,,,,,,,,,,,,,,,,,,,,,,,,,,,,,,,0.4142940044403076,,,,,,,,,,,,,,,,,,,,,,,,,,,,,,,,,,,,
23,,,21334,,,,,,,,,,,,,,,,,,,,,,,,,,,,,,,,,,,,0.6983386278152466,,,,,,,,,,,,,,,,,,,,,,,,,,,,,,,,,,,,
23,,,21339,,,,,,,,,,,,,,,,,,,,,,,,,,,,,,,,,,,,0.3353789448738098,,,,,,,,,,,,,,,,,,,,,,,,,,,,,,,,,,,,
23,,,21344,,,,,,,,,,,,,,,,,,,,,,,,,,,,,,,,,,,,0.2715686559677124,,,,,,,,,,,,,,,,,,,,,,,,,,,,,,,,,,,,
23,,,21349,,,,,,,,,,,,,,,,,,,,,,,,,,,,,,,,,,,,0.2160359025001526,,,,,,,,,,,,,,,,,,,,,,,,,,,,,,,,,,,,
23,,,21354,,,,,,,,,,,,,,,,,,,,,,,,,,,,,,,,,,,,0.30982887744903564,,,,,,,,,,,,,,,,,,,,,,,,,,,,,,,,,,,,
23,,,21359,,,,,,,,,,,,,,,,,,,,,,,,,,,,,,,,,,,,0.2809058725833893,,,,,,,,,,,,,,,,,,,,,,,,,,,,,,,,,,,,
23,,,21364,,,,,,,,,,,,,,,,,,,,,,,,,,,,,,,,,,,,0.2707964777946472,,,,,,,,,,,,,,,,,,,,,,,,,,,,,,,,,,,,
23,,,21369,,,,,,,,,,,,,,,,,,,,,,,,,,,,,,,,,,,,0.2141565978527069,,,,,,,,,,,,,,,,,,,,,,,,,,,,,,,,,,,,
23,,,21374,,,,,,,,,,,,,,,,,,,,,,,,,,,,,,,,,,,,0.38284778594970703,,,,,,,,,,,,,,,,,,,,,,,,,,,,,,,,,,,,
23,,,21379,,,,,,,,,,,,,,,,,,,,,,,,,,,,,,,,,,,,0.25775444507598877,,,,,,,,,,,,,,,,,,,,,,,,,,,,,,,,,,,,
23,,,21384,,,,,,,,,,,,,,,,,,,,,,,,,,,,,,,,,,,,0.3353871703147888,,,,,,,,,,,,,,,,,,,,,,,,,,,,,,,,,,,,
23,,,21389,,,,,,,,,,,,,,,,,,,,,,,,,,,,,,,,,,,,0.5079230666160583,,,,,,,,,,,,,,,,,,,,,,,,,,,,,,,,,,,,
23,,,21394,,,,,,,,,,,,,,,,,,,,,,,,,,,,,,,,,,,,0.16550248861312866,,,,,,,,,,,,,,,,,,,,,,,,,,,,,,,,,,,,
23,,,21399,,,,,,,,,,,,,,,,,,,,,,,,,,,,,,,,,,,,0.2558908760547638,,,,,,,,,,,,,,,,,,,,,,,,,,,,,,,,,,,,
23,,,21404,,,,,,,,,,,,,,,,,,,,,,,,,,,,,,,,,,,,0.48762986063957214,,,,,,,,,,,,,,,,,,,,,,,,,,,,,,,,,,,,
23,,,21409,,,,,,,,,,,,,,,,,,,,,,,,,,,,,,,,,,,,0.2529384195804596,,,,,,,,,,,,,,,,,,,,,,,,,,,,,,,,,,,,
23,,,21414,,,,,,,,,,,,,,,,,,,,,,,,,,,,,,,,,,,,0.29698652029037476,,,,,,,,,,,,,,,,,,,,,,,,,,,,,,,,,,,,
23,,,21419,,,,,,,,,,,,,,,,,,,,,,,,,,,,,,,,,,,,0.322987824678421,,,,,,,,,,,,,,,,,,,,,,,,,,,,,,,,,,,,
23,,,21424,,,,,,,,,,,,,,,,,,,,,,,,,,,,,,,,,,,,0.5772935152053833,,,,,,,,,,,,,,,,,,,,,,,,,,,,,,,,,,,,
23,,,21429,,,,,,,,,,,,,,,,,,,,,,,,,,,,,,,,,,,,0.6448794603347778,,,,,,,,,,,,,,,,,,,,,,,,,,,,,,,,,,,,
23,,,21434,,,,,,,,,,,,,,,,,,,,,,,,,,,,,,,,,,,,0.39353764057159424,,,,,,,,,,,,,,,,,,,,,,,,,,,,,,,,,,,,
23,,,21439,,,,,,,,,,,,,,,,,,,,,,,,,,,,,,,,,,,,0.39656874537467957,,,,,,,,,,,,,,,,,,,,,,,,,,,,,,,,,,,,
23,,,21444,,,,,,,,,,,,,,,,,,,,,,,,,,,,,,,,,,,,0.26330268383026123,,,,,,,,,,,,,,,,,,,,,,,,,,,,,,,,,,,,
23,,,21449,,,,,,,,,,,,,,,,,,,,,,,,,,,,,,,,,,,,0.30381661653518677,,,,,,,,,,,,,,,,,,,,,,,,,,,,,,,,,,,,
23,,,21454,,,,,,,,,,,,,,,,,,,,,,,,,,,,,,,,,,,,0.46441346406936646,,,,,,,,,,,,,,,,,,,,,,,,,,,,,,,,,,,,
23,,,21459,,,,,,,,,,,,,,,,,,,,,,,,,,,,,,,,,,,,0.3006649613380432,,,,,,,,,,,,,,,,,,,,,,,,,,,,,,,,,,,,
23,,,21464,,,,,,,,,,,,,,,,,,,,,,,,,,,,,,,,,,,,0.2949449419975281,,,,,,,,,,,,,,,,,,,,,,,,,,,,,,,,,,,,
23,,,21469,,,,,,,,,,,,,,,,,,,,,,,,,,,,,,,,,,,,0.5956423282623291,,,,,,,,,,,,,,,,,,,,,,,,,,,,,,,,,,,,
23,,,21474,,,,,,,,,,,,,,,,,,,,,,,,,,,,,,,,,,,,0.2738630175590515,,,,,,,,,,,,,,,,,,,,,,,,,,,,,,,,,,,,
23,,,21479,,,,,,,,,,,,,,,,,,,,,,,,,,,,,,,,,,,,0.5811396241188049,,,,,,,,,,,,,,,,,,,,,,,,,,,,,,,,,,,,
23,,,21484,,,,,,,,,,,,,,,,,,,,,,,,,,,,,,,,,,,,0.3116244375705719,,,,,,,,,,,,,,,,,,,,,,,,,,,,,,,,,,,,
23,,,21489,,,,,,,,,,,,,,,,,,,,,,,,,,,,,,,,,,,,0.6750918626785278,,,,,,,,,,,,,,,,,,,,,,,,,,,,,,,,,,,,
23,,,21494,,,,,,,,,,,,,,,,,,,,,,,,,,,,,,,,,,,,0.37052053213119507,,,,,,,,,,,,,,,,,,,,,,,,,,,,,,,,,,,,
23,,,21499,,,,,,,,,,,,,,,,,,,,,,,,,,,,,,,,,,,,0.5422624349594116,,,,,,,,,,,,,,,,,,,,,,,,,,,,,,,,,,,,
23,,,21504,,,,,,,,,,,,,,,,,,,,,,,,,,,,,,,,,,,,0.5986039638519287,,,,,,,,,,,,,,,,,,,,,,,,,,,,,,,,,,,,
23,,,21509,,,,,,,,,,,,,,,,,,,,,,,,,,,,,,,,,,,,0.2460358887910843,,,,,,,,,,,,,,,,,,,,,,,,,,,,,,,,,,,,
23,,,21514,,,,,,,,,,,,,,,,,,,,,,,,,,,,,,,,,,,,0.2946060001850128,,,,,,,,,,,,,,,,,,,,,,,,,,,,,,,,,,,,
23,,,21519,,,,,,,,,,,,,,,,,,,,,,,,,,,,,,,,,,,,0.37698209285736084,,,,,,,,,,,,,,,,,,,,,,,,,,,,,,,,,,,,
23,,,21524,,,,,,,,,,,,,,,,,,,,,,,,,,,,,,,,,,,,0.23668703436851501,,,,,,,,,,,,,,,,,,,,,,,,,,,,,,,,,,,,
23,,,21529,,,,,,,,,,,,,,,,,,,,,,,,,,,,,,,,,,,,0.34023675322532654,,,,,,,,,,,,,,,,,,,,,,,,,,,,,,,,,,,,
23,,,21534,,,,,,,,,,,,,,,,,,,,,,,,,,,,,,,,,,,,0.1646437793970108,,,,,,,,,,,,,,,,,,,,,,,,,,,,,,,,,,,,
23,,,21539,,,,,,,,,,,,,,,,,,,,,,,,,,,,,,,,,,,,0.32241004705429077,,,,,,,,,,,,,,,,,,,,,,,,,,,,,,,,,,,,
23,,,21544,,,,,,,,,,,,,,,,,,,,,,,,,,,,,,,,,,,,0.5279242396354675,,,,,,,,,,,,,,,,,,,,,,,,,,,,,,,,,,,,
23,,,21549,,,,,,,,,,,,,,,,,,,,,,,,,,,,,,,,,,,,0.2342931032180786,,,,,,,,,,,,,,,,,,,,,,,,,,,,,,,,,,,,
23,,,21554,,,,,,,,,,,,,,,,,,,,,,,,,,,,,,,,,,,,0.6170070767402649,,,,,,,,,,,,,,,,,,,,,,,,,,,,,,,,,,,,
23,,,21559,,,,,,,,,,,,,,,,,,,,,,,,,,,,,,,,,,,,0.2648605704307556,,,,,,,,,,,,,,,,,,,,,,,,,,,,,,,,,,,,
23,,,21564,,,,,,,,,,,,,,,,,,,,,,,,,,,,,,,,,,,,0.3421216905117035,,,,,,,,,,,,,,,,,,,,,,,,,,,,,,,,,,,,
23,,,21569,,,,,,,,,,,,,,,,,,,,,,,,,,,,,,,,,,,,0.20626889169216156,,,,,,,,,,,,,,,,,,,,,,,,,,,,,,,,,,,,
23,,,21574,,,,,,,,,,,,,,,,,,,,,,,,,,,,,,,,,,,,0.4787020683288574,,,,,,,,,,,,,,,,,,,,,,,,,,,,,,,,,,,,
23,,,21579,,,,,,,,,,,,,,,,,,,,,,,,,,,,,,,,,,,,0.30466073751449585,,,,,,,,,,,,,,,,,,,,,,,,,,,,,,,,,,,,
23,,,21584,,,,,,,,,,,,,,,,,,,,,,,,,,,,,,,,,,,,0.5444530248641968,,,,,,,,,,,,,,,,,,,,,,,,,,,,,,,,,,,,
23,,,21589,,,,,,,,,,,,,,,,,,,,,,,,,,,,,,,,,,,,0.61259526014328,,,,,,,,,,,,,,,,,,,,,,,,,,,,,,,,,,,,
23,,,21594,,,,,,,,,,,,,,,,,,,,,,,,,,,,,,,,,,,,0.3898320496082306,,,,,,,,,,,,,,,,,,,,,,,,,,,,,,,,,,,,
23,,,21599,,,,,,,,,,,,,,,,,,,,,,,,,,,,,,,,,,,,0.2346319854259491,,,,,,,,,,,,,,,,,,,,,,,,,,,,,,,,,,,,
23,,,21604,,,,,,,,,,,,,,,,,,,,,,,,,,,,,,,,,,,,0.2034611701965332,,,,,,,,,,,,,,,,,,,,,,,,,,,,,,,,,,,,
23,,,21609,,,,,,,,,,,,,,,,,,,,,,,,,,,,,,,,,,,,0.3993679881095886,,,,,,,,,,,,,,,,,,,,,,,,,,,,,,,,,,,,
23,,,21614,,,,,,,,,,,,,,,,,,,,,,,,,,,,,,,,,,,,0.22493918240070343,,,,,,,,,,,,,,,,,,,,,,,,,,,,,,,,,,,,
23,,,21619,,,,,,,,,,,,,,,,,,,,,,,,,,,,,,,,,,,,0.48689955472946167,,,,,,,,,,,,,,,,,,,,,,,,,,,,,,,,,,,,
23,,,21624,,,,,,,,,,,,,,,,,,,,,,,,,,,,,,,,,,,,0.27337443828582764,,,,,,,,,,,,,,,,,,,,,,,,,,,,,,,,,,,,
23,,,21629,,,,,,,,,,,,,,,,,,,,,,,,,,,,,,,,,,,,0.6026711463928223,,,,,,,,,,,,,,,,,,,,,,,,,,,,,,,,,,,,
23,,,21634,,,,,,,,,,,,,,,,,,,,,,,,,,,,,,,,,,,,0.24497202038764954,,,,,,,,,,,,,,,,,,,,,,,,,,,,,,,,,,,,
23,,,21639,,,,,,,,,,,,,,,,,,,,,,,,,,,,,,,,,,,,0.5145717859268188,,,,,,,,,,,,,,,,,,,,,,,,,,,,,,,,,,,,
23,,,21644,,,,,,,,,,,,,,,,,,,,,,,,,,,,,,,,,,,,0.3154497742652893,,,,,,,,,,,,,,,,,,,,,,,,,,,,,,,,,,,,
23,,,21649,,,,,,,,,,,,,,,,,,,,,,,,,,,,,,,,,,,,0.6107171177864075,,,,,,,,,,,,,,,,,,,,,,,,,,,,,,,,,,,,
23,,,21654,,,,,,,,,,,,,,,,,,,,,,,,,,,,,,,,,,,,0.2614726722240448,,,,,,,,,,,,,,,,,,,,,,,,,,,,,,,,,,,,
23,,,21659,,,,,,,,,,,,,,,,,,,,,,,,,,,,,,,,,,,,0.24660351872444153,,,,,,,,,,,,,,,,,,,,,,,,,,,,,,,,,,,,
23,,,21664,,,,,,,,,,,,,,,,,,,,,,,,,,,,,,,,,,,,0.3157947063446045,,,,,,,,,,,,,,,,,,,,,,,,,,,,,,,,,,,,
23,,,21669,,,,,,,,,,,,,,,,,,,,,,,,,,,,,,,,,,,,0.19224530458450317,,,,,,,,,,,,,,,,,,,,,,,,,,,,,,,,,,,,
23,,,21674,,,,,,,,,,,,,,,,,,,,,,,,,,,,,,,,,,,,0.2444138526916504,,,,,,,,,,,,,,,,,,,,,,,,,,,,,,,,,,,,
23,,,21679,,,,,,,,,,,,,,,,,,,,,,,,,,,,,,,,,,,,0.20473410189151764,,,,,,,,,,,,,,,,,,,,,,,,,,,,,,,,,,,,
23,,,21684,,,,,,,,,,,,,,,,,,,,,,,,,,,,,,,,,,,,0.5796579718589783,,,,,,,,,,,,,,,,,,,,,,,,,,,,,,,,,,,,
23,,,21689,,,,,,,,,,,,,,,,,,,,,,,,,,,,,,,,,,,,0.2640078663825989,,,,,,,,,,,,,,,,,,,,,,,,,,,,,,,,,,,,
23,,,21694,,,,,,,,,,,,,,,,,,,,,,,,,,,,,,,,,,,,0.14947806298732758,,,,,,,,,,,,,,,,,,,,,,,,,,,,,,,,,,,,
23,,,21699,,,,,,,,,,,,,,,,,,,,,,,,,,,,,,,,,,,,0.1770075410604477,,,,,,,,,,,,,,,,,,,,,,,,,,,,,,,,,,,,
23,,,21704,,,,,,,,,,,,,,,,,,,,,,,,,,,,,,,,,,,,0.5401635766029358,,,,,,,,,,,,,,,,,,,,,,,,,,,,,,,,,,,,
23,,,21709,,,,,,,,,,,,,,,,,,,,,,,,,,,,,,,,,,,,0.26199087500572205,,,,,,,,,,,,,,,,,,,,,,,,,,,,,,,,,,,,
23,,,21714,,,,,,,,,,,,,,,,,,,,,,,,,,,,,,,,,,,,0.5547482371330261,,,,,,,,,,,,,,,,,,,,,,,,,,,,,,,,,,,,
23,,,21719,,,,,,,,,,,,,,,,,,,,,,,,,,,,,,,,,,,,0.6039028167724609,,,,,,,,,,,,,,,,,,,,,,,,,,,,,,,,,,,,
23,,,21724,,,,,,,,,,,,,,,,,,,,,,,,,,,,,,,,,,,,0.6429415345191956,,,,,,,,,,,,,,,,,,,,,,,,,,,,,,,,,,,,
23,,,21729,,,,,,,,,,,,,,,,,,,,,,,,,,,,,,,,,,,,0.25666871666908264,,,,,,,,,,,,,,,,,,,,,,,,,,,,,,,,,,,,
23,,,21734,,,,,,,,,,,,,,,,,,,,,,,,,,,,,,,,,,,,0.32434311509132385,,,,,,,,,,,,,,,,,,,,,,,,,,,,,,,,,,,,
23,,,21739,,,,,,,,,,,,,,,,,,,,,,,,,,,,,,,,,,,,0.3139088451862335,,,,,,,,,,,,,,,,,,,,,,,,,,,,,,,,,,,,
23,,,21744,,,,,,,,,,,,,,,,,,,,,,,,,,,,,,,,,,,,0.26702719926834106,,,,,,,,,,,,,,,,,,,,,,,,,,,,,,,,,,,,
23,,,21749,,,,,,,,,,,,,,,,,,,,,,,,,,,,,,,,,,,,0.4696369469165802,,,,,,,,,,,,,,,,,,,,,,,,,,,,,,,,,,,,
23,,,21754,,,,,,,,,,,,,,,,,,,,,,,,,,,,,,,,,,,,0.26245546340942383,,,,,,,,,,,,,,,,,,,,,,,,,,,,,,,,,,,,
23,,,21759,,,,,,,,,,,,,,,,,,,,,,,,,,,,,,,,,,,,0.40978217124938965,,,,,,,,,,,,,,,,,,,,,,,,,,,,,,,,,,,,
23,,,21764,,,,,,,,,,,,,,,,,,,,,,,,,,,,,,,,,,,,0.2766266465187073,,,,,,,,,,,,,,,,,,,,,,,,,,,,,,,,,,,,
23,,,21769,,,,,,,,,,,,,,,,,,,,,,,,,,,,,,,,,,,,0.5557616353034973,,,,,,,,,,,,,,,,,,,,,,,,,,,,,,,,,,,,
23,,,21774,,,,,,,,,,,,,,,,,,,,,,,,,,,,,,,,,,,,0.6275328397750854,,,,,,,,,,,,,,,,,,,,,,,,,,,,,,,,,,,,
23,,,21779,,,,,,,,,,,,,,,,,,,,,,,,,,,,,,,,,,,,0.27925387024879456,,,,,,,,,,,,,,,,,,,,,,,,,,,,,,,,,,,,
23,,,21784,,,,,,,,,,,,,,,,,,,,,,,,,,,,,,,,,,,,0.21188783645629883,,,,,,,,,,,,,,,,,,,,,,,,,,,,,,,,,,,,
23,,,21789,,,,,,,,,,,,,,,,,,,,,,,,,,,,,,,,,,,,0.26103511452674866,,,,,,,,,,,,,,,,,,,,,,,,,,,,,,,,,,,,
23,,,21794,,,,,,,,,,,,,,,,,,,,,,,,,,,,,,,,,,,,0.2863275408744812,,,,,,,,,,,,,,,,,,,,,,,,,,,,,,,,,,,,
23,,,21799,,,,,,,,,,,,,,,,,,,,,,,,,,,,,,,,,,,,0.2756151258945465,,,,,,,,,,,,,,,,,,,,,,,,,,,,,,,,,,,,
23,,,21804,,,,,,,,,,,,,,,,,,,,,,,,,,,,,,,,,,,,0.5871077179908752,,,,,,,,,,,,,,,,,,,,,,,,,,,,,,,,,,,,
23,,,21809,,,,,,,,,,,,,,,,,,,,,,,,,,,,,,,,,,,,0.2164030373096466,,,,,,,,,,,,,,,,,,,,,,,,,,,,,,,,,,,,
23,,,21814,,,,,,,,,,,,,,,,,,,,,,,,,,,,,,,,,,,,0.601117730140686,,,,,,,,,,,,,,,,,,,,,,,,,,,,,,,,,,,,
23,,,21819,,,,,,,,,,,,,,,,,,,,,,,,,,,,,,,,,,,,0.47697913646698,,,,,,,,,,,,,,,,,,,,,,,,,,,,,,,,,,,,
23,,,21824,,,,,,,,,,,,,,,,,,,,,,,,,,,,,,,,,,,,0.5800056457519531,,,,,,,,,,,,,,,,,,,,,,,,,,,,,,,,,,,,
23,,,21829,,,,,,,,,,,,,,,,,,,,,,,,,,,,,,,,,,,,0.6666159629821777,,,,,,,,,,,,,,,,,,,,,,,,,,,,,,,,,,,,
23,,,21834,,,,,,,,,,,,,,,,,,,,,,,,,,,,,,,,,,,,0.6024047136306763,,,,,,,,,,,,,,,,,,,,,,,,,,,,,,,,,,,,
23,,,21839,,,,,,,,,,,,,,,,,,,,,,,,,,,,,,,,,,,,0.3522655963897705,,,,,,,,,,,,,,,,,,,,,,,,,,,,,,,,,,,,
23,,,21844,,,,,,,,,,,,,,,,,,,,,,,,,,,,,,,,,,,,0.17496180534362793,,,,,,,,,,,,,,,,,,,,,,,,,,,,,,,,,,,,
23,,,21849,,,,,,,,,,,,,,,,,,,,,,,,,,,,,,,,,,,,0.3428173065185547,,,,,,,,,,,,,,,,,,,,,,,,,,,,,,,,,,,,
23,,,21854,,,,,,,,,,,,,,,,,,,,,,,,,,,,,,,,,,,,0.3066316545009613,,,,,,,,,,,,,,,,,,,,,,,,,,,,,,,,,,,,
23,,,21859,,,,,,,,,,,,,,,,,,,,,,,,,,,,,,,,,,,,0.20462551712989807,,,,,,,,,,,,,,,,,,,,,,,,,,,,,,,,,,,,
23,,,21864,,,,,,,,,,,,,,,,,,,,,,,,,,,,,,,,,,,,0.24757805466651917,,,,,,,,,,,,,,,,,,,,,,,,,,,,,,,,,,,,
23,,,21869,,,,,,,,,,,,,,,,,,,,,,,,,,,,,,,,,,,,0.3058072328567505,,,,,,,,,,,,,,,,,,,,,,,,,,,,,,,,,,,,
23,,,21874,,,,,,,,,,,,,,,,,,,,,,,,,,,,,,,,,,,,0.27267986536026,,,,,,,,,,,,,,,,,,,,,,,,,,,,,,,,,,,,
23,,,21879,,,,,,,,,,,,,,,,,,,,,,,,,,,,,,,,,,,,0.26824814081192017,,,,,,,,,,,,,,,,,,,,,,,,,,,,,,,,,,,,
23,,,21884,,,,,,,,,,,,,,,,,,,,,,,,,,,,,,,,,,,,0.6522283554077148,,,,,,,,,,,,,,,,,,,,,,,,,,,,,,,,,,,,
23,,,21889,,,,,,,,,,,,,,,,,,,,,,,,,,,,,,,,,,,,0.25683796405792236,,,,,,,,,,,,,,,,,,,,,,,,,,,,,,,,,,,,
23,,,21894,,,,,,,,,,,,,,,,,,,,,,,,,,,,,,,,,,,,0.20176447927951813,,,,,,,,,,,,,,,,,,,,,,,,,,,,,,,,,,,,
23,,,21899,,,,,,,,,,,,,,,,,,,,,,,,,,,,,,,,,,,,0.6253137588500977,,,,,,,,,,,,,,,,,,,,,,,,,,,,,,,,,,,,
23,,,21904,,,,,,,,,,,,,,,,,,,,,,,,,,,,,,,,,,,,0.6021153926849365,,,,,,,,,,,,,,,,,,,,,,,,,,,,,,,,,,,,
23,,,21909,,,,,,,,,,,,,,,,,,,,,,,,,,,,,,,,,,,,0.31176936626434326,,,,,,,,,,,,,,,,,,,,,,,,,,,,,,,,,,,,
23,,,21914,,,,,,,,,,,,,,,,,,,,,,,,,,,,,,,,,,,,0.6007765531539917,,,,,,,,,,,,,,,,,,,,,,,,,,,,,,,,,,,,
23,,,21919,,,,,,,,,,,,,,,,,,,,,,,,,,,,,,,,,,,,0.5059848427772522,,,,,,,,,,,,,,,,,,,,,,,,,,,,,,,,,,,,
23,,,21924,,,,,,,,,,,,,,,,,,,,,,,,,,,,,,,,,,,,0.30642279982566833,,,,,,,,,,,,,,,,,,,,,,,,,,,,,,,,,,,,
23,,,21929,,,,,,,,,,,,,,,,,,,,,,,,,,,,,,,,,,,,0.20357030630111694,,,,,,,,,,,,,,,,,,,,,,,,,,,,,,,,,,,,
23,,,21934,,,,,,,,,,,,,,,,,,,,,,,,,,,,,,,,,,,,0.3968590795993805,,,,,,,,,,,,,,,,,,,,,,,,,,,,,,,,,,,,
23,,,21939,,,,,,,,,,,,,,,,,,,,,,,,,,,,,,,,,,,,0.3108125329017639,,,,,,,,,,,,,,,,,,,,,,,,,,,,,,,,,,,,
23,,,21944,,,,,,,,,,,,,,,,,,,,,,,,,,,,,,,,,,,,0.3732340335845947,,,,,,,,,,,,,,,,,,,,,,,,,,,,,,,,,,,,
23,,,21949,,,,,,,,,,,,,,,,,,,,,,,,,,,,,,,,,,,,0.3017342984676361,,,,,,,,,,,,,,,,,,,,,,,,,,,,,,,,,,,,
23,,,21954,,,,,,,,,,,,,,,,,,,,,,,,,,,,,,,,,,,,0.41602760553359985,,,,,,,,,,,,,,,,,,,,,,,,,,,,,,,,,,,,
23,,,21959,,,,,,,,,,,,,,,,,,,,,,,,,,,,,,,,,,,,0.5636312961578369,,,,,,,,,,,,,,,,,,,,,,,,,,,,,,,,,,,,
23,,,21964,,,,,,,,,,,,,,,,,,,,,,,,,,,,,,,,,,,,0.2824649214744568,,,,,,,,,,,,,,,,,,,,,,,,,,,,,,,,,,,,
23,,,21969,,,,,,,,,,,,,,,,,,,,,,,,,,,,,,,,,,,,0.1323455572128296,,,,,,,,,,,,,,,,,,,,,,,,,,,,,,,,,,,,
23,,,21974,,,,,,,,,,,,,,,,,,,,,,,,,,,,,,,,,,,,0.640250563621521,,,,,,,,,,,,,,,,,,,,,,,,,,,,,,,,,,,,
23,,,21979,,,,,,,,,,,,,,,,,,,,,,,,,,,,,,,,,,,,0.5071002840995789,,,,,,,,,,,,,,,,,,,,,,,,,,,,,,,,,,,,
23,,,21984,,,,,,,,,,,,,,,,,,,,,,,,,,,,,,,,,,,,0.281097948551178,,,,,,,,,,,,,,,,,,,,,,,,,,,,,,,,,,,,
23,,,21989,,,,,,,,,,,,,,,,,,,,,,,,,,,,,,,,,,,,0.37441015243530273,,,,,,,,,,,,,,,,,,,,,,,,,,,,,,,,,,,,
23,,,21994,,,,,,,,,,,,,,,,,,,,,,,,,,,,,,,,,,,,0.3383691906929016,,,,,,,,,,,,,,,,,,,,,,,,,,,,,,,,,,,,
23,,,21999,,,,,,,,,,,,,,,,,,,,,,,,,,,,,,,,,,,,0.25665801763534546,,,,,,,,,,,,,,,,,,,,,,,,,,,,,,,,,,,,
23,,,22004,,,,,,,,,,,,,,,,,,,,,,,,,,,,,,,,,,,,0.4636039137840271,,,,,,,,,,,,,,,,,,,,,,,,,,,,,,,,,,,,
23,,,22009,,,,,,,,,,,,,,,,,,,,,,,,,,,,,,,,,,,,0.3031792640686035,,,,,,,,,,,,,,,,,,,,,,,,,,,,,,,,,,,,
23,,,22014,,,,,,,,,,,,,,,,,,,,,,,,,,,,,,,,,,,,0.5918312072753906,,,,,,,,,,,,,,,,,,,,,,,,,,,,,,,,,,,,
23,,,22019,,,,,,,,,,,,,,,,,,,,,,,,,,,,,,,,,,,,0.27005231380462646,,,,,,,,,,,,,,,,,,,,,,,,,,,,,,,,,,,,
23,,,22024,,,,,,,,,,,,,,,,,,,,,,,,,,,,,,,,,,,,0.21019747853279114,,,,,,,,,,,,,,,,,,,,,,,,,,,,,,,,,,,,
23,,,22029,,,,,,,,,,,,,,,,,,,,,,,,,,,,,,,,,,,,0.29430192708969116,,,,,,,,,,,,,,,,,,,,,,,,,,,,,,,,,,,,
23,,,22034,,,,,,,,,,,,,,,,,,,,,,,,,,,,,,,,,,,,0.25060680508613586,,,,,,,,,,,,,,,,,,,,,,,,,,,,,,,,,,,,
23,,,22039,,,,,,,,,,,,,,,,,,,,,,,,,,,,,,,,,,,,0.3857351541519165,,,,,,,,,,,,,,,,,,,,,,,,,,,,,,,,,,,,
23,,,22044,,,,,,,,,,,,,,,,,,,,,,,,,,,,,,,,,,,,0.2835101783275604,,,,,,,,,,,,,,,,,,,,,,,,,,,,,,,,,,,,
23,,,22049,,,,,,,,,,,,,,,,,,,,,,,,,,,,,,,,,,,,0.20544716715812683,,,,,,,,,,,,,,,,,,,,,,,,,,,,,,,,,,,,
23,,,22054,,,,,,,,,,,,,,,,,,,,,,,,,,,,,,,,,,,,0.3037880063056946,,,,,,,,,,,,,,,,,,,,,,,,,,,,,,,,,,,,
23,,,22059,,,,,,,,,,,,,,,,,,,,,,,,,,,,,,,,,,,,0.5459937453269958,,,,,,,,,,,,,,,,,,,,,,,,,,,,,,,,,,,,
23,,,22064,,,,,,,,,,,,,,,,,,,,,,,,,,,,,,,,,,,,0.5915316939353943,,,,,,,,,,,,,,,,,,,,,,,,,,,,,,,,,,,,
23,,,22069,,,,,,,,,,,,,,,,,,,,,,,,,,,,,,,,,,,,0.6081333756446838,,,,,,,,,,,,,,,,,,,,,,,,,,,,,,,,,,,,
23,,,22074,,,,,,,,,,,,,,,,,,,,,,,,,,,,,,,,,,,,0.3833901286125183,,,,,,,,,,,,,,,,,,,,,,,,,,,,,,,,,,,,
23,,,22079,,,,,,,,,,,,,,,,,,,,,,,,,,,,,,,,,,,,0.6519312262535095,,,,,,,,,,,,,,,,,,,,,,,,,,,,,,,,,,,,
23,,,22084,,,,,,,,,,,,,,,,,,,,,,,,,,,,,,,,,,,,0.359062135219574,,,,,,,,,,,,,,,,,,,,,,,,,,,,,,,,,,,,
23,,,22089,,,,,,,,,,,,,,,,,,,,,,,,,,,,,,,,,,,,0.5138154625892639,,,,,,,,,,,,,,,,,,,,,,,,,,,,,,,,,,,,
23,,,22094,,,,,,,,,,,,,,,,,,,,,,,,,,,,,,,,,,,,0.20734462141990662,,,,,,,,,,,,,,,,,,,,,,,,,,,,,,,,,,,,
23,,,22099,,,,,,,,,,,,,,,,,,,,,,,,,,,,,,,,,,,,0.5301157236099243,,,,,,,,,,,,,,,,,,,,,,,,,,,,,,,,,,,,
23,,,22103,,,,,,,,,,,,,,,,,,,,,,,,,,,,,,,,,,,,,0.7840616703033447,0.7543490529060364,0.6532182693481445,0.7325859665870667,0.7840616703033447,0.0,0.8837572932243347,0.8508388996124268,0.9597037434577942,0.44194692373275757,0.0,0.8993489742279053,0.84127277135849,0.9207839965820312,0.35599038004875183,0.0,0.8171062469482422,0.7260317802429199,0.8531971573829651,0.21653789281845093,0.0,0.9155006408691406,0.8319194316864014,0.8848979473114014,0.29802581667900085,0.0,0.8837572932243347,0.8508388996124268,0.9597037434577942,0.44194692373275757,0.8657463192939758,0.8657463192939758,0.7632738947868347,0.8657463192939758,0.8657463192939758,0.41296330094337463
23,,,22103,0.7610125541687012,0.7482641935348511,0.6481513977050781,0.737228512763977,0.7610125541687012,0.0,0.8825619220733643,0.8525755405426025,0.9408873319625854,0.3680254817008972,0.0,0.8952789306640625,0.8390913605690002,0.9236955046653748,0.33499112725257874,0.0,0.8104117512702942,0.7227886319160461,0.8582102060317993,0.20119479298591614,0.0,0.9083676338195801,0.8260270357131958,0.9071207046508789,0.3073987066745758,0.0,0.8825619220733643,0.8525755405426025,0.9408873319625854,0.3680254817008972,0.863500714302063,0.863500714302063,0.7597901225090027,0.863500714302063,0.863500714302063,,,,,,,,,,,,,,,,,,,,,,,,,,,,,,,,,,,,,
,1e-05,0.0001,22104,,,,,,,,,,,,,,,,,,,,,,,,,,,,,,,,,,,,,,,,,,,,,,,,,,,,,,,,,,,,,,,,,,,,,,,,
24,,,22104,,,,,,,,,,,,,,,,,,,,,,,,,,,,,,,,,,,,0.18789324164390564,,,,,,,,,,,,,,,,,,,,,,,,,,,,,,,,,,,,
24,,,22109,,,,,,,,,,,,,,,,,,,,,,,,,,,,,,,,,,,,0.5986313223838806,,,,,,,,,,,,,,,,,,,,,,,,,,,,,,,,,,,,
24,,,22114,,,,,,,,,,,,,,,,,,,,,,,,,,,,,,,,,,,,0.38769322633743286,,,,,,,,,,,,,,,,,,,,,,,,,,,,,,,,,,,,
24,,,22119,,,,,,,,,,,,,,,,,,,,,,,,,,,,,,,,,,,,0.20381593704223633,,,,,,,,,,,,,,,,,,,,,,,,,,,,,,,,,,,,
24,,,22124,,,,,,,,,,,,,,,,,,,,,,,,,,,,,,,,,,,,0.4270550608634949,,,,,,,,,,,,,,,,,,,,,,,,,,,,,,,,,,,,
24,,,22129,,,,,,,,,,,,,,,,,,,,,,,,,,,,,,,,,,,,0.5458964109420776,,,,,,,,,,,,,,,,,,,,,,,,,,,,,,,,,,,,
24,,,22134,,,,,,,,,,,,,,,,,,,,,,,,,,,,,,,,,,,,0.26936274766921997,,,,,,,,,,,,,,,,,,,,,,,,,,,,,,,,,,,,
24,,,22139,,,,,,,,,,,,,,,,,,,,,,,,,,,,,,,,,,,,0.6414163708686829,,,,,,,,,,,,,,,,,,,,,,,,,,,,,,,,,,,,
24,,,22144,,,,,,,,,,,,,,,,,,,,,,,,,,,,,,,,,,,,0.21575725078582764,,,,,,,,,,,,,,,,,,,,,,,,,,,,,,,,,,,,
24,,,22149,,,,,,,,,,,,,,,,,,,,,,,,,,,,,,,,,,,,0.6787397265434265,,,,,,,,,,,,,,,,,,,,,,,,,,,,,,,,,,,,
24,,,22154,,,,,,,,,,,,,,,,,,,,,,,,,,,,,,,,,,,,0.26807117462158203,,,,,,,,,,,,,,,,,,,,,,,,,,,,,,,,,,,,
24,,,22159,,,,,,,,,,,,,,,,,,,,,,,,,,,,,,,,,,,,0.6495606899261475,,,,,,,,,,,,,,,,,,,,,,,,,,,,,,,,,,,,
24,,,22164,,,,,,,,,,,,,,,,,,,,,,,,,,,,,,,,,,,,0.4755955934524536,,,,,,,,,,,,,,,,,,,,,,,,,,,,,,,,,,,,
24,,,22169,,,,,,,,,,,,,,,,,,,,,,,,,,,,,,,,,,,,0.6189406514167786,,,,,,,,,,,,,,,,,,,,,,,,,,,,,,,,,,,,
24,,,22174,,,,,,,,,,,,,,,,,,,,,,,,,,,,,,,,,,,,0.35835546255111694,,,,,,,,,,,,,,,,,,,,,,,,,,,,,,,,,,,,
24,,,22179,,,,,,,,,,,,,,,,,,,,,,,,,,,,,,,,,,,,0.4043717384338379,,,,,,,,,,,,,,,,,,,,,,,,,,,,,,,,,,,,
24,,,22184,,,,,,,,,,,,,,,,,,,,,,,,,,,,,,,,,,,,0.34702634811401367,,,,,,,,,,,,,,,,,,,,,,,,,,,,,,,,,,,,
24,,,22189,,,,,,,,,,,,,,,,,,,,,,,,,,,,,,,,,,,,0.2411683201789856,,,,,,,,,,,,,,,,,,,,,,,,,,,,,,,,,,,,
24,,,22194,,,,,,,,,,,,,,,,,,,,,,,,,,,,,,,,,,,,0.33808404207229614,,,,,,,,,,,,,,,,,,,,,,,,,,,,,,,,,,,,
24,,,22199,,,,,,,,,,,,,,,,,,,,,,,,,,,,,,,,,,,,0.26111868023872375,,,,,,,,,,,,,,,,,,,,,,,,,,,,,,,,,,,,
24,,,22204,,,,,,,,,,,,,,,,,,,,,,,,,,,,,,,,,,,,0.24377697706222534,,,,,,,,,,,,,,,,,,,,,,,,,,,,,,,,,,,,
24,,,22209,,,,,,,,,,,,,,,,,,,,,,,,,,,,,,,,,,,,0.4200326204299927,,,,,,,,,,,,,,,,,,,,,,,,,,,,,,,,,,,,
24,,,22214,,,,,,,,,,,,,,,,,,,,,,,,,,,,,,,,,,,,0.6392654180526733,,,,,,,,,,,,,,,,,,,,,,,,,,,,,,,,,,,,
24,,,22219,,,,,,,,,,,,,,,,,,,,,,,,,,,,,,,,,,,,0.6093494892120361,,,,,,,,,,,,,,,,,,,,,,,,,,,,,,,,,,,,
24,,,22224,,,,,,,,,,,,,,,,,,,,,,,,,,,,,,,,,,,,0.34448444843292236,,,,,,,,,,,,,,,,,,,,,,,,,,,,,,,,,,,,
24,,,22229,,,,,,,,,,,,,,,,,,,,,,,,,,,,,,,,,,,,0.6114367246627808,,,,,,,,,,,,,,,,,,,,,,,,,,,,,,,,,,,,
24,,,22234,,,,,,,,,,,,,,,,,,,,,,,,,,,,,,,,,,,,0.28596168756484985,,,,,,,,,,,,,,,,,,,,,,,,,,,,,,,,,,,,
24,,,22239,,,,,,,,,,,,,,,,,,,,,,,,,,,,,,,,,,,,0.5976925492286682,,,,,,,,,,,,,,,,,,,,,,,,,,,,,,,,,,,,
24,,,22244,,,,,,,,,,,,,,,,,,,,,,,,,,,,,,,,,,,,0.5642684698104858,,,,,,,,,,,,,,,,,,,,,,,,,,,,,,,,,,,,
24,,,22249,,,,,,,,,,,,,,,,,,,,,,,,,,,,,,,,,,,,0.5831206440925598,,,,,,,,,,,,,,,,,,,,,,,,,,,,,,,,,,,,
24,,,22254,,,,,,,,,,,,,,,,,,,,,,,,,,,,,,,,,,,,0.3711816370487213,,,,,,,,,,,,,,,,,,,,,,,,,,,,,,,,,,,,
24,,,22259,,,,,,,,,,,,,,,,,,,,,,,,,,,,,,,,,,,,0.27357572317123413,,,,,,,,,,,,,,,,,,,,,,,,,,,,,,,,,,,,
24,,,22264,,,,,,,,,,,,,,,,,,,,,,,,,,,,,,,,,,,,0.35300830006599426,,,,,,,,,,,,,,,,,,,,,,,,,,,,,,,,,,,,
24,,,22269,,,,,,,,,,,,,,,,,,,,,,,,,,,,,,,,,,,,0.3281015157699585,,,,,,,,,,,,,,,,,,,,,,,,,,,,,,,,,,,,
24,,,22274,,,,,,,,,,,,,,,,,,,,,,,,,,,,,,,,,,,,0.23030918836593628,,,,,,,,,,,,,,,,,,,,,,,,,,,,,,,,,,,,
24,,,22279,,,,,,,,,,,,,,,,,,,,,,,,,,,,,,,,,,,,0.15172508358955383,,,,,,,,,,,,,,,,,,,,,,,,,,,,,,,,,,,,
24,,,22284,,,,,,,,,,,,,,,,,,,,,,,,,,,,,,,,,,,,0.29094401001930237,,,,,,,,,,,,,,,,,,,,,,,,,,,,,,,,,,,,
24,,,22289,,,,,,,,,,,,,,,,,,,,,,,,,,,,,,,,,,,,0.3369672894477844,,,,,,,,,,,,,,,,,,,,,,,,,,,,,,,,,,,,
24,,,22294,,,,,,,,,,,,,,,,,,,,,,,,,,,,,,,,,,,,0.2418084442615509,,,,,,,,,,,,,,,,,,,,,,,,,,,,,,,,,,,,
24,,,22299,,,,,,,,,,,,,,,,,,,,,,,,,,,,,,,,,,,,0.269906610250473,,,,,,,,,,,,,,,,,,,,,,,,,,,,,,,,,,,,
24,,,22304,,,,,,,,,,,,,,,,,,,,,,,,,,,,,,,,,,,,0.5782544016838074,,,,,,,,,,,,,,,,,,,,,,,,,,,,,,,,,,,,
24,,,22309,,,,,,,,,,,,,,,,,,,,,,,,,,,,,,,,,,,,0.5794028639793396,,,,,,,,,,,,,,,,,,,,,,,,,,,,,,,,,,,,
24,,,22314,,,,,,,,,,,,,,,,,,,,,,,,,,,,,,,,,,,,0.5868369936943054,,,,,,,,,,,,,,,,,,,,,,,,,,,,,,,,,,,,
24,,,22319,,,,,,,,,,,,,,,,,,,,,,,,,,,,,,,,,,,,0.27799683809280396,,,,,,,,,,,,,,,,,,,,,,,,,,,,,,,,,,,,
24,,,22324,,,,,,,,,,,,,,,,,,,,,,,,,,,,,,,,,,,,0.62393718957901,,,,,,,,,,,,,,,,,,,,,,,,,,,,,,,,,,,,
24,,,22329,,,,,,,,,,,,,,,,,,,,,,,,,,,,,,,,,,,,0.6071895360946655,,,,,,,,,,,,,,,,,,,,,,,,,,,,,,,,,,,,
24,,,22334,,,,,,,,,,,,,,,,,,,,,,,,,,,,,,,,,,,,0.3953668475151062,,,,,,,,,,,,,,,,,,,,,,,,,,,,,,,,,,,,
24,,,22339,,,,,,,,,,,,,,,,,,,,,,,,,,,,,,,,,,,,0.30372095108032227,,,,,,,,,,,,,,,,,,,,,,,,,,,,,,,,,,,,
24,,,22344,,,,,,,,,,,,,,,,,,,,,,,,,,,,,,,,,,,,0.23408597707748413,,,,,,,,,,,,,,,,,,,,,,,,,,,,,,,,,,,,
24,,,22349,,,,,,,,,,,,,,,,,,,,,,,,,,,,,,,,,,,,0.3889150619506836,,,,,,,,,,,,,,,,,,,,,,,,,,,,,,,,,,,,
24,,,22354,,,,,,,,,,,,,,,,,,,,,,,,,,,,,,,,,,,,0.5878508687019348,,,,,,,,,,,,,,,,,,,,,,,,,,,,,,,,,,,,
24,,,22359,,,,,,,,,,,,,,,,,,,,,,,,,,,,,,,,,,,,0.2939113676548004,,,,,,,,,,,,,,,,,,,,,,,,,,,,,,,,,,,,
24,,,22364,,,,,,,,,,,,,,,,,,,,,,,,,,,,,,,,,,,,0.21666499972343445,,,,,,,,,,,,,,,,,,,,,,,,,,,,,,,,,,,,
24,,,22369,,,,,,,,,,,,,,,,,,,,,,,,,,,,,,,,,,,,0.5807445049285889,,,,,,,,,,,,,,,,,,,,,,,,,,,,,,,,,,,,
24,,,22374,,,,,,,,,,,,,,,,,,,,,,,,,,,,,,,,,,,,0.24628853797912598,,,,,,,,,,,,,,,,,,,,,,,,,,,,,,,,,,,,
24,,,22379,,,,,,,,,,,,,,,,,,,,,,,,,,,,,,,,,,,,0.27064985036849976,,,,,,,,,,,,,,,,,,,,,,,,,,,,,,,,,,,,
24,,,22384,,,,,,,,,,,,,,,,,,,,,,,,,,,,,,,,,,,,0.6078784465789795,,,,,,,,,,,,,,,,,,,,,,,,,,,,,,,,,,,,
24,,,22389,,,,,,,,,,,,,,,,,,,,,,,,,,,,,,,,,,,,0.2586219012737274,,,,,,,,,,,,,,,,,,,,,,,,,,,,,,,,,,,,
24,,,22394,,,,,,,,,,,,,,,,,,,,,,,,,,,,,,,,,,,,0.4013248383998871,,,,,,,,,,,,,,,,,,,,,,,,,,,,,,,,,,,,
24,,,22399,,,,,,,,,,,,,,,,,,,,,,,,,,,,,,,,,,,,0.21770870685577393,,,,,,,,,,,,,,,,,,,,,,,,,,,,,,,,,,,,
24,,,22404,,,,,,,,,,,,,,,,,,,,,,,,,,,,,,,,,,,,0.24786093831062317,,,,,,,,,,,,,,,,,,,,,,,,,,,,,,,,,,,,
24,,,22409,,,,,,,,,,,,,,,,,,,,,,,,,,,,,,,,,,,,0.33510392904281616,,,,,,,,,,,,,,,,,,,,,,,,,,,,,,,,,,,,
24,,,22414,,,,,,,,,,,,,,,,,,,,,,,,,,,,,,,,,,,,0.3625235855579376,,,,,,,,,,,,,,,,,,,,,,,,,,,,,,,,,,,,
24,,,22419,,,,,,,,,,,,,,,,,,,,,,,,,,,,,,,,,,,,0.3542082607746124,,,,,,,,,,,,,,,,,,,,,,,,,,,,,,,,,,,,
24,,,22424,,,,,,,,,,,,,,,,,,,,,,,,,,,,,,,,,,,,0.6272426247596741,,,,,,,,,,,,,,,,,,,,,,,,,,,,,,,,,,,,
24,,,22429,,,,,,,,,,,,,,,,,,,,,,,,,,,,,,,,,,,,0.30928540229797363,,,,,,,,,,,,,,,,,,,,,,,,,,,,,,,,,,,,
24,,,22434,,,,,,,,,,,,,,,,,,,,,,,,,,,,,,,,,,,,0.6454987525939941,,,,,,,,,,,,,,,,,,,,,,,,,,,,,,,,,,,,
24,,,22439,,,,,,,,,,,,,,,,,,,,,,,,,,,,,,,,,,,,0.25458836555480957,,,,,,,,,,,,,,,,,,,,,,,,,,,,,,,,,,,,
24,,,22444,,,,,,,,,,,,,,,,,,,,,,,,,,,,,,,,,,,,0.6224184036254883,,,,,,,,,,,,,,,,,,,,,,,,,,,,,,,,,,,,
24,,,22449,,,,,,,,,,,,,,,,,,,,,,,,,,,,,,,,,,,,0.2940276265144348,,,,,,,,,,,,,,,,,,,,,,,,,,,,,,,,,,,,
24,,,22454,,,,,,,,,,,,,,,,,,,,,,,,,,,,,,,,,,,,0.31714674830436707,,,,,,,,,,,,,,,,,,,,,,,,,,,,,,,,,,,,
24,,,22459,,,,,,,,,,,,,,,,,,,,,,,,,,,,,,,,,,,,0.49728116393089294,,,,,,,,,,,,,,,,,,,,,,,,,,,,,,,,,,,,
24,,,22464,,,,,,,,,,,,,,,,,,,,,,,,,,,,,,,,,,,,0.3378823399543762,,,,,,,,,,,,,,,,,,,,,,,,,,,,,,,,,,,,
24,,,22469,,,,,,,,,,,,,,,,,,,,,,,,,,,,,,,,,,,,0.4871959686279297,,,,,,,,,,,,,,,,,,,,,,,,,,,,,,,,,,,,
24,,,22474,,,,,,,,,,,,,,,,,,,,,,,,,,,,,,,,,,,,0.21873319149017334,,,,,,,,,,,,,,,,,,,,,,,,,,,,,,,,,,,,
24,,,22479,,,,,,,,,,,,,,,,,,,,,,,,,,,,,,,,,,,,0.25329339504241943,,,,,,,,,,,,,,,,,,,,,,,,,,,,,,,,,,,,
24,,,22484,,,,,,,,,,,,,,,,,,,,,,,,,,,,,,,,,,,,0.35402849316596985,,,,,,,,,,,,,,,,,,,,,,,,,,,,,,,,,,,,
24,,,22489,,,,,,,,,,,,,,,,,,,,,,,,,,,,,,,,,,,,0.23932060599327087,,,,,,,,,,,,,,,,,,,,,,,,,,,,,,,,,,,,
24,,,22494,,,,,,,,,,,,,,,,,,,,,,,,,,,,,,,,,,,,0.2248173952102661,,,,,,,,,,,,,,,,,,,,,,,,,,,,,,,,,,,,
24,,,22499,,,,,,,,,,,,,,,,,,,,,,,,,,,,,,,,,,,,0.43596312403678894,,,,,,,,,,,,,,,,,,,,,,,,,,,,,,,,,,,,
24,,,22504,,,,,,,,,,,,,,,,,,,,,,,,,,,,,,,,,,,,0.5755012631416321,,,,,,,,,,,,,,,,,,,,,,,,,,,,,,,,,,,,
24,,,22509,,,,,,,,,,,,,,,,,,,,,,,,,,,,,,,,,,,,0.6179209351539612,,,,,,,,,,,,,,,,,,,,,,,,,,,,,,,,,,,,
24,,,22514,,,,,,,,,,,,,,,,,,,,,,,,,,,,,,,,,,,,0.27608993649482727,,,,,,,,,,,,,,,,,,,,,,,,,,,,,,,,,,,,
24,,,22519,,,,,,,,,,,,,,,,,,,,,,,,,,,,,,,,,,,,0.35186082124710083,,,,,,,,,,,,,,,,,,,,,,,,,,,,,,,,,,,,
24,,,22524,,,,,,,,,,,,,,,,,,,,,,,,,,,,,,,,,,,,0.31794488430023193,,,,,,,,,,,,,,,,,,,,,,,,,,,,,,,,,,,,
24,,,22529,,,,,,,,,,,,,,,,,,,,,,,,,,,,,,,,,,,,0.5911154747009277,,,,,,,,,,,,,,,,,,,,,,,,,,,,,,,,,,,,
24,,,22534,,,,,,,,,,,,,,,,,,,,,,,,,,,,,,,,,,,,0.6490814089775085,,,,,,,,,,,,,,,,,,,,,,,,,,,,,,,,,,,,
24,,,22539,,,,,,,,,,,,,,,,,,,,,,,,,,,,,,,,,,,,0.6386141777038574,,,,,,,,,,,,,,,,,,,,,,,,,,,,,,,,,,,,
24,,,22544,,,,,,,,,,,,,,,,,,,,,,,,,,,,,,,,,,,,0.6180576086044312,,,,,,,,,,,,,,,,,,,,,,,,,,,,,,,,,,,,
24,,,22549,,,,,,,,,,,,,,,,,,,,,,,,,,,,,,,,,,,,0.381350576877594,,,,,,,,,,,,,,,,,,,,,,,,,,,,,,,,,,,,
24,,,22554,,,,,,,,,,,,,,,,,,,,,,,,,,,,,,,,,,,,0.2919451892375946,,,,,,,,,,,,,,,,,,,,,,,,,,,,,,,,,,,,
24,,,22559,,,,,,,,,,,,,,,,,,,,,,,,,,,,,,,,,,,,0.2585669755935669,,,,,,,,,,,,,,,,,,,,,,,,,,,,,,,,,,,,
24,,,22564,,,,,,,,,,,,,,,,,,,,,,,,,,,,,,,,,,,,0.25993260741233826,,,,,,,,,,,,,,,,,,,,,,,,,,,,,,,,,,,,
24,,,22569,,,,,,,,,,,,,,,,,,,,,,,,,,,,,,,,,,,,0.481672078371048,,,,,,,,,,,,,,,,,,,,,,,,,,,,,,,,,,,,
24,,,22574,,,,,,,,,,,,,,,,,,,,,,,,,,,,,,,,,,,,0.25604990124702454,,,,,,,,,,,,,,,,,,,,,,,,,,,,,,,,,,,,
24,,,22579,,,,,,,,,,,,,,,,,,,,,,,,,,,,,,,,,,,,0.23962253332138062,,,,,,,,,,,,,,,,,,,,,,,,,,,,,,,,,,,,
24,,,22584,,,,,,,,,,,,,,,,,,,,,,,,,,,,,,,,,,,,0.30769798159599304,,,,,,,,,,,,,,,,,,,,,,,,,,,,,,,,,,,,
24,,,22589,,,,,,,,,,,,,,,,,,,,,,,,,,,,,,,,,,,,0.3938068151473999,,,,,,,,,,,,,,,,,,,,,,,,,,,,,,,,,,,,
24,,,22594,,,,,,,,,,,,,,,,,,,,,,,,,,,,,,,,,,,,0.6611776351928711,,,,,,,,,,,,,,,,,,,,,,,,,,,,,,,,,,,,
24,,,22599,,,,,,,,,,,,,,,,,,,,,,,,,,,,,,,,,,,,0.20521697402000427,,,,,,,,,,,,,,,,,,,,,,,,,,,,,,,,,,,,
24,,,22604,,,,,,,,,,,,,,,,,,,,,,,,,,,,,,,,,,,,0.4456747770309448,,,,,,,,,,,,,,,,,,,,,,,,,,,,,,,,,,,,
24,,,22609,,,,,,,,,,,,,,,,,,,,,,,,,,,,,,,,,,,,0.24759817123413086,,,,,,,,,,,,,,,,,,,,,,,,,,,,,,,,,,,,
24,,,22614,,,,,,,,,,,,,,,,,,,,,,,,,,,,,,,,,,,,0.3484508991241455,,,,,,,,,,,,,,,,,,,,,,,,,,,,,,,,,,,,
24,,,22619,,,,,,,,,,,,,,,,,,,,,,,,,,,,,,,,,,,,0.5895331501960754,,,,,,,,,,,,,,,,,,,,,,,,,,,,,,,,,,,,
24,,,22624,,,,,,,,,,,,,,,,,,,,,,,,,,,,,,,,,,,,0.19614897668361664,,,,,,,,,,,,,,,,,,,,,,,,,,,,,,,,,,,,
24,,,22629,,,,,,,,,,,,,,,,,,,,,,,,,,,,,,,,,,,,0.586222231388092,,,,,,,,,,,,,,,,,,,,,,,,,,,,,,,,,,,,
24,,,22634,,,,,,,,,,,,,,,,,,,,,,,,,,,,,,,,,,,,0.3015507161617279,,,,,,,,,,,,,,,,,,,,,,,,,,,,,,,,,,,,
24,,,22639,,,,,,,,,,,,,,,,,,,,,,,,,,,,,,,,,,,,0.23666717112064362,,,,,,,,,,,,,,,,,,,,,,,,,,,,,,,,,,,,
24,,,22644,,,,,,,,,,,,,,,,,,,,,,,,,,,,,,,,,,,,0.23752346634864807,,,,,,,,,,,,,,,,,,,,,,,,,,,,,,,,,,,,
24,,,22649,,,,,,,,,,,,,,,,,,,,,,,,,,,,,,,,,,,,0.5842575430870056,,,,,,,,,,,,,,,,,,,,,,,,,,,,,,,,,,,,
24,,,22654,,,,,,,,,,,,,,,,,,,,,,,,,,,,,,,,,,,,0.6254137754440308,,,,,,,,,,,,,,,,,,,,,,,,,,,,,,,,,,,,
24,,,22659,,,,,,,,,,,,,,,,,,,,,,,,,,,,,,,,,,,,0.24553045630455017,,,,,,,,,,,,,,,,,,,,,,,,,,,,,,,,,,,,
24,,,22664,,,,,,,,,,,,,,,,,,,,,,,,,,,,,,,,,,,,0.33103299140930176,,,,,,,,,,,,,,,,,,,,,,,,,,,,,,,,,,,,
24,,,22669,,,,,,,,,,,,,,,,,,,,,,,,,,,,,,,,,,,,0.34569233655929565,,,,,,,,,,,,,,,,,,,,,,,,,,,,,,,,,,,,
24,,,22674,,,,,,,,,,,,,,,,,,,,,,,,,,,,,,,,,,,,0.2230014204978943,,,,,,,,,,,,,,,,,,,,,,,,,,,,,,,,,,,,
24,,,22679,,,,,,,,,,,,,,,,,,,,,,,,,,,,,,,,,,,,0.36017054319381714,,,,,,,,,,,,,,,,,,,,,,,,,,,,,,,,,,,,
24,,,22684,,,,,,,,,,,,,,,,,,,,,,,,,,,,,,,,,,,,0.2756207287311554,,,,,,,,,,,,,,,,,,,,,,,,,,,,,,,,,,,,
24,,,22689,,,,,,,,,,,,,,,,,,,,,,,,,,,,,,,,,,,,0.6302933692932129,,,,,,,,,,,,,,,,,,,,,,,,,,,,,,,,,,,,
24,,,22694,,,,,,,,,,,,,,,,,,,,,,,,,,,,,,,,,,,,0.27123457193374634,,,,,,,,,,,,,,,,,,,,,,,,,,,,,,,,,,,,
24,,,22699,,,,,,,,,,,,,,,,,,,,,,,,,,,,,,,,,,,,0.2392386794090271,,,,,,,,,,,,,,,,,,,,,,,,,,,,,,,,,,,,
24,,,22704,,,,,,,,,,,,,,,,,,,,,,,,,,,,,,,,,,,,0.2863326966762543,,,,,,,,,,,,,,,,,,,,,,,,,,,,,,,,,,,,
24,,,22709,,,,,,,,,,,,,,,,,,,,,,,,,,,,,,,,,,,,0.32733622193336487,,,,,,,,,,,,,,,,,,,,,,,,,,,,,,,,,,,,
24,,,22714,,,,,,,,,,,,,,,,,,,,,,,,,,,,,,,,,,,,0.28259044885635376,,,,,,,,,,,,,,,,,,,,,,,,,,,,,,,,,,,,
24,,,22719,,,,,,,,,,,,,,,,,,,,,,,,,,,,,,,,,,,,0.3240058124065399,,,,,,,,,,,,,,,,,,,,,,,,,,,,,,,,,,,,
24,,,22724,,,,,,,,,,,,,,,,,,,,,,,,,,,,,,,,,,,,0.24145126342773438,,,,,,,,,,,,,,,,,,,,,,,,,,,,,,,,,,,,
24,,,22729,,,,,,,,,,,,,,,,,,,,,,,,,,,,,,,,,,,,0.5680488348007202,,,,,,,,,,,,,,,,,,,,,,,,,,,,,,,,,,,,
24,,,22734,,,,,,,,,,,,,,,,,,,,,,,,,,,,,,,,,,,,0.495434045791626,,,,,,,,,,,,,,,,,,,,,,,,,,,,,,,,,,,,
24,,,22739,,,,,,,,,,,,,,,,,,,,,,,,,,,,,,,,,,,,0.27936869859695435,,,,,,,,,,,,,,,,,,,,,,,,,,,,,,,,,,,,
24,,,22744,,,,,,,,,,,,,,,,,,,,,,,,,,,,,,,,,,,,0.6317198276519775,,,,,,,,,,,,,,,,,,,,,,,,,,,,,,,,,,,,
24,,,22749,,,,,,,,,,,,,,,,,,,,,,,,,,,,,,,,,,,,0.24389752745628357,,,,,,,,,,,,,,,,,,,,,,,,,,,,,,,,,,,,
24,,,22754,,,,,,,,,,,,,,,,,,,,,,,,,,,,,,,,,,,,0.5535160303115845,,,,,,,,,,,,,,,,,,,,,,,,,,,,,,,,,,,,
24,,,22759,,,,,,,,,,,,,,,,,,,,,,,,,,,,,,,,,,,,0.209294855594635,,,,,,,,,,,,,,,,,,,,,,,,,,,,,,,,,,,,
24,,,22764,,,,,,,,,,,,,,,,,,,,,,,,,,,,,,,,,,,,0.21711274981498718,,,,,,,,,,,,,,,,,,,,,,,,,,,,,,,,,,,,
24,,,22769,,,,,,,,,,,,,,,,,,,,,,,,,,,,,,,,,,,,0.37411564588546753,,,,,,,,,,,,,,,,,,,,,,,,,,,,,,,,,,,,
24,,,22774,,,,,,,,,,,,,,,,,,,,,,,,,,,,,,,,,,,,0.2930469512939453,,,,,,,,,,,,,,,,,,,,,,,,,,,,,,,,,,,,
24,,,22779,,,,,,,,,,,,,,,,,,,,,,,,,,,,,,,,,,,,0.2764604091644287,,,,,,,,,,,,,,,,,,,,,,,,,,,,,,,,,,,,
24,,,22784,,,,,,,,,,,,,,,,,,,,,,,,,,,,,,,,,,,,0.5846112966537476,,,,,,,,,,,,,,,,,,,,,,,,,,,,,,,,,,,,
24,,,22789,,,,,,,,,,,,,,,,,,,,,,,,,,,,,,,,,,,,0.6238462924957275,,,,,,,,,,,,,,,,,,,,,,,,,,,,,,,,,,,,
24,,,22794,,,,,,,,,,,,,,,,,,,,,,,,,,,,,,,,,,,,0.4257466793060303,,,,,,,,,,,,,,,,,,,,,,,,,,,,,,,,,,,,
24,,,22799,,,,,,,,,,,,,,,,,,,,,,,,,,,,,,,,,,,,0.33086371421813965,,,,,,,,,,,,,,,,,,,,,,,,,,,,,,,,,,,,
24,,,22804,,,,,,,,,,,,,,,,,,,,,,,,,,,,,,,,,,,,0.251755952835083,,,,,,,,,,,,,,,,,,,,,,,,,,,,,,,,,,,,
24,,,22809,,,,,,,,,,,,,,,,,,,,,,,,,,,,,,,,,,,,0.4154616594314575,,,,,,,,,,,,,,,,,,,,,,,,,,,,,,,,,,,,
24,,,22814,,,,,,,,,,,,,,,,,,,,,,,,,,,,,,,,,,,,0.3116024136543274,,,,,,,,,,,,,,,,,,,,,,,,,,,,,,,,,,,,
24,,,22819,,,,,,,,,,,,,,,,,,,,,,,,,,,,,,,,,,,,0.6918587684631348,,,,,,,,,,,,,,,,,,,,,,,,,,,,,,,,,,,,
24,,,22824,,,,,,,,,,,,,,,,,,,,,,,,,,,,,,,,,,,,0.5187109112739563,,,,,,,,,,,,,,,,,,,,,,,,,,,,,,,,,,,,
24,,,22829,,,,,,,,,,,,,,,,,,,,,,,,,,,,,,,,,,,,0.27503177523612976,,,,,,,,,,,,,,,,,,,,,,,,,,,,,,,,,,,,
24,,,22834,,,,,,,,,,,,,,,,,,,,,,,,,,,,,,,,,,,,0.6483192443847656,,,,,,,,,,,,,,,,,,,,,,,,,,,,,,,,,,,,
24,,,22839,,,,,,,,,,,,,,,,,,,,,,,,,,,,,,,,,,,,0.5775656700134277,,,,,,,,,,,,,,,,,,,,,,,,,,,,,,,,,,,,
24,,,22844,,,,,,,,,,,,,,,,,,,,,,,,,,,,,,,,,,,,0.6102650165557861,,,,,,,,,,,,,,,,,,,,,,,,,,,,,,,,,,,,
24,,,22849,,,,,,,,,,,,,,,,,,,,,,,,,,,,,,,,,,,,0.38654106855392456,,,,,,,,,,,,,,,,,,,,,,,,,,,,,,,,,,,,
24,,,22854,,,,,,,,,,,,,,,,,,,,,,,,,,,,,,,,,,,,0.46344366669654846,,,,,,,,,,,,,,,,,,,,,,,,,,,,,,,,,,,,
24,,,22859,,,,,,,,,,,,,,,,,,,,,,,,,,,,,,,,,,,,0.5556558966636658,,,,,,,,,,,,,,,,,,,,,,,,,,,,,,,,,,,,
24,,,22864,,,,,,,,,,,,,,,,,,,,,,,,,,,,,,,,,,,,0.2519240975379944,,,,,,,,,,,,,,,,,,,,,,,,,,,,,,,,,,,,
24,,,22869,,,,,,,,,,,,,,,,,,,,,,,,,,,,,,,,,,,,0.6292557716369629,,,,,,,,,,,,,,,,,,,,,,,,,,,,,,,,,,,,
24,,,22874,,,,,,,,,,,,,,,,,,,,,,,,,,,,,,,,,,,,0.21658460795879364,,,,,,,,,,,,,,,,,,,,,,,,,,,,,,,,,,,,
24,,,22879,,,,,,,,,,,,,,,,,,,,,,,,,,,,,,,,,,,,0.22572189569473267,,,,,,,,,,,,,,,,,,,,,,,,,,,,,,,,,,,,
24,,,22884,,,,,,,,,,,,,,,,,,,,,,,,,,,,,,,,,,,,0.3661661148071289,,,,,,,,,,,,,,,,,,,,,,,,,,,,,,,,,,,,
24,,,22889,,,,,,,,,,,,,,,,,,,,,,,,,,,,,,,,,,,,0.31244713068008423,,,,,,,,,,,,,,,,,,,,,,,,,,,,,,,,,,,,
24,,,22894,,,,,,,,,,,,,,,,,,,,,,,,,,,,,,,,,,,,0.2445107400417328,,,,,,,,,,,,,,,,,,,,,,,,,,,,,,,,,,,,
24,,,22899,,,,,,,,,,,,,,,,,,,,,,,,,,,,,,,,,,,,0.26198020577430725,,,,,,,,,,,,,,,,,,,,,,,,,,,,,,,,,,,,
24,,,22904,,,,,,,,,,,,,,,,,,,,,,,,,,,,,,,,,,,,0.34899282455444336,,,,,,,,,,,,,,,,,,,,,,,,,,,,,,,,,,,,
24,,,22909,,,,,,,,,,,,,,,,,,,,,,,,,,,,,,,,,,,,0.3518328070640564,,,,,,,,,,,,,,,,,,,,,,,,,,,,,,,,,,,,
24,,,22914,,,,,,,,,,,,,,,,,,,,,,,,,,,,,,,,,,,,0.2424672394990921,,,,,,,,,,,,,,,,,,,,,,,,,,,,,,,,,,,,
24,,,22919,,,,,,,,,,,,,,,,,,,,,,,,,,,,,,,,,,,,0.25547319650650024,,,,,,,,,,,,,,,,,,,,,,,,,,,,,,,,,,,,
24,,,22924,,,,,,,,,,,,,,,,,,,,,,,,,,,,,,,,,,,,0.2736862897872925,,,,,,,,,,,,,,,,,,,,,,,,,,,,,,,,,,,,
24,,,22929,,,,,,,,,,,,,,,,,,,,,,,,,,,,,,,,,,,,0.2217259705066681,,,,,,,,,,,,,,,,,,,,,,,,,,,,,,,,,,,,
24,,,22934,,,,,,,,,,,,,,,,,,,,,,,,,,,,,,,,,,,,0.3772749900817871,,,,,,,,,,,,,,,,,,,,,,,,,,,,,,,,,,,,
24,,,22939,,,,,,,,,,,,,,,,,,,,,,,,,,,,,,,,,,,,0.3284158408641815,,,,,,,,,,,,,,,,,,,,,,,,,,,,,,,,,,,,
24,,,22944,,,,,,,,,,,,,,,,,,,,,,,,,,,,,,,,,,,,0.255047082901001,,,,,,,,,,,,,,,,,,,,,,,,,,,,,,,,,,,,
24,,,22949,,,,,,,,,,,,,,,,,,,,,,,,,,,,,,,,,,,,0.6004105806350708,,,,,,,,,,,,,,,,,,,,,,,,,,,,,,,,,,,,
24,,,22954,,,,,,,,,,,,,,,,,,,,,,,,,,,,,,,,,,,,0.23964357376098633,,,,,,,,,,,,,,,,,,,,,,,,,,,,,,,,,,,,
24,,,22959,,,,,,,,,,,,,,,,,,,,,,,,,,,,,,,,,,,,0.29382431507110596,,,,,,,,,,,,,,,,,,,,,,,,,,,,,,,,,,,,
24,,,22964,,,,,,,,,,,,,,,,,,,,,,,,,,,,,,,,,,,,0.3044411540031433,,,,,,,,,,,,,,,,,,,,,,,,,,,,,,,,,,,,
24,,,22969,,,,,,,,,,,,,,,,,,,,,,,,,,,,,,,,,,,,0.29382961988449097,,,,,,,,,,,,,,,,,,,,,,,,,,,,,,,,,,,,
24,,,22974,,,,,,,,,,,,,,,,,,,,,,,,,,,,,,,,,,,,0.6231613755226135,,,,,,,,,,,,,,,,,,,,,,,,,,,,,,,,,,,,
24,,,22979,,,,,,,,,,,,,,,,,,,,,,,,,,,,,,,,,,,,0.35478687286376953,,,,,,,,,,,,,,,,,,,,,,,,,,,,,,,,,,,,
24,,,22984,,,,,,,,,,,,,,,,,,,,,,,,,,,,,,,,,,,,0.36073702573776245,,,,,,,,,,,,,,,,,,,,,,,,,,,,,,,,,,,,
24,,,22989,,,,,,,,,,,,,,,,,,,,,,,,,,,,,,,,,,,,0.2731334865093231,,,,,,,,,,,,,,,,,,,,,,,,,,,,,,,,,,,,
24,,,22994,,,,,,,,,,,,,,,,,,,,,,,,,,,,,,,,,,,,0.2530292272567749,,,,,,,,,,,,,,,,,,,,,,,,,,,,,,,,,,,,
24,,,22999,,,,,,,,,,,,,,,,,,,,,,,,,,,,,,,,,,,,0.3041323721408844,,,,,,,,,,,,,,,,,,,,,,,,,,,,,,,,,,,,
24,,,23004,,,,,,,,,,,,,,,,,,,,,,,,,,,,,,,,,,,,0.3850056529045105,,,,,,,,,,,,,,,,,,,,,,,,,,,,,,,,,,,,
24,,,23009,,,,,,,,,,,,,,,,,,,,,,,,,,,,,,,,,,,,0.34627678990364075,,,,,,,,,,,,,,,,,,,,,,,,,,,,,,,,,,,,
24,,,23014,,,,,,,,,,,,,,,,,,,,,,,,,,,,,,,,,,,,0.16659660637378693,,,,,,,,,,,,,,,,,,,,,,,,,,,,,,,,,,,,
24,,,23019,,,,,,,,,,,,,,,,,,,,,,,,,,,,,,,,,,,,0.5546332001686096,,,,,,,,,,,,,,,,,,,,,,,,,,,,,,,,,,,,
24,,,23024,,,,,,,,,,,,,,,,,,,,,,,,,,,,,,,,,,,,0.558984637260437,,,,,,,,,,,,,,,,,,,,,,,,,,,,,,,,,,,,
24,,,23024,,,,,,,,,,,,,,,,,,,,,,,,,,,,,,,,,,,,,0.7791430950164795,0.7541698813438416,0.652548611164093,0.7367334961891174,0.7791430950164795,0.0,0.8713946342468262,0.8682187795639038,0.9359453916549683,0.4410135746002197,0.0,0.8967114686965942,0.841925323009491,0.920531153678894,0.35751163959503174,0.0,0.8127623796463013,0.72700434923172,0.8527630567550659,0.21766464412212372,0.0,0.9235434532165527,0.8171776533126831,0.9056164026260376,0.3005964457988739,0.0,0.8713946342468262,0.8682187795639038,0.9359453916549683,0.4410135746002197,0.8641696572303772,0.8641696572303772,0.7608262896537781,0.8641696572303772,0.8641696572303772,0.42084911465644836
24,,,23024,0.7656375765800476,0.7516206502914429,0.6522778272628784,0.739727795124054,0.7656375765800476,0.0,0.8838812112808228,0.855915904045105,0.9436803460121155,0.37907272577285767,0.0,0.8972154259681702,0.8420930504798889,0.9263936281204224,0.3407802879810333,0.0,0.8135908246040344,0.7272545099258423,0.8628801703453064,0.20538587868213654,0.0,0.9109582304954529,0.8287096619606018,0.9097288846969604,0.3095143735408783,0.0,0.8838812112808228,0.855915904045105,0.9436803460121155,0.37907272577285767,0.8657894730567932,0.8657894730567932,0.7633411288261414,0.8657894730567932,0.8657894730567932,,,,,,,,,,,,,,,,,,,,,,,,,,,,,,,,,,,,,
,1e-05,0.0001,23025,,,,,,,,,,,,,,,,,,,,,,,,,,,,,,,,,,,,,,,,,,,,,,,,,,,,,,,,,,,,,,,,,,,,,,,,
25,,,23029,,,,,,,,,,,,,,,,,,,,,,,,,,,,,,,,,,,,0.6146165132522583,,,,,,,,,,,,,,,,,,,,,,,,,,,,,,,,,,,,
25,,,23034,,,,,,,,,,,,,,,,,,,,,,,,,,,,,,,,,,,,0.23556309938430786,,,,,,,,,,,,,,,,,,,,,,,,,,,,,,,,,,,,
25,,,23039,,,,,,,,,,,,,,,,,,,,,,,,,,,,,,,,,,,,0.24125221371650696,,,,,,,,,,,,,,,,,,,,,,,,,,,,,,,,,,,,
25,,,23044,,,,,,,,,,,,,,,,,,,,,,,,,,,,,,,,,,,,0.5667351484298706,,,,,,,,,,,,,,,,,,,,,,,,,,,,,,,,,,,,
25,,,23049,,,,,,,,,,,,,,,,,,,,,,,,,,,,,,,,,,,,0.3548368811607361,,,,,,,,,,,,,,,,,,,,,,,,,,,,,,,,,,,,
25,,,23054,,,,,,,,,,,,,,,,,,,,,,,,,,,,,,,,,,,,0.3477938175201416,,,,,,,,,,,,,,,,,,,,,,,,,,,,,,,,,,,,
25,,,23059,,,,,,,,,,,,,,,,,,,,,,,,,,,,,,,,,,,,0.29293709993362427,,,,,,,,,,,,,,,,,,,,,,,,,,,,,,,,,,,,
25,,,23064,,,,,,,,,,,,,,,,,,,,,,,,,,,,,,,,,,,,0.5799627304077148,,,,,,,,,,,,,,,,,,,,,,,,,,,,,,,,,,,,
25,,,23069,,,,,,,,,,,,,,,,,,,,,,,,,,,,,,,,,,,,0.22506184875965118,,,,,,,,,,,,,,,,,,,,,,,,,,,,,,,,,,,,
25,,,23074,,,,,,,,,,,,,,,,,,,,,,,,,,,,,,,,,,,,0.3252738416194916,,,,,,,,,,,,,,,,,,,,,,,,,,,,,,,,,,,,
25,,,23079,,,,,,,,,,,,,,,,,,,,,,,,,,,,,,,,,,,,0.45461928844451904,,,,,,,,,,,,,,,,,,,,,,,,,,,,,,,,,,,,
25,,,23084,,,,,,,,,,,,,,,,,,,,,,,,,,,,,,,,,,,,0.18555530905723572,,,,,,,,,,,,,,,,,,,,,,,,,,,,,,,,,,,,
25,,,23089,,,,,,,,,,,,,,,,,,,,,,,,,,,,,,,,,,,,0.34938889741897583,,,,,,,,,,,,,,,,,,,,,,,,,,,,,,,,,,,,
25,,,23094,,,,,,,,,,,,,,,,,,,,,,,,,,,,,,,,,,,,0.24258753657341003,,,,,,,,,,,,,,,,,,,,,,,,,,,,,,,,,,,,
25,,,23099,,,,,,,,,,,,,,,,,,,,,,,,,,,,,,,,,,,,0.32703882455825806,,,,,,,,,,,,,,,,,,,,,,,,,,,,,,,,,,,,
25,,,23104,,,,,,,,,,,,,,,,,,,,,,,,,,,,,,,,,,,,0.5875489711761475,,,,,,,,,,,,,,,,,,,,,,,,,,,,,,,,,,,,
25,,,23109,,,,,,,,,,,,,,,,,,,,,,,,,,,,,,,,,,,,0.27114588022232056,,,,,,,,,,,,,,,,,,,,,,,,,,,,,,,,,,,,
25,,,23114,,,,,,,,,,,,,,,,,,,,,,,,,,,,,,,,,,,,0.4592605233192444,,,,,,,,,,,,,,,,,,,,,,,,,,,,,,,,,,,,
25,,,23119,,,,,,,,,,,,,,,,,,,,,,,,,,,,,,,,,,,,0.30113720893859863,,,,,,,,,,,,,,,,,,,,,,,,,,,,,,,,,,,,
25,,,23124,,,,,,,,,,,,,,,,,,,,,,,,,,,,,,,,,,,,0.4488554298877716,,,,,,,,,,,,,,,,,,,,,,,,,,,,,,,,,,,,
25,,,23129,,,,,,,,,,,,,,,,,,,,,,,,,,,,,,,,,,,,0.6154133081436157,,,,,,,,,,,,,,,,,,,,,,,,,,,,,,,,,,,,
25,,,23134,,,,,,,,,,,,,,,,,,,,,,,,,,,,,,,,,,,,0.6128747463226318,,,,,,,,,,,,,,,,,,,,,,,,,,,,,,,,,,,,
25,,,23139,,,,,,,,,,,,,,,,,,,,,,,,,,,,,,,,,,,,0.28252822160720825,,,,,,,,,,,,,,,,,,,,,,,,,,,,,,,,,,,,
25,,,23144,,,,,,,,,,,,,,,,,,,,,,,,,,,,,,,,,,,,0.32662540674209595,,,,,,,,,,,,,,,,,,,,,,,,,,,,,,,,,,,,
25,,,23149,,,,,,,,,,,,,,,,,,,,,,,,,,,,,,,,,,,,0.6103326082229614,,,,,,,,,,,,,,,,,,,,,,,,,,,,,,,,,,,,
25,,,23154,,,,,,,,,,,,,,,,,,,,,,,,,,,,,,,,,,,,0.598120391368866,,,,,,,,,,,,,,,,,,,,,,,,,,,,,,,,,,,,
25,,,23159,,,,,,,,,,,,,,,,,,,,,,,,,,,,,,,,,,,,0.23793816566467285,,,,,,,,,,,,,,,,,,,,,,,,,,,,,,,,,,,,
25,,,23164,,,,,,,,,,,,,,,,,,,,,,,,,,,,,,,,,,,,0.3441304862499237,,,,,,,,,,,,,,,,,,,,,,,,,,,,,,,,,,,,
25,,,23169,,,,,,,,,,,,,,,,,,,,,,,,,,,,,,,,,,,,0.3058295249938965,,,,,,,,,,,,,,,,,,,,,,,,,,,,,,,,,,,,
25,,,23174,,,,,,,,,,,,,,,,,,,,,,,,,,,,,,,,,,,,0.386610746383667,,,,,,,,,,,,,,,,,,,,,,,,,,,,,,,,,,,,
25,,,23179,,,,,,,,,,,,,,,,,,,,,,,,,,,,,,,,,,,,0.3030462861061096,,,,,,,,,,,,,,,,,,,,,,,,,,,,,,,,,,,,
25,,,23184,,,,,,,,,,,,,,,,,,,,,,,,,,,,,,,,,,,,0.6216189861297607,,,,,,,,,,,,,,,,,,,,,,,,,,,,,,,,,,,,
25,,,23189,,,,,,,,,,,,,,,,,,,,,,,,,,,,,,,,,,,,0.34538722038269043,,,,,,,,,,,,,,,,,,,,,,,,,,,,,,,,,,,,
25,,,23194,,,,,,,,,,,,,,,,,,,,,,,,,,,,,,,,,,,,0.23688915371894836,,,,,,,,,,,,,,,,,,,,,,,,,,,,,,,,,,,,
25,,,23199,,,,,,,,,,,,,,,,,,,,,,,,,,,,,,,,,,,,0.49383965134620667,,,,,,,,,,,,,,,,,,,,,,,,,,,,,,,,,,,,
25,,,23204,,,,,,,,,,,,,,,,,,,,,,,,,,,,,,,,,,,,0.3127155303955078,,,,,,,,,,,,,,,,,,,,,,,,,,,,,,,,,,,,
25,,,23209,,,,,,,,,,,,,,,,,,,,,,,,,,,,,,,,,,,,0.5655868649482727,,,,,,,,,,,,,,,,,,,,,,,,,,,,,,,,,,,,
25,,,23214,,,,,,,,,,,,,,,,,,,,,,,,,,,,,,,,,,,,0.26898306608200073,,,,,,,,,,,,,,,,,,,,,,,,,,,,,,,,,,,,
25,,,23219,,,,,,,,,,,,,,,,,,,,,,,,,,,,,,,,,,,,0.3093046545982361,,,,,,,,,,,,,,,,,,,,,,,,,,,,,,,,,,,,
25,,,23224,,,,,,,,,,,,,,,,,,,,,,,,,,,,,,,,,,,,0.2896167039871216,,,,,,,,,,,,,,,,,,,,,,,,,,,,,,,,,,,,
25,,,23229,,,,,,,,,,,,,,,,,,,,,,,,,,,,,,,,,,,,0.19899123907089233,,,,,,,,,,,,,,,,,,,,,,,,,,,,,,,,,,,,
25,,,23234,,,,,,,,,,,,,,,,,,,,,,,,,,,,,,,,,,,,0.5207272171974182,,,,,,,,,,,,,,,,,,,,,,,,,,,,,,,,,,,,
25,,,23239,,,,,,,,,,,,,,,,,,,,,,,,,,,,,,,,,,,,0.6150091290473938,,,,,,,,,,,,,,,,,,,,,,,,,,,,,,,,,,,,
25,,,23244,,,,,,,,,,,,,,,,,,,,,,,,,,,,,,,,,,,,0.35654258728027344,,,,,,,,,,,,,,,,,,,,,,,,,,,,,,,,,,,,
25,,,23249,,,,,,,,,,,,,,,,,,,,,,,,,,,,,,,,,,,,0.23885005712509155,,,,,,,,,,,,,,,,,,,,,,,,,,,,,,,,,,,,
25,,,23254,,,,,,,,,,,,,,,,,,,,,,,,,,,,,,,,,,,,0.24802924692630768,,,,,,,,,,,,,,,,,,,,,,,,,,,,,,,,,,,,
25,,,23259,,,,,,,,,,,,,,,,,,,,,,,,,,,,,,,,,,,,0.4618389904499054,,,,,,,,,,,,,,,,,,,,,,,,,,,,,,,,,,,,
25,,,23264,,,,,,,,,,,,,,,,,,,,,,,,,,,,,,,,,,,,0.21553155779838562,,,,,,,,,,,,,,,,,,,,,,,,,,,,,,,,,,,,
25,,,23269,,,,,,,,,,,,,,,,,,,,,,,,,,,,,,,,,,,,0.6115707159042358,,,,,,,,,,,,,,,,,,,,,,,,,,,,,,,,,,,,
25,,,23274,,,,,,,,,,,,,,,,,,,,,,,,,,,,,,,,,,,,0.220255509018898,,,,,,,,,,,,,,,,,,,,,,,,,,,,,,,,,,,,
25,,,23279,,,,,,,,,,,,,,,,,,,,,,,,,,,,,,,,,,,,0.3047136664390564,,,,,,,,,,,,,,,,,,,,,,,,,,,,,,,,,,,,
25,,,23284,,,,,,,,,,,,,,,,,,,,,,,,,,,,,,,,,,,,0.27638497948646545,,,,,,,,,,,,,,,,,,,,,,,,,,,,,,,,,,,,
25,,,23289,,,,,,,,,,,,,,,,,,,,,,,,,,,,,,,,,,,,0.334775447845459,,,,,,,,,,,,,,,,,,,,,,,,,,,,,,,,,,,,
25,,,23294,,,,,,,,,,,,,,,,,,,,,,,,,,,,,,,,,,,,0.5732929110527039,,,,,,,,,,,,,,,,,,,,,,,,,,,,,,,,,,,,
25,,,23299,,,,,,,,,,,,,,,,,,,,,,,,,,,,,,,,,,,,0.24108727276325226,,,,,,,,,,,,,,,,,,,,,,,,,,,,,,,,,,,,
25,,,23304,,,,,,,,,,,,,,,,,,,,,,,,,,,,,,,,,,,,0.24042043089866638,,,,,,,,,,,,,,,,,,,,,,,,,,,,,,,,,,,,
25,,,23309,,,,,,,,,,,,,,,,,,,,,,,,,,,,,,,,,,,,0.3078286647796631,,,,,,,,,,,,,,,,,,,,,,,,,,,,,,,,,,,,
25,,,23314,,,,,,,,,,,,,,,,,,,,,,,,,,,,,,,,,,,,0.5820181965827942,,,,,,,,,,,,,,,,,,,,,,,,,,,,,,,,,,,,
25,,,23319,,,,,,,,,,,,,,,,,,,,,,,,,,,,,,,,,,,,0.561945378780365,,,,,,,,,,,,,,,,,,,,,,,,,,,,,,,,,,,,
25,,,23324,,,,,,,,,,,,,,,,,,,,,,,,,,,,,,,,,,,,0.3049779236316681,,,,,,,,,,,,,,,,,,,,,,,,,,,,,,,,,,,,
25,,,23329,,,,,,,,,,,,,,,,,,,,,,,,,,,,,,,,,,,,0.26610052585601807,,,,,,,,,,,,,,,,,,,,,,,,,,,,,,,,,,,,
25,,,23334,,,,,,,,,,,,,,,,,,,,,,,,,,,,,,,,,,,,0.33099672198295593,,,,,,,,,,,,,,,,,,,,,,,,,,,,,,,,,,,,
25,,,23339,,,,,,,,,,,,,,,,,,,,,,,,,,,,,,,,,,,,0.43804970383644104,,,,,,,,,,,,,,,,,,,,,,,,,,,,,,,,,,,,
25,,,23344,,,,,,,,,,,,,,,,,,,,,,,,,,,,,,,,,,,,0.5562412738800049,,,,,,,,,,,,,,,,,,,,,,,,,,,,,,,,,,,,
25,,,23349,,,,,,,,,,,,,,,,,,,,,,,,,,,,,,,,,,,,0.3141910135746002,,,,,,,,,,,,,,,,,,,,,,,,,,,,,,,,,,,,
25,,,23354,,,,,,,,,,,,,,,,,,,,,,,,,,,,,,,,,,,,0.6040759086608887,,,,,,,,,,,,,,,,,,,,,,,,,,,,,,,,,,,,
25,,,23359,,,,,,,,,,,,,,,,,,,,,,,,,,,,,,,,,,,,0.28950268030166626,,,,,,,,,,,,,,,,,,,,,,,,,,,,,,,,,,,,
25,,,23364,,,,,,,,,,,,,,,,,,,,,,,,,,,,,,,,,,,,0.5909877419471741,,,,,,,,,,,,,,,,,,,,,,,,,,,,,,,,,,,,
25,,,23369,,,,,,,,,,,,,,,,,,,,,,,,,,,,,,,,,,,,0.6107802391052246,,,,,,,,,,,,,,,,,,,,,,,,,,,,,,,,,,,,
25,,,23374,,,,,,,,,,,,,,,,,,,,,,,,,,,,,,,,,,,,0.6165957450866699,,,,,,,,,,,,,,,,,,,,,,,,,,,,,,,,,,,,
25,,,23379,,,,,,,,,,,,,,,,,,,,,,,,,,,,,,,,,,,,0.29834017157554626,,,,,,,,,,,,,,,,,,,,,,,,,,,,,,,,,,,,
25,,,23384,,,,,,,,,,,,,,,,,,,,,,,,,,,,,,,,,,,,0.27370500564575195,,,,,,,,,,,,,,,,,,,,,,,,,,,,,,,,,,,,
25,,,23389,,,,,,,,,,,,,,,,,,,,,,,,,,,,,,,,,,,,0.5337323546409607,,,,,,,,,,,,,,,,,,,,,,,,,,,,,,,,,,,,
25,,,23394,,,,,,,,,,,,,,,,,,,,,,,,,,,,,,,,,,,,0.17491808533668518,,,,,,,,,,,,,,,,,,,,,,,,,,,,,,,,,,,,
25,,,23399,,,,,,,,,,,,,,,,,,,,,,,,,,,,,,,,,,,,0.33095183968544006,,,,,,,,,,,,,,,,,,,,,,,,,,,,,,,,,,,,
25,,,23404,,,,,,,,,,,,,,,,,,,,,,,,,,,,,,,,,,,,0.5971287488937378,,,,,,,,,,,,,,,,,,,,,,,,,,,,,,,,,,,,
25,,,23409,,,,,,,,,,,,,,,,,,,,,,,,,,,,,,,,,,,,0.27393949031829834,,,,,,,,,,,,,,,,,,,,,,,,,,,,,,,,,,,,
25,,,23414,,,,,,,,,,,,,,,,,,,,,,,,,,,,,,,,,,,,0.33759015798568726,,,,,,,,,,,,,,,,,,,,,,,,,,,,,,,,,,,,
25,,,23419,,,,,,,,,,,,,,,,,,,,,,,,,,,,,,,,,,,,0.24941876530647278,,,,,,,,,,,,,,,,,,,,,,,,,,,,,,,,,,,,
25,,,23424,,,,,,,,,,,,,,,,,,,,,,,,,,,,,,,,,,,,0.6394792795181274,,,,,,,,,,,,,,,,,,,,,,,,,,,,,,,,,,,,
25,,,23429,,,,,,,,,,,,,,,,,,,,,,,,,,,,,,,,,,,,0.3043431043624878,,,,,,,,,,,,,,,,,,,,,,,,,,,,,,,,,,,,
25,,,23434,,,,,,,,,,,,,,,,,,,,,,,,,,,,,,,,,,,,0.2870081663131714,,,,,,,,,,,,,,,,,,,,,,,,,,,,,,,,,,,,
25,,,23439,,,,,,,,,,,,,,,,,,,,,,,,,,,,,,,,,,,,0.34771567583084106,,,,,,,,,,,,,,,,,,,,,,,,,,,,,,,,,,,,
25,,,23444,,,,,,,,,,,,,,,,,,,,,,,,,,,,,,,,,,,,0.15114453434944153,,,,,,,,,,,,,,,,,,,,,,,,,,,,,,,,,,,,
25,,,23449,,,,,,,,,,,,,,,,,,,,,,,,,,,,,,,,,,,,0.618324875831604,,,,,,,,,,,,,,,,,,,,,,,,,,,,,,,,,,,,
25,,,23454,,,,,,,,,,,,,,,,,,,,,,,,,,,,,,,,,,,,0.22318725287914276,,,,,,,,,,,,,,,,,,,,,,,,,,,,,,,,,,,,
25,,,23459,,,,,,,,,,,,,,,,,,,,,,,,,,,,,,,,,,,,0.5879828929901123,,,,,,,,,,,,,,,,,,,,,,,,,,,,,,,,,,,,
25,,,23464,,,,,,,,,,,,,,,,,,,,,,,,,,,,,,,,,,,,0.3397069275379181,,,,,,,,,,,,,,,,,,,,,,,,,,,,,,,,,,,,
25,,,23469,,,,,,,,,,,,,,,,,,,,,,,,,,,,,,,,,,,,0.4277997314929962,,,,,,,,,,,,,,,,,,,,,,,,,,,,,,,,,,,,
25,,,23474,,,,,,,,,,,,,,,,,,,,,,,,,,,,,,,,,,,,0.3446847200393677,,,,,,,,,,,,,,,,,,,,,,,,,,,,,,,,,,,,
25,,,23479,,,,,,,,,,,,,,,,,,,,,,,,,,,,,,,,,,,,0.6244120597839355,,,,,,,,,,,,,,,,,,,,,,,,,,,,,,,,,,,,
25,,,23484,,,,,,,,,,,,,,,,,,,,,,,,,,,,,,,,,,,,0.2433202862739563,,,,,,,,,,,,,,,,,,,,,,,,,,,,,,,,,,,,
25,,,23489,,,,,,,,,,,,,,,,,,,,,,,,,,,,,,,,,,,,0.26261106133461,,,,,,,,,,,,,,,,,,,,,,,,,,,,,,,,,,,,
25,,,23494,,,,,,,,,,,,,,,,,,,,,,,,,,,,,,,,,,,,0.21674931049346924,,,,,,,,,,,,,,,,,,,,,,,,,,,,,,,,,,,,
25,,,23499,,,,,,,,,,,,,,,,,,,,,,,,,,,,,,,,,,,,0.23660825192928314,,,,,,,,,,,,,,,,,,,,,,,,,,,,,,,,,,,,
25,,,23504,,,,,,,,,,,,,,,,,,,,,,,,,,,,,,,,,,,,0.5747835040092468,,,,,,,,,,,,,,,,,,,,,,,,,,,,,,,,,,,,
25,,,23509,,,,,,,,,,,,,,,,,,,,,,,,,,,,,,,,,,,,0.3313503861427307,,,,,,,,,,,,,,,,,,,,,,,,,,,,,,,,,,,,
25,,,23514,,,,,,,,,,,,,,,,,,,,,,,,,,,,,,,,,,,,0.43436914682388306,,,,,,,,,,,,,,,,,,,,,,,,,,,,,,,,,,,,
25,,,23519,,,,,,,,,,,,,,,,,,,,,,,,,,,,,,,,,,,,0.3438536524772644,,,,,,,,,,,,,,,,,,,,,,,,,,,,,,,,,,,,
25,,,23524,,,,,,,,,,,,,,,,,,,,,,,,,,,,,,,,,,,,0.3249204158782959,,,,,,,,,,,,,,,,,,,,,,,,,,,,,,,,,,,,
25,,,23529,,,,,,,,,,,,,,,,,,,,,,,,,,,,,,,,,,,,0.36735808849334717,,,,,,,,,,,,,,,,,,,,,,,,,,,,,,,,,,,,
25,,,23534,,,,,,,,,,,,,,,,,,,,,,,,,,,,,,,,,,,,0.303280234336853,,,,,,,,,,,,,,,,,,,,,,,,,,,,,,,,,,,,
25,,,23539,,,,,,,,,,,,,,,,,,,,,,,,,,,,,,,,,,,,0.29581448435783386,,,,,,,,,,,,,,,,,,,,,,,,,,,,,,,,,,,,
25,,,23544,,,,,,,,,,,,,,,,,,,,,,,,,,,,,,,,,,,,0.2544689476490021,,,,,,,,,,,,,,,,,,,,,,,,,,,,,,,,,,,,
25,,,23549,,,,,,,,,,,,,,,,,,,,,,,,,,,,,,,,,,,,0.6248440742492676,,,,,,,,,,,,,,,,,,,,,,,,,,,,,,,,,,,,
25,,,23554,,,,,,,,,,,,,,,,,,,,,,,,,,,,,,,,,,,,0.2576815187931061,,,,,,,,,,,,,,,,,,,,,,,,,,,,,,,,,,,,
25,,,23559,,,,,,,,,,,,,,,,,,,,,,,,,,,,,,,,,,,,0.3764771819114685,,,,,,,,,,,,,,,,,,,,,,,,,,,,,,,,,,,,
25,,,23564,,,,,,,,,,,,,,,,,,,,,,,,,,,,,,,,,,,,0.3063047528266907,,,,,,,,,,,,,,,,,,,,,,,,,,,,,,,,,,,,
25,,,23569,,,,,,,,,,,,,,,,,,,,,,,,,,,,,,,,,,,,0.43225157260894775,,,,,,,,,,,,,,,,,,,,,,,,,,,,,,,,,,,,
25,,,23574,,,,,,,,,,,,,,,,,,,,,,,,,,,,,,,,,,,,0.605640172958374,,,,,,,,,,,,,,,,,,,,,,,,,,,,,,,,,,,,
25,,,23579,,,,,,,,,,,,,,,,,,,,,,,,,,,,,,,,,,,,0.21661922335624695,,,,,,,,,,,,,,,,,,,,,,,,,,,,,,,,,,,,
25,,,23584,,,,,,,,,,,,,,,,,,,,,,,,,,,,,,,,,,,,0.3645918667316437,,,,,,,,,,,,,,,,,,,,,,,,,,,,,,,,,,,,
25,,,23589,,,,,,,,,,,,,,,,,,,,,,,,,,,,,,,,,,,,0.2272079885005951,,,,,,,,,,,,,,,,,,,,,,,,,,,,,,,,,,,,
25,,,23594,,,,,,,,,,,,,,,,,,,,,,,,,,,,,,,,,,,,0.646892249584198,,,,,,,,,,,,,,,,,,,,,,,,,,,,,,,,,,,,
25,,,23599,,,,,,,,,,,,,,,,,,,,,,,,,,,,,,,,,,,,0.2390904426574707,,,,,,,,,,,,,,,,,,,,,,,,,,,,,,,,,,,,
25,,,23604,,,,,,,,,,,,,,,,,,,,,,,,,,,,,,,,,,,,0.36140498518943787,,,,,,,,,,,,,,,,,,,,,,,,,,,,,,,,,,,,
25,,,23609,,,,,,,,,,,,,,,,,,,,,,,,,,,,,,,,,,,,0.2127830535173416,,,,,,,,,,,,,,,,,,,,,,,,,,,,,,,,,,,,
25,,,23614,,,,,,,,,,,,,,,,,,,,,,,,,,,,,,,,,,,,0.6562065482139587,,,,,,,,,,,,,,,,,,,,,,,,,,,,,,,,,,,,
25,,,23619,,,,,,,,,,,,,,,,,,,,,,,,,,,,,,,,,,,,0.3171178102493286,,,,,,,,,,,,,,,,,,,,,,,,,,,,,,,,,,,,
25,,,23624,,,,,,,,,,,,,,,,,,,,,,,,,,,,,,,,,,,,0.2671138048171997,,,,,,,,,,,,,,,,,,,,,,,,,,,,,,,,,,,,
25,,,23629,,,,,,,,,,,,,,,,,,,,,,,,,,,,,,,,,,,,0.5566343665122986,,,,,,,,,,,,,,,,,,,,,,,,,,,,,,,,,,,,
25,,,23634,,,,,,,,,,,,,,,,,,,,,,,,,,,,,,,,,,,,0.30337804555892944,,,,,,,,,,,,,,,,,,,,,,,,,,,,,,,,,,,,
25,,,23639,,,,,,,,,,,,,,,,,,,,,,,,,,,,,,,,,,,,0.1954193264245987,,,,,,,,,,,,,,,,,,,,,,,,,,,,,,,,,,,,
25,,,23644,,,,,,,,,,,,,,,,,,,,,,,,,,,,,,,,,,,,0.2992111146450043,,,,,,,,,,,,,,,,,,,,,,,,,,,,,,,,,,,,
25,,,23649,,,,,,,,,,,,,,,,,,,,,,,,,,,,,,,,,,,,0.2899615168571472,,,,,,,,,,,,,,,,,,,,,,,,,,,,,,,,,,,,
25,,,23654,,,,,,,,,,,,,,,,,,,,,,,,,,,,,,,,,,,,0.36195364594459534,,,,,,,,,,,,,,,,,,,,,,,,,,,,,,,,,,,,
25,,,23659,,,,,,,,,,,,,,,,,,,,,,,,,,,,,,,,,,,,0.2659715712070465,,,,,,,,,,,,,,,,,,,,,,,,,,,,,,,,,,,,
25,,,23664,,,,,,,,,,,,,,,,,,,,,,,,,,,,,,,,,,,,0.2275073528289795,,,,,,,,,,,,,,,,,,,,,,,,,,,,,,,,,,,,
25,,,23669,,,,,,,,,,,,,,,,,,,,,,,,,,,,,,,,,,,,0.1856934130191803,,,,,,,,,,,,,,,,,,,,,,,,,,,,,,,,,,,,
25,,,23674,,,,,,,,,,,,,,,,,,,,,,,,,,,,,,,,,,,,0.29058152437210083,,,,,,,,,,,,,,,,,,,,,,,,,,,,,,,,,,,,
25,,,23679,,,,,,,,,,,,,,,,,,,,,,,,,,,,,,,,,,,,0.6171498894691467,,,,,,,,,,,,,,,,,,,,,,,,,,,,,,,,,,,,
25,,,23684,,,,,,,,,,,,,,,,,,,,,,,,,,,,,,,,,,,,0.5892447829246521,,,,,,,,,,,,,,,,,,,,,,,,,,,,,,,,,,,,
25,,,23689,,,,,,,,,,,,,,,,,,,,,,,,,,,,,,,,,,,,0.3678674101829529,,,,,,,,,,,,,,,,,,,,,,,,,,,,,,,,,,,,
25,,,23694,,,,,,,,,,,,,,,,,,,,,,,,,,,,,,,,,,,,0.2674219608306885,,,,,,,,,,,,,,,,,,,,,,,,,,,,,,,,,,,,
25,,,23699,,,,,,,,,,,,,,,,,,,,,,,,,,,,,,,,,,,,0.5391117334365845,,,,,,,,,,,,,,,,,,,,,,,,,,,,,,,,,,,,
25,,,23704,,,,,,,,,,,,,,,,,,,,,,,,,,,,,,,,,,,,0.22858361899852753,,,,,,,,,,,,,,,,,,,,,,,,,,,,,,,,,,,,
25,,,23709,,,,,,,,,,,,,,,,,,,,,,,,,,,,,,,,,,,,0.25822702050209045,,,,,,,,,,,,,,,,,,,,,,,,,,,,,,,,,,,,
25,,,23714,,,,,,,,,,,,,,,,,,,,,,,,,,,,,,,,,,,,0.2526848316192627,,,,,,,,,,,,,,,,,,,,,,,,,,,,,,,,,,,,
25,,,23719,,,,,,,,,,,,,,,,,,,,,,,,,,,,,,,,,,,,0.22694805264472961,,,,,,,,,,,,,,,,,,,,,,,,,,,,,,,,,,,,
25,,,23724,,,,,,,,,,,,,,,,,,,,,,,,,,,,,,,,,,,,0.3174375891685486,,,,,,,,,,,,,,,,,,,,,,,,,,,,,,,,,,,,
25,,,23729,,,,,,,,,,,,,,,,,,,,,,,,,,,,,,,,,,,,0.23358142375946045,,,,,,,,,,,,,,,,,,,,,,,,,,,,,,,,,,,,
25,,,23734,,,,,,,,,,,,,,,,,,,,,,,,,,,,,,,,,,,,0.42257770895957947,,,,,,,,,,,,,,,,,,,,,,,,,,,,,,,,,,,,
25,,,23739,,,,,,,,,,,,,,,,,,,,,,,,,,,,,,,,,,,,0.25496503710746765,,,,,,,,,,,,,,,,,,,,,,,,,,,,,,,,,,,,
25,,,23744,,,,,,,,,,,,,,,,,,,,,,,,,,,,,,,,,,,,0.3400856554508209,,,,,,,,,,,,,,,,,,,,,,,,,,,,,,,,,,,,
25,,,23749,,,,,,,,,,,,,,,,,,,,,,,,,,,,,,,,,,,,0.30101168155670166,,,,,,,,,,,,,,,,,,,,,,,,,,,,,,,,,,,,
25,,,23754,,,,,,,,,,,,,,,,,,,,,,,,,,,,,,,,,,,,0.2882128953933716,,,,,,,,,,,,,,,,,,,,,,,,,,,,,,,,,,,,
25,,,23759,,,,,,,,,,,,,,,,,,,,,,,,,,,,,,,,,,,,0.63001549243927,,,,,,,,,,,,,,,,,,,,,,,,,,,,,,,,,,,,
25,,,23764,,,,,,,,,,,,,,,,,,,,,,,,,,,,,,,,,,,,0.6060447096824646,,,,,,,,,,,,,,,,,,,,,,,,,,,,,,,,,,,,
25,,,23769,,,,,,,,,,,,,,,,,,,,,,,,,,,,,,,,,,,,0.32609617710113525,,,,,,,,,,,,,,,,,,,,,,,,,,,,,,,,,,,,
25,,,23774,,,,,,,,,,,,,,,,,,,,,,,,,,,,,,,,,,,,0.21360638737678528,,,,,,,,,,,,,,,,,,,,,,,,,,,,,,,,,,,,
25,,,23779,,,,,,,,,,,,,,,,,,,,,,,,,,,,,,,,,,,,0.2454865425825119,,,,,,,,,,,,,,,,,,,,,,,,,,,,,,,,,,,,
25,,,23784,,,,,,,,,,,,,,,,,,,,,,,,,,,,,,,,,,,,0.312843382358551,,,,,,,,,,,,,,,,,,,,,,,,,,,,,,,,,,,,
25,,,23789,,,,,,,,,,,,,,,,,,,,,,,,,,,,,,,,,,,,0.6130028963088989,,,,,,,,,,,,,,,,,,,,,,,,,,,,,,,,,,,,
25,,,23794,,,,,,,,,,,,,,,,,,,,,,,,,,,,,,,,,,,,0.2414933443069458,,,,,,,,,,,,,,,,,,,,,,,,,,,,,,,,,,,,
25,,,23799,,,,,,,,,,,,,,,,,,,,,,,,,,,,,,,,,,,,0.5531715154647827,,,,,,,,,,,,,,,,,,,,,,,,,,,,,,,,,,,,
25,,,23804,,,,,,,,,,,,,,,,,,,,,,,,,,,,,,,,,,,,0.23937064409255981,,,,,,,,,,,,,,,,,,,,,,,,,,,,,,,,,,,,
25,,,23809,,,,,,,,,,,,,,,,,,,,,,,,,,,,,,,,,,,,0.20780465006828308,,,,,,,,,,,,,,,,,,,,,,,,,,,,,,,,,,,,
25,,,23814,,,,,,,,,,,,,,,,,,,,,,,,,,,,,,,,,,,,0.25215864181518555,,,,,,,,,,,,,,,,,,,,,,,,,,,,,,,,,,,,
25,,,23819,,,,,,,,,,,,,,,,,,,,,,,,,,,,,,,,,,,,0.3239567279815674,,,,,,,,,,,,,,,,,,,,,,,,,,,,,,,,,,,,
25,,,23824,,,,,,,,,,,,,,,,,,,,,,,,,,,,,,,,,,,,0.28104427456855774,,,,,,,,,,,,,,,,,,,,,,,,,,,,,,,,,,,,
25,,,23829,,,,,,,,,,,,,,,,,,,,,,,,,,,,,,,,,,,,0.2659287452697754,,,,,,,,,,,,,,,,,,,,,,,,,,,,,,,,,,,,
25,,,23834,,,,,,,,,,,,,,,,,,,,,,,,,,,,,,,,,,,,0.3189295530319214,,,,,,,,,,,,,,,,,,,,,,,,,,,,,,,,,,,,
25,,,23839,,,,,,,,,,,,,,,,,,,,,,,,,,,,,,,,,,,,0.34089070558547974,,,,,,,,,,,,,,,,,,,,,,,,,,,,,,,,,,,,
25,,,23844,,,,,,,,,,,,,,,,,,,,,,,,,,,,,,,,,,,,0.3260177969932556,,,,,,,,,,,,,,,,,,,,,,,,,,,,,,,,,,,,
25,,,23849,,,,,,,,,,,,,,,,,,,,,,,,,,,,,,,,,,,,0.2448585331439972,,,,,,,,,,,,,,,,,,,,,,,,,,,,,,,,,,,,
25,,,23854,,,,,,,,,,,,,,,,,,,,,,,,,,,,,,,,,,,,0.32646578550338745,,,,,,,,,,,,,,,,,,,,,,,,,,,,,,,,,,,,
25,,,23859,,,,,,,,,,,,,,,,,,,,,,,,,,,,,,,,,,,,0.2398947924375534,,,,,,,,,,,,,,,,,,,,,,,,,,,,,,,,,,,,
25,,,23864,,,,,,,,,,,,,,,,,,,,,,,,,,,,,,,,,,,,0.19729022681713104,,,,,,,,,,,,,,,,,,,,,,,,,,,,,,,,,,,,
25,,,23869,,,,,,,,,,,,,,,,,,,,,,,,,,,,,,,,,,,,0.6290264129638672,,,,,,,,,,,,,,,,,,,,,,,,,,,,,,,,,,,,
25,,,23874,,,,,,,,,,,,,,,,,,,,,,,,,,,,,,,,,,,,0.28579214215278625,,,,,,,,,,,,,,,,,,,,,,,,,,,,,,,,,,,,
25,,,23879,,,,,,,,,,,,,,,,,,,,,,,,,,,,,,,,,,,,0.6700538992881775,,,,,,,,,,,,,,,,,,,,,,,,,,,,,,,,,,,,
25,,,23884,,,,,,,,,,,,,,,,,,,,,,,,,,,,,,,,,,,,0.6302555799484253,,,,,,,,,,,,,,,,,,,,,,,,,,,,,,,,,,,,
25,,,23889,,,,,,,,,,,,,,,,,,,,,,,,,,,,,,,,,,,,0.26472318172454834,,,,,,,,,,,,,,,,,,,,,,,,,,,,,,,,,,,,
25,,,23894,,,,,,,,,,,,,,,,,,,,,,,,,,,,,,,,,,,,0.5451663732528687,,,,,,,,,,,,,,,,,,,,,,,,,,,,,,,,,,,,
25,,,23899,,,,,,,,,,,,,,,,,,,,,,,,,,,,,,,,,,,,0.3567289113998413,,,,,,,,,,,,,,,,,,,,,,,,,,,,,,,,,,,,
25,,,23904,,,,,,,,,,,,,,,,,,,,,,,,,,,,,,,,,,,,0.33380326628685,,,,,,,,,,,,,,,,,,,,,,,,,,,,,,,,,,,,
25,,,23909,,,,,,,,,,,,,,,,,,,,,,,,,,,,,,,,,,,,0.4918394386768341,,,,,,,,,,,,,,,,,,,,,,,,,,,,,,,,,,,,
25,,,23914,,,,,,,,,,,,,,,,,,,,,,,,,,,,,,,,,,,,0.5832479000091553,,,,,,,,,,,,,,,,,,,,,,,,,,,,,,,,,,,,
25,,,23919,,,,,,,,,,,,,,,,,,,,,,,,,,,,,,,,,,,,0.38956218957901,,,,,,,,,,,,,,,,,,,,,,,,,,,,,,,,,,,,
25,,,23924,,,,,,,,,,,,,,,,,,,,,,,,,,,,,,,,,,,,0.21825870871543884,,,,,,,,,,,,,,,,,,,,,,,,,,,,,,,,,,,,
25,,,23929,,,,,,,,,,,,,,,,,,,,,,,,,,,,,,,,,,,,0.2576709985733032,,,,,,,,,,,,,,,,,,,,,,,,,,,,,,,,,,,,
25,,,23934,,,,,,,,,,,,,,,,,,,,,,,,,,,,,,,,,,,,0.25681203603744507,,,,,,,,,,,,,,,,,,,,,,,,,,,,,,,,,,,,
25,,,23939,,,,,,,,,,,,,,,,,,,,,,,,,,,,,,,,,,,,0.24800634384155273,,,,,,,,,,,,,,,,,,,,,,,,,,,,,,,,,,,,
25,,,23944,,,,,,,,,,,,,,,,,,,,,,,,,,,,,,,,,,,,0.244657963514328,,,,,,,,,,,,,,,,,,,,,,,,,,,,,,,,,,,,
25,,,23945,,,,,,,,,,,,,,,,,,,,,,,,,,,,,,,,,,,,,0.7969691753387451,0.7548047304153442,0.6557892560958862,0.7318378686904907,0.7969691753387451,0.0,0.8762806057929993,0.8573607206344604,0.9496151804924011,0.504620373249054,0.0,0.8991485834121704,0.844629168510437,0.9274231791496277,0.34801816940307617,0.0,0.8167756199836731,0.7310460805892944,0.8646683692932129,0.21066705882549286,0.0,0.9232420325279236,0.8322703242301941,0.9062447547912598,0.2655944526195526,0.0,0.8762806057929993,0.8573607206344604,0.9496151804924011,0.504620373249054,0.8646555542945862,0.8646555542945862,0.7615798711776733,0.8646555542945862,0.8646555542945862,0.40973514318466187
25,,,23945,0.7619997262954712,0.7495580911636353,0.6484783887863159,0.73917555809021,0.7619997262954712,0.0,0.8837951421737671,0.8558367490768433,0.9277361035346985,0.38063088059425354,0.0,0.8969683647155762,0.841828465461731,0.917569637298584,0.3418658971786499,0.0,0.8131844401359558,0.7268600463867188,0.847693920135498,0.2061750590801239,0.0,0.9105401635169983,0.8282713890075684,0.9076235890388489,0.31026703119277954,0.0,0.8837951421737671,0.8558367490768433,0.9277361035346985,0.38063088059425354,0.865307629108429,0.865307629108429,0.7625921368598938,0.865307629108429,0.865307629108429,,,,,,,,,,,,,,,,,,,,,,,,,,,,,,,,,,,,,
,1e-05,0.0001,23946,,,,,,,,,,,,,,,,,,,,,,,,,,,,,,,,,,,,,,,,,,,,,,,,,,,,,,,,,,,,,,,,,,,,,,,,
26,,,23949,,,,,,,,,,,,,,,,,,,,,,,,,,,,,,,,,,,,0.4836968183517456,,,,,,,,,,,,,,,,,,,,,,,,,,,,,,,,,,,,
26,,,23954,,,,,,,,,,,,,,,,,,,,,,,,,,,,,,,,,,,,0.26267170906066895,,,,,,,,,,,,,,,,,,,,,,,,,,,,,,,,,,,,
26,,,23959,,,,,,,,,,,,,,,,,,,,,,,,,,,,,,,,,,,,0.4041464030742645,,,,,,,,,,,,,,,,,,,,,,,,,,,,,,,,,,,,
26,,,23964,,,,,,,,,,,,,,,,,,,,,,,,,,,,,,,,,,,,0.47208070755004883,,,,,,,,,,,,,,,,,,,,,,,,,,,,,,,,,,,,
26,,,23969,,,,,,,,,,,,,,,,,,,,,,,,,,,,,,,,,,,,0.5520021319389343,,,,,,,,,,,,,,,,,,,,,,,,,,,,,,,,,,,,
26,,,23974,,,,,,,,,,,,,,,,,,,,,,,,,,,,,,,,,,,,0.5669294595718384,,,,,,,,,,,,,,,,,,,,,,,,,,,,,,,,,,,,
26,,,23979,,,,,,,,,,,,,,,,,,,,,,,,,,,,,,,,,,,,0.6143813133239746,,,,,,,,,,,,,,,,,,,,,,,,,,,,,,,,,,,,
26,,,23984,,,,,,,,,,,,,,,,,,,,,,,,,,,,,,,,,,,,0.5996675491333008,,,,,,,,,,,,,,,,,,,,,,,,,,,,,,,,,,,,
26,,,23989,,,,,,,,,,,,,,,,,,,,,,,,,,,,,,,,,,,,0.6101065278053284,,,,,,,,,,,,,,,,,,,,,,,,,,,,,,,,,,,,
26,,,23994,,,,,,,,,,,,,,,,,,,,,,,,,,,,,,,,,,,,0.3735470473766327,,,,,,,,,,,,,,,,,,,,,,,,,,,,,,,,,,,,
26,,,23999,,,,,,,,,,,,,,,,,,,,,,,,,,,,,,,,,,,,0.2011500895023346,,,,,,,,,,,,,,,,,,,,,,,,,,,,,,,,,,,,
26,,,24004,,,,,,,,,,,,,,,,,,,,,,,,,,,,,,,,,,,,0.5015643835067749,,,,,,,,,,,,,,,,,,,,,,,,,,,,,,,,,,,,
26,,,24009,,,,,,,,,,,,,,,,,,,,,,,,,,,,,,,,,,,,0.647262454032898,,,,,,,,,,,,,,,,,,,,,,,,,,,,,,,,,,,,
26,,,24014,,,,,,,,,,,,,,,,,,,,,,,,,,,,,,,,,,,,0.2507796287536621,,,,,,,,,,,,,,,,,,,,,,,,,,,,,,,,,,,,
26,,,24019,,,,,,,,,,,,,,,,,,,,,,,,,,,,,,,,,,,,0.2104438990354538,,,,,,,,,,,,,,,,,,,,,,,,,,,,,,,,,,,,
26,,,24024,,,,,,,,,,,,,,,,,,,,,,,,,,,,,,,,,,,,0.611515998840332,,,,,,,,,,,,,,,,,,,,,,,,,,,,,,,,,,,,
26,,,24029,,,,,,,,,,,,,,,,,,,,,,,,,,,,,,,,,,,,0.28147822618484497,,,,,,,,,,,,,,,,,,,,,,,,,,,,,,,,,,,,
26,,,24034,,,,,,,,,,,,,,,,,,,,,,,,,,,,,,,,,,,,0.3144277334213257,,,,,,,,,,,,,,,,,,,,,,,,,,,,,,,,,,,,
26,,,24039,,,,,,,,,,,,,,,,,,,,,,,,,,,,,,,,,,,,0.27732139825820923,,,,,,,,,,,,,,,,,,,,,,,,,,,,,,,,,,,,
26,,,24044,,,,,,,,,,,,,,,,,,,,,,,,,,,,,,,,,,,,0.537124514579773,,,,,,,,,,,,,,,,,,,,,,,,,,,,,,,,,,,,
26,,,24049,,,,,,,,,,,,,,,,,,,,,,,,,,,,,,,,,,,,0.5843852162361145,,,,,,,,,,,,,,,,,,,,,,,,,,,,,,,,,,,,
26,,,24054,,,,,,,,,,,,,,,,,,,,,,,,,,,,,,,,,,,,0.5144705772399902,,,,,,,,,,,,,,,,,,,,,,,,,,,,,,,,,,,,
26,,,24059,,,,,,,,,,,,,,,,,,,,,,,,,,,,,,,,,,,,0.3114827275276184,,,,,,,,,,,,,,,,,,,,,,,,,,,,,,,,,,,,
26,,,24064,,,,,,,,,,,,,,,,,,,,,,,,,,,,,,,,,,,,0.4283868670463562,,,,,,,,,,,,,,,,,,,,,,,,,,,,,,,,,,,,
26,,,24069,,,,,,,,,,,,,,,,,,,,,,,,,,,,,,,,,,,,0.4877403974533081,,,,,,,,,,,,,,,,,,,,,,,,,,,,,,,,,,,,
26,,,24074,,,,,,,,,,,,,,,,,,,,,,,,,,,,,,,,,,,,0.40373122692108154,,,,,,,,,,,,,,,,,,,,,,,,,,,,,,,,,,,,
26,,,24079,,,,,,,,,,,,,,,,,,,,,,,,,,,,,,,,,,,,0.2578226327896118,,,,,,,,,,,,,,,,,,,,,,,,,,,,,,,,,,,,
26,,,24084,,,,,,,,,,,,,,,,,,,,,,,,,,,,,,,,,,,,0.561555802822113,,,,,,,,,,,,,,,,,,,,,,,,,,,,,,,,,,,,
26,,,24089,,,,,,,,,,,,,,,,,,,,,,,,,,,,,,,,,,,,0.30839431285858154,,,,,,,,,,,,,,,,,,,,,,,,,,,,,,,,,,,,
26,,,24094,,,,,,,,,,,,,,,,,,,,,,,,,,,,,,,,,,,,0.2714054584503174,,,,,,,,,,,,,,,,,,,,,,,,,,,,,,,,,,,,
26,,,24099,,,,,,,,,,,,,,,,,,,,,,,,,,,,,,,,,,,,0.21373115479946136,,,,,,,,,,,,,,,,,,,,,,,,,,,,,,,,,,,,
26,,,24104,,,,,,,,,,,,,,,,,,,,,,,,,,,,,,,,,,,,0.5574233531951904,,,,,,,,,,,,,,,,,,,,,,,,,,,,,,,,,,,,
26,,,24109,,,,,,,,,,,,,,,,,,,,,,,,,,,,,,,,,,,,0.23975515365600586,,,,,,,,,,,,,,,,,,,,,,,,,,,,,,,,,,,,
26,,,24114,,,,,,,,,,,,,,,,,,,,,,,,,,,,,,,,,,,,0.24994495511054993,,,,,,,,,,,,,,,,,,,,,,,,,,,,,,,,,,,,
26,,,24119,,,,,,,,,,,,,,,,,,,,,,,,,,,,,,,,,,,,0.5418814420700073,,,,,,,,,,,,,,,,,,,,,,,,,,,,,,,,,,,,
26,,,24124,,,,,,,,,,,,,,,,,,,,,,,,,,,,,,,,,,,,0.5844847559928894,,,,,,,,,,,,,,,,,,,,,,,,,,,,,,,,,,,,
26,,,24129,,,,,,,,,,,,,,,,,,,,,,,,,,,,,,,,,,,,0.20359209179878235,,,,,,,,,,,,,,,,,,,,,,,,,,,,,,,,,,,,
26,,,24134,,,,,,,,,,,,,,,,,,,,,,,,,,,,,,,,,,,,0.318881630897522,,,,,,,,,,,,,,,,,,,,,,,,,,,,,,,,,,,,
26,,,24139,,,,,,,,,,,,,,,,,,,,,,,,,,,,,,,,,,,,0.1942565143108368,,,,,,,,,,,,,,,,,,,,,,,,,,,,,,,,,,,,
26,,,24144,,,,,,,,,,,,,,,,,,,,,,,,,,,,,,,,,,,,0.6286901831626892,,,,,,,,,,,,,,,,,,,,,,,,,,,,,,,,,,,,
26,,,24149,,,,,,,,,,,,,,,,,,,,,,,,,,,,,,,,,,,,0.4029683470726013,,,,,,,,,,,,,,,,,,,,,,,,,,,,,,,,,,,,
26,,,24154,,,,,,,,,,,,,,,,,,,,,,,,,,,,,,,,,,,,0.5507866740226746,,,,,,,,,,,,,,,,,,,,,,,,,,,,,,,,,,,,
26,,,24159,,,,,,,,,,,,,,,,,,,,,,,,,,,,,,,,,,,,0.22144079208374023,,,,,,,,,,,,,,,,,,,,,,,,,,,,,,,,,,,,
26,,,24164,,,,,,,,,,,,,,,,,,,,,,,,,,,,,,,,,,,,0.4070507884025574,,,,,,,,,,,,,,,,,,,,,,,,,,,,,,,,,,,,
26,,,24169,,,,,,,,,,,,,,,,,,,,,,,,,,,,,,,,,,,,0.43516242504119873,,,,,,,,,,,,,,,,,,,,,,,,,,,,,,,,,,,,
26,,,24174,,,,,,,,,,,,,,,,,,,,,,,,,,,,,,,,,,,,0.2980074882507324,,,,,,,,,,,,,,,,,,,,,,,,,,,,,,,,,,,,
26,,,24179,,,,,,,,,,,,,,,,,,,,,,,,,,,,,,,,,,,,0.3725630044937134,,,,,,,,,,,,,,,,,,,,,,,,,,,,,,,,,,,,
26,,,24184,,,,,,,,,,,,,,,,,,,,,,,,,,,,,,,,,,,,0.20863330364227295,,,,,,,,,,,,,,,,,,,,,,,,,,,,,,,,,,,,
26,,,24189,,,,,,,,,,,,,,,,,,,,,,,,,,,,,,,,,,,,0.3222931921482086,,,,,,,,,,,,,,,,,,,,,,,,,,,,,,,,,,,,
26,,,24194,,,,,,,,,,,,,,,,,,,,,,,,,,,,,,,,,,,,0.3000960350036621,,,,,,,,,,,,,,,,,,,,,,,,,,,,,,,,,,,,
26,,,24199,,,,,,,,,,,,,,,,,,,,,,,,,,,,,,,,,,,,0.6266622543334961,,,,,,,,,,,,,,,,,,,,,,,,,,,,,,,,,,,,
26,,,24204,,,,,,,,,,,,,,,,,,,,,,,,,,,,,,,,,,,,0.4992976188659668,,,,,,,,,,,,,,,,,,,,,,,,,,,,,,,,,,,,
26,,,24209,,,,,,,,,,,,,,,,,,,,,,,,,,,,,,,,,,,,0.5707173943519592,,,,,,,,,,,,,,,,,,,,,,,,,,,,,,,,,,,,
26,,,24214,,,,,,,,,,,,,,,,,,,,,,,,,,,,,,,,,,,,0.22592785954475403,,,,,,,,,,,,,,,,,,,,,,,,,,,,,,,,,,,,
26,,,24219,,,,,,,,,,,,,,,,,,,,,,,,,,,,,,,,,,,,0.2334538996219635,,,,,,,,,,,,,,,,,,,,,,,,,,,,,,,,,,,,
26,,,24224,,,,,,,,,,,,,,,,,,,,,,,,,,,,,,,,,,,,0.3549253046512604,,,,,,,,,,,,,,,,,,,,,,,,,,,,,,,,,,,,
26,,,24229,,,,,,,,,,,,,,,,,,,,,,,,,,,,,,,,,,,,0.5967144966125488,,,,,,,,,,,,,,,,,,,,,,,,,,,,,,,,,,,,
26,,,24234,,,,,,,,,,,,,,,,,,,,,,,,,,,,,,,,,,,,0.5838249921798706,,,,,,,,,,,,,,,,,,,,,,,,,,,,,,,,,,,,
26,,,24239,,,,,,,,,,,,,,,,,,,,,,,,,,,,,,,,,,,,0.556804358959198,,,,,,,,,,,,,,,,,,,,,,,,,,,,,,,,,,,,
26,,,24244,,,,,,,,,,,,,,,,,,,,,,,,,,,,,,,,,,,,0.3452994227409363,,,,,,,,,,,,,,,,,,,,,,,,,,,,,,,,,,,,
26,,,24249,,,,,,,,,,,,,,,,,,,,,,,,,,,,,,,,,,,,0.26666805148124695,,,,,,,,,,,,,,,,,,,,,,,,,,,,,,,,,,,,
26,,,24254,,,,,,,,,,,,,,,,,,,,,,,,,,,,,,,,,,,,0.6058101654052734,,,,,,,,,,,,,,,,,,,,,,,,,,,,,,,,,,,,
26,,,24259,,,,,,,,,,,,,,,,,,,,,,,,,,,,,,,,,,,,0.3008468747138977,,,,,,,,,,,,,,,,,,,,,,,,,,,,,,,,,,,,
26,,,24264,,,,,,,,,,,,,,,,,,,,,,,,,,,,,,,,,,,,0.20335492491722107,,,,,,,,,,,,,,,,,,,,,,,,,,,,,,,,,,,,
26,,,24269,,,,,,,,,,,,,,,,,,,,,,,,,,,,,,,,,,,,0.22000795602798462,,,,,,,,,,,,,,,,,,,,,,,,,,,,,,,,,,,,
26,,,24274,,,,,,,,,,,,,,,,,,,,,,,,,,,,,,,,,,,,0.5512756109237671,,,,,,,,,,,,,,,,,,,,,,,,,,,,,,,,,,,,
26,,,24279,,,,,,,,,,,,,,,,,,,,,,,,,,,,,,,,,,,,0.23706376552581787,,,,,,,,,,,,,,,,,,,,,,,,,,,,,,,,,,,,
26,,,24284,,,,,,,,,,,,,,,,,,,,,,,,,,,,,,,,,,,,0.3407462239265442,,,,,,,,,,,,,,,,,,,,,,,,,,,,,,,,,,,,
26,,,24289,,,,,,,,,,,,,,,,,,,,,,,,,,,,,,,,,,,,0.6675270199775696,,,,,,,,,,,,,,,,,,,,,,,,,,,,,,,,,,,,
26,,,24294,,,,,,,,,,,,,,,,,,,,,,,,,,,,,,,,,,,,0.5579266548156738,,,,,,,,,,,,,,,,,,,,,,,,,,,,,,,,,,,,
26,,,24299,,,,,,,,,,,,,,,,,,,,,,,,,,,,,,,,,,,,0.6402260065078735,,,,,,,,,,,,,,,,,,,,,,,,,,,,,,,,,,,,
26,,,24304,,,,,,,,,,,,,,,,,,,,,,,,,,,,,,,,,,,,0.5851794481277466,,,,,,,,,,,,,,,,,,,,,,,,,,,,,,,,,,,,
26,,,24309,,,,,,,,,,,,,,,,,,,,,,,,,,,,,,,,,,,,0.5874014496803284,,,,,,,,,,,,,,,,,,,,,,,,,,,,,,,,,,,,
26,,,24314,,,,,,,,,,,,,,,,,,,,,,,,,,,,,,,,,,,,0.23292934894561768,,,,,,,,,,,,,,,,,,,,,,,,,,,,,,,,,,,,
26,,,24319,,,,,,,,,,,,,,,,,,,,,,,,,,,,,,,,,,,,0.5128533244132996,,,,,,,,,,,,,,,,,,,,,,,,,,,,,,,,,,,,
26,,,24324,,,,,,,,,,,,,,,,,,,,,,,,,,,,,,,,,,,,0.24340525269508362,,,,,,,,,,,,,,,,,,,,,,,,,,,,,,,,,,,,
26,,,24329,,,,,,,,,,,,,,,,,,,,,,,,,,,,,,,,,,,,0.2358040064573288,,,,,,,,,,,,,,,,,,,,,,,,,,,,,,,,,,,,
26,,,24334,,,,,,,,,,,,,,,,,,,,,,,,,,,,,,,,,,,,0.38226163387298584,,,,,,,,,,,,,,,,,,,,,,,,,,,,,,,,,,,,
26,,,24339,,,,,,,,,,,,,,,,,,,,,,,,,,,,,,,,,,,,0.23950353264808655,,,,,,,,,,,,,,,,,,,,,,,,,,,,,,,,,,,,
26,,,24344,,,,,,,,,,,,,,,,,,,,,,,,,,,,,,,,,,,,0.5775923728942871,,,,,,,,,,,,,,,,,,,,,,,,,,,,,,,,,,,,
26,,,24349,,,,,,,,,,,,,,,,,,,,,,,,,,,,,,,,,,,,0.6231389045715332,,,,,,,,,,,,,,,,,,,,,,,,,,,,,,,,,,,,
26,,,24354,,,,,,,,,,,,,,,,,,,,,,,,,,,,,,,,,,,,0.24005194008350372,,,,,,,,,,,,,,,,,,,,,,,,,,,,,,,,,,,,
26,,,24359,,,,,,,,,,,,,,,,,,,,,,,,,,,,,,,,,,,,0.5406973958015442,,,,,,,,,,,,,,,,,,,,,,,,,,,,,,,,,,,,
26,,,24364,,,,,,,,,,,,,,,,,,,,,,,,,,,,,,,,,,,,0.33643415570259094,,,,,,,,,,,,,,,,,,,,,,,,,,,,,,,,,,,,
26,,,24369,,,,,,,,,,,,,,,,,,,,,,,,,,,,,,,,,,,,0.408074289560318,,,,,,,,,,,,,,,,,,,,,,,,,,,,,,,,,,,,
26,,,24374,,,,,,,,,,,,,,,,,,,,,,,,,,,,,,,,,,,,0.34168800711631775,,,,,,,,,,,,,,,,,,,,,,,,,,,,,,,,,,,,
26,,,24379,,,,,,,,,,,,,,,,,,,,,,,,,,,,,,,,,,,,0.2076219916343689,,,,,,,,,,,,,,,,,,,,,,,,,,,,,,,,,,,,
26,,,24384,,,,,,,,,,,,,,,,,,,,,,,,,,,,,,,,,,,,0.5751473903656006,,,,,,,,,,,,,,,,,,,,,,,,,,,,,,,,,,,,
26,,,24389,,,,,,,,,,,,,,,,,,,,,,,,,,,,,,,,,,,,0.20807571709156036,,,,,,,,,,,,,,,,,,,,,,,,,,,,,,,,,,,,
26,,,24394,,,,,,,,,,,,,,,,,,,,,,,,,,,,,,,,,,,,0.3426395654678345,,,,,,,,,,,,,,,,,,,,,,,,,,,,,,,,,,,,
26,,,24399,,,,,,,,,,,,,,,,,,,,,,,,,,,,,,,,,,,,0.3275976777076721,,,,,,,,,,,,,,,,,,,,,,,,,,,,,,,,,,,,
26,,,24404,,,,,,,,,,,,,,,,,,,,,,,,,,,,,,,,,,,,0.3001652956008911,,,,,,,,,,,,,,,,,,,,,,,,,,,,,,,,,,,,
26,,,24409,,,,,,,,,,,,,,,,,,,,,,,,,,,,,,,,,,,,0.24344506859779358,,,,,,,,,,,,,,,,,,,,,,,,,,,,,,,,,,,,
26,,,24414,,,,,,,,,,,,,,,,,,,,,,,,,,,,,,,,,,,,0.4206284284591675,,,,,,,,,,,,,,,,,,,,,,,,,,,,,,,,,,,,
26,,,24419,,,,,,,,,,,,,,,,,,,,,,,,,,,,,,,,,,,,0.28465718030929565,,,,,,,,,,,,,,,,,,,,,,,,,,,,,,,,,,,,
26,,,24424,,,,,,,,,,,,,,,,,,,,,,,,,,,,,,,,,,,,0.25825217366218567,,,,,,,,,,,,,,,,,,,,,,,,,,,,,,,,,,,,
26,,,24429,,,,,,,,,,,,,,,,,,,,,,,,,,,,,,,,,,,,0.21033267676830292,,,,,,,,,,,,,,,,,,,,,,,,,,,,,,,,,,,,
26,,,24434,,,,,,,,,,,,,,,,,,,,,,,,,,,,,,,,,,,,0.2777600586414337,,,,,,,,,,,,,,,,,,,,,,,,,,,,,,,,,,,,
26,,,24439,,,,,,,,,,,,,,,,,,,,,,,,,,,,,,,,,,,,0.30210229754447937,,,,,,,,,,,,,,,,,,,,,,,,,,,,,,,,,,,,
26,,,24444,,,,,,,,,,,,,,,,,,,,,,,,,,,,,,,,,,,,0.30889827013015747,,,,,,,,,,,,,,,,,,,,,,,,,,,,,,,,,,,,
26,,,24449,,,,,,,,,,,,,,,,,,,,,,,,,,,,,,,,,,,,0.6187150478363037,,,,,,,,,,,,,,,,,,,,,,,,,,,,,,,,,,,,
26,,,24454,,,,,,,,,,,,,,,,,,,,,,,,,,,,,,,,,,,,0.31903743743896484,,,,,,,,,,,,,,,,,,,,,,,,,,,,,,,,,,,,
26,,,24459,,,,,,,,,,,,,,,,,,,,,,,,,,,,,,,,,,,,0.29949459433555603,,,,,,,,,,,,,,,,,,,,,,,,,,,,,,,,,,,,
26,,,24464,,,,,,,,,,,,,,,,,,,,,,,,,,,,,,,,,,,,0.2847365736961365,,,,,,,,,,,,,,,,,,,,,,,,,,,,,,,,,,,,
26,,,24469,,,,,,,,,,,,,,,,,,,,,,,,,,,,,,,,,,,,0.235030859708786,,,,,,,,,,,,,,,,,,,,,,,,,,,,,,,,,,,,
26,,,24474,,,,,,,,,,,,,,,,,,,,,,,,,,,,,,,,,,,,0.6210674047470093,,,,,,,,,,,,,,,,,,,,,,,,,,,,,,,,,,,,
26,,,24479,,,,,,,,,,,,,,,,,,,,,,,,,,,,,,,,,,,,0.27005836367607117,,,,,,,,,,,,,,,,,,,,,,,,,,,,,,,,,,,,
26,,,24484,,,,,,,,,,,,,,,,,,,,,,,,,,,,,,,,,,,,0.35931089520454407,,,,,,,,,,,,,,,,,,,,,,,,,,,,,,,,,,,,
26,,,24489,,,,,,,,,,,,,,,,,,,,,,,,,,,,,,,,,,,,0.2478625774383545,,,,,,,,,,,,,,,,,,,,,,,,,,,,,,,,,,,,
26,,,24494,,,,,,,,,,,,,,,,,,,,,,,,,,,,,,,,,,,,0.441368043422699,,,,,,,,,,,,,,,,,,,,,,,,,,,,,,,,,,,,
26,,,24499,,,,,,,,,,,,,,,,,,,,,,,,,,,,,,,,,,,,0.25100237131118774,,,,,,,,,,,,,,,,,,,,,,,,,,,,,,,,,,,,
26,,,24504,,,,,,,,,,,,,,,,,,,,,,,,,,,,,,,,,,,,0.2973422408103943,,,,,,,,,,,,,,,,,,,,,,,,,,,,,,,,,,,,
26,,,24509,,,,,,,,,,,,,,,,,,,,,,,,,,,,,,,,,,,,0.24509525299072266,,,,,,,,,,,,,,,,,,,,,,,,,,,,,,,,,,,,
26,,,24514,,,,,,,,,,,,,,,,,,,,,,,,,,,,,,,,,,,,0.20056690275669098,,,,,,,,,,,,,,,,,,,,,,,,,,,,,,,,,,,,
26,,,24519,,,,,,,,,,,,,,,,,,,,,,,,,,,,,,,,,,,,0.5487700700759888,,,,,,,,,,,,,,,,,,,,,,,,,,,,,,,,,,,,
26,,,24524,,,,,,,,,,,,,,,,,,,,,,,,,,,,,,,,,,,,0.6255448460578918,,,,,,,,,,,,,,,,,,,,,,,,,,,,,,,,,,,,
26,,,24529,,,,,,,,,,,,,,,,,,,,,,,,,,,,,,,,,,,,0.5445525050163269,,,,,,,,,,,,,,,,,,,,,,,,,,,,,,,,,,,,
26,,,24534,,,,,,,,,,,,,,,,,,,,,,,,,,,,,,,,,,,,0.6616213321685791,,,,,,,,,,,,,,,,,,,,,,,,,,,,,,,,,,,,
26,,,24539,,,,,,,,,,,,,,,,,,,,,,,,,,,,,,,,,,,,0.5176036357879639,,,,,,,,,,,,,,,,,,,,,,,,,,,,,,,,,,,,
26,,,24544,,,,,,,,,,,,,,,,,,,,,,,,,,,,,,,,,,,,0.2734646201133728,,,,,,,,,,,,,,,,,,,,,,,,,,,,,,,,,,,,
26,,,24549,,,,,,,,,,,,,,,,,,,,,,,,,,,,,,,,,,,,0.7184268832206726,,,,,,,,,,,,,,,,,,,,,,,,,,,,,,,,,,,,
26,,,24554,,,,,,,,,,,,,,,,,,,,,,,,,,,,,,,,,,,,0.21701490879058838,,,,,,,,,,,,,,,,,,,,,,,,,,,,,,,,,,,,
26,,,24559,,,,,,,,,,,,,,,,,,,,,,,,,,,,,,,,,,,,0.5029261708259583,,,,,,,,,,,,,,,,,,,,,,,,,,,,,,,,,,,,
26,,,24564,,,,,,,,,,,,,,,,,,,,,,,,,,,,,,,,,,,,0.31412947177886963,,,,,,,,,,,,,,,,,,,,,,,,,,,,,,,,,,,,
26,,,24569,,,,,,,,,,,,,,,,,,,,,,,,,,,,,,,,,,,,0.30484604835510254,,,,,,,,,,,,,,,,,,,,,,,,,,,,,,,,,,,,
26,,,24574,,,,,,,,,,,,,,,,,,,,,,,,,,,,,,,,,,,,0.5641816854476929,,,,,,,,,,,,,,,,,,,,,,,,,,,,,,,,,,,,
26,,,24579,,,,,,,,,,,,,,,,,,,,,,,,,,,,,,,,,,,,0.3497564494609833,,,,,,,,,,,,,,,,,,,,,,,,,,,,,,,,,,,,
26,,,24584,,,,,,,,,,,,,,,,,,,,,,,,,,,,,,,,,,,,0.6066799759864807,,,,,,,,,,,,,,,,,,,,,,,,,,,,,,,,,,,,
26,,,24589,,,,,,,,,,,,,,,,,,,,,,,,,,,,,,,,,,,,0.2880190908908844,,,,,,,,,,,,,,,,,,,,,,,,,,,,,,,,,,,,
26,,,24594,,,,,,,,,,,,,,,,,,,,,,,,,,,,,,,,,,,,0.3569820821285248,,,,,,,,,,,,,,,,,,,,,,,,,,,,,,,,,,,,
26,,,24599,,,,,,,,,,,,,,,,,,,,,,,,,,,,,,,,,,,,0.6041163206100464,,,,,,,,,,,,,,,,,,,,,,,,,,,,,,,,,,,,
26,,,24604,,,,,,,,,,,,,,,,,,,,,,,,,,,,,,,,,,,,0.30918341875076294,,,,,,,,,,,,,,,,,,,,,,,,,,,,,,,,,,,,
26,,,24609,,,,,,,,,,,,,,,,,,,,,,,,,,,,,,,,,,,,0.20404097437858582,,,,,,,,,,,,,,,,,,,,,,,,,,,,,,,,,,,,
26,,,24614,,,,,,,,,,,,,,,,,,,,,,,,,,,,,,,,,,,,0.19968852400779724,,,,,,,,,,,,,,,,,,,,,,,,,,,,,,,,,,,,
26,,,24619,,,,,,,,,,,,,,,,,,,,,,,,,,,,,,,,,,,,0.5460473895072937,,,,,,,,,,,,,,,,,,,,,,,,,,,,,,,,,,,,
26,,,24624,,,,,,,,,,,,,,,,,,,,,,,,,,,,,,,,,,,,0.2247161567211151,,,,,,,,,,,,,,,,,,,,,,,,,,,,,,,,,,,,
26,,,24629,,,,,,,,,,,,,,,,,,,,,,,,,,,,,,,,,,,,0.3330114781856537,,,,,,,,,,,,,,,,,,,,,,,,,,,,,,,,,,,,
26,,,24634,,,,,,,,,,,,,,,,,,,,,,,,,,,,,,,,,,,,0.26122182607650757,,,,,,,,,,,,,,,,,,,,,,,,,,,,,,,,,,,,
26,,,24639,,,,,,,,,,,,,,,,,,,,,,,,,,,,,,,,,,,,0.2500205338001251,,,,,,,,,,,,,,,,,,,,,,,,,,,,,,,,,,,,
26,,,24644,,,,,,,,,,,,,,,,,,,,,,,,,,,,,,,,,,,,0.20021384954452515,,,,,,,,,,,,,,,,,,,,,,,,,,,,,,,,,,,,
26,,,24649,,,,,,,,,,,,,,,,,,,,,,,,,,,,,,,,,,,,0.2655295729637146,,,,,,,,,,,,,,,,,,,,,,,,,,,,,,,,,,,,
26,,,24654,,,,,,,,,,,,,,,,,,,,,,,,,,,,,,,,,,,,0.37825238704681396,,,,,,,,,,,,,,,,,,,,,,,,,,,,,,,,,,,,
26,,,24659,,,,,,,,,,,,,,,,,,,,,,,,,,,,,,,,,,,,0.2574918866157532,,,,,,,,,,,,,,,,,,,,,,,,,,,,,,,,,,,,
26,,,24664,,,,,,,,,,,,,,,,,,,,,,,,,,,,,,,,,,,,0.21559539437294006,,,,,,,,,,,,,,,,,,,,,,,,,,,,,,,,,,,,
26,,,24669,,,,,,,,,,,,,,,,,,,,,,,,,,,,,,,,,,,,0.34013110399246216,,,,,,,,,,,,,,,,,,,,,,,,,,,,,,,,,,,,
26,,,24674,,,,,,,,,,,,,,,,,,,,,,,,,,,,,,,,,,,,0.3058372735977173,,,,,,,,,,,,,,,,,,,,,,,,,,,,,,,,,,,,
26,,,24679,,,,,,,,,,,,,,,,,,,,,,,,,,,,,,,,,,,,0.3225265443325043,,,,,,,,,,,,,,,,,,,,,,,,,,,,,,,,,,,,
26,,,24684,,,,,,,,,,,,,,,,,,,,,,,,,,,,,,,,,,,,0.256490558385849,,,,,,,,,,,,,,,,,,,,,,,,,,,,,,,,,,,,
26,,,24689,,,,,,,,,,,,,,,,,,,,,,,,,,,,,,,,,,,,0.2557893991470337,,,,,,,,,,,,,,,,,,,,,,,,,,,,,,,,,,,,
26,,,24694,,,,,,,,,,,,,,,,,,,,,,,,,,,,,,,,,,,,0.4970943033695221,,,,,,,,,,,,,,,,,,,,,,,,,,,,,,,,,,,,
26,,,24699,,,,,,,,,,,,,,,,,,,,,,,,,,,,,,,,,,,,0.6279044151306152,,,,,,,,,,,,,,,,,,,,,,,,,,,,,,,,,,,,
26,,,24704,,,,,,,,,,,,,,,,,,,,,,,,,,,,,,,,,,,,0.3040134012699127,,,,,,,,,,,,,,,,,,,,,,,,,,,,,,,,,,,,
26,,,24709,,,,,,,,,,,,,,,,,,,,,,,,,,,,,,,,,,,,0.7150834202766418,,,,,,,,,,,,,,,,,,,,,,,,,,,,,,,,,,,,
26,,,24714,,,,,,,,,,,,,,,,,,,,,,,,,,,,,,,,,,,,0.3507324755191803,,,,,,,,,,,,,,,,,,,,,,,,,,,,,,,,,,,,
26,,,24719,,,,,,,,,,,,,,,,,,,,,,,,,,,,,,,,,,,,0.6098654866218567,,,,,,,,,,,,,,,,,,,,,,,,,,,,,,,,,,,,
26,,,24724,,,,,,,,,,,,,,,,,,,,,,,,,,,,,,,,,,,,0.3543908894062042,,,,,,,,,,,,,,,,,,,,,,,,,,,,,,,,,,,,
26,,,24729,,,,,,,,,,,,,,,,,,,,,,,,,,,,,,,,,,,,0.27332574129104614,,,,,,,,,,,,,,,,,,,,,,,,,,,,,,,,,,,,
26,,,24734,,,,,,,,,,,,,,,,,,,,,,,,,,,,,,,,,,,,0.5407683253288269,,,,,,,,,,,,,,,,,,,,,,,,,,,,,,,,,,,,
26,,,24739,,,,,,,,,,,,,,,,,,,,,,,,,,,,,,,,,,,,0.24087092280387878,,,,,,,,,,,,,,,,,,,,,,,,,,,,,,,,,,,,
26,,,24744,,,,,,,,,,,,,,,,,,,,,,,,,,,,,,,,,,,,0.2959675192832947,,,,,,,,,,,,,,,,,,,,,,,,,,,,,,,,,,,,
26,,,24749,,,,,,,,,,,,,,,,,,,,,,,,,,,,,,,,,,,,0.46851950883865356,,,,,,,,,,,,,,,,,,,,,,,,,,,,,,,,,,,,
26,,,24754,,,,,,,,,,,,,,,,,,,,,,,,,,,,,,,,,,,,0.17984892427921295,,,,,,,,,,,,,,,,,,,,,,,,,,,,,,,,,,,,
26,,,24759,,,,,,,,,,,,,,,,,,,,,,,,,,,,,,,,,,,,0.27396756410598755,,,,,,,,,,,,,,,,,,,,,,,,,,,,,,,,,,,,
26,,,24764,,,,,,,,,,,,,,,,,,,,,,,,,,,,,,,,,,,,0.28555476665496826,,,,,,,,,,,,,,,,,,,,,,,,,,,,,,,,,,,,
26,,,24769,,,,,,,,,,,,,,,,,,,,,,,,,,,,,,,,,,,,0.2564527988433838,,,,,,,,,,,,,,,,,,,,,,,,,,,,,,,,,,,,
26,,,24774,,,,,,,,,,,,,,,,,,,,,,,,,,,,,,,,,,,,0.2215743511915207,,,,,,,,,,,,,,,,,,,,,,,,,,,,,,,,,,,,
26,,,24779,,,,,,,,,,,,,,,,,,,,,,,,,,,,,,,,,,,,0.5582839846611023,,,,,,,,,,,,,,,,,,,,,,,,,,,,,,,,,,,,
26,,,24784,,,,,,,,,,,,,,,,,,,,,,,,,,,,,,,,,,,,0.42793136835098267,,,,,,,,,,,,,,,,,,,,,,,,,,,,,,,,,,,,
26,,,24789,,,,,,,,,,,,,,,,,,,,,,,,,,,,,,,,,,,,0.4858526587486267,,,,,,,,,,,,,,,,,,,,,,,,,,,,,,,,,,,,
26,,,24794,,,,,,,,,,,,,,,,,,,,,,,,,,,,,,,,,,,,0.27604439854621887,,,,,,,,,,,,,,,,,,,,,,,,,,,,,,,,,,,,
26,,,24799,,,,,,,,,,,,,,,,,,,,,,,,,,,,,,,,,,,,0.22376006841659546,,,,,,,,,,,,,,,,,,,,,,,,,,,,,,,,,,,,
26,,,24804,,,,,,,,,,,,,,,,,,,,,,,,,,,,,,,,,,,,0.2660207748413086,,,,,,,,,,,,,,,,,,,,,,,,,,,,,,,,,,,,
26,,,24809,,,,,,,,,,,,,,,,,,,,,,,,,,,,,,,,,,,,0.326810359954834,,,,,,,,,,,,,,,,,,,,,,,,,,,,,,,,,,,,
26,,,24814,,,,,,,,,,,,,,,,,,,,,,,,,,,,,,,,,,,,0.2797107398509979,,,,,,,,,,,,,,,,,,,,,,,,,,,,,,,,,,,,
26,,,24819,,,,,,,,,,,,,,,,,,,,,,,,,,,,,,,,,,,,0.5640074610710144,,,,,,,,,,,,,,,,,,,,,,,,,,,,,,,,,,,,
26,,,24824,,,,,,,,,,,,,,,,,,,,,,,,,,,,,,,,,,,,0.26662760972976685,,,,,,,,,,,,,,,,,,,,,,,,,,,,,,,,,,,,
26,,,24829,,,,,,,,,,,,,,,,,,,,,,,,,,,,,,,,,,,,0.45793598890304565,,,,,,,,,,,,,,,,,,,,,,,,,,,,,,,,,,,,
26,,,24834,,,,,,,,,,,,,,,,,,,,,,,,,,,,,,,,,,,,0.6459318995475769,,,,,,,,,,,,,,,,,,,,,,,,,,,,,,,,,,,,
26,,,24839,,,,,,,,,,,,,,,,,,,,,,,,,,,,,,,,,,,,0.22173701226711273,,,,,,,,,,,,,,,,,,,,,,,,,,,,,,,,,,,,
26,,,24844,,,,,,,,,,,,,,,,,,,,,,,,,,,,,,,,,,,,0.32502657175064087,,,,,,,,,,,,,,,,,,,,,,,,,,,,,,,,,,,,
26,,,24849,,,,,,,,,,,,,,,,,,,,,,,,,,,,,,,,,,,,0.5820269584655762,,,,,,,,,,,,,,,,,,,,,,,,,,,,,,,,,,,,
26,,,24854,,,,,,,,,,,,,,,,,,,,,,,,,,,,,,,,,,,,0.32374194264411926,,,,,,,,,,,,,,,,,,,,,,,,,,,,,,,,,,,,
26,,,24859,,,,,,,,,,,,,,,,,,,,,,,,,,,,,,,,,,,,0.370208740234375,,,,,,,,,,,,,,,,,,,,,,,,,,,,,,,,,,,,
26,,,24864,,,,,,,,,,,,,,,,,,,,,,,,,,,,,,,,,,,,0.5517222285270691,,,,,,,,,,,,,,,,,,,,,,,,,,,,,,,,,,,,
26,,,24866,,,,,,,,,,,,,,,,,,,,,,,,,,,,,,,,,,,,,0.7837096452713013,0.75432288646698,0.6531164050102234,0.7325937747955322,0.7837096452713013,0.0,0.8778114914894104,0.8633230924606323,0.9564133286476135,0.43729063868522644,0.0,0.8997002840042114,0.8438400030136108,0.918128490447998,0.35562291741371155,0.0,0.8176866173744202,0.7298644185066223,0.8486484289169312,0.21626605093479156,0.0,0.9227085709571838,0.8252168297767639,0.8827908039093018,0.2996590733528137,0.0,0.8778114914894104,0.8633230924606323,0.9564133286476135,0.43729063868522644,0.8666847944259644,0.8666847944259644,0.7647342085838318,0.8666847944259644,0.8666847944259644,0.41019073128700256
26,,,24866,0.7633265256881714,0.7506812214851379,0.6506231427192688,0.7398762106895447,0.7633265256881714,0.0,0.8848419189453125,0.8555638194084167,0.9364289045333862,0.3764716386795044,0.0,0.8974485993385315,0.8422940969467163,0.9221447110176086,0.34083738923072815,0.0,0.8139742016792297,0.727554440498352,0.8555366396903992,0.2054273635149002,0.0,0.9104195833206177,0.8294298052787781,0.9082897305488586,0.31136566400527954,0.0,0.8848419189453125,0.8555638194084167,0.9364289045333862,0.3764716386795044,0.8659752607345581,0.8659752607345581,0.7636299133300781,0.8659752607345581,0.8659752607345581,,,,,,,,,,,,,,,,,,,,,,,,,,,,,,,,,,,,,
,1e-05,0.0001,24867,,,,,,,,,,,,,,,,,,,,,,,,,,,,,,,,,,,,,,,,,,,,,,,,,,,,,,,,,,,,,,,,,,,,,,,,
27,,,24869,,,,,,,,,,,,,,,,,,,,,,,,,,,,,,,,,,,,0.5840750932693481,,,,,,,,,,,,,,,,,,,,,,,,,,,,,,,,,,,,
27,,,24874,,,,,,,,,,,,,,,,,,,,,,,,,,,,,,,,,,,,0.6520168781280518,,,,,,,,,,,,,,,,,,,,,,,,,,,,,,,,,,,,
27,,,24879,,,,,,,,,,,,,,,,,,,,,,,,,,,,,,,,,,,,0.22444328665733337,,,,,,,,,,,,,,,,,,,,,,,,,,,,,,,,,,,,
27,,,24884,,,,,,,,,,,,,,,,,,,,,,,,,,,,,,,,,,,,0.14681532979011536,,,,,,,,,,,,,,,,,,,,,,,,,,,,,,,,,,,,
27,,,24889,,,,,,,,,,,,,,,,,,,,,,,,,,,,,,,,,,,,0.3215983510017395,,,,,,,,,,,,,,,,,,,,,,,,,,,,,,,,,,,,
27,,,24894,,,,,,,,,,,,,,,,,,,,,,,,,,,,,,,,,,,,0.5958973169326782,,,,,,,,,,,,,,,,,,,,,,,,,,,,,,,,,,,,
27,,,24899,,,,,,,,,,,,,,,,,,,,,,,,,,,,,,,,,,,,0.23671644926071167,,,,,,,,,,,,,,,,,,,,,,,,,,,,,,,,,,,,
27,,,24904,,,,,,,,,,,,,,,,,,,,,,,,,,,,,,,,,,,,0.3031502366065979,,,,,,,,,,,,,,,,,,,,,,,,,,,,,,,,,,,,
27,,,24909,,,,,,,,,,,,,,,,,,,,,,,,,,,,,,,,,,,,0.4220113754272461,,,,,,,,,,,,,,,,,,,,,,,,,,,,,,,,,,,,
27,,,24914,,,,,,,,,,,,,,,,,,,,,,,,,,,,,,,,,,,,0.4657890796661377,,,,,,,,,,,,,,,,,,,,,,,,,,,,,,,,,,,,
27,,,24919,,,,,,,,,,,,,,,,,,,,,,,,,,,,,,,,,,,,0.3315650224685669,,,,,,,,,,,,,,,,,,,,,,,,,,,,,,,,,,,,
27,,,24924,,,,,,,,,,,,,,,,,,,,,,,,,,,,,,,,,,,,0.4281841516494751,,,,,,,,,,,,,,,,,,,,,,,,,,,,,,,,,,,,
27,,,24929,,,,,,,,,,,,,,,,,,,,,,,,,,,,,,,,,,,,0.48381397128105164,,,,,,,,,,,,,,,,,,,,,,,,,,,,,,,,,,,,
27,,,24934,,,,,,,,,,,,,,,,,,,,,,,,,,,,,,,,,,,,0.20558108389377594,,,,,,,,,,,,,,,,,,,,,,,,,,,,,,,,,,,,
27,,,24939,,,,,,,,,,,,,,,,,,,,,,,,,,,,,,,,,,,,0.6055973172187805,,,,,,,,,,,,,,,,,,,,,,,,,,,,,,,,,,,,
27,,,24944,,,,,,,,,,,,,,,,,,,,,,,,,,,,,,,,,,,,0.5600692629814148,,,,,,,,,,,,,,,,,,,,,,,,,,,,,,,,,,,,
27,,,24949,,,,,,,,,,,,,,,,,,,,,,,,,,,,,,,,,,,,0.25595587491989136,,,,,,,,,,,,,,,,,,,,,,,,,,,,,,,,,,,,
27,,,24954,,,,,,,,,,,,,,,,,,,,,,,,,,,,,,,,,,,,0.37498587369918823,,,,,,,,,,,,,,,,,,,,,,,,,,,,,,,,,,,,
27,,,24959,,,,,,,,,,,,,,,,,,,,,,,,,,,,,,,,,,,,0.3303665518760681,,,,,,,,,,,,,,,,,,,,,,,,,,,,,,,,,,,,
27,,,24964,,,,,,,,,,,,,,,,,,,,,,,,,,,,,,,,,,,,0.5770056247711182,,,,,,,,,,,,,,,,,,,,,,,,,,,,,,,,,,,,
27,,,24969,,,,,,,,,,,,,,,,,,,,,,,,,,,,,,,,,,,,0.2792467474937439,,,,,,,,,,,,,,,,,,,,,,,,,,,,,,,,,,,,
27,,,24974,,,,,,,,,,,,,,,,,,,,,,,,,,,,,,,,,,,,0.21952876448631287,,,,,,,,,,,,,,,,,,,,,,,,,,,,,,,,,,,,
27,,,24979,,,,,,,,,,,,,,,,,,,,,,,,,,,,,,,,,,,,0.5660548210144043,,,,,,,,,,,,,,,,,,,,,,,,,,,,,,,,,,,,
27,,,24984,,,,,,,,,,,,,,,,,,,,,,,,,,,,,,,,,,,,0.6401272416114807,,,,,,,,,,,,,,,,,,,,,,,,,,,,,,,,,,,,
27,,,24989,,,,,,,,,,,,,,,,,,,,,,,,,,,,,,,,,,,,0.6068711280822754,,,,,,,,,,,,,,,,,,,,,,,,,,,,,,,,,,,,
27,,,24994,,,,,,,,,,,,,,,,,,,,,,,,,,,,,,,,,,,,0.6287486553192139,,,,,,,,,,,,,,,,,,,,,,,,,,,,,,,,,,,,
27,,,24999,,,,,,,,,,,,,,,,,,,,,,,,,,,,,,,,,,,,0.19015416502952576,,,,,,,,,,,,,,,,,,,,,,,,,,,,,,,,,,,,
27,,,25004,,,,,,,,,,,,,,,,,,,,,,,,,,,,,,,,,,,,0.2988153100013733,,,,,,,,,,,,,,,,,,,,,,,,,,,,,,,,,,,,
27,,,25009,,,,,,,,,,,,,,,,,,,,,,,,,,,,,,,,,,,,0.4462408721446991,,,,,,,,,,,,,,,,,,,,,,,,,,,,,,,,,,,,
27,,,25014,,,,,,,,,,,,,,,,,,,,,,,,,,,,,,,,,,,,0.29021427035331726,,,,,,,,,,,,,,,,,,,,,,,,,,,,,,,,,,,,
27,,,25019,,,,,,,,,,,,,,,,,,,,,,,,,,,,,,,,,,,,0.2628767490386963,,,,,,,,,,,,,,,,,,,,,,,,,,,,,,,,,,,,
27,,,25024,,,,,,,,,,,,,,,,,,,,,,,,,,,,,,,,,,,,0.25084808468818665,,,,,,,,,,,,,,,,,,,,,,,,,,,,,,,,,,,,
27,,,25029,,,,,,,,,,,,,,,,,,,,,,,,,,,,,,,,,,,,0.23234519362449646,,,,,,,,,,,,,,,,,,,,,,,,,,,,,,,,,,,,
27,,,25034,,,,,,,,,,,,,,,,,,,,,,,,,,,,,,,,,,,,0.5412633419036865,,,,,,,,,,,,,,,,,,,,,,,,,,,,,,,,,,,,
27,,,25039,,,,,,,,,,,,,,,,,,,,,,,,,,,,,,,,,,,,0.568345308303833,,,,,,,,,,,,,,,,,,,,,,,,,,,,,,,,,,,,
27,,,25044,,,,,,,,,,,,,,,,,,,,,,,,,,,,,,,,,,,,0.33704909682273865,,,,,,,,,,,,,,,,,,,,,,,,,,,,,,,,,,,,
27,,,25049,,,,,,,,,,,,,,,,,,,,,,,,,,,,,,,,,,,,0.33904439210891724,,,,,,,,,,,,,,,,,,,,,,,,,,,,,,,,,,,,
27,,,25054,,,,,,,,,,,,,,,,,,,,,,,,,,,,,,,,,,,,0.23400728404521942,,,,,,,,,,,,,,,,,,,,,,,,,,,,,,,,,,,,
27,,,25059,,,,,,,,,,,,,,,,,,,,,,,,,,,,,,,,,,,,0.6428573727607727,,,,,,,,,,,,,,,,,,,,,,,,,,,,,,,,,,,,
27,,,25064,,,,,,,,,,,,,,,,,,,,,,,,,,,,,,,,,,,,0.21840909123420715,,,,,,,,,,,,,,,,,,,,,,,,,,,,,,,,,,,,
27,,,25069,,,,,,,,,,,,,,,,,,,,,,,,,,,,,,,,,,,,0.6156714558601379,,,,,,,,,,,,,,,,,,,,,,,,,,,,,,,,,,,,
27,,,25074,,,,,,,,,,,,,,,,,,,,,,,,,,,,,,,,,,,,0.2471434473991394,,,,,,,,,,,,,,,,,,,,,,,,,,,,,,,,,,,,
27,,,25079,,,,,,,,,,,,,,,,,,,,,,,,,,,,,,,,,,,,0.2893400490283966,,,,,,,,,,,,,,,,,,,,,,,,,,,,,,,,,,,,
27,,,25084,,,,,,,,,,,,,,,,,,,,,,,,,,,,,,,,,,,,0.3521910607814789,,,,,,,,,,,,,,,,,,,,,,,,,,,,,,,,,,,,
27,,,25089,,,,,,,,,,,,,,,,,,,,,,,,,,,,,,,,,,,,0.6218046545982361,,,,,,,,,,,,,,,,,,,,,,,,,,,,,,,,,,,,
27,,,25094,,,,,,,,,,,,,,,,,,,,,,,,,,,,,,,,,,,,0.2417294979095459,,,,,,,,,,,,,,,,,,,,,,,,,,,,,,,,,,,,
27,,,25099,,,,,,,,,,,,,,,,,,,,,,,,,,,,,,,,,,,,0.2492063045501709,,,,,,,,,,,,,,,,,,,,,,,,,,,,,,,,,,,,
27,,,25104,,,,,,,,,,,,,,,,,,,,,,,,,,,,,,,,,,,,0.46303629875183105,,,,,,,,,,,,,,,,,,,,,,,,,,,,,,,,,,,,
27,,,25109,,,,,,,,,,,,,,,,,,,,,,,,,,,,,,,,,,,,0.47387316823005676,,,,,,,,,,,,,,,,,,,,,,,,,,,,,,,,,,,,
27,,,25114,,,,,,,,,,,,,,,,,,,,,,,,,,,,,,,,,,,,0.3134762942790985,,,,,,,,,,,,,,,,,,,,,,,,,,,,,,,,,,,,
27,,,25119,,,,,,,,,,,,,,,,,,,,,,,,,,,,,,,,,,,,0.7356491088867188,,,,,,,,,,,,,,,,,,,,,,,,,,,,,,,,,,,,
27,,,25124,,,,,,,,,,,,,,,,,,,,,,,,,,,,,,,,,,,,0.30655720829963684,,,,,,,,,,,,,,,,,,,,,,,,,,,,,,,,,,,,
27,,,25129,,,,,,,,,,,,,,,,,,,,,,,,,,,,,,,,,,,,0.267368346452713,,,,,,,,,,,,,,,,,,,,,,,,,,,,,,,,,,,,
27,,,25134,,,,,,,,,,,,,,,,,,,,,,,,,,,,,,,,,,,,0.2745439410209656,,,,,,,,,,,,,,,,,,,,,,,,,,,,,,,,,,,,
27,,,25139,,,,,,,,,,,,,,,,,,,,,,,,,,,,,,,,,,,,0.270140141248703,,,,,,,,,,,,,,,,,,,,,,,,,,,,,,,,,,,,
27,,,25144,,,,,,,,,,,,,,,,,,,,,,,,,,,,,,,,,,,,0.35121870040893555,,,,,,,,,,,,,,,,,,,,,,,,,,,,,,,,,,,,
27,,,25149,,,,,,,,,,,,,,,,,,,,,,,,,,,,,,,,,,,,0.16938640177249908,,,,,,,,,,,,,,,,,,,,,,,,,,,,,,,,,,,,
27,,,25154,,,,,,,,,,,,,,,,,,,,,,,,,,,,,,,,,,,,0.47996461391448975,,,,,,,,,,,,,,,,,,,,,,,,,,,,,,,,,,,,
27,,,25159,,,,,,,,,,,,,,,,,,,,,,,,,,,,,,,,,,,,0.5605556964874268,,,,,,,,,,,,,,,,,,,,,,,,,,,,,,,,,,,,
27,,,25164,,,,,,,,,,,,,,,,,,,,,,,,,,,,,,,,,,,,0.5982263684272766,,,,,,,,,,,,,,,,,,,,,,,,,,,,,,,,,,,,
27,,,25169,,,,,,,,,,,,,,,,,,,,,,,,,,,,,,,,,,,,0.5454878211021423,,,,,,,,,,,,,,,,,,,,,,,,,,,,,,,,,,,,
27,,,25174,,,,,,,,,,,,,,,,,,,,,,,,,,,,,,,,,,,,0.5620067715644836,,,,,,,,,,,,,,,,,,,,,,,,,,,,,,,,,,,,
27,,,25179,,,,,,,,,,,,,,,,,,,,,,,,,,,,,,,,,,,,0.5039302110671997,,,,,,,,,,,,,,,,,,,,,,,,,,,,,,,,,,,,
27,,,25184,,,,,,,,,,,,,,,,,,,,,,,,,,,,,,,,,,,,0.46822577714920044,,,,,,,,,,,,,,,,,,,,,,,,,,,,,,,,,,,,
27,,,25189,,,,,,,,,,,,,,,,,,,,,,,,,,,,,,,,,,,,0.26134324073791504,,,,,,,,,,,,,,,,,,,,,,,,,,,,,,,,,,,,
27,,,25194,,,,,,,,,,,,,,,,,,,,,,,,,,,,,,,,,,,,0.42086583375930786,,,,,,,,,,,,,,,,,,,,,,,,,,,,,,,,,,,,
27,,,25199,,,,,,,,,,,,,,,,,,,,,,,,,,,,,,,,,,,,0.3070636987686157,,,,,,,,,,,,,,,,,,,,,,,,,,,,,,,,,,,,
27,,,25204,,,,,,,,,,,,,,,,,,,,,,,,,,,,,,,,,,,,0.5084381699562073,,,,,,,,,,,,,,,,,,,,,,,,,,,,,,,,,,,,
27,,,25209,,,,,,,,,,,,,,,,,,,,,,,,,,,,,,,,,,,,0.24091406166553497,,,,,,,,,,,,,,,,,,,,,,,,,,,,,,,,,,,,
27,,,25214,,,,,,,,,,,,,,,,,,,,,,,,,,,,,,,,,,,,0.27691566944122314,,,,,,,,,,,,,,,,,,,,,,,,,,,,,,,,,,,,
27,,,25219,,,,,,,,,,,,,,,,,,,,,,,,,,,,,,,,,,,,0.2127358317375183,,,,,,,,,,,,,,,,,,,,,,,,,,,,,,,,,,,,
27,,,25224,,,,,,,,,,,,,,,,,,,,,,,,,,,,,,,,,,,,0.5426483154296875,,,,,,,,,,,,,,,,,,,,,,,,,,,,,,,,,,,,
27,,,25229,,,,,,,,,,,,,,,,,,,,,,,,,,,,,,,,,,,,0.3816518783569336,,,,,,,,,,,,,,,,,,,,,,,,,,,,,,,,,,,,
27,,,25234,,,,,,,,,,,,,,,,,,,,,,,,,,,,,,,,,,,,0.6288989186286926,,,,,,,,,,,,,,,,,,,,,,,,,,,,,,,,,,,,
27,,,25239,,,,,,,,,,,,,,,,,,,,,,,,,,,,,,,,,,,,0.22717738151550293,,,,,,,,,,,,,,,,,,,,,,,,,,,,,,,,,,,,
27,,,25244,,,,,,,,,,,,,,,,,,,,,,,,,,,,,,,,,,,,0.6265274882316589,,,,,,,,,,,,,,,,,,,,,,,,,,,,,,,,,,,,
27,,,25249,,,,,,,,,,,,,,,,,,,,,,,,,,,,,,,,,,,,0.5044789910316467,,,,,,,,,,,,,,,,,,,,,,,,,,,,,,,,,,,,
27,,,25254,,,,,,,,,,,,,,,,,,,,,,,,,,,,,,,,,,,,0.24753442406654358,,,,,,,,,,,,,,,,,,,,,,,,,,,,,,,,,,,,
27,,,25259,,,,,,,,,,,,,,,,,,,,,,,,,,,,,,,,,,,,0.7071613669395447,,,,,,,,,,,,,,,,,,,,,,,,,,,,,,,,,,,,
27,,,25264,,,,,,,,,,,,,,,,,,,,,,,,,,,,,,,,,,,,0.24745753407478333,,,,,,,,,,,,,,,,,,,,,,,,,,,,,,,,,,,,
27,,,25269,,,,,,,,,,,,,,,,,,,,,,,,,,,,,,,,,,,,0.3035438060760498,,,,,,,,,,,,,,,,,,,,,,,,,,,,,,,,,,,,
27,,,25274,,,,,,,,,,,,,,,,,,,,,,,,,,,,,,,,,,,,0.24362748861312866,,,,,,,,,,,,,,,,,,,,,,,,,,,,,,,,,,,,
27,,,25279,,,,,,,,,,,,,,,,,,,,,,,,,,,,,,,,,,,,0.2734129726886749,,,,,,,,,,,,,,,,,,,,,,,,,,,,,,,,,,,,
27,,,25284,,,,,,,,,,,,,,,,,,,,,,,,,,,,,,,,,,,,0.5939666032791138,,,,,,,,,,,,,,,,,,,,,,,,,,,,,,,,,,,,
27,,,25289,,,,,,,,,,,,,,,,,,,,,,,,,,,,,,,,,,,,0.3482612371444702,,,,,,,,,,,,,,,,,,,,,,,,,,,,,,,,,,,,
27,,,25294,,,,,,,,,,,,,,,,,,,,,,,,,,,,,,,,,,,,0.5924279689788818,,,,,,,,,,,,,,,,,,,,,,,,,,,,,,,,,,,,
27,,,25299,,,,,,,,,,,,,,,,,,,,,,,,,,,,,,,,,,,,0.19955725967884064,,,,,,,,,,,,,,,,,,,,,,,,,,,,,,,,,,,,
27,,,25304,,,,,,,,,,,,,,,,,,,,,,,,,,,,,,,,,,,,0.23204386234283447,,,,,,,,,,,,,,,,,,,,,,,,,,,,,,,,,,,,
27,,,25309,,,,,,,,,,,,,,,,,,,,,,,,,,,,,,,,,,,,0.6107205748558044,,,,,,,,,,,,,,,,,,,,,,,,,,,,,,,,,,,,
27,,,25314,,,,,,,,,,,,,,,,,,,,,,,,,,,,,,,,,,,,0.3864259719848633,,,,,,,,,,,,,,,,,,,,,,,,,,,,,,,,,,,,
27,,,25319,,,,,,,,,,,,,,,,,,,,,,,,,,,,,,,,,,,,0.35122859477996826,,,,,,,,,,,,,,,,,,,,,,,,,,,,,,,,,,,,
27,,,25324,,,,,,,,,,,,,,,,,,,,,,,,,,,,,,,,,,,,0.26954248547554016,,,,,,,,,,,,,,,,,,,,,,,,,,,,,,,,,,,,
27,,,25329,,,,,,,,,,,,,,,,,,,,,,,,,,,,,,,,,,,,0.2895728349685669,,,,,,,,,,,,,,,,,,,,,,,,,,,,,,,,,,,,
27,,,25334,,,,,,,,,,,,,,,,,,,,,,,,,,,,,,,,,,,,0.1950160264968872,,,,,,,,,,,,,,,,,,,,,,,,,,,,,,,,,,,,
27,,,25339,,,,,,,,,,,,,,,,,,,,,,,,,,,,,,,,,,,,0.19331440329551697,,,,,,,,,,,,,,,,,,,,,,,,,,,,,,,,,,,,
27,,,25344,,,,,,,,,,,,,,,,,,,,,,,,,,,,,,,,,,,,0.3236015737056732,,,,,,,,,,,,,,,,,,,,,,,,,,,,,,,,,,,,
27,,,25349,,,,,,,,,,,,,,,,,,,,,,,,,,,,,,,,,,,,0.31999844312667847,,,,,,,,,,,,,,,,,,,,,,,,,,,,,,,,,,,,
27,,,25354,,,,,,,,,,,,,,,,,,,,,,,,,,,,,,,,,,,,0.2806796133518219,,,,,,,,,,,,,,,,,,,,,,,,,,,,,,,,,,,,
27,,,25359,,,,,,,,,,,,,,,,,,,,,,,,,,,,,,,,,,,,0.21710476279258728,,,,,,,,,,,,,,,,,,,,,,,,,,,,,,,,,,,,
27,,,25364,,,,,,,,,,,,,,,,,,,,,,,,,,,,,,,,,,,,0.3192541301250458,,,,,,,,,,,,,,,,,,,,,,,,,,,,,,,,,,,,
27,,,25369,,,,,,,,,,,,,,,,,,,,,,,,,,,,,,,,,,,,0.23338215053081512,,,,,,,,,,,,,,,,,,,,,,,,,,,,,,,,,,,,
27,,,25374,,,,,,,,,,,,,,,,,,,,,,,,,,,,,,,,,,,,0.27010995149612427,,,,,,,,,,,,,,,,,,,,,,,,,,,,,,,,,,,,
27,,,25379,,,,,,,,,,,,,,,,,,,,,,,,,,,,,,,,,,,,0.22826701402664185,,,,,,,,,,,,,,,,,,,,,,,,,,,,,,,,,,,,
27,,,25384,,,,,,,,,,,,,,,,,,,,,,,,,,,,,,,,,,,,0.35929614305496216,,,,,,,,,,,,,,,,,,,,,,,,,,,,,,,,,,,,
27,,,25389,,,,,,,,,,,,,,,,,,,,,,,,,,,,,,,,,,,,0.2751128673553467,,,,,,,,,,,,,,,,,,,,,,,,,,,,,,,,,,,,
27,,,25394,,,,,,,,,,,,,,,,,,,,,,,,,,,,,,,,,,,,0.6553021669387817,,,,,,,,,,,,,,,,,,,,,,,,,,,,,,,,,,,,
27,,,25399,,,,,,,,,,,,,,,,,,,,,,,,,,,,,,,,,,,,0.4555618166923523,,,,,,,,,,,,,,,,,,,,,,,,,,,,,,,,,,,,
27,,,25404,,,,,,,,,,,,,,,,,,,,,,,,,,,,,,,,,,,,0.34739455580711365,,,,,,,,,,,,,,,,,,,,,,,,,,,,,,,,,,,,
27,,,25409,,,,,,,,,,,,,,,,,,,,,,,,,,,,,,,,,,,,0.5467698574066162,,,,,,,,,,,,,,,,,,,,,,,,,,,,,,,,,,,,
27,,,25414,,,,,,,,,,,,,,,,,,,,,,,,,,,,,,,,,,,,0.603672981262207,,,,,,,,,,,,,,,,,,,,,,,,,,,,,,,,,,,,
27,,,25419,,,,,,,,,,,,,,,,,,,,,,,,,,,,,,,,,,,,0.33801788091659546,,,,,,,,,,,,,,,,,,,,,,,,,,,,,,,,,,,,
27,,,25424,,,,,,,,,,,,,,,,,,,,,,,,,,,,,,,,,,,,0.34399014711380005,,,,,,,,,,,,,,,,,,,,,,,,,,,,,,,,,,,,
27,,,25429,,,,,,,,,,,,,,,,,,,,,,,,,,,,,,,,,,,,0.29737406969070435,,,,,,,,,,,,,,,,,,,,,,,,,,,,,,,,,,,,
27,,,25434,,,,,,,,,,,,,,,,,,,,,,,,,,,,,,,,,,,,0.3649059534072876,,,,,,,,,,,,,,,,,,,,,,,,,,,,,,,,,,,,
27,,,25439,,,,,,,,,,,,,,,,,,,,,,,,,,,,,,,,,,,,0.6086167097091675,,,,,,,,,,,,,,,,,,,,,,,,,,,,,,,,,,,,
27,,,25444,,,,,,,,,,,,,,,,,,,,,,,,,,,,,,,,,,,,0.20483669638633728,,,,,,,,,,,,,,,,,,,,,,,,,,,,,,,,,,,,
27,,,25449,,,,,,,,,,,,,,,,,,,,,,,,,,,,,,,,,,,,0.5658403038978577,,,,,,,,,,,,,,,,,,,,,,,,,,,,,,,,,,,,
27,,,25454,,,,,,,,,,,,,,,,,,,,,,,,,,,,,,,,,,,,0.3592289090156555,,,,,,,,,,,,,,,,,,,,,,,,,,,,,,,,,,,,
27,,,25459,,,,,,,,,,,,,,,,,,,,,,,,,,,,,,,,,,,,0.6103953719139099,,,,,,,,,,,,,,,,,,,,,,,,,,,,,,,,,,,,
27,,,25464,,,,,,,,,,,,,,,,,,,,,,,,,,,,,,,,,,,,0.3147825598716736,,,,,,,,,,,,,,,,,,,,,,,,,,,,,,,,,,,,
27,,,25469,,,,,,,,,,,,,,,,,,,,,,,,,,,,,,,,,,,,0.6140648126602173,,,,,,,,,,,,,,,,,,,,,,,,,,,,,,,,,,,,
27,,,25474,,,,,,,,,,,,,,,,,,,,,,,,,,,,,,,,,,,,0.25690263509750366,,,,,,,,,,,,,,,,,,,,,,,,,,,,,,,,,,,,
27,,,25479,,,,,,,,,,,,,,,,,,,,,,,,,,,,,,,,,,,,0.5978836417198181,,,,,,,,,,,,,,,,,,,,,,,,,,,,,,,,,,,,
27,,,25484,,,,,,,,,,,,,,,,,,,,,,,,,,,,,,,,,,,,0.207763671875,,,,,,,,,,,,,,,,,,,,,,,,,,,,,,,,,,,,
27,,,25489,,,,,,,,,,,,,,,,,,,,,,,,,,,,,,,,,,,,0.34224021434783936,,,,,,,,,,,,,,,,,,,,,,,,,,,,,,,,,,,,
27,,,25494,,,,,,,,,,,,,,,,,,,,,,,,,,,,,,,,,,,,0.5937959551811218,,,,,,,,,,,,,,,,,,,,,,,,,,,,,,,,,,,,
27,,,25499,,,,,,,,,,,,,,,,,,,,,,,,,,,,,,,,,,,,0.25743618607521057,,,,,,,,,,,,,,,,,,,,,,,,,,,,,,,,,,,,
27,,,25504,,,,,,,,,,,,,,,,,,,,,,,,,,,,,,,,,,,,0.44063806533813477,,,,,,,,,,,,,,,,,,,,,,,,,,,,,,,,,,,,
27,,,25509,,,,,,,,,,,,,,,,,,,,,,,,,,,,,,,,,,,,0.49013689160346985,,,,,,,,,,,,,,,,,,,,,,,,,,,,,,,,,,,,
27,,,25514,,,,,,,,,,,,,,,,,,,,,,,,,,,,,,,,,,,,0.5206555128097534,,,,,,,,,,,,,,,,,,,,,,,,,,,,,,,,,,,,
27,,,25519,,,,,,,,,,,,,,,,,,,,,,,,,,,,,,,,,,,,0.5761231184005737,,,,,,,,,,,,,,,,,,,,,,,,,,,,,,,,,,,,
27,,,25524,,,,,,,,,,,,,,,,,,,,,,,,,,,,,,,,,,,,0.2190660834312439,,,,,,,,,,,,,,,,,,,,,,,,,,,,,,,,,,,,
27,,,25529,,,,,,,,,,,,,,,,,,,,,,,,,,,,,,,,,,,,0.315045028924942,,,,,,,,,,,,,,,,,,,,,,,,,,,,,,,,,,,,
27,,,25534,,,,,,,,,,,,,,,,,,,,,,,,,,,,,,,,,,,,0.6367178559303284,,,,,,,,,,,,,,,,,,,,,,,,,,,,,,,,,,,,
27,,,25539,,,,,,,,,,,,,,,,,,,,,,,,,,,,,,,,,,,,0.41287335753440857,,,,,,,,,,,,,,,,,,,,,,,,,,,,,,,,,,,,
27,,,25544,,,,,,,,,,,,,,,,,,,,,,,,,,,,,,,,,,,,0.6174982190132141,,,,,,,,,,,,,,,,,,,,,,,,,,,,,,,,,,,,
27,,,25549,,,,,,,,,,,,,,,,,,,,,,,,,,,,,,,,,,,,0.5709520578384399,,,,,,,,,,,,,,,,,,,,,,,,,,,,,,,,,,,,
27,,,25554,,,,,,,,,,,,,,,,,,,,,,,,,,,,,,,,,,,,0.5793533325195312,,,,,,,,,,,,,,,,,,,,,,,,,,,,,,,,,,,,
27,,,25559,,,,,,,,,,,,,,,,,,,,,,,,,,,,,,,,,,,,0.5637083053588867,,,,,,,,,,,,,,,,,,,,,,,,,,,,,,,,,,,,
27,,,25564,,,,,,,,,,,,,,,,,,,,,,,,,,,,,,,,,,,,0.26688352227211,,,,,,,,,,,,,,,,,,,,,,,,,,,,,,,,,,,,
27,,,25569,,,,,,,,,,,,,,,,,,,,,,,,,,,,,,,,,,,,0.6285583972930908,,,,,,,,,,,,,,,,,,,,,,,,,,,,,,,,,,,,
27,,,25574,,,,,,,,,,,,,,,,,,,,,,,,,,,,,,,,,,,,0.6087356209754944,,,,,,,,,,,,,,,,,,,,,,,,,,,,,,,,,,,,
27,,,25579,,,,,,,,,,,,,,,,,,,,,,,,,,,,,,,,,,,,0.21971014142036438,,,,,,,,,,,,,,,,,,,,,,,,,,,,,,,,,,,,
27,,,25584,,,,,,,,,,,,,,,,,,,,,,,,,,,,,,,,,,,,0.5475041270256042,,,,,,,,,,,,,,,,,,,,,,,,,,,,,,,,,,,,
27,,,25589,,,,,,,,,,,,,,,,,,,,,,,,,,,,,,,,,,,,0.19159935414791107,,,,,,,,,,,,,,,,,,,,,,,,,,,,,,,,,,,,
27,,,25594,,,,,,,,,,,,,,,,,,,,,,,,,,,,,,,,,,,,0.2544083893299103,,,,,,,,,,,,,,,,,,,,,,,,,,,,,,,,,,,,
27,,,25599,,,,,,,,,,,,,,,,,,,,,,,,,,,,,,,,,,,,0.3229185938835144,,,,,,,,,,,,,,,,,,,,,,,,,,,,,,,,,,,,
27,,,25604,,,,,,,,,,,,,,,,,,,,,,,,,,,,,,,,,,,,0.21623799204826355,,,,,,,,,,,,,,,,,,,,,,,,,,,,,,,,,,,,
27,,,25609,,,,,,,,,,,,,,,,,,,,,,,,,,,,,,,,,,,,0.19844600558280945,,,,,,,,,,,,,,,,,,,,,,,,,,,,,,,,,,,,
27,,,25614,,,,,,,,,,,,,,,,,,,,,,,,,,,,,,,,,,,,0.49536675214767456,,,,,,,,,,,,,,,,,,,,,,,,,,,,,,,,,,,,
27,,,25619,,,,,,,,,,,,,,,,,,,,,,,,,,,,,,,,,,,,0.6182504296302795,,,,,,,,,,,,,,,,,,,,,,,,,,,,,,,,,,,,
27,,,25624,,,,,,,,,,,,,,,,,,,,,,,,,,,,,,,,,,,,0.23985961079597473,,,,,,,,,,,,,,,,,,,,,,,,,,,,,,,,,,,,
27,,,25629,,,,,,,,,,,,,,,,,,,,,,,,,,,,,,,,,,,,0.25282537937164307,,,,,,,,,,,,,,,,,,,,,,,,,,,,,,,,,,,,
27,,,25634,,,,,,,,,,,,,,,,,,,,,,,,,,,,,,,,,,,,0.6095619201660156,,,,,,,,,,,,,,,,,,,,,,,,,,,,,,,,,,,,
27,,,25639,,,,,,,,,,,,,,,,,,,,,,,,,,,,,,,,,,,,0.6639864444732666,,,,,,,,,,,,,,,,,,,,,,,,,,,,,,,,,,,,
27,,,25644,,,,,,,,,,,,,,,,,,,,,,,,,,,,,,,,,,,,0.18987131118774414,,,,,,,,,,,,,,,,,,,,,,,,,,,,,,,,,,,,
27,,,25649,,,,,,,,,,,,,,,,,,,,,,,,,,,,,,,,,,,,0.5197331309318542,,,,,,,,,,,,,,,,,,,,,,,,,,,,,,,,,,,,
27,,,25654,,,,,,,,,,,,,,,,,,,,,,,,,,,,,,,,,,,,0.29876676201820374,,,,,,,,,,,,,,,,,,,,,,,,,,,,,,,,,,,,
27,,,25659,,,,,,,,,,,,,,,,,,,,,,,,,,,,,,,,,,,,0.5944162011146545,,,,,,,,,,,,,,,,,,,,,,,,,,,,,,,,,,,,
27,,,25664,,,,,,,,,,,,,,,,,,,,,,,,,,,,,,,,,,,,0.2239474654197693,,,,,,,,,,,,,,,,,,,,,,,,,,,,,,,,,,,,
27,,,25669,,,,,,,,,,,,,,,,,,,,,,,,,,,,,,,,,,,,0.32329899072647095,,,,,,,,,,,,,,,,,,,,,,,,,,,,,,,,,,,,
27,,,25674,,,,,,,,,,,,,,,,,,,,,,,,,,,,,,,,,,,,0.1786416620016098,,,,,,,,,,,,,,,,,,,,,,,,,,,,,,,,,,,,
27,,,25679,,,,,,,,,,,,,,,,,,,,,,,,,,,,,,,,,,,,0.20268532633781433,,,,,,,,,,,,,,,,,,,,,,,,,,,,,,,,,,,,
27,,,25684,,,,,,,,,,,,,,,,,,,,,,,,,,,,,,,,,,,,0.21919596195220947,,,,,,,,,,,,,,,,,,,,,,,,,,,,,,,,,,,,
27,,,25689,,,,,,,,,,,,,,,,,,,,,,,,,,,,,,,,,,,,0.292089581489563,,,,,,,,,,,,,,,,,,,,,,,,,,,,,,,,,,,,
27,,,25694,,,,,,,,,,,,,,,,,,,,,,,,,,,,,,,,,,,,0.6304612159729004,,,,,,,,,,,,,,,,,,,,,,,,,,,,,,,,,,,,
27,,,25699,,,,,,,,,,,,,,,,,,,,,,,,,,,,,,,,,,,,0.16866570711135864,,,,,,,,,,,,,,,,,,,,,,,,,,,,,,,,,,,,
27,,,25704,,,,,,,,,,,,,,,,,,,,,,,,,,,,,,,,,,,,0.2762879729270935,,,,,,,,,,,,,,,,,,,,,,,,,,,,,,,,,,,,
27,,,25709,,,,,,,,,,,,,,,,,,,,,,,,,,,,,,,,,,,,0.5930103063583374,,,,,,,,,,,,,,,,,,,,,,,,,,,,,,,,,,,,
27,,,25714,,,,,,,,,,,,,,,,,,,,,,,,,,,,,,,,,,,,0.2444133311510086,,,,,,,,,,,,,,,,,,,,,,,,,,,,,,,,,,,,
27,,,25719,,,,,,,,,,,,,,,,,,,,,,,,,,,,,,,,,,,,0.26345720887184143,,,,,,,,,,,,,,,,,,,,,,,,,,,,,,,,,,,,
27,,,25724,,,,,,,,,,,,,,,,,,,,,,,,,,,,,,,,,,,,0.6240500807762146,,,,,,,,,,,,,,,,,,,,,,,,,,,,,,,,,,,,
27,,,25729,,,,,,,,,,,,,,,,,,,,,,,,,,,,,,,,,,,,0.3978383541107178,,,,,,,,,,,,,,,,,,,,,,,,,,,,,,,,,,,,
27,,,25734,,,,,,,,,,,,,,,,,,,,,,,,,,,,,,,,,,,,0.36881744861602783,,,,,,,,,,,,,,,,,,,,,,,,,,,,,,,,,,,,
27,,,25739,,,,,,,,,,,,,,,,,,,,,,,,,,,,,,,,,,,,0.35506245493888855,,,,,,,,,,,,,,,,,,,,,,,,,,,,,,,,,,,,
27,,,25744,,,,,,,,,,,,,,,,,,,,,,,,,,,,,,,,,,,,0.2114025354385376,,,,,,,,,,,,,,,,,,,,,,,,,,,,,,,,,,,,
27,,,25749,,,,,,,,,,,,,,,,,,,,,,,,,,,,,,,,,,,,0.34528273344039917,,,,,,,,,,,,,,,,,,,,,,,,,,,,,,,,,,,,
27,,,25754,,,,,,,,,,,,,,,,,,,,,,,,,,,,,,,,,,,,0.5770708918571472,,,,,,,,,,,,,,,,,,,,,,,,,,,,,,,,,,,,
27,,,25759,,,,,,,,,,,,,,,,,,,,,,,,,,,,,,,,,,,,0.26784396171569824,,,,,,,,,,,,,,,,,,,,,,,,,,,,,,,,,,,,
27,,,25764,,,,,,,,,,,,,,,,,,,,,,,,,,,,,,,,,,,,0.280922532081604,,,,,,,,,,,,,,,,,,,,,,,,,,,,,,,,,,,,
27,,,25769,,,,,,,,,,,,,,,,,,,,,,,,,,,,,,,,,,,,0.3179764151573181,,,,,,,,,,,,,,,,,,,,,,,,,,,,,,,,,,,,
27,,,25774,,,,,,,,,,,,,,,,,,,,,,,,,,,,,,,,,,,,0.2165304720401764,,,,,,,,,,,,,,,,,,,,,,,,,,,,,,,,,,,,
27,,,25779,,,,,,,,,,,,,,,,,,,,,,,,,,,,,,,,,,,,0.30294573307037354,,,,,,,,,,,,,,,,,,,,,,,,,,,,,,,,,,,,
27,,,25784,,,,,,,,,,,,,,,,,,,,,,,,,,,,,,,,,,,,0.6242821216583252,,,,,,,,,,,,,,,,,,,,,,,,,,,,,,,,,,,,
27,,,25787,,,,,,,,,,,,,,,,,,,,,,,,,,,,,,,,,,,,,0.7951640486717224,0.7486029267311096,0.6460162401199341,0.7239298820495605,0.7951640486717224,0.0,0.87359619140625,0.853812038898468,0.938090980052948,0.5151570439338684,0.0,0.8975269794464111,0.8418184518814087,0.9097338318824768,0.34533244371414185,0.0,0.8141033053398132,0.7268451452255249,0.8344144821166992,0.2087019979953766,0.0,0.9228057861328125,0.8301573395729065,0.8830407857894897,0.25971561670303345,0.0,0.87359619140625,0.853812038898468,0.938090980052948,0.5151570439338684,0.8616206049919128,0.8616206049919128,0.7568835616111755,0.8616206049919128,0.8616206049919128,0.40847116708755493
27,,,25787,0.7650830745697021,0.751723051071167,0.6523683071136475,0.7401341199874878,0.7650830745697021,0.0,0.8846334218978882,0.8558046221733093,0.9452516436576843,0.37464243173599243,0.0,0.8974583148956299,0.8422764539718628,0.9260963797569275,0.3410610258579254,0.0,0.813990592956543,0.7275281548500061,0.8623645305633545,0.20558986067771912,0.0,0.9106605648994446,0.8291692733764648,0.9077020883560181,0.31300458312034607,0.0,0.8846334218978882,0.8558046221733093,0.9452516436576843,0.37464243173599243,0.8661476969718933,0.8661476969718933,0.7638983130455017,0.8661476969718933,0.8661476969718933,,,,,,,,,,,,,,,,,,,,,,,,,,,,,,,,,,,,,
,1e-05,0.0001,25788,,,,,,,,,,,,,,,,,,,,,,,,,,,,,,,,,,,,,,,,,,,,,,,,,,,,,,,,,,,,,,,,,,,,,,,,
28,,,25789,,,,,,,,,,,,,,,,,,,,,,,,,,,,,,,,,,,,0.2277076542377472,,,,,,,,,,,,,,,,,,,,,,,,,,,,,,,,,,,,
28,,,25794,,,,,,,,,,,,,,,,,,,,,,,,,,,,,,,,,,,,0.23156118392944336,,,,,,,,,,,,,,,,,,,,,,,,,,,,,,,,,,,,
28,,,25799,,,,,,,,,,,,,,,,,,,,,,,,,,,,,,,,,,,,0.4098694324493408,,,,,,,,,,,,,,,,,,,,,,,,,,,,,,,,,,,,
28,,,25804,,,,,,,,,,,,,,,,,,,,,,,,,,,,,,,,,,,,0.2918146848678589,,,,,,,,,,,,,,,,,,,,,,,,,,,,,,,,,,,,
28,,,25809,,,,,,,,,,,,,,,,,,,,,,,,,,,,,,,,,,,,0.6672877669334412,,,,,,,,,,,,,,,,,,,,,,,,,,,,,,,,,,,,
28,,,25814,,,,,,,,,,,,,,,,,,,,,,,,,,,,,,,,,,,,0.1766754686832428,,,,,,,,,,,,,,,,,,,,,,,,,,,,,,,,,,,,
28,,,25819,,,,,,,,,,,,,,,,,,,,,,,,,,,,,,,,,,,,0.4214463531970978,,,,,,,,,,,,,,,,,,,,,,,,,,,,,,,,,,,,
28,,,25824,,,,,,,,,,,,,,,,,,,,,,,,,,,,,,,,,,,,0.2571101486682892,,,,,,,,,,,,,,,,,,,,,,,,,,,,,,,,,,,,
28,,,25829,,,,,,,,,,,,,,,,,,,,,,,,,,,,,,,,,,,,0.2866033911705017,,,,,,,,,,,,,,,,,,,,,,,,,,,,,,,,,,,,
28,,,25834,,,,,,,,,,,,,,,,,,,,,,,,,,,,,,,,,,,,0.2888215482234955,,,,,,,,,,,,,,,,,,,,,,,,,,,,,,,,,,,,
28,,,25839,,,,,,,,,,,,,,,,,,,,,,,,,,,,,,,,,,,,0.634272575378418,,,,,,,,,,,,,,,,,,,,,,,,,,,,,,,,,,,,
28,,,25844,,,,,,,,,,,,,,,,,,,,,,,,,,,,,,,,,,,,0.16972121596336365,,,,,,,,,,,,,,,,,,,,,,,,,,,,,,,,,,,,
28,,,25849,,,,,,,,,,,,,,,,,,,,,,,,,,,,,,,,,,,,0.2893814146518707,,,,,,,,,,,,,,,,,,,,,,,,,,,,,,,,,,,,
28,,,25854,,,,,,,,,,,,,,,,,,,,,,,,,,,,,,,,,,,,0.2026647925376892,,,,,,,,,,,,,,,,,,,,,,,,,,,,,,,,,,,,
28,,,25859,,,,,,,,,,,,,,,,,,,,,,,,,,,,,,,,,,,,0.23502901196479797,,,,,,,,,,,,,,,,,,,,,,,,,,,,,,,,,,,,
28,,,25864,,,,,,,,,,,,,,,,,,,,,,,,,,,,,,,,,,,,0.6193258762359619,,,,,,,,,,,,,,,,,,,,,,,,,,,,,,,,,,,,
28,,,25869,,,,,,,,,,,,,,,,,,,,,,,,,,,,,,,,,,,,0.5433493852615356,,,,,,,,,,,,,,,,,,,,,,,,,,,,,,,,,,,,
28,,,25874,,,,,,,,,,,,,,,,,,,,,,,,,,,,,,,,,,,,0.6147444248199463,,,,,,,,,,,,,,,,,,,,,,,,,,,,,,,,,,,,
28,,,25879,,,,,,,,,,,,,,,,,,,,,,,,,,,,,,,,,,,,0.2955668270587921,,,,,,,,,,,,,,,,,,,,,,,,,,,,,,,,,,,,
28,,,25884,,,,,,,,,,,,,,,,,,,,,,,,,,,,,,,,,,,,0.3710417151451111,,,,,,,,,,,,,,,,,,,,,,,,,,,,,,,,,,,,
28,,,25889,,,,,,,,,,,,,,,,,,,,,,,,,,,,,,,,,,,,0.23158153891563416,,,,,,,,,,,,,,,,,,,,,,,,,,,,,,,,,,,,
28,,,25894,,,,,,,,,,,,,,,,,,,,,,,,,,,,,,,,,,,,0.2636416554450989,,,,,,,,,,,,,,,,,,,,,,,,,,,,,,,,,,,,
28,,,25899,,,,,,,,,,,,,,,,,,,,,,,,,,,,,,,,,,,,0.3933596909046173,,,,,,,,,,,,,,,,,,,,,,,,,,,,,,,,,,,,
28,,,25904,,,,,,,,,,,,,,,,,,,,,,,,,,,,,,,,,,,,0.3141440749168396,,,,,,,,,,,,,,,,,,,,,,,,,,,,,,,,,,,,
28,,,25909,,,,,,,,,,,,,,,,,,,,,,,,,,,,,,,,,,,,0.48700636625289917,,,,,,,,,,,,,,,,,,,,,,,,,,,,,,,,,,,,
28,,,25914,,,,,,,,,,,,,,,,,,,,,,,,,,,,,,,,,,,,0.4663012623786926,,,,,,,,,,,,,,,,,,,,,,,,,,,,,,,,,,,,
28,,,25919,,,,,,,,,,,,,,,,,,,,,,,,,,,,,,,,,,,,0.19036859273910522,,,,,,,,,,,,,,,,,,,,,,,,,,,,,,,,,,,,
28,,,25924,,,,,,,,,,,,,,,,,,,,,,,,,,,,,,,,,,,,0.30127638578414917,,,,,,,,,,,,,,,,,,,,,,,,,,,,,,,,,,,,
28,,,25929,,,,,,,,,,,,,,,,,,,,,,,,,,,,,,,,,,,,0.1900465488433838,,,,,,,,,,,,,,,,,,,,,,,,,,,,,,,,,,,,
28,,,25934,,,,,,,,,,,,,,,,,,,,,,,,,,,,,,,,,,,,0.23842456936836243,,,,,,,,,,,,,,,,,,,,,,,,,,,,,,,,,,,,
28,,,25939,,,,,,,,,,,,,,,,,,,,,,,,,,,,,,,,,,,,0.19045612215995789,,,,,,,,,,,,,,,,,,,,,,,,,,,,,,,,,,,,
28,,,25944,,,,,,,,,,,,,,,,,,,,,,,,,,,,,,,,,,,,0.2965884804725647,,,,,,,,,,,,,,,,,,,,,,,,,,,,,,,,,,,,
28,,,25949,,,,,,,,,,,,,,,,,,,,,,,,,,,,,,,,,,,,0.5831726789474487,,,,,,,,,,,,,,,,,,,,,,,,,,,,,,,,,,,,
28,,,25954,,,,,,,,,,,,,,,,,,,,,,,,,,,,,,,,,,,,0.33242660760879517,,,,,,,,,,,,,,,,,,,,,,,,,,,,,,,,,,,,
28,,,25959,,,,,,,,,,,,,,,,,,,,,,,,,,,,,,,,,,,,0.35540491342544556,,,,,,,,,,,,,,,,,,,,,,,,,,,,,,,,,,,,
28,,,25964,,,,,,,,,,,,,,,,,,,,,,,,,,,,,,,,,,,,0.23366263508796692,,,,,,,,,,,,,,,,,,,,,,,,,,,,,,,,,,,,
28,,,25969,,,,,,,,,,,,,,,,,,,,,,,,,,,,,,,,,,,,0.3346433639526367,,,,,,,,,,,,,,,,,,,,,,,,,,,,,,,,,,,,
28,,,25974,,,,,,,,,,,,,,,,,,,,,,,,,,,,,,,,,,,,0.2596108615398407,,,,,,,,,,,,,,,,,,,,,,,,,,,,,,,,,,,,
28,,,25979,,,,,,,,,,,,,,,,,,,,,,,,,,,,,,,,,,,,0.2222888022661209,,,,,,,,,,,,,,,,,,,,,,,,,,,,,,,,,,,,
28,,,25984,,,,,,,,,,,,,,,,,,,,,,,,,,,,,,,,,,,,0.349148154258728,,,,,,,,,,,,,,,,,,,,,,,,,,,,,,,,,,,,
28,,,25989,,,,,,,,,,,,,,,,,,,,,,,,,,,,,,,,,,,,0.31043457984924316,,,,,,,,,,,,,,,,,,,,,,,,,,,,,,,,,,,,
28,,,25994,,,,,,,,,,,,,,,,,,,,,,,,,,,,,,,,,,,,0.6526734828948975,,,,,,,,,,,,,,,,,,,,,,,,,,,,,,,,,,,,
28,,,25999,,,,,,,,,,,,,,,,,,,,,,,,,,,,,,,,,,,,0.574919581413269,,,,,,,,,,,,,,,,,,,,,,,,,,,,,,,,,,,,
28,,,26004,,,,,,,,,,,,,,,,,,,,,,,,,,,,,,,,,,,,0.5906566977500916,,,,,,,,,,,,,,,,,,,,,,,,,,,,,,,,,,,,
28,,,26009,,,,,,,,,,,,,,,,,,,,,,,,,,,,,,,,,,,,0.24627090990543365,,,,,,,,,,,,,,,,,,,,,,,,,,,,,,,,,,,,
28,,,26014,,,,,,,,,,,,,,,,,,,,,,,,,,,,,,,,,,,,0.41961976885795593,,,,,,,,,,,,,,,,,,,,,,,,,,,,,,,,,,,,
28,,,26019,,,,,,,,,,,,,,,,,,,,,,,,,,,,,,,,,,,,0.30479782819747925,,,,,,,,,,,,,,,,,,,,,,,,,,,,,,,,,,,,
28,,,26024,,,,,,,,,,,,,,,,,,,,,,,,,,,,,,,,,,,,0.6208139061927795,,,,,,,,,,,,,,,,,,,,,,,,,,,,,,,,,,,,
28,,,26029,,,,,,,,,,,,,,,,,,,,,,,,,,,,,,,,,,,,0.5227964520454407,,,,,,,,,,,,,,,,,,,,,,,,,,,,,,,,,,,,
28,,,26034,,,,,,,,,,,,,,,,,,,,,,,,,,,,,,,,,,,,0.21641471982002258,,,,,,,,,,,,,,,,,,,,,,,,,,,,,,,,,,,,
28,,,26039,,,,,,,,,,,,,,,,,,,,,,,,,,,,,,,,,,,,0.2725284993648529,,,,,,,,,,,,,,,,,,,,,,,,,,,,,,,,,,,,
28,,,26044,,,,,,,,,,,,,,,,,,,,,,,,,,,,,,,,,,,,0.6274627447128296,,,,,,,,,,,,,,,,,,,,,,,,,,,,,,,,,,,,
28,,,26049,,,,,,,,,,,,,,,,,,,,,,,,,,,,,,,,,,,,0.19354580342769623,,,,,,,,,,,,,,,,,,,,,,,,,,,,,,,,,,,,
28,,,26054,,,,,,,,,,,,,,,,,,,,,,,,,,,,,,,,,,,,0.30883485078811646,,,,,,,,,,,,,,,,,,,,,,,,,,,,,,,,,,,,
28,,,26059,,,,,,,,,,,,,,,,,,,,,,,,,,,,,,,,,,,,0.552121639251709,,,,,,,,,,,,,,,,,,,,,,,,,,,,,,,,,,,,
28,,,26064,,,,,,,,,,,,,,,,,,,,,,,,,,,,,,,,,,,,0.3975098133087158,,,,,,,,,,,,,,,,,,,,,,,,,,,,,,,,,,,,
28,,,26069,,,,,,,,,,,,,,,,,,,,,,,,,,,,,,,,,,,,0.292561411857605,,,,,,,,,,,,,,,,,,,,,,,,,,,,,,,,,,,,
28,,,26074,,,,,,,,,,,,,,,,,,,,,,,,,,,,,,,,,,,,0.2491074502468109,,,,,,,,,,,,,,,,,,,,,,,,,,,,,,,,,,,,
28,,,26079,,,,,,,,,,,,,,,,,,,,,,,,,,,,,,,,,,,,0.5304129123687744,,,,,,,,,,,,,,,,,,,,,,,,,,,,,,,,,,,,
28,,,26084,,,,,,,,,,,,,,,,,,,,,,,,,,,,,,,,,,,,0.2656129002571106,,,,,,,,,,,,,,,,,,,,,,,,,,,,,,,,,,,,
28,,,26089,,,,,,,,,,,,,,,,,,,,,,,,,,,,,,,,,,,,0.2568199038505554,,,,,,,,,,,,,,,,,,,,,,,,,,,,,,,,,,,,
28,,,26094,,,,,,,,,,,,,,,,,,,,,,,,,,,,,,,,,,,,0.19730211794376373,,,,,,,,,,,,,,,,,,,,,,,,,,,,,,,,,,,,
28,,,26099,,,,,,,,,,,,,,,,,,,,,,,,,,,,,,,,,,,,0.6721765398979187,,,,,,,,,,,,,,,,,,,,,,,,,,,,,,,,,,,,
28,,,26104,,,,,,,,,,,,,,,,,,,,,,,,,,,,,,,,,,,,0.19046956300735474,,,,,,,,,,,,,,,,,,,,,,,,,,,,,,,,,,,,
28,,,26109,,,,,,,,,,,,,,,,,,,,,,,,,,,,,,,,,,,,0.19184811413288116,,,,,,,,,,,,,,,,,,,,,,,,,,,,,,,,,,,,
28,,,26114,,,,,,,,,,,,,,,,,,,,,,,,,,,,,,,,,,,,0.2909669280052185,,,,,,,,,,,,,,,,,,,,,,,,,,,,,,,,,,,,
28,,,26119,,,,,,,,,,,,,,,,,,,,,,,,,,,,,,,,,,,,0.6499990224838257,,,,,,,,,,,,,,,,,,,,,,,,,,,,,,,,,,,,
28,,,26124,,,,,,,,,,,,,,,,,,,,,,,,,,,,,,,,,,,,0.6481391191482544,,,,,,,,,,,,,,,,,,,,,,,,,,,,,,,,,,,,
28,,,26129,,,,,,,,,,,,,,,,,,,,,,,,,,,,,,,,,,,,0.35509976744651794,,,,,,,,,,,,,,,,,,,,,,,,,,,,,,,,,,,,
28,,,26134,,,,,,,,,,,,,,,,,,,,,,,,,,,,,,,,,,,,0.5038229823112488,,,,,,,,,,,,,,,,,,,,,,,,,,,,,,,,,,,,
28,,,26139,,,,,,,,,,,,,,,,,,,,,,,,,,,,,,,,,,,,0.5459476113319397,,,,,,,,,,,,,,,,,,,,,,,,,,,,,,,,,,,,
28,,,26144,,,,,,,,,,,,,,,,,,,,,,,,,,,,,,,,,,,,0.261625200510025,,,,,,,,,,,,,,,,,,,,,,,,,,,,,,,,,,,,
28,,,26149,,,,,,,,,,,,,,,,,,,,,,,,,,,,,,,,,,,,0.5907027125358582,,,,,,,,,,,,,,,,,,,,,,,,,,,,,,,,,,,,
28,,,26154,,,,,,,,,,,,,,,,,,,,,,,,,,,,,,,,,,,,0.6345368027687073,,,,,,,,,,,,,,,,,,,,,,,,,,,,,,,,,,,,
28,,,26159,,,,,,,,,,,,,,,,,,,,,,,,,,,,,,,,,,,,0.531895637512207,,,,,,,,,,,,,,,,,,,,,,,,,,,,,,,,,,,,
28,,,26164,,,,,,,,,,,,,,,,,,,,,,,,,,,,,,,,,,,,0.2806507349014282,,,,,,,,,,,,,,,,,,,,,,,,,,,,,,,,,,,,
28,,,26169,,,,,,,,,,,,,,,,,,,,,,,,,,,,,,,,,,,,0.41451942920684814,,,,,,,,,,,,,,,,,,,,,,,,,,,,,,,,,,,,
28,,,26174,,,,,,,,,,,,,,,,,,,,,,,,,,,,,,,,,,,,0.6395258903503418,,,,,,,,,,,,,,,,,,,,,,,,,,,,,,,,,,,,
28,,,26179,,,,,,,,,,,,,,,,,,,,,,,,,,,,,,,,,,,,0.2677649259567261,,,,,,,,,,,,,,,,,,,,,,,,,,,,,,,,,,,,
28,,,26184,,,,,,,,,,,,,,,,,,,,,,,,,,,,,,,,,,,,0.6314760446548462,,,,,,,,,,,,,,,,,,,,,,,,,,,,,,,,,,,,
28,,,26189,,,,,,,,,,,,,,,,,,,,,,,,,,,,,,,,,,,,0.21647655963897705,,,,,,,,,,,,,,,,,,,,,,,,,,,,,,,,,,,,
28,,,26194,,,,,,,,,,,,,,,,,,,,,,,,,,,,,,,,,,,,0.6690922379493713,,,,,,,,,,,,,,,,,,,,,,,,,,,,,,,,,,,,
28,,,26199,,,,,,,,,,,,,,,,,,,,,,,,,,,,,,,,,,,,0.2636451721191406,,,,,,,,,,,,,,,,,,,,,,,,,,,,,,,,,,,,
28,,,26204,,,,,,,,,,,,,,,,,,,,,,,,,,,,,,,,,,,,0.6267142295837402,,,,,,,,,,,,,,,,,,,,,,,,,,,,,,,,,,,,
28,,,26209,,,,,,,,,,,,,,,,,,,,,,,,,,,,,,,,,,,,0.24141688644886017,,,,,,,,,,,,,,,,,,,,,,,,,,,,,,,,,,,,
28,,,26214,,,,,,,,,,,,,,,,,,,,,,,,,,,,,,,,,,,,0.3667789101600647,,,,,,,,,,,,,,,,,,,,,,,,,,,,,,,,,,,,
28,,,26219,,,,,,,,,,,,,,,,,,,,,,,,,,,,,,,,,,,,0.554796040058136,,,,,,,,,,,,,,,,,,,,,,,,,,,,,,,,,,,,
28,,,26224,,,,,,,,,,,,,,,,,,,,,,,,,,,,,,,,,,,,0.3564683496952057,,,,,,,,,,,,,,,,,,,,,,,,,,,,,,,,,,,,
28,,,26229,,,,,,,,,,,,,,,,,,,,,,,,,,,,,,,,,,,,0.39041078090667725,,,,,,,,,,,,,,,,,,,,,,,,,,,,,,,,,,,,
28,,,26234,,,,,,,,,,,,,,,,,,,,,,,,,,,,,,,,,,,,0.23745013773441315,,,,,,,,,,,,,,,,,,,,,,,,,,,,,,,,,,,,
28,,,26239,,,,,,,,,,,,,,,,,,,,,,,,,,,,,,,,,,,,0.5934140086174011,,,,,,,,,,,,,,,,,,,,,,,,,,,,,,,,,,,,
28,,,26244,,,,,,,,,,,,,,,,,,,,,,,,,,,,,,,,,,,,0.33971771597862244,,,,,,,,,,,,,,,,,,,,,,,,,,,,,,,,,,,,
28,,,26249,,,,,,,,,,,,,,,,,,,,,,,,,,,,,,,,,,,,0.25756362080574036,,,,,,,,,,,,,,,,,,,,,,,,,,,,,,,,,,,,
28,,,26254,,,,,,,,,,,,,,,,,,,,,,,,,,,,,,,,,,,,0.2775300443172455,,,,,,,,,,,,,,,,,,,,,,,,,,,,,,,,,,,,
28,,,26259,,,,,,,,,,,,,,,,,,,,,,,,,,,,,,,,,,,,0.6321714520454407,,,,,,,,,,,,,,,,,,,,,,,,,,,,,,,,,,,,
28,,,26264,,,,,,,,,,,,,,,,,,,,,,,,,,,,,,,,,,,,0.2582716941833496,,,,,,,,,,,,,,,,,,,,,,,,,,,,,,,,,,,,
28,,,26269,,,,,,,,,,,,,,,,,,,,,,,,,,,,,,,,,,,,0.24957993626594543,,,,,,,,,,,,,,,,,,,,,,,,,,,,,,,,,,,,
28,,,26274,,,,,,,,,,,,,,,,,,,,,,,,,,,,,,,,,,,,0.2597362697124481,,,,,,,,,,,,,,,,,,,,,,,,,,,,,,,,,,,,
28,,,26279,,,,,,,,,,,,,,,,,,,,,,,,,,,,,,,,,,,,0.20589028298854828,,,,,,,,,,,,,,,,,,,,,,,,,,,,,,,,,,,,
28,,,26284,,,,,,,,,,,,,,,,,,,,,,,,,,,,,,,,,,,,0.5748342275619507,,,,,,,,,,,,,,,,,,,,,,,,,,,,,,,,,,,,
28,,,26289,,,,,,,,,,,,,,,,,,,,,,,,,,,,,,,,,,,,0.5722993612289429,,,,,,,,,,,,,,,,,,,,,,,,,,,,,,,,,,,,
28,,,26294,,,,,,,,,,,,,,,,,,,,,,,,,,,,,,,,,,,,0.22658970952033997,,,,,,,,,,,,,,,,,,,,,,,,,,,,,,,,,,,,
28,,,26299,,,,,,,,,,,,,,,,,,,,,,,,,,,,,,,,,,,,0.47541335225105286,,,,,,,,,,,,,,,,,,,,,,,,,,,,,,,,,,,,
28,,,26304,,,,,,,,,,,,,,,,,,,,,,,,,,,,,,,,,,,,0.35025104880332947,,,,,,,,,,,,,,,,,,,,,,,,,,,,,,,,,,,,
28,,,26309,,,,,,,,,,,,,,,,,,,,,,,,,,,,,,,,,,,,0.4888386130332947,,,,,,,,,,,,,,,,,,,,,,,,,,,,,,,,,,,,
28,,,26314,,,,,,,,,,,,,,,,,,,,,,,,,,,,,,,,,,,,0.5571528077125549,,,,,,,,,,,,,,,,,,,,,,,,,,,,,,,,,,,,
28,,,26319,,,,,,,,,,,,,,,,,,,,,,,,,,,,,,,,,,,,0.5944278240203857,,,,,,,,,,,,,,,,,,,,,,,,,,,,,,,,,,,,
28,,,26324,,,,,,,,,,,,,,,,,,,,,,,,,,,,,,,,,,,,0.5969204902648926,,,,,,,,,,,,,,,,,,,,,,,,,,,,,,,,,,,,
28,,,26329,,,,,,,,,,,,,,,,,,,,,,,,,,,,,,,,,,,,0.21260139346122742,,,,,,,,,,,,,,,,,,,,,,,,,,,,,,,,,,,,
28,,,26334,,,,,,,,,,,,,,,,,,,,,,,,,,,,,,,,,,,,0.40869539976119995,,,,,,,,,,,,,,,,,,,,,,,,,,,,,,,,,,,,
28,,,26339,,,,,,,,,,,,,,,,,,,,,,,,,,,,,,,,,,,,0.5496845841407776,,,,,,,,,,,,,,,,,,,,,,,,,,,,,,,,,,,,
28,,,26344,,,,,,,,,,,,,,,,,,,,,,,,,,,,,,,,,,,,0.21795034408569336,,,,,,,,,,,,,,,,,,,,,,,,,,,,,,,,,,,,
28,,,26349,,,,,,,,,,,,,,,,,,,,,,,,,,,,,,,,,,,,0.20433062314987183,,,,,,,,,,,,,,,,,,,,,,,,,,,,,,,,,,,,
28,,,26354,,,,,,,,,,,,,,,,,,,,,,,,,,,,,,,,,,,,0.21119524538516998,,,,,,,,,,,,,,,,,,,,,,,,,,,,,,,,,,,,
28,,,26359,,,,,,,,,,,,,,,,,,,,,,,,,,,,,,,,,,,,0.6026414036750793,,,,,,,,,,,,,,,,,,,,,,,,,,,,,,,,,,,,
28,,,26364,,,,,,,,,,,,,,,,,,,,,,,,,,,,,,,,,,,,0.371872216463089,,,,,,,,,,,,,,,,,,,,,,,,,,,,,,,,,,,,
28,,,26369,,,,,,,,,,,,,,,,,,,,,,,,,,,,,,,,,,,,0.5839495658874512,,,,,,,,,,,,,,,,,,,,,,,,,,,,,,,,,,,,
28,,,26374,,,,,,,,,,,,,,,,,,,,,,,,,,,,,,,,,,,,0.24754862487316132,,,,,,,,,,,,,,,,,,,,,,,,,,,,,,,,,,,,
28,,,26379,,,,,,,,,,,,,,,,,,,,,,,,,,,,,,,,,,,,0.2278912365436554,,,,,,,,,,,,,,,,,,,,,,,,,,,,,,,,,,,,
28,,,26384,,,,,,,,,,,,,,,,,,,,,,,,,,,,,,,,,,,,0.3514469265937805,,,,,,,,,,,,,,,,,,,,,,,,,,,,,,,,,,,,
28,,,26389,,,,,,,,,,,,,,,,,,,,,,,,,,,,,,,,,,,,0.23890048265457153,,,,,,,,,,,,,,,,,,,,,,,,,,,,,,,,,,,,
28,,,26394,,,,,,,,,,,,,,,,,,,,,,,,,,,,,,,,,,,,0.3031154274940491,,,,,,,,,,,,,,,,,,,,,,,,,,,,,,,,,,,,
28,,,26399,,,,,,,,,,,,,,,,,,,,,,,,,,,,,,,,,,,,0.21271571516990662,,,,,,,,,,,,,,,,,,,,,,,,,,,,,,,,,,,,
28,,,26404,,,,,,,,,,,,,,,,,,,,,,,,,,,,,,,,,,,,0.5652745366096497,,,,,,,,,,,,,,,,,,,,,,,,,,,,,,,,,,,,
28,,,26409,,,,,,,,,,,,,,,,,,,,,,,,,,,,,,,,,,,,0.28540170192718506,,,,,,,,,,,,,,,,,,,,,,,,,,,,,,,,,,,,
28,,,26414,,,,,,,,,,,,,,,,,,,,,,,,,,,,,,,,,,,,0.5434629917144775,,,,,,,,,,,,,,,,,,,,,,,,,,,,,,,,,,,,
28,,,26419,,,,,,,,,,,,,,,,,,,,,,,,,,,,,,,,,,,,0.3012181520462036,,,,,,,,,,,,,,,,,,,,,,,,,,,,,,,,,,,,
28,,,26424,,,,,,,,,,,,,,,,,,,,,,,,,,,,,,,,,,,,0.668610155582428,,,,,,,,,,,,,,,,,,,,,,,,,,,,,,,,,,,,
28,,,26429,,,,,,,,,,,,,,,,,,,,,,,,,,,,,,,,,,,,0.28864216804504395,,,,,,,,,,,,,,,,,,,,,,,,,,,,,,,,,,,,
28,,,26434,,,,,,,,,,,,,,,,,,,,,,,,,,,,,,,,,,,,0.27465108036994934,,,,,,,,,,,,,,,,,,,,,,,,,,,,,,,,,,,,
28,,,26439,,,,,,,,,,,,,,,,,,,,,,,,,,,,,,,,,,,,0.24826115369796753,,,,,,,,,,,,,,,,,,,,,,,,,,,,,,,,,,,,
28,,,26444,,,,,,,,,,,,,,,,,,,,,,,,,,,,,,,,,,,,0.28205376863479614,,,,,,,,,,,,,,,,,,,,,,,,,,,,,,,,,,,,
28,,,26449,,,,,,,,,,,,,,,,,,,,,,,,,,,,,,,,,,,,0.24635744094848633,,,,,,,,,,,,,,,,,,,,,,,,,,,,,,,,,,,,
28,,,26454,,,,,,,,,,,,,,,,,,,,,,,,,,,,,,,,,,,,0.1545904576778412,,,,,,,,,,,,,,,,,,,,,,,,,,,,,,,,,,,,
28,,,26459,,,,,,,,,,,,,,,,,,,,,,,,,,,,,,,,,,,,0.24688011407852173,,,,,,,,,,,,,,,,,,,,,,,,,,,,,,,,,,,,
28,,,26464,,,,,,,,,,,,,,,,,,,,,,,,,,,,,,,,,,,,0.2564489245414734,,,,,,,,,,,,,,,,,,,,,,,,,,,,,,,,,,,,
28,,,26469,,,,,,,,,,,,,,,,,,,,,,,,,,,,,,,,,,,,0.23302751779556274,,,,,,,,,,,,,,,,,,,,,,,,,,,,,,,,,,,,
28,,,26474,,,,,,,,,,,,,,,,,,,,,,,,,,,,,,,,,,,,0.24449913203716278,,,,,,,,,,,,,,,,,,,,,,,,,,,,,,,,,,,,
28,,,26479,,,,,,,,,,,,,,,,,,,,,,,,,,,,,,,,,,,,0.2726311683654785,,,,,,,,,,,,,,,,,,,,,,,,,,,,,,,,,,,,
28,,,26484,,,,,,,,,,,,,,,,,,,,,,,,,,,,,,,,,,,,0.6815149784088135,,,,,,,,,,,,,,,,,,,,,,,,,,,,,,,,,,,,
28,,,26489,,,,,,,,,,,,,,,,,,,,,,,,,,,,,,,,,,,,0.29576024413108826,,,,,,,,,,,,,,,,,,,,,,,,,,,,,,,,,,,,
28,,,26494,,,,,,,,,,,,,,,,,,,,,,,,,,,,,,,,,,,,0.282475084066391,,,,,,,,,,,,,,,,,,,,,,,,,,,,,,,,,,,,
28,,,26499,,,,,,,,,,,,,,,,,,,,,,,,,,,,,,,,,,,,0.2422453761100769,,,,,,,,,,,,,,,,,,,,,,,,,,,,,,,,,,,,
28,,,26504,,,,,,,,,,,,,,,,,,,,,,,,,,,,,,,,,,,,0.4961567223072052,,,,,,,,,,,,,,,,,,,,,,,,,,,,,,,,,,,,
28,,,26509,,,,,,,,,,,,,,,,,,,,,,,,,,,,,,,,,,,,0.2763315439224243,,,,,,,,,,,,,,,,,,,,,,,,,,,,,,,,,,,,
28,,,26514,,,,,,,,,,,,,,,,,,,,,,,,,,,,,,,,,,,,0.28397804498672485,,,,,,,,,,,,,,,,,,,,,,,,,,,,,,,,,,,,
28,,,26519,,,,,,,,,,,,,,,,,,,,,,,,,,,,,,,,,,,,0.3108295798301697,,,,,,,,,,,,,,,,,,,,,,,,,,,,,,,,,,,,
28,,,26524,,,,,,,,,,,,,,,,,,,,,,,,,,,,,,,,,,,,0.35536181926727295,,,,,,,,,,,,,,,,,,,,,,,,,,,,,,,,,,,,
28,,,26529,,,,,,,,,,,,,,,,,,,,,,,,,,,,,,,,,,,,0.22122296690940857,,,,,,,,,,,,,,,,,,,,,,,,,,,,,,,,,,,,
28,,,26534,,,,,,,,,,,,,,,,,,,,,,,,,,,,,,,,,,,,0.29485493898391724,,,,,,,,,,,,,,,,,,,,,,,,,,,,,,,,,,,,
28,,,26539,,,,,,,,,,,,,,,,,,,,,,,,,,,,,,,,,,,,0.3188670873641968,,,,,,,,,,,,,,,,,,,,,,,,,,,,,,,,,,,,
28,,,26544,,,,,,,,,,,,,,,,,,,,,,,,,,,,,,,,,,,,0.5475797057151794,,,,,,,,,,,,,,,,,,,,,,,,,,,,,,,,,,,,
28,,,26549,,,,,,,,,,,,,,,,,,,,,,,,,,,,,,,,,,,,0.21175608038902283,,,,,,,,,,,,,,,,,,,,,,,,,,,,,,,,,,,,
28,,,26554,,,,,,,,,,,,,,,,,,,,,,,,,,,,,,,,,,,,0.6129443645477295,,,,,,,,,,,,,,,,,,,,,,,,,,,,,,,,,,,,
28,,,26559,,,,,,,,,,,,,,,,,,,,,,,,,,,,,,,,,,,,0.19208571314811707,,,,,,,,,,,,,,,,,,,,,,,,,,,,,,,,,,,,
28,,,26564,,,,,,,,,,,,,,,,,,,,,,,,,,,,,,,,,,,,0.24929079413414001,,,,,,,,,,,,,,,,,,,,,,,,,,,,,,,,,,,,
28,,,26569,,,,,,,,,,,,,,,,,,,,,,,,,,,,,,,,,,,,0.3121168911457062,,,,,,,,,,,,,,,,,,,,,,,,,,,,,,,,,,,,
28,,,26574,,,,,,,,,,,,,,,,,,,,,,,,,,,,,,,,,,,,0.4984859824180603,,,,,,,,,,,,,,,,,,,,,,,,,,,,,,,,,,,,
28,,,26579,,,,,,,,,,,,,,,,,,,,,,,,,,,,,,,,,,,,0.16513291001319885,,,,,,,,,,,,,,,,,,,,,,,,,,,,,,,,,,,,
28,,,26584,,,,,,,,,,,,,,,,,,,,,,,,,,,,,,,,,,,,0.29031771421432495,,,,,,,,,,,,,,,,,,,,,,,,,,,,,,,,,,,,
28,,,26589,,,,,,,,,,,,,,,,,,,,,,,,,,,,,,,,,,,,0.2512168884277344,,,,,,,,,,,,,,,,,,,,,,,,,,,,,,,,,,,,
28,,,26594,,,,,,,,,,,,,,,,,,,,,,,,,,,,,,,,,,,,0.2935398817062378,,,,,,,,,,,,,,,,,,,,,,,,,,,,,,,,,,,,
28,,,26599,,,,,,,,,,,,,,,,,,,,,,,,,,,,,,,,,,,,0.32121530175209045,,,,,,,,,,,,,,,,,,,,,,,,,,,,,,,,,,,,
28,,,26604,,,,,,,,,,,,,,,,,,,,,,,,,,,,,,,,,,,,0.22473016381263733,,,,,,,,,,,,,,,,,,,,,,,,,,,,,,,,,,,,
28,,,26609,,,,,,,,,,,,,,,,,,,,,,,,,,,,,,,,,,,,0.22874781489372253,,,,,,,,,,,,,,,,,,,,,,,,,,,,,,,,,,,,
28,,,26614,,,,,,,,,,,,,,,,,,,,,,,,,,,,,,,,,,,,0.2986622750759125,,,,,,,,,,,,,,,,,,,,,,,,,,,,,,,,,,,,
28,,,26619,,,,,,,,,,,,,,,,,,,,,,,,,,,,,,,,,,,,0.22076530754566193,,,,,,,,,,,,,,,,,,,,,,,,,,,,,,,,,,,,
28,,,26624,,,,,,,,,,,,,,,,,,,,,,,,,,,,,,,,,,,,0.30947190523147583,,,,,,,,,,,,,,,,,,,,,,,,,,,,,,,,,,,,
28,,,26629,,,,,,,,,,,,,,,,,,,,,,,,,,,,,,,,,,,,0.28992390632629395,,,,,,,,,,,,,,,,,,,,,,,,,,,,,,,,,,,,
28,,,26634,,,,,,,,,,,,,,,,,,,,,,,,,,,,,,,,,,,,0.5620279312133789,,,,,,,,,,,,,,,,,,,,,,,,,,,,,,,,,,,,
28,,,26639,,,,,,,,,,,,,,,,,,,,,,,,,,,,,,,,,,,,0.24889881908893585,,,,,,,,,,,,,,,,,,,,,,,,,,,,,,,,,,,,
28,,,26644,,,,,,,,,,,,,,,,,,,,,,,,,,,,,,,,,,,,0.28437602519989014,,,,,,,,,,,,,,,,,,,,,,,,,,,,,,,,,,,,
28,,,26649,,,,,,,,,,,,,,,,,,,,,,,,,,,,,,,,,,,,0.5466420650482178,,,,,,,,,,,,,,,,,,,,,,,,,,,,,,,,,,,,
28,,,26654,,,,,,,,,,,,,,,,,,,,,,,,,,,,,,,,,,,,0.592556893825531,,,,,,,,,,,,,,,,,,,,,,,,,,,,,,,,,,,,
28,,,26659,,,,,,,,,,,,,,,,,,,,,,,,,,,,,,,,,,,,0.4136955738067627,,,,,,,,,,,,,,,,,,,,,,,,,,,,,,,,,,,,
28,,,26664,,,,,,,,,,,,,,,,,,,,,,,,,,,,,,,,,,,,0.24602100253105164,,,,,,,,,,,,,,,,,,,,,,,,,,,,,,,,,,,,
28,,,26669,,,,,,,,,,,,,,,,,,,,,,,,,,,,,,,,,,,,0.27936458587646484,,,,,,,,,,,,,,,,,,,,,,,,,,,,,,,,,,,,
28,,,26674,,,,,,,,,,,,,,,,,,,,,,,,,,,,,,,,,,,,0.34697049856185913,,,,,,,,,,,,,,,,,,,,,,,,,,,,,,,,,,,,
28,,,26679,,,,,,,,,,,,,,,,,,,,,,,,,,,,,,,,,,,,0.1830310821533203,,,,,,,,,,,,,,,,,,,,,,,,,,,,,,,,,,,,
28,,,26684,,,,,,,,,,,,,,,,,,,,,,,,,,,,,,,,,,,,0.3175005316734314,,,,,,,,,,,,,,,,,,,,,,,,,,,,,,,,,,,,
28,,,26689,,,,,,,,,,,,,,,,,,,,,,,,,,,,,,,,,,,,0.6220630407333374,,,,,,,,,,,,,,,,,,,,,,,,,,,,,,,,,,,,
28,,,26694,,,,,,,,,,,,,,,,,,,,,,,,,,,,,,,,,,,,0.3109501898288727,,,,,,,,,,,,,,,,,,,,,,,,,,,,,,,,,,,,
28,,,26699,,,,,,,,,,,,,,,,,,,,,,,,,,,,,,,,,,,,0.21988245844841003,,,,,,,,,,,,,,,,,,,,,,,,,,,,,,,,,,,,
28,,,26704,,,,,,,,,,,,,,,,,,,,,,,,,,,,,,,,,,,,0.5770540833473206,,,,,,,,,,,,,,,,,,,,,,,,,,,,,,,,,,,,
28,,,26708,,,,,,,,,,,,,,,,,,,,,,,,,,,,,,,,,,,,,0.7948037981987,0.751561164855957,0.6491281986236572,0.7270646095275879,0.7948037981987,0.0,0.8615791201591492,0.8694993853569031,0.94431471824646,0.503821849822998,0.0,0.8946857452392578,0.8407593965530396,0.9171696901321411,0.3536299765110016,0.0,0.8094401359558105,0.7252673506736755,0.8470114469528198,0.21479375660419464,0.0,0.930438220500946,0.8138585090637207,0.8915416598320007,0.27242013812065125,0.0,0.8615791201591492,0.8694993853569031,0.94431471824646,0.503821849822998,0.8603833317756653,0.8603833317756653,0.7549760341644287,0.8603833317756653,0.8603833317756653,0.4090212285518646
28,,,26708,0.7551078200340271,0.7478203773498535,0.6449042558670044,0.7420024275779724,0.7551078200340271,0.0,0.8866685628890991,0.8557118773460388,0.9012275338172913,0.3768233060836792,0.0,0.8974939584732056,0.8433576226234436,0.9062426686286926,0.3441872298717499,0.0,0.8140490055084229,0.7291429042816162,0.828559160232544,0.20786602795124054,0.0,0.9085870981216431,0.8313549757003784,0.9113139510154724,0.31675368547439575,0.0,0.8866685628890991,0.8557118773460388,0.9012275338172913,0.3768233060836792,0.8661506772041321,0.8661507368087769,0.7639027833938599,0.8661506772041321,0.8661506772041321,,,,,,,,,,,,,,,,,,,,,,,,,,,,,,,,,,,,,
,1e-05,0.0001,26709,,,,,,,,,,,,,,,,,,,,,,,,,,,,,,,,,,,,,,,,,,,,,,,,,,,,,,,,,,,,,,,,,,,,,,,,
29,,,26709,,,,,,,,,,,,,,,,,,,,,,,,,,,,,,,,,,,,0.6099186539649963,,,,,,,,,,,,,,,,,,,,,,,,,,,,,,,,,,,,
29,,,26714,,,,,,,,,,,,,,,,,,,,,,,,,,,,,,,,,,,,0.3559616506099701,,,,,,,,,,,,,,,,,,,,,,,,,,,,,,,,,,,,
29,,,26719,,,,,,,,,,,,,,,,,,,,,,,,,,,,,,,,,,,,0.5122357606887817,,,,,,,,,,,,,,,,,,,,,,,,,,,,,,,,,,,,
29,,,26724,,,,,,,,,,,,,,,,,,,,,,,,,,,,,,,,,,,,0.21102692186832428,,,,,,,,,,,,,,,,,,,,,,,,,,,,,,,,,,,,
29,,,26729,,,,,,,,,,,,,,,,,,,,,,,,,,,,,,,,,,,,0.3452748656272888,,,,,,,,,,,,,,,,,,,,,,,,,,,,,,,,,,,,
29,,,26734,,,,,,,,,,,,,,,,,,,,,,,,,,,,,,,,,,,,0.25770139694213867,,,,,,,,,,,,,,,,,,,,,,,,,,,,,,,,,,,,
29,,,26739,,,,,,,,,,,,,,,,,,,,,,,,,,,,,,,,,,,,0.33215683698654175,,,,,,,,,,,,,,,,,,,,,,,,,,,,,,,,,,,,
29,,,26744,,,,,,,,,,,,,,,,,,,,,,,,,,,,,,,,,,,,0.37819987535476685,,,,,,,,,,,,,,,,,,,,,,,,,,,,,,,,,,,,
29,,,26749,,,,,,,,,,,,,,,,,,,,,,,,,,,,,,,,,,,,0.2701930105686188,,,,,,,,,,,,,,,,,,,,,,,,,,,,,,,,,,,,
29,,,26754,,,,,,,,,,,,,,,,,,,,,,,,,,,,,,,,,,,,0.3332657516002655,,,,,,,,,,,,,,,,,,,,,,,,,,,,,,,,,,,,
29,,,26759,,,,,,,,,,,,,,,,,,,,,,,,,,,,,,,,,,,,0.5327469110488892,,,,,,,,,,,,,,,,,,,,,,,,,,,,,,,,,,,,
29,,,26764,,,,,,,,,,,,,,,,,,,,,,,,,,,,,,,,,,,,0.27004680037498474,,,,,,,,,,,,,,,,,,,,,,,,,,,,,,,,,,,,
29,,,26769,,,,,,,,,,,,,,,,,,,,,,,,,,,,,,,,,,,,0.3859589695930481,,,,,,,,,,,,,,,,,,,,,,,,,,,,,,,,,,,,
29,,,26774,,,,,,,,,,,,,,,,,,,,,,,,,,,,,,,,,,,,0.6812215447425842,,,,,,,,,,,,,,,,,,,,,,,,,,,,,,,,,,,,
29,,,26779,,,,,,,,,,,,,,,,,,,,,,,,,,,,,,,,,,,,0.21589285135269165,,,,,,,,,,,,,,,,,,,,,,,,,,,,,,,,,,,,
29,,,26784,,,,,,,,,,,,,,,,,,,,,,,,,,,,,,,,,,,,0.6547540426254272,,,,,,,,,,,,,,,,,,,,,,,,,,,,,,,,,,,,
29,,,26789,,,,,,,,,,,,,,,,,,,,,,,,,,,,,,,,,,,,0.2686266005039215,,,,,,,,,,,,,,,,,,,,,,,,,,,,,,,,,,,,
29,,,26794,,,,,,,,,,,,,,,,,,,,,,,,,,,,,,,,,,,,0.22502809762954712,,,,,,,,,,,,,,,,,,,,,,,,,,,,,,,,,,,,
29,,,26799,,,,,,,,,,,,,,,,,,,,,,,,,,,,,,,,,,,,0.18711170554161072,,,,,,,,,,,,,,,,,,,,,,,,,,,,,,,,,,,,
29,,,26804,,,,,,,,,,,,,,,,,,,,,,,,,,,,,,,,,,,,0.6442067623138428,,,,,,,,,,,,,,,,,,,,,,,,,,,,,,,,,,,,
29,,,26809,,,,,,,,,,,,,,,,,,,,,,,,,,,,,,,,,,,,0.25646159052848816,,,,,,,,,,,,,,,,,,,,,,,,,,,,,,,,,,,,
29,,,26814,,,,,,,,,,,,,,,,,,,,,,,,,,,,,,,,,,,,0.23170775175094604,,,,,,,,,,,,,,,,,,,,,,,,,,,,,,,,,,,,
29,,,26819,,,,,,,,,,,,,,,,,,,,,,,,,,,,,,,,,,,,0.2667810916900635,,,,,,,,,,,,,,,,,,,,,,,,,,,,,,,,,,,,
29,,,26824,,,,,,,,,,,,,,,,,,,,,,,,,,,,,,,,,,,,0.2759157419204712,,,,,,,,,,,,,,,,,,,,,,,,,,,,,,,,,,,,
29,,,26829,,,,,,,,,,,,,,,,,,,,,,,,,,,,,,,,,,,,0.3341755270957947,,,,,,,,,,,,,,,,,,,,,,,,,,,,,,,,,,,,
29,,,26834,,,,,,,,,,,,,,,,,,,,,,,,,,,,,,,,,,,,0.5906990766525269,,,,,,,,,,,,,,,,,,,,,,,,,,,,,,,,,,,,
29,,,26839,,,,,,,,,,,,,,,,,,,,,,,,,,,,,,,,,,,,0.21061331033706665,,,,,,,,,,,,,,,,,,,,,,,,,,,,,,,,,,,,
29,,,26844,,,,,,,,,,,,,,,,,,,,,,,,,,,,,,,,,,,,0.4828430712223053,,,,,,,,,,,,,,,,,,,,,,,,,,,,,,,,,,,,
29,,,26849,,,,,,,,,,,,,,,,,,,,,,,,,,,,,,,,,,,,0.6987981200218201,,,,,,,,,,,,,,,,,,,,,,,,,,,,,,,,,,,,
29,,,26854,,,,,,,,,,,,,,,,,,,,,,,,,,,,,,,,,,,,0.6846756935119629,,,,,,,,,,,,,,,,,,,,,,,,,,,,,,,,,,,,
29,,,26859,,,,,,,,,,,,,,,,,,,,,,,,,,,,,,,,,,,,0.32489123940467834,,,,,,,,,,,,,,,,,,,,,,,,,,,,,,,,,,,,
29,,,26864,,,,,,,,,,,,,,,,,,,,,,,,,,,,,,,,,,,,0.28024476766586304,,,,,,,,,,,,,,,,,,,,,,,,,,,,,,,,,,,,
29,,,26869,,,,,,,,,,,,,,,,,,,,,,,,,,,,,,,,,,,,0.540036678314209,,,,,,,,,,,,,,,,,,,,,,,,,,,,,,,,,,,,
29,,,26874,,,,,,,,,,,,,,,,,,,,,,,,,,,,,,,,,,,,0.21360459923744202,,,,,,,,,,,,,,,,,,,,,,,,,,,,,,,,,,,,
29,,,26879,,,,,,,,,,,,,,,,,,,,,,,,,,,,,,,,,,,,0.39599233865737915,,,,,,,,,,,,,,,,,,,,,,,,,,,,,,,,,,,,
29,,,26884,,,,,,,,,,,,,,,,,,,,,,,,,,,,,,,,,,,,0.2540319859981537,,,,,,,,,,,,,,,,,,,,,,,,,,,,,,,,,,,,
29,,,26889,,,,,,,,,,,,,,,,,,,,,,,,,,,,,,,,,,,,0.29362422227859497,,,,,,,,,,,,,,,,,,,,,,,,,,,,,,,,,,,,
29,,,26894,,,,,,,,,,,,,,,,,,,,,,,,,,,,,,,,,,,,0.21813121438026428,,,,,,,,,,,,,,,,,,,,,,,,,,,,,,,,,,,,
29,,,26899,,,,,,,,,,,,,,,,,,,,,,,,,,,,,,,,,,,,0.2645905315876007,,,,,,,,,,,,,,,,,,,,,,,,,,,,,,,,,,,,
29,,,26904,,,,,,,,,,,,,,,,,,,,,,,,,,,,,,,,,,,,0.23780179023742676,,,,,,,,,,,,,,,,,,,,,,,,,,,,,,,,,,,,
29,,,26909,,,,,,,,,,,,,,,,,,,,,,,,,,,,,,,,,,,,0.3554227948188782,,,,,,,,,,,,,,,,,,,,,,,,,,,,,,,,,,,,
29,,,26914,,,,,,,,,,,,,,,,,,,,,,,,,,,,,,,,,,,,0.6246021389961243,,,,,,,,,,,,,,,,,,,,,,,,,,,,,,,,,,,,
29,,,26919,,,,,,,,,,,,,,,,,,,,,,,,,,,,,,,,,,,,0.18053093552589417,,,,,,,,,,,,,,,,,,,,,,,,,,,,,,,,,,,,
29,,,26924,,,,,,,,,,,,,,,,,,,,,,,,,,,,,,,,,,,,0.5674429535865784,,,,,,,,,,,,,,,,,,,,,,,,,,,,,,,,,,,,
29,,,26929,,,,,,,,,,,,,,,,,,,,,,,,,,,,,,,,,,,,0.45246315002441406,,,,,,,,,,,,,,,,,,,,,,,,,,,,,,,,,,,,
29,,,26934,,,,,,,,,,,,,,,,,,,,,,,,,,,,,,,,,,,,0.4965432286262512,,,,,,,,,,,,,,,,,,,,,,,,,,,,,,,,,,,,
29,,,26939,,,,,,,,,,,,,,,,,,,,,,,,,,,,,,,,,,,,0.6533535718917847,,,,,,,,,,,,,,,,,,,,,,,,,,,,,,,,,,,,
29,,,26944,,,,,,,,,,,,,,,,,,,,,,,,,,,,,,,,,,,,0.2394830584526062,,,,,,,,,,,,,,,,,,,,,,,,,,,,,,,,,,,,
29,,,26949,,,,,,,,,,,,,,,,,,,,,,,,,,,,,,,,,,,,0.29120588302612305,,,,,,,,,,,,,,,,,,,,,,,,,,,,,,,,,,,,
29,,,26954,,,,,,,,,,,,,,,,,,,,,,,,,,,,,,,,,,,,0.6039490699768066,,,,,,,,,,,,,,,,,,,,,,,,,,,,,,,,,,,,
29,,,26959,,,,,,,,,,,,,,,,,,,,,,,,,,,,,,,,,,,,0.3395726978778839,,,,,,,,,,,,,,,,,,,,,,,,,,,,,,,,,,,,
29,,,26964,,,,,,,,,,,,,,,,,,,,,,,,,,,,,,,,,,,,0.5843100547790527,,,,,,,,,,,,,,,,,,,,,,,,,,,,,,,,,,,,
29,,,26969,,,,,,,,,,,,,,,,,,,,,,,,,,,,,,,,,,,,0.47364503145217896,,,,,,,,,,,,,,,,,,,,,,,,,,,,,,,,,,,,
29,,,26974,,,,,,,,,,,,,,,,,,,,,,,,,,,,,,,,,,,,0.3013593256473541,,,,,,,,,,,,,,,,,,,,,,,,,,,,,,,,,,,,
29,,,26979,,,,,,,,,,,,,,,,,,,,,,,,,,,,,,,,,,,,0.25476592779159546,,,,,,,,,,,,,,,,,,,,,,,,,,,,,,,,,,,,
29,,,26984,,,,,,,,,,,,,,,,,,,,,,,,,,,,,,,,,,,,0.33053088188171387,,,,,,,,,,,,,,,,,,,,,,,,,,,,,,,,,,,,
29,,,26989,,,,,,,,,,,,,,,,,,,,,,,,,,,,,,,,,,,,0.5666272044181824,,,,,,,,,,,,,,,,,,,,,,,,,,,,,,,,,,,,
29,,,26994,,,,,,,,,,,,,,,,,,,,,,,,,,,,,,,,,,,,0.3882688581943512,,,,,,,,,,,,,,,,,,,,,,,,,,,,,,,,,,,,
29,,,26999,,,,,,,,,,,,,,,,,,,,,,,,,,,,,,,,,,,,0.18186211585998535,,,,,,,,,,,,,,,,,,,,,,,,,,,,,,,,,,,,
29,,,27004,,,,,,,,,,,,,,,,,,,,,,,,,,,,,,,,,,,,0.32898402214050293,,,,,,,,,,,,,,,,,,,,,,,,,,,,,,,,,,,,
29,,,27009,,,,,,,,,,,,,,,,,,,,,,,,,,,,,,,,,,,,0.6336425542831421,,,,,,,,,,,,,,,,,,,,,,,,,,,,,,,,,,,,
29,,,27014,,,,,,,,,,,,,,,,,,,,,,,,,,,,,,,,,,,,0.2776525020599365,,,,,,,,,,,,,,,,,,,,,,,,,,,,,,,,,,,,
29,,,27019,,,,,,,,,,,,,,,,,,,,,,,,,,,,,,,,,,,,0.26516056060791016,,,,,,,,,,,,,,,,,,,,,,,,,,,,,,,,,,,,
29,,,27024,,,,,,,,,,,,,,,,,,,,,,,,,,,,,,,,,,,,0.3505920171737671,,,,,,,,,,,,,,,,,,,,,,,,,,,,,,,,,,,,
29,,,27029,,,,,,,,,,,,,,,,,,,,,,,,,,,,,,,,,,,,0.5514679551124573,,,,,,,,,,,,,,,,,,,,,,,,,,,,,,,,,,,,
29,,,27034,,,,,,,,,,,,,,,,,,,,,,,,,,,,,,,,,,,,0.2205580174922943,,,,,,,,,,,,,,,,,,,,,,,,,,,,,,,,,,,,
29,,,27039,,,,,,,,,,,,,,,,,,,,,,,,,,,,,,,,,,,,0.22083117067813873,,,,,,,,,,,,,,,,,,,,,,,,,,,,,,,,,,,,
29,,,27044,,,,,,,,,,,,,,,,,,,,,,,,,,,,,,,,,,,,0.2690218687057495,,,,,,,,,,,,,,,,,,,,,,,,,,,,,,,,,,,,
29,,,27049,,,,,,,,,,,,,,,,,,,,,,,,,,,,,,,,,,,,0.23125068843364716,,,,,,,,,,,,,,,,,,,,,,,,,,,,,,,,,,,,
29,,,27054,,,,,,,,,,,,,,,,,,,,,,,,,,,,,,,,,,,,0.4153255224227905,,,,,,,,,,,,,,,,,,,,,,,,,,,,,,,,,,,,
29,,,27059,,,,,,,,,,,,,,,,,,,,,,,,,,,,,,,,,,,,0.429332971572876,,,,,,,,,,,,,,,,,,,,,,,,,,,,,,,,,,,,
29,,,27064,,,,,,,,,,,,,,,,,,,,,,,,,,,,,,,,,,,,0.19639742374420166,,,,,,,,,,,,,,,,,,,,,,,,,,,,,,,,,,,,
29,,,27069,,,,,,,,,,,,,,,,,,,,,,,,,,,,,,,,,,,,0.48087596893310547,,,,,,,,,,,,,,,,,,,,,,,,,,,,,,,,,,,,
29,,,27074,,,,,,,,,,,,,,,,,,,,,,,,,,,,,,,,,,,,0.602778434753418,,,,,,,,,,,,,,,,,,,,,,,,,,,,,,,,,,,,
29,,,27079,,,,,,,,,,,,,,,,,,,,,,,,,,,,,,,,,,,,0.2137000858783722,,,,,,,,,,,,,,,,,,,,,,,,,,,,,,,,,,,,
29,,,27084,,,,,,,,,,,,,,,,,,,,,,,,,,,,,,,,,,,,0.6292996406555176,,,,,,,,,,,,,,,,,,,,,,,,,,,,,,,,,,,,
29,,,27089,,,,,,,,,,,,,,,,,,,,,,,,,,,,,,,,,,,,0.2480188012123108,,,,,,,,,,,,,,,,,,,,,,,,,,,,,,,,,,,,
29,,,27094,,,,,,,,,,,,,,,,,,,,,,,,,,,,,,,,,,,,0.24889740347862244,,,,,,,,,,,,,,,,,,,,,,,,,,,,,,,,,,,,
29,,,27099,,,,,,,,,,,,,,,,,,,,,,,,,,,,,,,,,,,,0.26909342408180237,,,,,,,,,,,,,,,,,,,,,,,,,,,,,,,,,,,,
29,,,27104,,,,,,,,,,,,,,,,,,,,,,,,,,,,,,,,,,,,0.2790180444717407,,,,,,,,,,,,,,,,,,,,,,,,,,,,,,,,,,,,
29,,,27109,,,,,,,,,,,,,,,,,,,,,,,,,,,,,,,,,,,,0.3413914144039154,,,,,,,,,,,,,,,,,,,,,,,,,,,,,,,,,,,,
29,,,27114,,,,,,,,,,,,,,,,,,,,,,,,,,,,,,,,,,,,0.506473183631897,,,,,,,,,,,,,,,,,,,,,,,,,,,,,,,,,,,,
29,,,27119,,,,,,,,,,,,,,,,,,,,,,,,,,,,,,,,,,,,0.6229686737060547,,,,,,,,,,,,,,,,,,,,,,,,,,,,,,,,,,,,
29,,,27124,,,,,,,,,,,,,,,,,,,,,,,,,,,,,,,,,,,,0.3292149603366852,,,,,,,,,,,,,,,,,,,,,,,,,,,,,,,,,,,,
29,,,27129,,,,,,,,,,,,,,,,,,,,,,,,,,,,,,,,,,,,0.5798589587211609,,,,,,,,,,,,,,,,,,,,,,,,,,,,,,,,,,,,
29,,,27134,,,,,,,,,,,,,,,,,,,,,,,,,,,,,,,,,,,,0.3536892533302307,,,,,,,,,,,,,,,,,,,,,,,,,,,,,,,,,,,,
29,,,27139,,,,,,,,,,,,,,,,,,,,,,,,,,,,,,,,,,,,0.6004723906517029,,,,,,,,,,,,,,,,,,,,,,,,,,,,,,,,,,,,
29,,,27144,,,,,,,,,,,,,,,,,,,,,,,,,,,,,,,,,,,,0.2976890206336975,,,,,,,,,,,,,,,,,,,,,,,,,,,,,,,,,,,,
29,,,27149,,,,,,,,,,,,,,,,,,,,,,,,,,,,,,,,,,,,0.3141184151172638,,,,,,,,,,,,,,,,,,,,,,,,,,,,,,,,,,,,
29,,,27154,,,,,,,,,,,,,,,,,,,,,,,,,,,,,,,,,,,,0.2334258258342743,,,,,,,,,,,,,,,,,,,,,,,,,,,,,,,,,,,,
29,,,27159,,,,,,,,,,,,,,,,,,,,,,,,,,,,,,,,,,,,0.3342304229736328,,,,,,,,,,,,,,,,,,,,,,,,,,,,,,,,,,,,
29,,,27164,,,,,,,,,,,,,,,,,,,,,,,,,,,,,,,,,,,,0.36830592155456543,,,,,,,,,,,,,,,,,,,,,,,,,,,,,,,,,,,,
29,,,27169,,,,,,,,,,,,,,,,,,,,,,,,,,,,,,,,,,,,0.6258053183555603,,,,,,,,,,,,,,,,,,,,,,,,,,,,,,,,,,,,
29,,,27174,,,,,,,,,,,,,,,,,,,,,,,,,,,,,,,,,,,,0.2657873332500458,,,,,,,,,,,,,,,,,,,,,,,,,,,,,,,,,,,,
29,,,27179,,,,,,,,,,,,,,,,,,,,,,,,,,,,,,,,,,,,0.26638755202293396,,,,,,,,,,,,,,,,,,,,,,,,,,,,,,,,,,,,
29,,,27184,,,,,,,,,,,,,,,,,,,,,,,,,,,,,,,,,,,,0.24814745783805847,,,,,,,,,,,,,,,,,,,,,,,,,,,,,,,,,,,,
29,,,27189,,,,,,,,,,,,,,,,,,,,,,,,,,,,,,,,,,,,0.3158248960971832,,,,,,,,,,,,,,,,,,,,,,,,,,,,,,,,,,,,
29,,,27194,,,,,,,,,,,,,,,,,,,,,,,,,,,,,,,,,,,,0.33819836378097534,,,,,,,,,,,,,,,,,,,,,,,,,,,,,,,,,,,,
29,,,27199,,,,,,,,,,,,,,,,,,,,,,,,,,,,,,,,,,,,0.6662483215332031,,,,,,,,,,,,,,,,,,,,,,,,,,,,,,,,,,,,
29,,,27204,,,,,,,,,,,,,,,,,,,,,,,,,,,,,,,,,,,,0.4131653308868408,,,,,,,,,,,,,,,,,,,,,,,,,,,,,,,,,,,,
29,,,27209,,,,,,,,,,,,,,,,,,,,,,,,,,,,,,,,,,,,0.25856971740722656,,,,,,,,,,,,,,,,,,,,,,,,,,,,,,,,,,,,
29,,,27214,,,,,,,,,,,,,,,,,,,,,,,,,,,,,,,,,,,,0.2675599455833435,,,,,,,,,,,,,,,,,,,,,,,,,,,,,,,,,,,,
29,,,27219,,,,,,,,,,,,,,,,,,,,,,,,,,,,,,,,,,,,0.6052751541137695,,,,,,,,,,,,,,,,,,,,,,,,,,,,,,,,,,,,
29,,,27224,,,,,,,,,,,,,,,,,,,,,,,,,,,,,,,,,,,,0.23447652161121368,,,,,,,,,,,,,,,,,,,,,,,,,,,,,,,,,,,,
29,,,27229,,,,,,,,,,,,,,,,,,,,,,,,,,,,,,,,,,,,0.4585323631763458,,,,,,,,,,,,,,,,,,,,,,,,,,,,,,,,,,,,
29,,,27234,,,,,,,,,,,,,,,,,,,,,,,,,,,,,,,,,,,,0.3543817400932312,,,,,,,,,,,,,,,,,,,,,,,,,,,,,,,,,,,,
29,,,27239,,,,,,,,,,,,,,,,,,,,,,,,,,,,,,,,,,,,0.3305061161518097,,,,,,,,,,,,,,,,,,,,,,,,,,,,,,,,,,,,
29,,,27244,,,,,,,,,,,,,,,,,,,,,,,,,,,,,,,,,,,,0.6522661447525024,,,,,,,,,,,,,,,,,,,,,,,,,,,,,,,,,,,,
29,,,27249,,,,,,,,,,,,,,,,,,,,,,,,,,,,,,,,,,,,0.284912645816803,,,,,,,,,,,,,,,,,,,,,,,,,,,,,,,,,,,,
29,,,27254,,,,,,,,,,,,,,,,,,,,,,,,,,,,,,,,,,,,0.24899104237556458,,,,,,,,,,,,,,,,,,,,,,,,,,,,,,,,,,,,
29,,,27259,,,,,,,,,,,,,,,,,,,,,,,,,,,,,,,,,,,,0.21868163347244263,,,,,,,,,,,,,,,,,,,,,,,,,,,,,,,,,,,,
29,,,27264,,,,,,,,,,,,,,,,,,,,,,,,,,,,,,,,,,,,0.24522843956947327,,,,,,,,,,,,,,,,,,,,,,,,,,,,,,,,,,,,
29,,,27269,,,,,,,,,,,,,,,,,,,,,,,,,,,,,,,,,,,,0.5462583303451538,,,,,,,,,,,,,,,,,,,,,,,,,,,,,,,,,,,,
29,,,27274,,,,,,,,,,,,,,,,,,,,,,,,,,,,,,,,,,,,0.583254873752594,,,,,,,,,,,,,,,,,,,,,,,,,,,,,,,,,,,,
29,,,27279,,,,,,,,,,,,,,,,,,,,,,,,,,,,,,,,,,,,0.25169408321380615,,,,,,,,,,,,,,,,,,,,,,,,,,,,,,,,,,,,
29,,,27284,,,,,,,,,,,,,,,,,,,,,,,,,,,,,,,,,,,,0.38241684436798096,,,,,,,,,,,,,,,,,,,,,,,,,,,,,,,,,,,,
29,,,27289,,,,,,,,,,,,,,,,,,,,,,,,,,,,,,,,,,,,0.17836958169937134,,,,,,,,,,,,,,,,,,,,,,,,,,,,,,,,,,,,
29,,,27294,,,,,,,,,,,,,,,,,,,,,,,,,,,,,,,,,,,,0.2969455122947693,,,,,,,,,,,,,,,,,,,,,,,,,,,,,,,,,,,,
29,,,27299,,,,,,,,,,,,,,,,,,,,,,,,,,,,,,,,,,,,0.25066083669662476,,,,,,,,,,,,,,,,,,,,,,,,,,,,,,,,,,,,
29,,,27304,,,,,,,,,,,,,,,,,,,,,,,,,,,,,,,,,,,,0.574779212474823,,,,,,,,,,,,,,,,,,,,,,,,,,,,,,,,,,,,
29,,,27309,,,,,,,,,,,,,,,,,,,,,,,,,,,,,,,,,,,,0.4962100386619568,,,,,,,,,,,,,,,,,,,,,,,,,,,,,,,,,,,,
29,,,27314,,,,,,,,,,,,,,,,,,,,,,,,,,,,,,,,,,,,0.2744590938091278,,,,,,,,,,,,,,,,,,,,,,,,,,,,,,,,,,,,
29,,,27319,,,,,,,,,,,,,,,,,,,,,,,,,,,,,,,,,,,,0.23553067445755005,,,,,,,,,,,,,,,,,,,,,,,,,,,,,,,,,,,,
29,,,27324,,,,,,,,,,,,,,,,,,,,,,,,,,,,,,,,,,,,0.3033874034881592,,,,,,,,,,,,,,,,,,,,,,,,,,,,,,,,,,,,
29,,,27329,,,,,,,,,,,,,,,,,,,,,,,,,,,,,,,,,,,,0.44992974400520325,,,,,,,,,,,,,,,,,,,,,,,,,,,,,,,,,,,,
29,,,27334,,,,,,,,,,,,,,,,,,,,,,,,,,,,,,,,,,,,0.35017526149749756,,,,,,,,,,,,,,,,,,,,,,,,,,,,,,,,,,,,
29,,,27339,,,,,,,,,,,,,,,,,,,,,,,,,,,,,,,,,,,,0.3371158838272095,,,,,,,,,,,,,,,,,,,,,,,,,,,,,,,,,,,,
29,,,27344,,,,,,,,,,,,,,,,,,,,,,,,,,,,,,,,,,,,0.5604538917541504,,,,,,,,,,,,,,,,,,,,,,,,,,,,,,,,,,,,
29,,,27349,,,,,,,,,,,,,,,,,,,,,,,,,,,,,,,,,,,,0.1712178885936737,,,,,,,,,,,,,,,,,,,,,,,,,,,,,,,,,,,,
29,,,27354,,,,,,,,,,,,,,,,,,,,,,,,,,,,,,,,,,,,0.6649709343910217,,,,,,,,,,,,,,,,,,,,,,,,,,,,,,,,,,,,
29,,,27359,,,,,,,,,,,,,,,,,,,,,,,,,,,,,,,,,,,,0.5768914818763733,,,,,,,,,,,,,,,,,,,,,,,,,,,,,,,,,,,,
29,,,27364,,,,,,,,,,,,,,,,,,,,,,,,,,,,,,,,,,,,0.25176581740379333,,,,,,,,,,,,,,,,,,,,,,,,,,,,,,,,,,,,
29,,,27369,,,,,,,,,,,,,,,,,,,,,,,,,,,,,,,,,,,,0.6288913488388062,,,,,,,,,,,,,,,,,,,,,,,,,,,,,,,,,,,,
29,,,27374,,,,,,,,,,,,,,,,,,,,,,,,,,,,,,,,,,,,0.3102130889892578,,,,,,,,,,,,,,,,,,,,,,,,,,,,,,,,,,,,
29,,,27379,,,,,,,,,,,,,,,,,,,,,,,,,,,,,,,,,,,,0.2896251678466797,,,,,,,,,,,,,,,,,,,,,,,,,,,,,,,,,,,,
29,,,27384,,,,,,,,,,,,,,,,,,,,,,,,,,,,,,,,,,,,0.30356431007385254,,,,,,,,,,,,,,,,,,,,,,,,,,,,,,,,,,,,
29,,,27389,,,,,,,,,,,,,,,,,,,,,,,,,,,,,,,,,,,,0.20400811731815338,,,,,,,,,,,,,,,,,,,,,,,,,,,,,,,,,,,,
29,,,27394,,,,,,,,,,,,,,,,,,,,,,,,,,,,,,,,,,,,0.5743027925491333,,,,,,,,,,,,,,,,,,,,,,,,,,,,,,,,,,,,
29,,,27399,,,,,,,,,,,,,,,,,,,,,,,,,,,,,,,,,,,,0.48122870922088623,,,,,,,,,,,,,,,,,,,,,,,,,,,,,,,,,,,,
29,,,27404,,,,,,,,,,,,,,,,,,,,,,,,,,,,,,,,,,,,0.23277106881141663,,,,,,,,,,,,,,,,,,,,,,,,,,,,,,,,,,,,
29,,,27409,,,,,,,,,,,,,,,,,,,,,,,,,,,,,,,,,,,,0.17616629600524902,,,,,,,,,,,,,,,,,,,,,,,,,,,,,,,,,,,,
29,,,27414,,,,,,,,,,,,,,,,,,,,,,,,,,,,,,,,,,,,0.2547691762447357,,,,,,,,,,,,,,,,,,,,,,,,,,,,,,,,,,,,
29,,,27419,,,,,,,,,,,,,,,,,,,,,,,,,,,,,,,,,,,,0.30872613191604614,,,,,,,,,,,,,,,,,,,,,,,,,,,,,,,,,,,,
29,,,27424,,,,,,,,,,,,,,,,,,,,,,,,,,,,,,,,,,,,0.28577011823654175,,,,,,,,,,,,,,,,,,,,,,,,,,,,,,,,,,,,
29,,,27429,,,,,,,,,,,,,,,,,,,,,,,,,,,,,,,,,,,,0.6353355646133423,,,,,,,,,,,,,,,,,,,,,,,,,,,,,,,,,,,,
29,,,27434,,,,,,,,,,,,,,,,,,,,,,,,,,,,,,,,,,,,0.27001821994781494,,,,,,,,,,,,,,,,,,,,,,,,,,,,,,,,,,,,
29,,,27439,,,,,,,,,,,,,,,,,,,,,,,,,,,,,,,,,,,,0.2440861612558365,,,,,,,,,,,,,,,,,,,,,,,,,,,,,,,,,,,,
29,,,27444,,,,,,,,,,,,,,,,,,,,,,,,,,,,,,,,,,,,0.36168694496154785,,,,,,,,,,,,,,,,,,,,,,,,,,,,,,,,,,,,
29,,,27449,,,,,,,,,,,,,,,,,,,,,,,,,,,,,,,,,,,,0.2334994375705719,,,,,,,,,,,,,,,,,,,,,,,,,,,,,,,,,,,,
29,,,27454,,,,,,,,,,,,,,,,,,,,,,,,,,,,,,,,,,,,0.4181509017944336,,,,,,,,,,,,,,,,,,,,,,,,,,,,,,,,,,,,
29,,,27459,,,,,,,,,,,,,,,,,,,,,,,,,,,,,,,,,,,,0.5949007868766785,,,,,,,,,,,,,,,,,,,,,,,,,,,,,,,,,,,,
29,,,27464,,,,,,,,,,,,,,,,,,,,,,,,,,,,,,,,,,,,0.5878431797027588,,,,,,,,,,,,,,,,,,,,,,,,,,,,,,,,,,,,
29,,,27469,,,,,,,,,,,,,,,,,,,,,,,,,,,,,,,,,,,,0.3753202557563782,,,,,,,,,,,,,,,,,,,,,,,,,,,,,,,,,,,,
29,,,27474,,,,,,,,,,,,,,,,,,,,,,,,,,,,,,,,,,,,0.3053371012210846,,,,,,,,,,,,,,,,,,,,,,,,,,,,,,,,,,,,
29,,,27479,,,,,,,,,,,,,,,,,,,,,,,,,,,,,,,,,,,,0.3644014000892639,,,,,,,,,,,,,,,,,,,,,,,,,,,,,,,,,,,,
29,,,27484,,,,,,,,,,,,,,,,,,,,,,,,,,,,,,,,,,,,0.20055580139160156,,,,,,,,,,,,,,,,,,,,,,,,,,,,,,,,,,,,
29,,,27489,,,,,,,,,,,,,,,,,,,,,,,,,,,,,,,,,,,,0.6316129565238953,,,,,,,,,,,,,,,,,,,,,,,,,,,,,,,,,,,,
29,,,27494,,,,,,,,,,,,,,,,,,,,,,,,,,,,,,,,,,,,0.5572295784950256,,,,,,,,,,,,,,,,,,,,,,,,,,,,,,,,,,,,
29,,,27499,,,,,,,,,,,,,,,,,,,,,,,,,,,,,,,,,,,,0.6128085851669312,,,,,,,,,,,,,,,,,,,,,,,,,,,,,,,,,,,,
29,,,27504,,,,,,,,,,,,,,,,,,,,,,,,,,,,,,,,,,,,0.2625502943992615,,,,,,,,,,,,,,,,,,,,,,,,,,,,,,,,,,,,
29,,,27509,,,,,,,,,,,,,,,,,,,,,,,,,,,,,,,,,,,,0.1926850974559784,,,,,,,,,,,,,,,,,,,,,,,,,,,,,,,,,,,,
29,,,27514,,,,,,,,,,,,,,,,,,,,,,,,,,,,,,,,,,,,0.39808234572410583,,,,,,,,,,,,,,,,,,,,,,,,,,,,,,,,,,,,
29,,,27519,,,,,,,,,,,,,,,,,,,,,,,,,,,,,,,,,,,,0.2429703027009964,,,,,,,,,,,,,,,,,,,,,,,,,,,,,,,,,,,,
29,,,27524,,,,,,,,,,,,,,,,,,,,,,,,,,,,,,,,,,,,0.6442985534667969,,,,,,,,,,,,,,,,,,,,,,,,,,,,,,,,,,,,
29,,,27529,,,,,,,,,,,,,,,,,,,,,,,,,,,,,,,,,,,,0.2404329925775528,,,,,,,,,,,,,,,,,,,,,,,,,,,,,,,,,,,,
29,,,27534,,,,,,,,,,,,,,,,,,,,,,,,,,,,,,,,,,,,0.30955278873443604,,,,,,,,,,,,,,,,,,,,,,,,,,,,,,,,,,,,
29,,,27539,,,,,,,,,,,,,,,,,,,,,,,,,,,,,,,,,,,,0.2165665626525879,,,,,,,,,,,,,,,,,,,,,,,,,,,,,,,,,,,,
29,,,27544,,,,,,,,,,,,,,,,,,,,,,,,,,,,,,,,,,,,0.29112207889556885,,,,,,,,,,,,,,,,,,,,,,,,,,,,,,,,,,,,
29,,,27549,,,,,,,,,,,,,,,,,,,,,,,,,,,,,,,,,,,,0.3076670467853546,,,,,,,,,,,,,,,,,,,,,,,,,,,,,,,,,,,,
29,,,27554,,,,,,,,,,,,,,,,,,,,,,,,,,,,,,,,,,,,0.5908489227294922,,,,,,,,,,,,,,,,,,,,,,,,,,,,,,,,,,,,
29,,,27559,,,,,,,,,,,,,,,,,,,,,,,,,,,,,,,,,,,,0.30469995737075806,,,,,,,,,,,,,,,,,,,,,,,,,,,,,,,,,,,,
29,,,27564,,,,,,,,,,,,,,,,,,,,,,,,,,,,,,,,,,,,0.33609655499458313,,,,,,,,,,,,,,,,,,,,,,,,,,,,,,,,,,,,
29,,,27569,,,,,,,,,,,,,,,,,,,,,,,,,,,,,,,,,,,,0.3289400339126587,,,,,,,,,,,,,,,,,,,,,,,,,,,,,,,,,,,,
29,,,27574,,,,,,,,,,,,,,,,,,,,,,,,,,,,,,,,,,,,0.555092990398407,,,,,,,,,,,,,,,,,,,,,,,,,,,,,,,,,,,,
29,,,27579,,,,,,,,,,,,,,,,,,,,,,,,,,,,,,,,,,,,0.543803334236145,,,,,,,,,,,,,,,,,,,,,,,,,,,,,,,,,,,,
29,,,27584,,,,,,,,,,,,,,,,,,,,,,,,,,,,,,,,,,,,0.40898415446281433,,,,,,,,,,,,,,,,,,,,,,,,,,,,,,,,,,,,
29,,,27589,,,,,,,,,,,,,,,,,,,,,,,,,,,,,,,,,,,,0.32660436630249023,,,,,,,,,,,,,,,,,,,,,,,,,,,,,,,,,,,,
29,,,27594,,,,,,,,,,,,,,,,,,,,,,,,,,,,,,,,,,,,0.28773272037506104,,,,,,,,,,,,,,,,,,,,,,,,,,,,,,,,,,,,
29,,,27599,,,,,,,,,,,,,,,,,,,,,,,,,,,,,,,,,,,,0.27761149406433105,,,,,,,,,,,,,,,,,,,,,,,,,,,,,,,,,,,,
29,,,27604,,,,,,,,,,,,,,,,,,,,,,,,,,,,,,,,,,,,0.5832784175872803,,,,,,,,,,,,,,,,,,,,,,,,,,,,,,,,,,,,
29,,,27609,,,,,,,,,,,,,,,,,,,,,,,,,,,,,,,,,,,,0.2765183448791504,,,,,,,,,,,,,,,,,,,,,,,,,,,,,,,,,,,,
29,,,27614,,,,,,,,,,,,,,,,,,,,,,,,,,,,,,,,,,,,0.19647276401519775,,,,,,,,,,,,,,,,,,,,,,,,,,,,,,,,,,,,
29,,,27619,,,,,,,,,,,,,,,,,,,,,,,,,,,,,,,,,,,,0.36331096291542053,,,,,,,,,,,,,,,,,,,,,,,,,,,,,,,,,,,,
29,,,27624,,,,,,,,,,,,,,,,,,,,,,,,,,,,,,,,,,,,0.6786783933639526,,,,,,,,,,,,,,,,,,,,,,,,,,,,,,,,,,,,
29,,,27629,,,,,,,,,,,,,,,,,,,,,,,,,,,,,,,,,,,,0.30361121892929077,,,,,,,,,,,,,,,,,,,,,,,,,,,,,,,,,,,,
29,,,27629,,,,,,,,,,,,,,,,,,,,,,,,,,,,,,,,,,,,,0.792774498462677,0.7538983821868896,0.6528940796852112,0.7325040102005005,0.792774498462677,0.0,0.8805942535400391,0.8491652011871338,0.9377618432044983,0.5035766959190369,0.0,0.8988721966743469,0.8416488170623779,0.9209756255149841,0.35409682989120483,0.0,0.8163196444511414,0.7265921235084534,0.85352623462677,0.21513831615447998,0.0,0.9179251790046692,0.83426433801651,0.9047797918319702,0.2730466425418854,0.0,0.8805942535400391,0.8491652011871338,0.9377618432044983,0.5035766959190369,0.8637535572052002,0.8637535572052002,0.7601814866065979,0.8637535572052002,0.8637535572052002,0.4061098098754883
29,,,27629,0.7665690183639526,0.7539368271827698,0.6542007327079773,0.7432664632797241,0.7665690183639526,0.0,0.8857089877128601,0.8561084866523743,0.9376381039619446,0.3868204355239868,0.0,0.8980573415756226,0.843251645565033,0.9256690740585327,0.3487693667411804,0.0,0.814976692199707,0.728984534740448,0.8616237640380859,0.21121785044670105,0.0,0.9107550382614136,0.830775260925293,0.9140017032623291,0.317533940076828,0.0,0.8857089877128601,0.8561084866523743,0.9376381039619446,0.3868204355239868,0.8669072985649109,0.8669072985649109,0.7650807499885559,0.8669072985649109,0.8669072985649109,,,,,,,,,,,,,,,,,,,,,,,,,,,,,,,,,,,,,
