epoch,lr-AdamW/pg1,lr-AdamW/pg2,step,train_loss,val_loss
,1e-05,0.0001,0,,
0,,,4,0.8766353130340576,
0,,,9,0.8460704684257507,
0,,,14,0.6856886744499207,
0,,,19,0.7716667056083679,
0,,,24,0.7339553833007812,
0,,,29,0.8755987882614136,
0,,,34,0.7253461480140686,
0,,,39,0.8523638844490051,
0,,,44,0.8749797940254211,
0,,,49,0.8075432777404785,
0,,,54,0.4992123246192932,
0,,,59,0.8469686508178711,
0,,,64,0.61851567029953,
0,,,69,0.6195241212844849,
0,,,74,0.7928253412246704,
0,,,79,0.7858254313468933,
0,,,84,0.5689092874526978,
0,,,89,0.49708291888237,
0,,,94,0.7331315279006958,
0,,,99,0.7144849896430969,
0,,,104,0.6895667910575867,
0,,,109,0.6931100487709045,
0,,,114,0.7620635628700256,
0,,,119,0.4357626736164093,
0,,,124,0.753511369228363,
0,,,129,0.6841433644294739,
0,,,134,0.7895115613937378,
0,,,139,0.7644951343536377,
0,,,144,0.5542550086975098,
0,,,149,0.5050666928291321,
0,,,154,0.7430485486984253,
0,,,159,0.6134823560714722,
0,,,164,0.8339233994483948,
0,,,169,0.6905139088630676,
0,,,174,0.7156144976615906,
0,,,179,0.41373881697654724,
0,,,184,0.5981531143188477,
0,,,189,0.7729033827781677,
0,,,194,0.6604869365692139,
0,,,199,0.6708444952964783,
0,,,204,0.6390326619148254,
0,,,209,0.6630953550338745,
0,,,214,0.5997122526168823,
0,,,219,0.7491430044174194,
0,,,224,0.6858919858932495,
0,,,229,0.6743993759155273,
0,,,234,0.609106183052063,
0,,,239,0.6275531053543091,
0,,,244,0.48309624195098877,
0,,,249,0.41174182295799255,
0,,,254,0.5671066641807556,
0,,,259,0.5471546053886414,
0,,,264,0.7701665759086609,
0,,,269,0.6374174952507019,
0,,,274,0.4839346706867218,
0,,,279,0.7801958918571472,
0,,,284,0.31359025835990906,
0,,,289,0.729709804058075,
0,,,294,0.3783443570137024,
0,,,299,0.6380531787872314,
0,,,304,0.5755314230918884,
0,,,309,0.20209960639476776,
0,,,314,0.3146495819091797,
0,,,319,0.7507703304290771,
0,,,324,0.41192856431007385,
0,,,329,0.43918097019195557,
0,,,334,0.7664729952812195,
0,,,339,0.22806310653686523,
0,,,344,0.4586504399776459,
0,,,349,0.2830630838871002,
0,,,354,0.7961394190788269,
0,,,359,0.45204511284828186,
0,,,364,0.7519684433937073,
0,,,369,0.25497356057167053,
0,,,374,0.5729438066482544,
0,,,379,0.25504329800605774,
0,,,384,0.7517870664596558,
0,,,389,0.42797595262527466,
0,,,394,0.80697101354599,
0,,,399,0.28513553738594055,
0,,,404,0.6701385378837585,
0,,,409,0.5772461891174316,
0,,,414,0.4145010709762573,
0,,,419,0.31852710247039795,
0,,,424,0.38343480229377747,
0,,,429,0.5236570835113525,
0,,,434,0.247737318277359,
0,,,439,0.4229138195514679,
0,,,444,0.4340825378894806,
0,,,449,0.8497691750526428,
0,,,454,0.4732770025730133,
0,,,459,0.7310141324996948,
0,,,464,0.33311423659324646,
0,,,469,0.851095974445343,
0,,,474,0.4375801384449005,
0,,,479,0.3795294761657715,
0,,,484,0.39758485555648804,
0,,,489,0.19581332802772522,
0,,,494,0.1655048131942749,
0,,,499,0.2183430790901184,
0,,,504,0.19795945286750793,
0,,,509,0.3476544916629791,
0,,,514,0.4733515977859497,
0,,,519,0.22542092204093933,
0,,,524,0.30120253562927246,
0,,,529,0.2590457797050476,
0,,,534,0.337316632270813,
0,,,539,0.3666737973690033,
0,,,544,0.7145518660545349,
0,,,549,0.38968732953071594,
0,,,554,0.7851836085319519,
0,,,559,0.21324235200881958,
0,,,564,0.30087152123451233,
0,,,569,0.40298569202423096,
0,,,574,0.314819872379303,
0,,,579,0.24617762863636017,
0,,,584,0.34477075934410095,
0,,,589,0.44767579436302185,
0,,,594,0.16034555435180664,
0,,,599,0.8511995077133179,
0,,,604,0.6434729695320129,
0,,,609,0.2941994369029999,
0,,,614,0.38855859637260437,
0,,,619,0.4045528769493103,
0,,,624,0.16511127352714539,
0,,,629,0.20943737030029297,
0,,,634,0.1872495859861374,
0,,,639,0.3700370490550995,
0,,,644,0.5280659794807434,
0,,,649,0.2537589371204376,
0,,,654,0.7210360765457153,
0,,,659,0.22692610323429108,
0,,,664,0.26855579018592834,
0,,,669,0.2984330654144287,
0,,,674,0.3153911232948303,
0,,,679,0.20576564967632294,
0,,,684,0.3281933069229126,
0,,,689,0.12638281285762787,
0,,,694,0.37823933362960815,
0,,,699,0.19446998834609985,
0,,,699,,0.5053814053535461
,1e-05,0.0001,700,,
1,,,704,0.2785708010196686,
1,,,709,0.48168113827705383,
1,,,714,0.17349973320960999,
1,,,719,0.4102715253829956,
1,,,724,0.26240265369415283,
1,,,729,0.24056364595890045,
1,,,734,0.3041747510433197,
1,,,739,0.6805128455162048,
1,,,744,0.2201753705739975,
1,,,749,0.27451029419898987,
1,,,754,0.34727728366851807,
1,,,759,0.4321575462818146,
1,,,764,0.19388146698474884,
1,,,769,0.10710848122835159,
1,,,774,0.6817615032196045,
1,,,779,0.34532859921455383,
1,,,784,0.20837412774562836,
1,,,789,0.5645806193351746,
1,,,794,0.324502170085907,
1,,,799,0.24672548472881317,
1,,,804,0.1405619978904724,
1,,,809,0.21844622492790222,
1,,,814,0.18797732889652252,
1,,,819,0.129727303981781,
1,,,824,0.5147473216056824,
1,,,829,0.2640230357646942,
1,,,834,0.215402290225029,
1,,,839,0.22955815494060516,
1,,,844,0.3600010275840759,
1,,,849,0.409837931394577,
1,,,854,0.32319244742393494,
1,,,859,0.4027206599712372,
1,,,864,0.19751125574111938,
1,,,869,0.17349795997142792,
1,,,874,0.14533010125160217,
1,,,879,0.3230538070201874,
1,,,884,0.1403239667415619,
1,,,889,0.22259221971035004,
1,,,894,0.3520128130912781,
1,,,899,0.2258608639240265,
1,,,904,0.2778969705104828,
1,,,909,0.36368077993392944,
1,,,914,0.2452045977115631,
1,,,919,0.39311105012893677,
1,,,924,0.30033349990844727,
1,,,929,0.18257629871368408,
1,,,934,0.12655900418758392,
1,,,939,0.12328021973371506,
1,,,944,0.5453183650970459,
1,,,949,0.5594379305839539,
1,,,954,0.27034881711006165,
1,,,959,0.18071392178535461,
1,,,964,0.6306841373443604,
1,,,969,0.23368479311466217,
1,,,974,0.7577367424964905,
1,,,979,0.3477255403995514,
1,,,984,0.12655018270015717,
1,,,989,0.24872195720672607,
1,,,994,0.20457999408245087,
1,,,999,0.6043294668197632,
1,,,1004,0.051295991986989975,
1,,,1009,0.2569427192211151,
1,,,1014,0.23595184087753296,
1,,,1019,0.21012061834335327,
1,,,1024,0.4122374951839447,
1,,,1029,0.5388391017913818,
1,,,1034,0.16435325145721436,
1,,,1039,0.1604693979024887,
1,,,1044,0.2929795980453491,
1,,,1049,0.44901376962661743,
1,,,1054,0.4883212149143219,
1,,,1059,0.07713828980922699,
1,,,1064,0.1590930074453354,
1,,,1069,0.18195630609989166,
1,,,1074,0.6560463905334473,
1,,,1079,0.45299941301345825,
1,,,1084,0.6393396258354187,
1,,,1089,0.48221251368522644,
1,,,1094,0.3665641248226166,
1,,,1099,0.3684600591659546,
1,,,1104,0.12775395810604095,
1,,,1109,0.08406341075897217,
1,,,1114,0.33418798446655273,
1,,,1119,0.117640420794487,
1,,,1124,0.23865027725696564,
1,,,1129,0.34190839529037476,
1,,,1134,0.227890282869339,
1,,,1139,0.18336166441440582,
1,,,1144,0.2910839021205902,
1,,,1149,0.16037467122077942,
1,,,1154,0.20877043902873993,
1,,,1159,0.11536075174808502,
1,,,1164,0.2555166184902191,
1,,,1169,0.8389561176300049,
1,,,1174,0.25992515683174133,
1,,,1179,0.2223016321659088,
1,,,1184,0.41661468148231506,
1,,,1189,0.5896146297454834,
1,,,1194,0.14403003454208374,
1,,,1199,0.23146556317806244,
1,,,1204,0.22281451523303986,
1,,,1209,0.28813958168029785,
1,,,1214,0.3103766143321991,
1,,,1219,0.08719542622566223,
1,,,1224,0.4359542429447174,
1,,,1229,0.2529054582118988,
1,,,1234,0.18499301373958588,
1,,,1239,0.11165334284305573,
1,,,1244,0.3305801451206207,
1,,,1249,0.192826047539711,
1,,,1254,0.41269925236701965,
1,,,1259,0.2664731442928314,
1,,,1264,0.8505011200904846,
1,,,1269,0.10591374337673187,
1,,,1274,0.19972141087055206,
1,,,1279,0.550622820854187,
1,,,1284,0.20926037430763245,
1,,,1289,0.4149032533168793,
1,,,1294,0.24264661967754364,
1,,,1299,0.3028712570667267,
1,,,1304,0.199836865067482,
1,,,1309,0.13923956453800201,
1,,,1314,0.393972784280777,
1,,,1319,0.23405027389526367,
1,,,1324,0.1965966373682022,
1,,,1329,0.3192020654678345,
1,,,1334,0.313902884721756,
1,,,1339,0.08325132727622986,
1,,,1344,0.2968342900276184,
1,,,1349,0.3627089262008667,
1,,,1354,0.2712871730327606,
1,,,1359,0.1362648606300354,
1,,,1364,0.12826912105083466,
1,,,1369,0.2720026671886444,
1,,,1374,0.13098546862602234,
1,,,1379,0.2284163385629654,
1,,,1384,0.16307297348976135,
1,,,1389,0.15349695086479187,
1,,,1394,0.5478821396827698,
1,,,1399,0.16574378311634064,
1,,,1399,,0.5443589687347412
,1e-05,0.0001,1400,,
2,,,1404,0.2300122082233429,
2,,,1409,0.23953455686569214,
2,,,1414,0.17705246806144714,
2,,,1419,0.2977031469345093,
2,,,1424,0.15872345864772797,
2,,,1429,0.33324527740478516,
2,,,1434,0.18324552476406097,
2,,,1439,0.2272764891386032,
2,,,1444,0.14731360971927643,
2,,,1449,0.19019412994384766,
2,,,1454,0.2954554855823517,
2,,,1459,0.15020416676998138,
2,,,1464,0.19092372059822083,
2,,,1469,0.4173223674297333,
2,,,1474,0.11971430480480194,
2,,,1479,0.16497163474559784,
2,,,1484,0.22412292659282684,
2,,,1489,0.2107398509979248,
2,,,1494,0.17883573472499847,
2,,,1499,0.2656594216823578,
2,,,1504,0.34639114141464233,
2,,,1509,0.2702527344226837,
2,,,1514,0.048504263162612915,
2,,,1519,0.24382808804512024,
2,,,1524,0.4571780860424042,
2,,,1529,0.07971173524856567,
2,,,1534,0.2972677946090698,
2,,,1539,0.1504613608121872,
2,,,1544,0.3808025121688843,
2,,,1549,0.18583661317825317,
2,,,1554,0.38158223032951355,
2,,,1559,0.09891945868730545,
2,,,1564,0.3285317122936249,
2,,,1569,0.45722270011901855,
2,,,1574,0.07304350286722183,
2,,,1579,0.1509903073310852,
2,,,1584,0.24539464712142944,
2,,,1589,0.30086588859558105,
2,,,1594,0.3072543442249298,
2,,,1599,0.17350582778453827,
2,,,1604,0.3930542767047882,
2,,,1609,0.28419390320777893,
2,,,1614,0.26865601539611816,
2,,,1619,0.1826244443655014,
2,,,1624,0.12600141763687134,
2,,,1629,0.29805871844291687,
2,,,1634,0.16327111423015594,
2,,,1639,0.27077314257621765,
2,,,1644,0.3502807021141052,
2,,,1649,0.34924614429473877,
2,,,1654,0.1538262665271759,
2,,,1659,0.14266666769981384,
2,,,1664,0.12409887462854385,
2,,,1669,0.05186925083398819,
2,,,1674,0.1742212176322937,
2,,,1679,0.25401198863983154,
2,,,1684,0.07026908546686172,
2,,,1689,0.356798380613327,
2,,,1694,0.49657073616981506,
2,,,1699,0.30555570125579834,
2,,,1704,0.5881137847900391,
2,,,1709,0.2608692944049835,
2,,,1714,0.3790554404258728,
2,,,1719,0.05488225445151329,
2,,,1724,0.061888162046670914,
2,,,1729,0.3280603587627411,
2,,,1734,0.8501075506210327,
2,,,1739,0.18434762954711914,
2,,,1744,0.27760055661201477,
2,,,1749,0.5727275013923645,
2,,,1754,0.25048577785491943,
2,,,1759,0.17706812918186188,
2,,,1764,0.04222141578793526,
2,,,1769,0.11593107879161835,
2,,,1774,0.19000184535980225,
2,,,1779,0.07153341174125671,
2,,,1784,0.18437781929969788,
2,,,1789,0.17235621809959412,
2,,,1794,0.20979788899421692,
2,,,1799,0.3003128468990326,
2,,,1804,0.24109779298305511,
2,,,1809,0.1999480426311493,
2,,,1814,0.03492303192615509,
2,,,1819,0.08803042769432068,
2,,,1824,0.1403016597032547,
2,,,1829,0.0770038366317749,
2,,,1834,0.12290491163730621,
2,,,1839,0.19718682765960693,
2,,,1844,0.1477004587650299,
2,,,1849,0.2191045731306076,
2,,,1854,0.15455785393714905,
2,,,1859,0.15228065848350525,
2,,,1864,0.24672986567020416,
2,,,1869,0.156412735581398,
2,,,1874,0.12540584802627563,
2,,,1879,0.4135139286518097,
2,,,1884,0.17522789537906647,
2,,,1889,0.367691308259964,
2,,,1894,0.1058172807097435,
2,,,1899,0.6142562031745911,
2,,,1904,0.18543510138988495,
2,,,1909,0.32115545868873596,
2,,,1914,0.05378179997205734,
2,,,1919,0.20203997194766998,
2,,,1924,0.1315082460641861,
2,,,1929,0.04204311966896057,
2,,,1934,0.05053916573524475,
2,,,1939,0.07262568175792694,
2,,,1944,0.11801749467849731,
2,,,1949,0.12878656387329102,
2,,,1954,0.16257739067077637,
2,,,1959,0.06391068547964096,
2,,,1964,0.24849607050418854,
2,,,1969,0.15612401068210602,
2,,,1974,0.14688590168952942,
2,,,1979,0.07214553654193878,
2,,,1984,0.11519473791122437,
2,,,1989,0.09214608371257782,
2,,,1994,0.2821044325828552,
2,,,1999,0.16345088183879852,
2,,,2004,0.30400243401527405,
2,,,2009,0.0886555090546608,
2,,,2014,0.15265262126922607,
2,,,2019,0.296431303024292,
2,,,2024,0.24489527940750122,
2,,,2029,0.14225496351718903,
2,,,2034,0.26225546002388,
2,,,2039,0.11342141032218933,
2,,,2044,0.17262670397758484,
2,,,2049,0.1064586266875267,
2,,,2054,0.18626010417938232,
2,,,2059,0.4100271761417389,
2,,,2064,0.2997131049633026,
2,,,2069,0.18139445781707764,
2,,,2074,0.39144372940063477,
2,,,2079,0.2098013311624527,
2,,,2084,0.3469582498073578,
2,,,2089,0.05791698768734932,
2,,,2094,0.1782151609659195,
2,,,2099,0.030479110777378082,
2,,,2099,,0.5406520366668701
,1e-05,0.0001,2100,,
3,,,2104,0.09175838530063629,
3,,,2109,0.20809306204319,
3,,,2114,0.3839052617549896,
3,,,2119,0.16012327373027802,
3,,,2124,0.27423006296157837,
3,,,2129,0.17166857421398163,
3,,,2134,0.36913642287254333,
3,,,2139,0.09321217238903046,
3,,,2144,0.27897047996520996,
3,,,2149,0.04399207606911659,
3,,,2154,0.1528632789850235,
3,,,2159,0.07332132011651993,
3,,,2164,0.850036084651947,
3,,,2169,0.16839712858200073,
3,,,2174,0.8500483632087708,
3,,,2179,0.1581880748271942,
3,,,2184,0.1613467037677765,
3,,,2189,0.15160734951496124,
3,,,2194,0.18828320503234863,
3,,,2199,0.22420090436935425,
3,,,2204,0.1268007755279541,
3,,,2209,0.4666793644428253,
3,,,2214,0.12248478829860687,
3,,,2219,0.31542542576789856,
3,,,2224,0.16966375708580017,
3,,,2229,0.17373566329479218,
3,,,2234,0.17854104936122894,
3,,,2239,0.10899130254983902,
3,,,2244,0.09662290662527084,
3,,,2249,0.15281428396701813,
3,,,2254,0.056250426918268204,
3,,,2259,0.08153025805950165,
3,,,2264,0.19722880423069,
3,,,2269,0.30197495222091675,
3,,,2274,0.36628615856170654,
3,,,2279,0.14993661642074585,
3,,,2284,0.3220483958721161,
3,,,2289,0.07840913534164429,
3,,,2294,0.522283136844635,
3,,,2299,0.21868333220481873,
3,,,2304,0.21715004742145538,
3,,,2309,0.267658531665802,
3,,,2314,0.2503158450126648,
3,,,2319,0.1523667871952057,
3,,,2324,0.18552838265895844,
3,,,2329,0.8500177264213562,
3,,,2334,0.092677041888237,
3,,,2339,0.0825897753238678,
3,,,2344,0.3777465224266052,
3,,,2349,0.12741364538669586,
3,,,2354,0.19957084953784943,
3,,,2359,0.15081548690795898,
3,,,2364,0.2244686782360077,
3,,,2369,0.24130864441394806,
3,,,2374,0.15889444947242737,
3,,,2379,0.21331065893173218,
3,,,2384,0.36322546005249023,
3,,,2389,0.23701977729797363,
3,,,2394,0.18693269789218903,
3,,,2399,0.06348826736211777,
3,,,2404,0.26049530506134033,
3,,,2409,0.19263684749603271,
3,,,2414,0.09352229535579681,
3,,,2419,0.2398110330104828,
3,,,2424,0.27126073837280273,
3,,,2429,0.06564706563949585,
3,,,2434,0.0457739420235157,
3,,,2439,0.1334875375032425,
3,,,2444,0.09102003276348114,
3,,,2449,0.09457904100418091,
3,,,2454,0.32119882106781006,
3,,,2459,0.20225422084331512,
3,,,2464,0.14704765379428864,
3,,,2469,0.2810603082180023,
3,,,2474,0.1354249119758606,
3,,,2479,0.12773334980010986,
3,,,2484,0.13603225350379944,
3,,,2489,0.108955979347229,
3,,,2494,0.1786908060312271,
3,,,2499,0.15211541950702667,
3,,,2504,0.12094645202159882,
3,,,2509,0.06488829851150513,
3,,,2514,0.06810256838798523,
3,,,2519,0.13269536197185516,
3,,,2524,0.8503130078315735,
3,,,2529,0.22625410556793213,
3,,,2534,0.11820223182439804,
3,,,2539,0.2977791726589203,
3,,,2544,0.1595880538225174,
3,,,2549,0.13116416335105896,
3,,,2554,0.10300315916538239,
3,,,2559,0.8502217531204224,
3,,,2564,0.33366093039512634,
3,,,2569,0.14441204071044922,
3,,,2574,0.46817073225975037,
3,,,2579,0.03605424240231514,
3,,,2584,0.14251109957695007,
3,,,2589,0.15105774998664856,
3,,,2594,0.07538669556379318,
3,,,2599,0.228164404630661,
3,,,2604,0.14780856668949127,
3,,,2609,0.20960114896297455,
3,,,2614,0.06792454421520233,
3,,,2619,0.25657767057418823,
3,,,2624,0.18133266270160675,
3,,,2629,0.12203066796064377,
3,,,2634,0.09115695208311081,
3,,,2639,0.15557052195072174,
3,,,2644,0.17487207055091858,
3,,,2649,0.09575238823890686,
3,,,2654,0.15840241312980652,
3,,,2659,0.1283189058303833,
3,,,2664,0.12499815225601196,
3,,,2669,0.23949913680553436,
3,,,2674,0.20291908085346222,
3,,,2679,0.14799103140830994,
3,,,2684,0.4378120005130768,
3,,,2689,0.10306046903133392,
3,,,2694,0.38258224725723267,
3,,,2699,0.157522514462471,
3,,,2704,0.24682097136974335,
3,,,2709,0.12061061710119247,
3,,,2714,0.14232030510902405,
3,,,2719,0.09694400429725647,
3,,,2724,0.12703630328178406,
3,,,2729,0.07405813038349152,
3,,,2734,0.19601918756961823,
3,,,2739,0.10785465687513351,
3,,,2744,0.0461268275976181,
3,,,2749,0.2624570429325104,
3,,,2754,0.12273062020540237,
3,,,2759,0.033261094242334366,
3,,,2764,0.0714360773563385,
3,,,2769,0.25554901361465454,
3,,,2774,0.181198388338089,
3,,,2779,0.030867064371705055,
3,,,2784,0.1963813751935959,
3,,,2789,0.8500120043754578,
3,,,2794,0.1358405202627182,
3,,,2799,0.0400976799428463,
3,,,2799,,0.5043314099311829
,1e-05,0.0001,2800,,
4,,,2804,0.16571904718875885,
4,,,2809,0.03197107091546059,
4,,,2814,0.2754823863506317,
4,,,2819,0.44386938214302063,
4,,,2824,0.2541552782058716,
4,,,2829,0.17640705406665802,
4,,,2834,0.16081851720809937,
4,,,2839,0.14047282934188843,
4,,,2844,0.07999694347381592,
4,,,2849,0.12211066484451294,
4,,,2854,0.15081390738487244,
4,,,2859,0.23221345245838165,
4,,,2864,0.28199005126953125,
4,,,2869,0.06061707064509392,
4,,,2874,0.1275903731584549,
4,,,2879,0.09255104511976242,
4,,,2884,0.13333553075790405,
4,,,2889,0.07737010717391968,
4,,,2894,0.39428454637527466,
4,,,2899,0.12384586036205292,
4,,,2904,0.13425885140895844,
4,,,2909,0.092452272772789,
4,,,2914,0.049237512052059174,
4,,,2919,0.12203396111726761,
4,,,2924,0.2068326771259308,
4,,,2929,0.3594833016395569,
4,,,2934,0.17788296937942505,
4,,,2939,0.05956157669425011,
4,,,2944,0.42151394486427307,
4,,,2949,0.29119962453842163,
4,,,2954,0.17551006376743317,
4,,,2959,0.17520590126514435,
4,,,2964,0.09016480296850204,
4,,,2969,0.09988374263048172,
4,,,2974,0.19950129091739655,
4,,,2979,0.06283730268478394,
4,,,2984,0.12870855629444122,
4,,,2989,0.2691357135772705,
4,,,2994,0.01862160675227642,
4,,,2999,0.10029347240924835,
4,,,3004,0.22883117198944092,
4,,,3009,0.16160114109516144,
4,,,3014,0.22535336017608643,
4,,,3019,0.05425797030329704,
4,,,3024,0.11694323271512985,
4,,,3029,0.09147771447896957,
4,,,3034,0.19094450771808624,
4,,,3039,0.11365274339914322,
4,,,3044,0.09938380867242813,
4,,,3049,0.13685165345668793,
4,,,3054,0.09410491585731506,
4,,,3059,0.07524222135543823,
4,,,3064,0.13761772215366364,
4,,,3069,0.06697968393564224,
4,,,3074,0.07836935669183731,
4,,,3079,0.3314487636089325,
4,,,3084,0.575825572013855,
4,,,3089,0.023851165547966957,
4,,,3094,0.8500650525093079,
4,,,3099,0.184827521443367,
4,,,3104,0.18882721662521362,
4,,,3109,0.3891885280609131,
4,,,3114,0.11041154712438583,
4,,,3119,0.057920899242162704,
4,,,3124,0.11222749203443527,
4,,,3129,0.14964346587657928,
4,,,3134,0.18728387355804443,
4,,,3139,0.28174495697021484,
4,,,3144,0.18463683128356934,
4,,,3149,0.09938037395477295,
4,,,3154,0.18741002678871155,
4,,,3159,0.22513613104820251,
4,,,3164,0.08117662370204926,
4,,,3169,0.27215704321861267,
4,,,3174,0.3438766300678253,
4,,,3179,0.10211610049009323,
4,,,3184,0.12058910727500916,
4,,,3189,0.14408335089683533,
4,,,3194,0.046911150217056274,
4,,,3199,0.1801299750804901,
4,,,3204,0.14118511974811554,
4,,,3209,0.058800823986530304,
4,,,3214,0.24497203528881073,
4,,,3219,0.11644653230905533,
4,,,3224,0.2245287150144577,
4,,,3229,0.09213916957378387,
4,,,3234,0.1619609147310257,
4,,,3239,0.1657761037349701,
4,,,3244,0.2800632417201996,
4,,,3249,0.2996295988559723,
4,,,3254,0.07298032939434052,
4,,,3259,0.36262181401252747,
4,,,3264,0.12511752545833588,
4,,,3269,0.0657966136932373,
4,,,3274,0.16041195392608643,
4,,,3279,0.13809609413146973,
4,,,3284,0.12291927635669708,
4,,,3289,0.09546449035406113,
4,,,3294,0.08405229449272156,
4,,,3299,0.18102607131004333,
4,,,3304,0.12695547938346863,
4,,,3309,0.09523437172174454,
4,,,3314,0.22318826615810394,
4,,,3319,0.07271767407655716,
4,,,3324,0.1387968510389328,
4,,,3329,0.177138090133667,
4,,,3334,0.10171809792518616,
4,,,3339,0.14340192079544067,
4,,,3344,0.0682099461555481,
4,,,3349,0.1775142103433609,
4,,,3354,0.14212343096733093,
4,,,3359,0.03576742485165596,
4,,,3364,0.12023214995861053,
4,,,3369,0.15377439558506012,
4,,,3374,0.09272972494363785,
4,,,3379,0.038396045565605164,
4,,,3384,0.0281001515686512,
4,,,3389,0.12488199025392532,
4,,,3394,0.3504801094532013,
4,,,3399,0.14755134284496307,
4,,,3404,0.07119214534759521,
4,,,3409,0.1368776112794876,
4,,,3414,0.047873057425022125,
4,,,3419,0.13456200063228607,
4,,,3424,0.09006211161613464,
4,,,3429,0.08219028264284134,
4,,,3434,0.0885966345667839,
4,,,3439,0.13060307502746582,
4,,,3444,0.12495202571153641,
4,,,3449,0.08549444377422333,
4,,,3454,0.12830212712287903,
4,,,3459,0.1492777317762375,
4,,,3464,0.166155144572258,
4,,,3469,0.12890313565731049,
4,,,3474,0.13637447357177734,
4,,,3479,0.08977556973695755,
4,,,3484,0.059125158935785294,
4,,,3489,0.12668383121490479,
4,,,3494,0.0820767879486084,
4,,,3499,0.29385054111480713,
4,,,3499,,0.5310954451560974
,1e-05,0.0001,3500,,
5,,,3504,0.08836166560649872,
5,,,3509,0.1279325783252716,
5,,,3514,0.08525536209344864,
5,,,3519,0.058163635432720184,
5,,,3524,0.049038149416446686,
5,,,3529,0.07971078157424927,
5,,,3534,0.1567547470331192,
5,,,3539,0.18661218881607056,
5,,,3544,0.1989101767539978,
5,,,3549,0.14460693299770355,
5,,,3554,0.0941113829612732,
5,,,3559,0.12356731295585632,
5,,,3564,0.17767460644245148,
5,,,3569,0.2346009612083435,
5,,,3574,0.09790067374706268,
5,,,3579,0.09669767320156097,
5,,,3584,0.8500078916549683,
5,,,3589,0.20893211662769318,
5,,,3594,0.2690844237804413,
5,,,3599,0.1333611011505127,
5,,,3604,0.09952660650014877,
5,,,3609,0.05768841132521629,
5,,,3614,0.10124504566192627,
5,,,3619,0.20483513176441193,
5,,,3624,0.12175586819648743,
5,,,3629,0.23557816445827484,
5,,,3634,0.17261630296707153,
5,,,3639,0.046518608927726746,
5,,,3644,0.1710100620985031,
5,,,3649,0.11361744999885559,
5,,,3654,0.1731501817703247,
5,,,3659,0.1277754008769989,
5,,,3664,0.1312452107667923,
5,,,3669,0.12611527740955353,
5,,,3674,0.09146188199520111,
5,,,3679,0.22385215759277344,
5,,,3684,0.2123641073703766,
5,,,3689,0.05684743449091911,
5,,,3694,0.09800969064235687,
5,,,3699,0.006915201898664236,
5,,,3704,0.8501258492469788,
5,,,3709,0.16290299594402313,
5,,,3714,0.07499169558286667,
5,,,3719,0.06899143010377884,
5,,,3724,0.15554668009281158,
5,,,3729,0.06841553002595901,
5,,,3734,0.0820295512676239,
5,,,3739,0.09941479563713074,
5,,,3744,0.0688696950674057,
5,,,3749,0.14357402920722961,
5,,,3754,0.2205064296722412,
5,,,3759,0.3725120723247528,
5,,,3764,0.09768334776163101,
5,,,3769,0.06768917292356491,
5,,,3774,0.10238826274871826,
5,,,3779,0.322875440120697,
5,,,3784,0.26264727115631104,
5,,,3789,0.1504751592874527,
5,,,3794,0.06625363975763321,
5,,,3799,0.1365019679069519,
5,,,3804,0.12412407249212265,
5,,,3809,0.10271516442298889,
5,,,3814,0.6036738753318787,
5,,,3819,0.08140970766544342,
5,,,3824,0.11487028002738953,
5,,,3829,0.2316565215587616,
5,,,3834,0.07104077935218811,
5,,,3839,0.14950165152549744,
5,,,3844,0.13414813578128815,
5,,,3849,0.20944148302078247,
5,,,3854,0.21870452165603638,
5,,,3859,0.1697860211133957,
5,,,3864,0.23004229366779327,
5,,,3869,0.18851251900196075,
5,,,3874,0.037777483463287354,
5,,,3879,0.15632298588752747,
5,,,3884,0.18672999739646912,
5,,,3889,0.23023371398448944,
5,,,3894,0.19120629131793976,
5,,,3899,0.1325242519378662,
5,,,3904,0.1965634673833847,
5,,,3909,0.34015709161758423,
5,,,3914,0.06075628101825714,
5,,,3919,0.21848390996456146,
5,,,3924,0.045505110174417496,
5,,,3929,0.11419497430324554,
5,,,3934,0.13856446743011475,
5,,,3939,0.15630245208740234,
5,,,3944,0.03768191114068031,
5,,,3949,0.2721406817436218,
5,,,3954,0.08443649113178253,
5,,,3959,0.11125725507736206,
5,,,3964,0.1195143535733223,
5,,,3969,0.045579880475997925,
5,,,3974,0.22294019162654877,
5,,,3979,0.07812631130218506,
5,,,3984,0.17786476016044617,
5,,,3989,0.04952932894229889,
5,,,3994,0.08736773580312729,
5,,,3999,0.06217829883098602,
5,,,4004,0.10945259779691696,
5,,,4009,0.15275883674621582,
5,,,4014,0.2678205072879791,
5,,,4019,0.26728978753089905,
5,,,4024,0.2043556421995163,
5,,,4029,0.09184209257364273,
5,,,4034,0.07014735043048859,
5,,,4039,0.2146414816379547,
5,,,4044,0.2450312376022339,
5,,,4049,0.05261525884270668,
5,,,4054,0.10997256636619568,
5,,,4059,0.10236501693725586,
5,,,4064,0.12273325771093369,
5,,,4069,0.1484515219926834,
5,,,4074,0.19953060150146484,
5,,,4079,0.8499901294708252,
5,,,4084,0.24216139316558838,
5,,,4089,0.22735854983329773,
5,,,4094,0.19183366000652313,
5,,,4099,0.054598815739154816,
5,,,4104,0.1407374143600464,
5,,,4109,0.12202216684818268,
5,,,4114,0.1397782564163208,
5,,,4119,0.2038026601076126,
5,,,4124,0.14582237601280212,
5,,,4129,0.06384263187646866,
5,,,4134,0.23382015526294708,
5,,,4139,0.1171269416809082,
5,,,4144,0.17439039051532745,
5,,,4149,0.2056247591972351,
5,,,4154,0.20283523201942444,
5,,,4159,0.08921833336353302,
5,,,4164,0.18299591541290283,
5,,,4169,0.11874780803918839,
5,,,4174,0.8498508930206299,
5,,,4179,0.18299804627895355,
5,,,4184,0.02093677595257759,
5,,,4189,0.17327594757080078,
5,,,4194,0.15931116044521332,
5,,,4199,0.15561842918395996,
5,,,4199,,0.5686779618263245
,1e-05,0.0001,4200,,
6,,,4204,0.1282930225133896,
6,,,4209,0.3424375653266907,
6,,,4214,0.10730761289596558,
6,,,4219,0.22689785063266754,
6,,,4224,0.20983558893203735,
6,,,4229,0.022489028051495552,
6,,,4234,0.08937159925699234,
6,,,4239,0.07072526216506958,
6,,,4244,0.10998299717903137,
6,,,4249,0.16793718934059143,
6,,,4254,0.16177716851234436,
6,,,4259,0.14591358602046967,
6,,,4264,0.17925329506397247,
6,,,4269,0.12188190221786499,
6,,,4274,0.12937253713607788,
6,,,4279,0.13751471042633057,
6,,,4284,0.14567787945270538,
6,,,4289,0.15774716436862946,
6,,,4294,0.28132137656211853,
6,,,4299,0.01649039424955845,
6,,,4304,0.2103479504585266,
6,,,4309,0.034629058092832565,
6,,,4314,0.10668810456991196,
6,,,4319,0.04983734339475632,
6,,,4324,0.10261761397123337,
6,,,4329,0.19722230732440948,
6,,,4334,0.11755087971687317,
6,,,4339,0.02986784279346466,
6,,,4344,0.034526776522397995,
6,,,4349,0.08069756627082825,
6,,,4354,0.07602102309465408,
6,,,4359,0.08910389244556427,
6,,,4364,0.17830197513103485,
6,,,4369,0.0800391435623169,
6,,,4374,0.14008890092372894,
6,,,4379,0.11700497567653656,
6,,,4384,0.10039694607257843,
6,,,4389,0.08329521864652634,
6,,,4394,0.19528673589229584,
6,,,4399,0.09365972131490707,
6,,,4404,0.04751420021057129,
6,,,4409,0.08235115557909012,
6,,,4414,0.045454397797584534,
6,,,4419,0.156623974442482,
6,,,4424,0.20978082716464996,
6,,,4429,0.43981698155403137,
6,,,4434,0.3722414970397949,
6,,,4439,0.10401763021945953,
6,,,4444,0.1986948400735855,
6,,,4449,0.47306498885154724,
6,,,4454,0.17333471775054932,
6,,,4459,0.10561569780111313,
6,,,4464,0.1927652657032013,
6,,,4469,0.0981086939573288,
6,,,4474,0.10675643384456635,
6,,,4479,0.7393518686294556,
6,,,4484,0.07012606412172318,
6,,,4489,0.11761350929737091,
6,,,4494,0.09827429801225662,
6,,,4499,0.12222086638212204,
6,,,4504,0.07921787351369858,
6,,,4509,0.08897232264280319,
6,,,4514,0.07112380862236023,
6,,,4519,0.1291479766368866,
6,,,4524,0.11458224058151245,
6,,,4529,0.05212545022368431,
6,,,4534,0.06738084554672241,
6,,,4539,0.015543779358267784,
6,,,4544,0.08635769784450531,
6,,,4549,0.3247343599796295,
6,,,4554,0.11520906537771225,
6,,,4559,0.11238116025924683,
6,,,4564,0.8499722480773926,
6,,,4569,0.06153951957821846,
6,,,4574,0.04838038235902786,
6,,,4579,0.0982779860496521,
6,,,4584,0.12045173346996307,
6,,,4589,0.3542533814907074,
6,,,4594,0.26301565766334534,
6,,,4599,0.09753880649805069,
6,,,4604,0.3572812080383301,
6,,,4609,0.14589492976665497,
6,,,4614,0.11072073876857758,
6,,,4619,0.11295319348573685,
6,,,4624,0.05885138735175133,
6,,,4629,0.12314895540475845,
6,,,4634,0.21068686246871948,
6,,,4639,0.14016728103160858,
6,,,4644,0.07903385907411575,
6,,,4649,0.2000020146369934,
6,,,4654,0.1856822371482849,
6,,,4659,0.21054555475711823,
6,,,4664,0.26256486773490906,
6,,,4669,0.12501497566699982,
6,,,4674,0.12589159607887268,
6,,,4679,0.14761169254779816,
6,,,4684,0.1243133619427681,
6,,,4689,0.05358552560210228,
6,,,4694,0.05452202260494232,
6,,,4699,0.2800214886665344,
6,,,4704,0.04600153863430023,
6,,,4709,0.16147854924201965,
6,,,4714,0.2539694905281067,
6,,,4719,0.3226848244667053,
6,,,4724,0.08010604232549667,
6,,,4729,0.1700451672077179,
6,,,4734,0.08906146883964539,
6,,,4739,0.1904662400484085,
6,,,4744,0.5446844696998596,
6,,,4749,0.1569851189851761,
6,,,4754,0.06994373351335526,
6,,,4759,0.10674437880516052,
6,,,4764,0.04494275525212288,
6,,,4769,0.179953470826149,
6,,,4774,0.08578518778085709,
6,,,4779,0.07295843958854675,
6,,,4784,0.0552496612071991,
6,,,4789,0.31087788939476013,
6,,,4794,0.09608906507492065,
6,,,4799,0.13080108165740967,
6,,,4804,0.11904824525117874,
6,,,4809,0.19540686905384064,
6,,,4814,0.05033724755048752,
6,,,4819,0.23144376277923584,
6,,,4824,0.06906645745038986,
6,,,4829,0.03527843952178955,
6,,,4834,0.18365219235420227,
6,,,4839,0.02424544282257557,
6,,,4844,0.1274670958518982,
6,,,4849,0.33470281958580017,
6,,,4854,0.12734022736549377,
6,,,4859,0.1800331175327301,
6,,,4864,0.024068742990493774,
6,,,4869,0.20530393719673157,
6,,,4874,0.23191207647323608,
6,,,4879,0.1245744451880455,
6,,,4884,0.11299774050712585,
6,,,4889,0.08966419845819473,
6,,,4894,0.20545850694179535,
6,,,4899,0.19259013235569,
6,,,4899,,0.5286405086517334
,1e-05,0.0001,4900,,
7,,,4904,0.1588582843542099,
7,,,4909,0.10846107453107834,
7,,,4914,0.15717051923274994,
7,,,4919,0.12993666529655457,
7,,,4924,0.20094162225723267,
7,,,4929,0.1877041906118393,
7,,,4934,0.0638628602027893,
7,,,4939,0.051386523991823196,
7,,,4944,0.10878650844097137,
7,,,4949,0.14474263787269592,
7,,,4954,0.07651720941066742,
7,,,4959,0.09620395302772522,
7,,,4964,0.09441129863262177,
7,,,4969,0.031007109209895134,
7,,,4974,0.2310262769460678,
7,,,4979,0.2114989459514618,
7,,,4984,0.22538387775421143,
7,,,4989,0.1098514199256897,
7,,,4994,0.24315962195396423,
7,,,4999,0.1033051535487175,
7,,,5004,0.09930964559316635,
7,,,5009,0.04307892173528671,
7,,,5014,0.3525063395500183,
7,,,5019,0.21629519760608673,
7,,,5024,0.07220177352428436,
7,,,5029,0.17552609741687775,
7,,,5034,0.06322865188121796,
7,,,5039,0.17670196294784546,
7,,,5044,0.07092040032148361,
7,,,5049,0.107666976749897,
7,,,5054,0.1978694349527359,
7,,,5059,0.3205297291278839,
7,,,5064,0.05924364551901817,
7,,,5069,0.05201488733291626,
7,,,5074,0.056357525289058685,
7,,,5079,0.2569560706615448,
7,,,5084,0.1820063292980194,
7,,,5089,0.06994428485631943,
7,,,5094,0.14904102683067322,
7,,,5099,0.07909701764583588,
7,,,5104,0.20338653028011322,
7,,,5109,0.027643363922834396,
7,,,5114,0.07014622539281845,
7,,,5119,0.07385262846946716,
7,,,5124,0.057256069034338,
7,,,5129,0.12363488227128983,
7,,,5134,0.13209912180900574,
7,,,5139,0.07573554664850235,
7,,,5144,0.029040561988949776,
7,,,5149,0.33758068084716797,
7,,,5154,0.01583843119442463,
7,,,5159,0.0829896554350853,
7,,,5164,0.10989819467067719,
7,,,5169,0.043585535138845444,
7,,,5174,0.1014188677072525,
7,,,5179,0.047718293964862823,
7,,,5184,0.044452592730522156,
7,,,5189,0.056519459933042526,
7,,,5194,0.13904936611652374,
7,,,5199,0.21278077363967896,
7,,,5204,0.08361011743545532,
7,,,5209,0.26198825240135193,
7,,,5214,0.132039874792099,
7,,,5219,0.08011354506015778,
7,,,5224,0.14248862862586975,
7,,,5229,0.10185219347476959,
7,,,5234,0.10693659633398056,
7,,,5239,0.18600919842720032,
7,,,5244,0.1473843902349472,
7,,,5249,0.08627977967262268,
7,,,5254,0.8500037789344788,
7,,,5259,0.08627740293741226,
7,,,5264,0.10633798688650131,
7,,,5269,0.22483250498771667,
7,,,5274,0.02063135616481304,
7,,,5279,0.05382886156439781,
7,,,5284,0.09574057906866074,
7,,,5289,0.024764399975538254,
7,,,5294,0.10561644285917282,
7,,,5299,0.05757598206400871,
7,,,5304,0.06148064136505127,
7,,,5309,0.06434816122055054,
7,,,5314,0.09044137597084045,
7,,,5319,0.05862066149711609,
7,,,5324,0.11537207663059235,
7,,,5329,0.14192098379135132,
7,,,5334,0.06827454268932343,
7,,,5339,0.21906709671020508,
7,,,5344,0.11664768308401108,
7,,,5349,0.0552467405796051,
7,,,5354,0.09132076799869537,
7,,,5359,0.02903599664568901,
7,,,5364,0.05903829634189606,
7,,,5369,0.15439561009407043,
7,,,5374,0.08904968947172165,
7,,,5379,0.01794292777776718,
7,,,5384,0.12118308246135712,
7,,,5389,0.04941587895154953,
7,,,5394,0.10649646818637848,
7,,,5399,0.21200355887413025,
7,,,5404,0.2106155902147293,
7,,,5409,0.07739140093326569,
7,,,5414,0.046097420156002045,
7,,,5419,0.03033449873328209,
7,,,5424,0.1780897080898285,
7,,,5429,0.2903963625431061,
7,,,5434,0.13733148574829102,
7,,,5439,0.07000225782394409,
7,,,5444,0.09215037524700165,
7,,,5449,0.06195094808936119,
7,,,5454,0.12093047052621841,
7,,,5459,0.1260446310043335,
7,,,5464,0.07075726985931396,
7,,,5469,0.07279176265001297,
7,,,5474,0.30717897415161133,
7,,,5479,0.22995300590991974,
7,,,5484,0.08208262175321579,
7,,,5489,0.10732859373092651,
7,,,5494,0.8500229716300964,
7,,,5499,0.025434374809265137,
7,,,5504,0.07371341437101364,
7,,,5509,0.6074502468109131,
7,,,5514,0.1585034728050232,
7,,,5519,0.06581025570631027,
7,,,5524,0.06774275749921799,
7,,,5529,0.0579344779253006,
7,,,5534,0.042418498545885086,
7,,,5539,0.8499746322631836,
7,,,5544,0.1526942104101181,
7,,,5549,0.19158639013767242,
7,,,5554,0.3022260069847107,
7,,,5559,0.07104368507862091,
7,,,5564,0.1311585158109665,
7,,,5569,0.14359650015830994,
7,,,5574,0.0642964318394661,
7,,,5579,0.2235995978116989,
7,,,5584,0.09359436482191086,
7,,,5589,0.21569974720478058,
7,,,5594,0.04332753270864487,
7,,,5599,0.1536635160446167,
7,,,5599,,0.5389168858528137
,1e-05,0.0001,5600,,
8,,,5604,0.12890976667404175,
8,,,5609,0.15681065618991852,
8,,,5614,0.2942039668560028,
8,,,5619,0.1837942898273468,
8,,,5624,0.12036208808422089,
8,,,5629,0.104568250477314,
8,,,5634,0.15516448020935059,
8,,,5639,0.07989173382520676,
8,,,5644,0.11102759093046188,
8,,,5649,0.04864996671676636,
8,,,5654,0.05868496000766754,
8,,,5659,0.06949569284915924,
8,,,5664,0.34008094668388367,
8,,,5669,0.2423974871635437,
8,,,5674,0.08610526472330093,
8,,,5679,0.02391359955072403,
8,,,5684,0.13349084556102753,
8,,,5689,0.14019279181957245,
8,,,5694,0.13902270793914795,
8,,,5699,0.15755978226661682,
8,,,5704,0.11246848106384277,
8,,,5709,0.05760062485933304,
8,,,5714,0.8508327007293701,
8,,,5719,0.26289352774620056,
8,,,5724,0.11814460158348083,
8,,,5729,0.2032468169927597,
8,,,5734,0.4006620943546295,
8,,,5739,0.08507990837097168,
8,,,5744,0.11377411335706711,
8,,,5749,0.12301555275917053,
8,,,5754,0.13140206038951874,
8,,,5759,0.21658390760421753,
8,,,5764,0.10078649967908859,
8,,,5769,0.05842768773436546,
8,,,5774,0.03615294769406319,
8,,,5779,0.05946023389697075,
8,,,5784,0.23832134902477264,
8,,,5789,0.20099064707756042,
8,,,5794,0.04291719198226929,
8,,,5799,0.049089133739471436,
8,,,5804,0.0954337865114212,
8,,,5809,0.2214386761188507,
8,,,5814,0.19239743053913116,
8,,,5819,0.026610633358359337,
8,,,5824,0.12238873541355133,
8,,,5829,0.09270578622817993,
8,,,5834,0.14851124584674835,
8,,,5839,0.19998499751091003,
8,,,5844,0.09865260869264603,
8,,,5849,0.2860701084136963,
8,,,5854,0.06379469484090805,
8,,,5859,0.1403358429670334,
8,,,5864,0.09654516726732254,
8,,,5869,0.19892354309558868,
8,,,5874,0.056492358446121216,
8,,,5879,0.09798861294984818,
8,,,5884,0.02163625881075859,
8,,,5889,0.07792667299509048,
8,,,5894,0.12324658036231995,
8,,,5899,0.8495619893074036,
8,,,5904,0.11523958295583725,
8,,,5909,0.03925783559679985,
8,,,5914,0.08286348730325699,
8,,,5919,0.1016366109251976,
8,,,5924,0.16223494708538055,
8,,,5929,0.21430765092372894,
8,,,5934,0.1439943164587021,
8,,,5939,0.6473928093910217,
8,,,5944,0.2380891591310501,
8,,,5949,0.06028023362159729,
8,,,5954,0.10519888997077942,
8,,,5959,0.05408155545592308,
8,,,5964,0.0635242611169815,
8,,,5969,0.09011304378509521,
8,,,5974,0.06251712143421173,
8,,,5979,0.09937909245491028,
8,,,5984,0.1129136011004448,
8,,,5989,0.06568774580955505,
8,,,5994,0.11949630826711655,
8,,,5999,0.07892592996358871,
8,,,6004,0.07440199702978134,
8,,,6009,0.061990540474653244,
8,,,6014,0.35202306509017944,
8,,,6019,0.049118299037218094,
8,,,6024,0.08677999675273895,
8,,,6029,0.0760832354426384,
8,,,6034,0.06632497906684875,
8,,,6039,0.11132588237524033,
8,,,6044,0.03130544349551201,
8,,,6049,0.09705007821321487,
8,,,6054,0.08073664456605911,
8,,,6059,0.8500325083732605,
8,,,6064,0.03174380585551262,
8,,,6069,0.0656183734536171,
8,,,6074,0.1583532840013504,
8,,,6079,0.0481775738298893,
8,,,6084,0.12390293926000595,
8,,,6089,0.0571252703666687,
8,,,6094,0.06560894846916199,
8,,,6099,0.3531632721424103,
8,,,6104,0.03796647489070892,
8,,,6109,0.023106487467885017,
8,,,6114,0.13288696110248566,
8,,,6119,0.04920448362827301,
8,,,6124,0.17020347714424133,
8,,,6129,0.09064596146345139,
8,,,6134,0.07074982672929764,
8,,,6139,0.24362201988697052,
8,,,6144,0.12581971287727356,
8,,,6149,0.08117208629846573,
8,,,6154,0.1487988531589508,
8,,,6159,0.08083987981081009,
8,,,6164,0.2951053977012634,
8,,,6169,0.0667063519358635,
8,,,6174,0.09015406668186188,
8,,,6179,0.13182741403579712,
8,,,6184,0.15872037410736084,
8,,,6189,0.1290968805551529,
8,,,6194,0.07913324236869812,
8,,,6199,0.1475721299648285,
8,,,6204,0.15808320045471191,
8,,,6209,0.12380914390087128,
8,,,6214,0.31909430027008057,
8,,,6219,0.12230607122182846,
8,,,6224,0.04348207637667656,
8,,,6229,0.2800741195678711,
8,,,6234,0.12599888443946838,
8,,,6239,0.020413197576999664,
8,,,6244,0.15871907770633698,
8,,,6249,0.5893204212188721,
8,,,6254,0.18105457723140717,
8,,,6259,0.1294480264186859,
8,,,6264,0.057784754782915115,
8,,,6269,0.26231053471565247,
8,,,6274,0.1560385376214981,
8,,,6279,0.2021319568157196,
8,,,6284,0.14243200421333313,
8,,,6289,0.031643498688936234,
8,,,6294,0.08614326268434525,
8,,,6299,0.11707127839326859,
8,,,6299,,0.5455148220062256
,1e-05,0.0001,6300,,
9,,,6304,0.11631433665752411,
9,,,6309,0.621354877948761,
9,,,6314,0.04077370464801788,
9,,,6319,0.14456984400749207,
9,,,6324,0.16148753464221954,
9,,,6329,0.12422341108322144,
9,,,6334,0.048552267253398895,
9,,,6339,0.040974169969558716,
9,,,6344,0.2518467605113983,
9,,,6349,0.038204487413167953,
9,,,6354,0.026246653869748116,
9,,,6359,0.032469842582941055,
9,,,6364,0.03641526401042938,
9,,,6369,0.06551501899957657,
9,,,6374,0.21408134698867798,
9,,,6379,0.043275997042655945,
9,,,6384,0.041293200105428696,
9,,,6389,0.03560115769505501,
9,,,6394,0.12855704128742218,
9,,,6399,0.04227248579263687,
9,,,6404,0.06463479995727539,
9,,,6409,0.1625591665506363,
9,,,6414,0.049556273967027664,
9,,,6419,0.20998124778270721,
9,,,6424,0.07789153605699539,
9,,,6429,0.06696513295173645,
9,,,6434,0.2681888937950134,
9,,,6439,0.08672596514225006,
9,,,6444,0.15982554852962494,
9,,,6449,0.07325852662324905,
9,,,6454,0.1594664305448532,
9,,,6459,0.18914170563220978,
9,,,6464,0.11361630260944366,
9,,,6469,0.10986768454313278,
9,,,6474,0.0686284601688385,
9,,,6479,0.03353220224380493,
9,,,6484,0.3437715768814087,
9,,,6489,0.16587227582931519,
9,,,6494,0.022260358557105064,
9,,,6499,0.06219867989420891,
9,,,6504,0.12101516127586365,
9,,,6509,0.15685658156871796,
9,,,6514,0.07588552683591843,
9,,,6519,0.01748436689376831,
9,,,6524,0.037045590579509735,
9,,,6529,0.010766470804810524,
9,,,6534,0.1013798639178276,
9,,,6539,0.1563946157693863,
9,,,6544,0.083234041929245,
9,,,6549,0.17169760167598724,
9,,,6554,0.06502985954284668,
9,,,6559,0.11559554189443588,
9,,,6564,0.17924296855926514,
9,,,6569,0.07552076876163483,
9,,,6574,0.13041488826274872,
9,,,6579,0.09129774570465088,
9,,,6584,0.20469129085540771,
9,,,6589,0.04908819496631622,
9,,,6594,0.20975515246391296,
9,,,6599,0.10794666409492493,
9,,,6604,0.06481592357158661,
9,,,6609,0.11425405740737915,
9,,,6614,0.0496402308344841,
9,,,6619,0.14688438177108765,
9,,,6624,0.25421470403671265,
9,,,6629,0.8498683571815491,
9,,,6634,0.06821758300065994,
9,,,6639,0.8501274585723877,
9,,,6644,0.07448934018611908,
9,,,6649,0.10363937169313431,
9,,,6654,0.10378318279981613,
9,,,6659,0.10497456789016724,
9,,,6664,0.11418384313583374,
9,,,6669,0.09573864191770554,
9,,,6674,0.135141983628273,
9,,,6679,0.08351302146911621,
9,,,6684,0.054037079215049744,
9,,,6689,0.06863734126091003,
9,,,6694,0.10021613538265228,
9,,,6699,0.07929069548845291,
9,,,6704,0.02318526618182659,
9,,,6709,0.12729805707931519,
9,,,6714,0.06843557208776474,
9,,,6719,0.07225901633501053,
9,,,6724,0.38409844040870667,
9,,,6729,0.08961660414934158,
9,,,6734,0.08339519053697586,
9,,,6739,0.10284364223480225,
9,,,6744,0.052550721913576126,
9,,,6749,0.14209777116775513,
9,,,6754,0.12269981950521469,
9,,,6759,0.06718270480632782,
9,,,6764,0.12711741030216217,
9,,,6769,0.07053137570619583,
9,,,6774,0.04332443326711655,
9,,,6779,0.024231374263763428,
9,,,6784,0.07885301113128662,
9,,,6789,0.06634095311164856,
9,,,6794,0.16867399215698242,
9,,,6799,0.15980581939220428,
9,,,6804,0.17610442638397217,
9,,,6809,0.10786784440279007,
9,,,6814,0.01764889620244503,
9,,,6819,0.0694861114025116,
9,,,6824,0.06812144070863724,
9,,,6829,0.11170792579650879,
9,,,6834,0.1143089234828949,
9,,,6839,0.09307907521724701,
9,,,6844,0.16170135140419006,
9,,,6849,0.17218849062919617,
9,,,6854,0.038214489817619324,
9,,,6859,0.05379272997379303,
9,,,6864,0.14958053827285767,
9,,,6869,0.39412978291511536,
9,,,6874,0.10948425531387329,
9,,,6879,0.11082745343446732,
9,,,6884,0.13316607475280762,
9,,,6889,0.07541143149137497,
9,,,6894,0.04043884947896004,
9,,,6899,0.06669098138809204,
9,,,6904,0.10098366439342499,
9,,,6909,0.06841681897640228,
9,,,6914,0.10758662223815918,
9,,,6919,0.10168491303920746,
9,,,6924,0.049908120185136795,
9,,,6929,0.01958160661160946,
9,,,6934,0.14880196750164032,
9,,,6939,0.07174171507358551,
9,,,6944,0.4060104787349701,
9,,,6949,0.07050308585166931,
9,,,6954,0.8499976992607117,
9,,,6959,0.2173706293106079,
9,,,6964,0.14598117768764496,
9,,,6969,0.0992976576089859,
9,,,6974,0.22858694195747375,
9,,,6979,0.017211126163601875,
9,,,6984,0.14520734548568726,
9,,,6989,0.12464508414268494,
9,,,6994,0.10560663044452667,
9,,,6999,0.0888609066605568,
9,,,6999,,0.5228933095932007
,5e-06,5e-05,7000,,
10,,,7004,0.23660238087177277,
10,,,7009,0.25276899337768555,
10,,,7014,0.14045396447181702,
10,,,7019,0.09769181907176971,
10,,,7024,0.0681229904294014,
10,,,7029,0.1303626447916031,
10,,,7034,0.1681763231754303,
10,,,7039,0.10938630998134613,
10,,,7044,0.0811237320303917,
10,,,7049,0.21262411773204803,
10,,,7054,0.07270021736621857,
10,,,7059,0.14749161899089813,
10,,,7064,0.052705224603414536,
10,,,7069,0.30285513401031494,
10,,,7074,0.1679232120513916,
10,,,7079,0.10947725176811218,
10,,,7084,0.08514942973852158,
10,,,7089,0.08286991715431213,
10,,,7094,0.09193241596221924,
10,,,7099,0.11209617555141449,
10,,,7104,0.07772479206323624,
10,,,7109,0.0696544498205185,
10,,,7114,0.02002277597784996,
10,,,7119,0.05846602842211723,
10,,,7124,0.09459149837493896,
10,,,7129,0.08338543027639389,
10,,,7134,0.07256276905536652,
10,,,7139,0.0919363796710968,
10,,,7144,0.024135233834385872,
10,,,7149,0.0501861572265625,
10,,,7154,0.09518510103225708,
10,,,7159,0.06253500282764435,
10,,,7164,0.8500609993934631,
10,,,7169,0.07750160247087479,
10,,,7174,0.02705099619925022,
10,,,7179,0.05969282612204552,
10,,,7184,0.09337924420833588,
10,,,7189,0.045461125671863556,
10,,,7194,0.05141465738415718,
10,,,7199,0.8500053286552429,
10,,,7204,0.14389227330684662,
10,,,7209,0.23439207673072815,
10,,,7214,0.11278411000967026,
10,,,7219,0.15894699096679688,
10,,,7224,0.0645703375339508,
10,,,7229,0.13473747670650482,
10,,,7234,0.09655293822288513,
10,,,7239,0.04144541546702385,
10,,,7244,0.06897561252117157,
10,,,7249,0.04908493161201477,
10,,,7254,0.037099454551935196,
10,,,7259,0.14453132450580597,
10,,,7264,0.026165803894400597,
10,,,7269,0.043153487145900726,
10,,,7274,0.034712255001068115,
10,,,7279,0.1443726122379303,
10,,,7284,0.037729308009147644,
10,,,7289,0.03967755287885666,
10,,,7294,0.04011447727680206,
10,,,7299,0.10679776966571808,
10,,,7304,0.06890574842691422,
10,,,7309,0.11108017712831497,
10,,,7314,0.2507442831993103,
10,,,7319,0.07494302839040756,
10,,,7324,0.13576528429985046,
10,,,7329,0.12190154194831848,
10,,,7334,0.03634728491306305,
10,,,7339,0.06849861890077591,
10,,,7344,0.026300577446818352,
10,,,7349,0.09936980903148651,
10,,,7354,0.11808089166879654,
10,,,7359,0.12647011876106262,
10,,,7364,0.04537593573331833,
10,,,7369,0.1574973464012146,
10,,,7374,0.11778077483177185,
10,,,7379,0.05778568983078003,
10,,,7384,0.07489017397165298,
10,,,7389,0.03640703484416008,
10,,,7394,0.0734405592083931,
10,,,7399,0.05841776356101036,
10,,,7404,0.06261808425188065,
10,,,7409,0.20907583832740784,
10,,,7414,0.09626173228025436,
10,,,7419,0.01576937735080719,
10,,,7424,0.0638277530670166,
10,,,7429,0.0515456348657608,
10,,,7434,0.04351234808564186,
10,,,7439,0.1208852082490921,
10,,,7444,0.05553153157234192,
10,,,7449,0.09866628795862198,
10,,,7454,0.09650081396102905,
10,,,7459,0.1075463518500328,
10,,,7464,0.043979842215776443,
10,,,7469,0.04673143848776817,
10,,,7474,0.08701319992542267,
10,,,7479,0.075687475502491,
10,,,7484,0.05172494798898697,
10,,,7489,0.13392962515354156,
10,,,7494,0.17580020427703857,
10,,,7499,0.020940173417329788,
10,,,7504,0.1211794838309288,
10,,,7509,0.06182822212576866,
10,,,7514,0.1356528401374817,
10,,,7519,0.04690447077155113,
10,,,7524,0.11854350566864014,
10,,,7529,0.025065824389457703,
10,,,7534,0.10008933395147324,
10,,,7539,0.12067776918411255,
10,,,7544,0.17371805012226105,
10,,,7549,0.05560846999287605,
10,,,7554,0.02923303097486496,
10,,,7559,0.0985102429986,
10,,,7564,0.13106785714626312,
10,,,7569,0.11331638693809509,
10,,,7574,0.22474005818367004,
10,,,7579,0.16937978565692902,
10,,,7584,0.04528730735182762,
10,,,7589,0.13105352222919464,
10,,,7594,0.14053863286972046,
10,,,7599,0.028157914057374,
10,,,7604,0.024598728865385056,
10,,,7609,0.05461927503347397,
10,,,7614,0.13019755482673645,
10,,,7619,0.06766878068447113,
10,,,7624,0.12386378645896912,
10,,,7629,0.05578518658876419,
10,,,7634,0.035610124468803406,
10,,,7639,0.1224830225110054,
10,,,7644,0.06121419742703438,
10,,,7649,0.12111257016658783,
10,,,7654,0.10933010280132294,
10,,,7659,0.061400964856147766,
10,,,7664,0.0241865124553442,
10,,,7669,0.0392087958753109,
10,,,7674,0.041124459356069565,
10,,,7679,0.09335877001285553,
10,,,7684,0.10594109445810318,
10,,,7689,0.14193688333034515,
10,,,7694,0.8500080108642578,
10,,,7699,0.04684443026781082,
10,,,7699,,0.5047388672828674
,5e-06,5e-05,7700,,
11,,,7704,0.048695459961891174,
11,,,7709,0.09101884812116623,
11,,,7714,0.20985627174377441,
11,,,7719,0.1308251917362213,
11,,,7724,0.05258011445403099,
11,,,7729,0.07096359133720398,
11,,,7734,0.16360734403133392,
11,,,7739,0.06039439141750336,
11,,,7744,0.035064809024333954,
11,,,7749,0.33156222105026245,
11,,,7754,0.10441941022872925,
11,,,7759,0.034984834492206573,
11,,,7764,0.0897451639175415,
11,,,7769,0.04263292998075485,
11,,,7774,0.016883881762623787,
11,,,7779,0.012336679734289646,
11,,,7784,0.06873707473278046,
11,,,7789,0.05629727244377136,
11,,,7794,0.07264070957899094,
11,,,7799,0.18380483984947205,
11,,,7804,0.12194274365901947,
11,,,7809,0.05216977372765541,
11,,,7814,0.04776712507009506,
11,,,7819,0.061692364513874054,
11,,,7824,0.05124950781464577,
11,,,7829,0.08065859973430634,
11,,,7834,0.0370636060833931,
11,,,7839,0.04249635338783264,
11,,,7844,0.14597347378730774,
11,,,7849,0.115819551050663,
11,,,7854,0.10801000148057938,
11,,,7859,0.026752173900604248,
11,,,7864,0.298372745513916,
11,,,7869,0.03394404426217079,
11,,,7874,0.6407740712165833,
11,,,7879,0.06708632409572601,
11,,,7884,0.03760005906224251,
11,,,7889,0.06575649231672287,
11,,,7894,0.20384815335273743,
11,,,7899,0.06871473789215088,
11,,,7904,0.04606776311993599,
11,,,7909,0.08387283980846405,
11,,,7914,0.1830945611000061,
11,,,7919,0.08690682053565979,
11,,,7924,0.04915975034236908,
11,,,7929,0.12497854977846146,
11,,,7934,0.10386721044778824,
11,,,7939,0.04843524843454361,
11,,,7944,0.11202844232320786,
11,,,7949,0.012635319493710995,
11,,,7954,0.16388444602489471,
11,,,7959,0.06637396663427353,
11,,,7964,0.11942216008901596,
11,,,7969,0.08240185678005219,
11,,,7974,0.07695445418357849,
11,,,7979,0.08689627051353455,
11,,,7984,0.16704995930194855,
11,,,7989,0.08520171791315079,
11,,,7994,0.05775538086891174,
11,,,7999,0.13721394538879395,
11,,,8004,0.032402750104665756,
11,,,8009,0.18886664509773254,
11,,,8014,0.07189597189426422,
11,,,8019,0.12458237260580063,
11,,,8024,0.05043308809399605,
11,,,8029,0.10267671942710876,
11,,,8034,0.018453072756528854,
11,,,8039,0.047077979892492294,
11,,,8044,0.09745340049266815,
11,,,8049,0.08047826588153839,
11,,,8054,0.16816869378089905,
11,,,8059,0.11095544695854187,
11,,,8064,0.04771725460886955,
11,,,8069,0.019877556711435318,
11,,,8074,0.019093817099928856,
11,,,8079,0.011069152504205704,
11,,,8084,0.01594860851764679,
11,,,8089,0.07710205018520355,
11,,,8094,0.08278562873601913,
11,,,8099,0.07042224705219269,
11,,,8104,0.13540306687355042,
11,,,8109,0.30659759044647217,
11,,,8114,0.028493095189332962,
11,,,8119,0.04463152587413788,
11,,,8124,0.05080148205161095,
11,,,8129,0.031381331384181976,
11,,,8134,0.05311408266425133,
11,,,8139,0.15856145322322845,
11,,,8144,0.0517968088388443,
11,,,8149,0.034728795289993286,
11,,,8154,0.08578141778707504,
11,,,8159,0.2011754959821701,
11,,,8164,0.022093838080763817,
11,,,8169,0.20614761114120483,
11,,,8174,0.030848989263176918,
11,,,8179,0.1545572280883789,
11,,,8184,0.05771346017718315,
11,,,8189,0.06804466247558594,
11,,,8194,0.14663761854171753,
11,,,8199,0.07342932373285294,
11,,,8204,0.053574785590171814,
11,,,8209,0.04213472455739975,
11,,,8214,0.0838000699877739,
11,,,8219,0.12372482568025589,
11,,,8224,0.02109553851187229,
11,,,8229,0.06726754456758499,
11,,,8234,0.010748344473540783,
11,,,8239,0.05288218334317207,
11,,,8244,0.07849504798650742,
11,,,8249,0.20884601771831512,
11,,,8254,0.03840100020170212,
11,,,8259,0.05567673221230507,
11,,,8264,0.04298295080661774,
11,,,8269,0.22371990978717804,
11,,,8274,0.044690847396850586,
11,,,8279,0.09460751712322235,
11,,,8284,0.13664601743221283,
11,,,8289,0.04899868741631508,
11,,,8294,0.06638757139444351,
11,,,8299,0.08219443261623383,
11,,,8304,0.08577761054039001,
11,,,8309,0.060118842869997025,
11,,,8314,0.057267770171165466,
11,,,8319,0.20247769355773926,
11,,,8324,0.14256355166435242,
11,,,8329,0.09790060669183731,
11,,,8334,0.024624954909086227,
11,,,8339,0.0149072902277112,
11,,,8344,0.013979596085846424,
11,,,8349,0.059355754405260086,
11,,,8354,0.0382448174059391,
11,,,8359,0.03383193910121918,
11,,,8364,0.035088710486888885,
11,,,8369,0.051575735211372375,
11,,,8374,0.0911332294344902,
11,,,8379,0.09354279190301895,
11,,,8384,0.22037173807621002,
11,,,8389,0.04582544043660164,
11,,,8394,0.15214362740516663,
11,,,8399,0.07859737426042557,
11,,,8399,,0.5080162286758423
,5e-06,5e-05,8400,,
12,,,8404,0.10562527924776077,
12,,,8409,0.23224888741970062,
12,,,8414,0.12466888129711151,
12,,,8419,0.02836684323847294,
12,,,8424,0.09265921264886856,
12,,,8429,0.06163390353322029,
12,,,8434,0.04066161438822746,
12,,,8439,0.06638738512992859,
12,,,8444,0.043700527399778366,
12,,,8449,0.036635369062423706,
12,,,8454,0.0998331606388092,
12,,,8459,0.07885458320379257,
12,,,8464,0.1572456657886505,
12,,,8469,0.21723826229572296,
12,,,8474,0.0735660046339035,
12,,,8479,0.1916283667087555,
12,,,8484,0.13981467485427856,
12,,,8489,0.0968259871006012,
12,,,8494,0.03126489743590355,
12,,,8499,0.06335805356502533,
12,,,8504,0.15760411322116852,
12,,,8509,0.11421112716197968,
12,,,8514,0.149600088596344,
12,,,8519,0.05071096122264862,
12,,,8524,0.009739423170685768,
12,,,8529,0.05777435004711151,
12,,,8534,0.15559731423854828,
12,,,8539,0.04410170763731003,
12,,,8544,0.10880448669195175,
12,,,8549,0.13727067410945892,
12,,,8554,0.05519513040781021,
12,,,8559,0.019415482878684998,
12,,,8564,0.12203991413116455,
12,,,8569,0.07125907391309738,
12,,,8574,0.053762540221214294,
12,,,8579,0.13800819218158722,
12,,,8584,0.08490476757287979,
12,,,8589,0.14490041136741638,
12,,,8594,0.1619468480348587,
12,,,8599,0.10818929225206375,
12,,,8604,0.02623314969241619,
12,,,8609,0.09913443773984909,
12,,,8614,0.034875545650720596,
12,,,8619,0.14374449849128723,
12,,,8624,0.07722093909978867,
12,,,8629,0.05336349457502365,
12,,,8634,0.07894839346408844,
12,,,8639,0.17033590376377106,
12,,,8644,0.0382569395005703,
12,,,8649,0.08600185811519623,
12,,,8654,0.12269318103790283,
12,,,8659,0.17077098786830902,
12,,,8664,0.09379539638757706,
12,,,8669,0.032562144100666046,
12,,,8674,0.046860456466674805,
12,,,8679,0.23410366475582123,
12,,,8684,0.04356416314840317,
12,,,8689,0.8499921560287476,
12,,,8694,0.10425932705402374,
12,,,8699,0.1309768259525299,
12,,,8704,0.12559260427951813,
12,,,8709,0.116395965218544,
12,,,8714,0.05487506091594696,
12,,,8719,0.060488782823085785,
12,,,8724,0.08473489433526993,
12,,,8729,0.8444467186927795,
12,,,8734,0.046417877078056335,
12,,,8739,0.07195458561182022,
12,,,8744,0.024660641327500343,
12,,,8749,0.0667494386434555,
12,,,8754,0.04770342633128166,
12,,,8759,0.32936742901802063,
12,,,8764,0.17593644559383392,
12,,,8769,0.09584259241819382,
12,,,8774,0.026207946240901947,
12,,,8779,0.13910159468650818,
12,,,8784,0.04083738476037979,
12,,,8789,0.0440511628985405,
12,,,8794,0.23518706858158112,
12,,,8799,0.1331174522638321,
12,,,8804,0.15917998552322388,
12,,,8809,0.142083540558815,
12,,,8814,0.09307444095611572,
12,,,8819,0.04528110846877098,
12,,,8824,0.014484817162156105,
12,,,8829,0.017299693077802658,
12,,,8834,0.040142618119716644,
12,,,8839,0.10798264294862747,
12,,,8844,0.0749538466334343,
12,,,8849,0.0595439188182354,
12,,,8854,0.13388465344905853,
12,,,8859,0.0519295297563076,
12,,,8864,0.14065226912498474,
12,,,8869,0.17418907582759857,
12,,,8874,0.04994349554181099,
12,,,8879,0.02701411210000515,
12,,,8884,0.15190574526786804,
12,,,8889,0.06969355046749115,
12,,,8894,0.028532622382044792,
12,,,8899,0.15668247640132904,
12,,,8904,0.01320236548781395,
12,,,8909,0.09054026007652283,
12,,,8914,0.029479071497917175,
12,,,8919,0.17277315258979797,
12,,,8924,0.09461424499750137,
12,,,8929,0.026449335739016533,
12,,,8934,0.09417062252759933,
12,,,8939,0.09073015302419662,
12,,,8944,0.06897252798080444,
12,,,8949,0.2059694528579712,
12,,,8954,0.22552476823329926,
12,,,8959,0.04155068099498749,
12,,,8964,0.1845979541540146,
12,,,8969,0.02675500139594078,
12,,,8974,0.05518520995974541,
12,,,8979,0.049990274012088776,
12,,,8984,0.021617954596877098,
12,,,8989,0.03723471611738205,
12,,,8994,0.04408522695302963,
12,,,8999,0.0392305813729763,
12,,,9004,0.8500034213066101,
12,,,9009,0.07499092072248459,
12,,,9014,0.08477389812469482,
12,,,9019,0.0908687487244606,
12,,,9024,0.2674644887447357,
12,,,9029,0.1934642493724823,
12,,,9034,0.03144875541329384,
12,,,9039,0.16939851641654968,
12,,,9044,0.031217675656080246,
12,,,9049,0.09619520604610443,
12,,,9054,0.3071790039539337,
12,,,9059,0.040889158844947815,
12,,,9064,0.12465330213308334,
12,,,9069,0.017580518499016762,
12,,,9074,0.035536691546440125,
12,,,9079,0.032826587557792664,
12,,,9084,0.09312403202056885,
12,,,9089,0.0515139140188694,
12,,,9094,0.07939651608467102,
12,,,9099,0.08328158408403397,
12,,,9099,,0.5265498161315918
,5e-06,5e-05,9100,,
13,,,9104,0.018016334623098373,
13,,,9109,0.02526669390499592,
13,,,9114,0.079290971159935,
13,,,9119,0.013635148294270039,
13,,,9124,0.15861880779266357,
13,,,9129,0.15608634054660797,
13,,,9134,0.031512584537267685,
13,,,9139,0.13747352361679077,
13,,,9144,0.08581729233264923,
13,,,9149,0.1404697149991989,
13,,,9154,0.03430305793881416,
13,,,9159,0.20432817935943604,
13,,,9164,0.06191073730587959,
13,,,9169,0.2057458907365799,
13,,,9174,0.08266419172286987,
13,,,9179,0.1467827558517456,
13,,,9184,0.0790458619594574,
13,,,9189,0.020147336646914482,
13,,,9194,0.05539923533797264,
13,,,9199,0.05811777710914612,
13,,,9204,0.04303964227437973,
13,,,9209,0.042222995311021805,
13,,,9214,0.04915362223982811,
13,,,9219,0.07111772149801254,
13,,,9224,0.07354357093572617,
13,,,9229,0.0719989463686943,
13,,,9234,0.07079266011714935,
13,,,9239,0.10861406475305557,
13,,,9244,0.07346390932798386,
13,,,9249,0.1497820019721985,
13,,,9254,0.8500130772590637,
13,,,9259,0.08206228911876678,
13,,,9264,0.04638908430933952,
13,,,9269,0.09368984401226044,
13,,,9274,0.03230924531817436,
13,,,9279,0.22161102294921875,
13,,,9284,0.20521922409534454,
13,,,9289,0.2563079595565796,
13,,,9294,0.029943309724330902,
13,,,9299,0.04176761209964752,
13,,,9304,0.046403322368860245,
13,,,9309,0.017285017296671867,
13,,,9314,0.02907838113605976,
13,,,9319,0.05273013934493065,
13,,,9324,0.2048557549715042,
13,,,9329,0.030818304046988487,
13,,,9334,0.05427882820367813,
13,,,9339,0.10670177638530731,
13,,,9344,0.13109418749809265,
13,,,9349,0.1470102220773697,
13,,,9354,0.1336931735277176,
13,,,9359,0.13683298230171204,
13,,,9364,0.1596197485923767,
13,,,9369,0.18207721412181854,
13,,,9374,0.040610745549201965,
13,,,9379,0.02965448424220085,
13,,,9384,0.06476005911827087,
13,,,9389,0.16697321832180023,
13,,,9394,0.05551636591553688,
13,,,9399,0.03411615267395973,
13,,,9404,0.06072831153869629,
13,,,9409,0.20196227729320526,
13,,,9414,0.06459362804889679,
13,,,9419,0.06133487820625305,
13,,,9424,0.039636511355638504,
13,,,9429,0.0841154232621193,
13,,,9434,0.05829344317317009,
13,,,9439,0.019022800028324127,
13,,,9444,0.048776112496852875,
13,,,9449,0.0419035404920578,
13,,,9454,0.046141572296619415,
13,,,9459,0.0408935621380806,
13,,,9464,0.09080033749341965,
13,,,9469,0.03196863457560539,
13,,,9474,0.15636496245861053,
13,,,9479,0.11422533541917801,
13,,,9484,0.029006747528910637,
13,,,9489,0.1807967722415924,
13,,,9494,0.03460897132754326,
13,,,9499,0.0758594200015068,
13,,,9504,0.19341501593589783,
13,,,9509,0.32203158736228943,
13,,,9514,0.01478246133774519,
13,,,9519,0.056000541895627975,
13,,,9524,0.13724401593208313,
13,,,9529,0.08621437102556229,
13,,,9534,0.050293173640966415,
13,,,9539,0.10868152976036072,
13,,,9544,0.1042977124452591,
13,,,9549,0.07391933351755142,
13,,,9554,0.030441604554653168,
13,,,9559,0.061369579285383224,
13,,,9564,0.08442094922065735,
13,,,9569,0.0554974339902401,
13,,,9574,0.15546859800815582,
13,,,9579,0.05346774682402611,
13,,,9584,0.07361067086458206,
13,,,9589,0.09008904546499252,
13,,,9594,0.07323736697435379,
13,,,9599,0.0358259454369545,
13,,,9604,0.03155152127146721,
13,,,9609,0.013627400621771812,
13,,,9614,0.05871887132525444,
13,,,9619,0.021627988666296005,
13,,,9624,0.09867820143699646,
13,,,9629,0.11142177134752274,
13,,,9634,0.045049626380205154,
13,,,9639,0.092992402613163,
13,,,9644,0.10410168021917343,
13,,,9649,0.07880634814500809,
13,,,9654,0.15921969711780548,
13,,,9659,0.09771127998828888,
13,,,9664,0.1600535362958908,
13,,,9669,0.04778521880507469,
13,,,9674,0.11622873693704605,
13,,,9679,0.051110729575157166,
13,,,9684,0.13819794356822968,
13,,,9689,0.07498985528945923,
13,,,9694,0.11364975571632385,
13,,,9699,0.07810545712709427,
13,,,9704,0.06119011342525482,
13,,,9709,0.061137013137340546,
13,,,9714,0.03814991936087608,
13,,,9719,0.2454800009727478,
13,,,9724,0.04064085707068443,
13,,,9729,0.06925155222415924,
13,,,9734,0.04083143174648285,
13,,,9739,0.011391453444957733,
13,,,9744,0.13033686578273773,
13,,,9749,0.1675044149160385,
13,,,9754,0.19298799335956573,
13,,,9759,0.08454784005880356,
13,,,9764,0.02558400109410286,
13,,,9769,0.053495608270168304,
13,,,9774,0.07438227534294128,
13,,,9779,0.08667903393507004,
13,,,9784,0.2883225679397583,
13,,,9789,0.21983130276203156,
13,,,9794,0.05901622027158737,
13,,,9799,0.03828643634915352,
13,,,9799,,0.5213335156440735
,5e-06,5e-05,9800,,
14,,,9804,0.07535132020711899,
14,,,9809,0.1847907453775406,
14,,,9814,0.08537227660417557,
14,,,9819,0.07548961788415909,
14,,,9824,0.02643994800746441,
14,,,9829,0.08361781388521194,
14,,,9834,0.11526672542095184,
14,,,9839,0.060223184525966644,
14,,,9844,0.01661372371017933,
14,,,9849,0.049498703330755234,
14,,,9854,0.03538662567734718,
14,,,9859,0.01792309246957302,
14,,,9864,0.074721559882164,
14,,,9869,0.029274890199303627,
14,,,9874,0.043667759746313095,
14,,,9879,0.060729432851076126,
14,,,9884,0.05993969738483429,
14,,,9889,0.14992088079452515,
14,,,9894,0.14779365062713623,
14,,,9899,0.1539756953716278,
14,,,9904,0.1078079342842102,
14,,,9909,0.07265368103981018,
14,,,9914,0.17559626698493958,
14,,,9919,0.015085296705365181,
14,,,9924,0.14229729771614075,
14,,,9929,0.03430544212460518,
14,,,9934,0.042258355766534805,
14,,,9939,0.04475884512066841,
14,,,9944,0.06192959100008011,
14,,,9949,0.11161250621080399,
14,,,9954,0.06444545090198517,
14,,,9959,0.04385000839829445,
14,,,9964,0.06258312612771988,
14,,,9969,0.05521770566701889,
14,,,9974,0.07948049157857895,
14,,,9979,0.11119920015335083,
14,,,9984,0.04850747808814049,
14,,,9989,0.09557295590639114,
14,,,9994,0.09983498603105545,
14,,,9999,0.02807271108031273,
14,,,10004,0.09575237333774567,
14,,,10009,0.09638771414756775,
14,,,10014,0.07939331233501434,
14,,,10019,0.060856424272060394,
14,,,10024,0.039587829262018204,
14,,,10029,0.02964782901108265,
14,,,10034,0.08342515677213669,
14,,,10039,0.038432128727436066,
14,,,10044,0.035573482513427734,
14,,,10049,0.05849558115005493,
14,,,10054,0.11002681404352188,
14,,,10059,0.06770483404397964,
14,,,10064,0.046478841453790665,
14,,,10069,0.07065073400735855,
14,,,10074,0.07735995948314667,
14,,,10079,0.07180872559547424,
14,,,10084,0.11589749157428741,
14,,,10089,0.07405021041631699,
14,,,10094,0.3363478183746338,
14,,,10099,0.035567980259656906,
14,,,10104,0.026945602148771286,
14,,,10109,0.05650791898369789,
14,,,10114,0.2114621251821518,
14,,,10119,0.16928650438785553,
14,,,10124,0.05759606510400772,
14,,,10129,0.8500028252601624,
14,,,10134,0.079237200319767,
14,,,10139,0.03386503458023071,
14,,,10144,0.014315399341285229,
14,,,10149,0.12138035148382187,
14,,,10154,0.19722335040569305,
14,,,10159,0.09590787440538406,
14,,,10164,0.1924188733100891,
14,,,10169,0.03941936790943146,
14,,,10174,0.026490982621908188,
14,,,10179,0.03235984966158867,
14,,,10184,0.403657466173172,
14,,,10189,0.13606895506381989,
14,,,10194,0.057281047105789185,
14,,,10199,0.06400542706251144,
14,,,10204,0.10284365713596344,
14,,,10209,0.07343433797359467,
14,,,10214,0.07049406319856644,
14,,,10219,0.040588993579149246,
14,,,10224,0.0958026573061943,
14,,,10229,0.07036732137203217,
14,,,10234,0.04553479328751564,
14,,,10239,0.05340007692575455,
14,,,10244,0.05035610869526863,
14,,,10249,0.030783258378505707,
14,,,10254,0.05846797674894333,
14,,,10259,0.0852455347776413,
14,,,10264,0.13031375408172607,
14,,,10269,0.018745824694633484,
14,,,10274,0.030850421637296677,
14,,,10279,0.06687431782484055,
14,,,10284,0.08770572394132614,
14,,,10289,0.17136740684509277,
14,,,10294,0.0341600701212883,
14,,,10299,0.03991730511188507,
14,,,10304,0.11718395352363586,
14,,,10309,0.07334296405315399,
14,,,10314,0.17520678043365479,
14,,,10319,0.2064223438501358,
14,,,10324,0.01575600355863571,
14,,,10329,0.07723589986562729,
14,,,10334,0.07924085110425949,
14,,,10339,0.3167288899421692,
14,,,10344,0.0738857239484787,
14,,,10349,0.08038757741451263,
14,,,10354,0.0949525237083435,
14,,,10359,0.1661459356546402,
14,,,10364,0.24915985763072968,
14,,,10369,0.13720160722732544,
14,,,10374,0.07401476800441742,
14,,,10379,0.1361302137374878,
14,,,10384,0.13328464329242706,
14,,,10389,0.23355300724506378,
14,,,10394,0.03664230555295944,
14,,,10399,0.01684291660785675,
14,,,10404,0.13402751088142395,
14,,,10409,0.018105221912264824,
14,,,10414,0.05404367297887802,
14,,,10419,0.045194558799266815,
14,,,10424,0.034663572907447815,
14,,,10429,0.09153135120868683,
14,,,10434,0.03038782626390457,
14,,,10439,0.1563042402267456,
14,,,10444,0.015132065862417221,
14,,,10449,0.12506863474845886,
14,,,10454,0.02247811108827591,
14,,,10459,0.013256847858428955,
14,,,10464,0.13534855842590332,
14,,,10469,0.089398592710495,
14,,,10474,0.06758635491132736,
14,,,10479,0.07063058018684387,
14,,,10484,0.09231570363044739,
14,,,10489,0.02183397300541401,
14,,,10494,0.075605109333992,
14,,,10499,0.14871615171432495,
14,,,10499,,0.48826512694358826
,5e-06,5e-05,10500,,
15,,,10504,0.0899936705827713,
15,,,10509,0.05431504175066948,
15,,,10514,0.07153880596160889,
15,,,10519,0.0635792464017868,
15,,,10524,0.1276465505361557,
15,,,10529,0.08896064013242722,
15,,,10534,0.025561491027474403,
15,,,10539,0.3340523838996887,
15,,,10544,0.85000079870224,
15,,,10549,0.07539012283086777,
15,,,10554,0.07872480899095535,
15,,,10559,0.06345706433057785,
15,,,10564,0.04657263308763504,
15,,,10569,0.23450720310211182,
15,,,10574,0.02192673087120056,
15,,,10579,0.15530505776405334,
15,,,10584,0.05490515008568764,
15,,,10589,0.030064765363931656,
15,,,10594,0.05624860152602196,
15,,,10599,0.016455048695206642,
15,,,10604,0.014591729268431664,
15,,,10609,0.03112277016043663,
15,,,10614,0.14458782970905304,
15,,,10619,0.05753022059798241,
15,,,10624,0.021699978038668633,
15,,,10629,0.025682127103209496,
15,,,10634,0.022306058555841446,
15,,,10639,0.047353923320770264,
15,,,10644,0.06053395941853523,
15,,,10649,0.05520438030362129,
15,,,10654,0.06968234479427338,
15,,,10659,0.13598398864269257,
15,,,10664,0.11132314056158066,
15,,,10669,0.02441171184182167,
15,,,10674,0.060844600200653076,
15,,,10679,0.065392404794693,
15,,,10684,0.175169438123703,
15,,,10689,0.08591081947088242,
15,,,10694,0.0828826054930687,
15,,,10699,0.16688783466815948,
15,,,10704,0.062105681747198105,
15,,,10709,0.1786738485097885,
15,,,10714,0.08869550377130508,
15,,,10719,0.05356437340378761,
15,,,10724,0.12284141778945923,
15,,,10729,0.07720295339822769,
15,,,10734,0.02678002417087555,
15,,,10739,0.06802442669868469,
15,,,10744,0.10915632545948029,
15,,,10749,0.159627303481102,
15,,,10754,0.09984863549470901,
15,,,10759,0.012948784977197647,
15,,,10764,0.05032964050769806,
15,,,10769,0.07669398188591003,
15,,,10774,0.04199356213212013,
15,,,10779,0.024008266627788544,
15,,,10784,0.06416438519954681,
15,,,10789,0.015388223342597485,
15,,,10794,0.04240471124649048,
15,,,10799,0.1379966139793396,
15,,,10804,0.35725197196006775,
15,,,10809,0.06340765953063965,
15,,,10814,0.07588773220777512,
15,,,10819,0.059049371629953384,
15,,,10824,0.02838240936398506,
15,,,10829,0.15815085172653198,
15,,,10834,0.09068130701780319,
15,,,10839,0.02767207846045494,
15,,,10844,0.04949266090989113,
15,,,10849,0.01045908872038126,
15,,,10854,0.07120826840400696,
15,,,10859,0.05862925946712494,
15,,,10864,0.09424234926700592,
15,,,10869,0.1943490207195282,
15,,,10874,0.0573975145816803,
15,,,10879,0.052185289561748505,
15,,,10884,0.1398964673280716,
15,,,10889,0.06760009378194809,
15,,,10894,0.05703163892030716,
15,,,10899,0.11264533549547195,
15,,,10904,0.011211223900318146,
15,,,10909,0.08486608415842056,
15,,,10914,0.06205805763602257,
15,,,10919,0.08700893074274063,
15,,,10924,0.053802382200956345,
15,,,10929,0.0606498196721077,
15,,,10934,0.019341569393873215,
15,,,10939,0.10967807471752167,
15,,,10944,0.1831638664007187,
15,,,10949,0.07698451727628708,
15,,,10954,0.048605553805828094,
15,,,10959,0.09187030047178268,
15,,,10964,0.041124776005744934,
15,,,10969,0.017571154981851578,
15,,,10974,0.07595255225896835,
15,,,10979,0.13522429764270782,
15,,,10984,0.01171207521110773,
15,,,10989,0.11937900632619858,
15,,,10994,0.19287234544754028,
15,,,10999,0.13019588589668274,
15,,,11004,0.05350569263100624,
15,,,11009,0.0849846675992012,
15,,,11014,0.1155109703540802,
15,,,11019,0.04768456146121025,
15,,,11024,0.8499980568885803,
15,,,11029,0.0514683797955513,
15,,,11034,0.11766532808542252,
15,,,11039,0.14107681810855865,
15,,,11044,0.013862548395991325,
15,,,11049,0.1540682315826416,
15,,,11054,0.0757877305150032,
15,,,11059,0.051148831844329834,
15,,,11064,0.0863417461514473,
15,,,11069,0.06350145488977432,
15,,,11074,0.06137542426586151,
15,,,11079,0.16249696910381317,
15,,,11084,0.029963385313749313,
15,,,11089,0.04272710904479027,
15,,,11094,0.10457275807857513,
15,,,11099,0.11499074101448059,
15,,,11104,0.025386838242411613,
15,,,11109,0.021632101386785507,
15,,,11114,0.02549770660698414,
15,,,11119,0.047623876482248306,
15,,,11124,0.01283158641308546,
15,,,11129,0.08098262548446655,
15,,,11134,0.05830090865492821,
15,,,11139,0.024192510172724724,
15,,,11144,0.13294538855552673,
15,,,11149,0.3852963447570801,
15,,,11154,0.042195480316877365,
15,,,11159,0.05134422332048416,
15,,,11164,0.186080202460289,
15,,,11169,0.14627279341220856,
15,,,11174,0.04552503302693367,
15,,,11179,0.04943562299013138,
15,,,11184,0.09357887506484985,
15,,,11189,0.012141148559749126,
15,,,11194,0.02776658721268177,
15,,,11199,0.14098875224590302,
15,,,11199,,0.5645455718040466
,5e-06,5e-05,11200,,
16,,,11204,0.03904147818684578,
16,,,11209,0.27812516689300537,
16,,,11214,0.05833321064710617,
16,,,11219,0.04653236269950867,
16,,,11224,0.07335954904556274,
16,,,11229,0.10026893019676208,
16,,,11234,0.0651438906788826,
16,,,11239,0.05928560718894005,
16,,,11244,0.07890715450048447,
16,,,11249,0.1762547641992569,
16,,,11254,0.025279372930526733,
16,,,11259,0.032834675163030624,
16,,,11264,0.03788934648036957,
16,,,11269,0.46945518255233765,
16,,,11274,0.056145600974559784,
16,,,11279,0.062444720417261124,
16,,,11284,0.08628286421298981,
16,,,11289,0.10846953094005585,
16,,,11294,0.04062953218817711,
16,,,11299,0.07491430640220642,
16,,,11304,0.10615341365337372,
16,,,11309,0.06145433336496353,
16,,,11314,0.14786933362483978,
16,,,11319,0.0522344708442688,
16,,,11324,0.34719279408454895,
16,,,11329,0.015672335401177406,
16,,,11334,0.8499521017074585,
16,,,11339,0.21239274740219116,
16,,,11344,0.07236631214618683,
16,,,11349,0.13384656608104706,
16,,,11354,0.055906929075717926,
16,,,11359,0.028216512873768806,
16,,,11364,0.12632863223552704,
16,,,11369,0.0685877874493599,
16,,,11374,0.1394021362066269,
16,,,11379,0.13004398345947266,
16,,,11384,0.12951481342315674,
16,,,11389,0.13020376861095428,
16,,,11394,0.021086933091282845,
16,,,11399,0.16948910057544708,
16,,,11404,0.07690372318029404,
16,,,11409,0.04375000298023224,
16,,,11414,0.0362984724342823,
16,,,11419,0.13551712036132812,
16,,,11424,0.08827847242355347,
16,,,11429,0.057710547000169754,
16,,,11434,0.16449947655200958,
16,,,11439,0.06710482388734818,
16,,,11444,0.03980879485607147,
16,,,11449,0.022683652117848396,
16,,,11454,0.06951022148132324,
16,,,11459,0.0383671298623085,
16,,,11464,0.0634656548500061,
16,,,11469,0.11329233646392822,
16,,,11474,0.013564329594373703,
16,,,11479,0.043118443340063095,
16,,,11484,0.07003144174814224,
16,,,11489,0.0911516323685646,
16,,,11494,0.06362918019294739,
16,,,11499,0.06790100038051605,
16,,,11504,0.11300073564052582,
16,,,11509,0.026399852707982063,
16,,,11514,0.0476079061627388,
16,,,11519,0.02778259664773941,
16,,,11524,0.024279793724417686,
16,,,11529,0.03906690701842308,
16,,,11534,0.04401293396949768,
16,,,11539,0.058324698358774185,
16,,,11544,0.010670655407011509,
16,,,11549,0.04713981971144676,
16,,,11554,0.1049104854464531,
16,,,11559,0.09258660674095154,
16,,,11564,0.05004945397377014,
16,,,11569,0.07233729958534241,
16,,,11574,0.0115136057138443,
16,,,11579,0.054219938814640045,
16,,,11584,0.063954196870327,
16,,,11589,0.0776105523109436,
16,,,11594,0.11330356448888779,
16,,,11599,0.18645475804805756,
16,,,11604,0.04611778259277344,
16,,,11609,0.06278539448976517,
16,,,11614,0.08280614018440247,
16,,,11619,0.010166041553020477,
16,,,11624,0.07770669460296631,
16,,,11629,0.02576245740056038,
16,,,11634,0.049693599343299866,
16,,,11639,0.06113827973604202,
16,,,11644,0.0862283706665039,
16,,,11649,0.09971746057271957,
16,,,11654,0.13775205612182617,
16,,,11659,0.014578761532902718,
16,,,11664,0.05733470991253853,
16,,,11669,0.12348207086324692,
16,,,11674,0.12148606032133102,
16,,,11679,0.11886611580848694,
16,,,11684,0.11213837563991547,
16,,,11689,0.0882866233587265,
16,,,11694,0.03396965190768242,
16,,,11699,0.06080032140016556,
16,,,11704,0.17359565198421478,
16,,,11709,0.03443178907036781,
16,,,11714,0.018634844571352005,
16,,,11719,0.03365587443113327,
16,,,11724,0.041645657271146774,
16,,,11729,0.1399325132369995,
16,,,11734,0.03642626851797104,
16,,,11739,0.05205118656158447,
16,,,11744,0.10399509221315384,
16,,,11749,0.033310893923044205,
16,,,11754,0.03225244581699371,
16,,,11759,0.07848987728357315,
16,,,11764,0.0367673859000206,
16,,,11769,0.16666439175605774,
16,,,11774,0.07671477645635605,
16,,,11779,0.04300978407263756,
16,,,11784,0.13178043067455292,
16,,,11789,0.07636358588933945,
16,,,11794,0.038411810994148254,
16,,,11799,0.014587813057005405,
16,,,11804,0.04580005630850792,
16,,,11809,0.06697681546211243,
16,,,11814,0.1582900881767273,
16,,,11819,0.10539558529853821,
16,,,11824,0.11804191023111343,
16,,,11829,0.01126110926270485,
16,,,11834,0.02321699820458889,
16,,,11839,0.0701717957854271,
16,,,11844,0.060632362961769104,
16,,,11849,0.02741154469549656,
16,,,11854,0.1004757359623909,
16,,,11859,0.04758034646511078,
16,,,11864,0.09050104022026062,
16,,,11869,0.03251330554485321,
16,,,11874,0.04730530083179474,
16,,,11879,0.028838077560067177,
16,,,11884,0.05528735741972923,
16,,,11889,0.08437629789113998,
16,,,11894,0.05688846483826637,
16,,,11899,0.065281443297863,
16,,,11899,,0.5348902344703674
,5e-06,5e-05,11900,,
17,,,11904,0.11835785210132599,
17,,,11909,0.019300835207104683,
17,,,11914,0.03145796060562134,
17,,,11919,0.052337076514959335,
17,,,11924,0.07903579622507095,
17,,,11929,0.02538181096315384,
17,,,11934,0.03499222174286842,
17,,,11939,0.05622800812125206,
17,,,11944,0.13404051959514618,
17,,,11949,0.0608307309448719,
17,,,11954,0.050638217478990555,
17,,,11959,0.02531961351633072,
17,,,11964,0.043261926621198654,
17,,,11969,0.06309634447097778,
17,,,11974,0.02792237140238285,
17,,,11979,0.15017375349998474,
17,,,11984,0.03863006457686424,
17,,,11989,0.15362302958965302,
17,,,11994,0.08903136104345322,
17,,,11999,0.8490740656852722,
17,,,12004,0.18065841495990753,
17,,,12009,0.036139462143182755,
17,,,12014,0.026499787345528603,
17,,,12019,0.06451977789402008,
17,,,12024,0.09764503687620163,
17,,,12029,0.08372396230697632,
17,,,12034,0.05863385275006294,
17,,,12039,0.0637781098484993,
17,,,12044,0.11141734570264816,
17,,,12049,0.10329712927341461,
17,,,12054,0.039850927889347076,
17,,,12059,0.009732692502439022,
17,,,12064,0.06178620457649231,
17,,,12069,0.07399491220712662,
17,,,12074,0.13958655297756195,
17,,,12079,0.06913601607084274,
17,,,12084,0.15317724645137787,
17,,,12089,0.07403048872947693,
17,,,12094,0.007061068434268236,
17,,,12099,0.0636659637093544,
17,,,12104,0.047395966947078705,
17,,,12109,0.14758507907390594,
17,,,12114,0.12275155633687973,
17,,,12119,0.03166088089346886,
17,,,12124,0.08315317332744598,
17,,,12129,0.11013758182525635,
17,,,12134,0.08514176309108734,
17,,,12139,0.08263746649026871,
17,,,12144,0.1393989473581314,
17,,,12149,0.03386532515287399,
17,,,12154,0.016049930825829506,
17,,,12159,0.09818761050701141,
17,,,12164,0.11467451602220535,
17,,,12169,0.044329505413770676,
17,,,12174,0.1322639137506485,
17,,,12179,0.060243088752031326,
17,,,12184,0.07639844715595245,
17,,,12189,0.042030707001686096,
17,,,12194,0.0824098214507103,
17,,,12199,0.009250282309949398,
17,,,12204,0.08017516881227493,
17,,,12209,0.03397756814956665,
17,,,12214,0.05848916992545128,
17,,,12219,0.011729344725608826,
17,,,12224,0.09383399039506912,
17,,,12229,0.03243699669837952,
17,,,12234,0.11147064715623856,
17,,,12239,0.16353069245815277,
17,,,12244,0.062249284237623215,
17,,,12249,0.0346841961145401,
17,,,12254,0.06370335072278976,
17,,,12259,0.05820276960730553,
17,,,12264,0.0649636834859848,
17,,,12269,0.04004000127315521,
17,,,12274,0.10754983127117157,
17,,,12279,0.15336735546588898,
17,,,12284,0.010789567604660988,
17,,,12289,0.10364452749490738,
17,,,12294,0.02727239951491356,
17,,,12299,0.023111693561077118,
17,,,12304,0.0675925463438034,
17,,,12309,0.041044775396585464,
17,,,12314,0.11685191094875336,
17,,,12319,0.01647300273180008,
17,,,12324,0.1511007845401764,
17,,,12329,0.1005757749080658,
17,,,12334,0.06220958009362221,
17,,,12339,0.07108241319656372,
17,,,12344,0.029221784323453903,
17,,,12349,0.06253223121166229,
17,,,12354,0.018880140036344528,
17,,,12359,0.0819057747721672,
17,,,12364,0.1416238248348236,
17,,,12369,0.1685260534286499,
17,,,12374,0.012933815829455853,
17,,,12379,0.03444230556488037,
17,,,12384,0.08054862916469574,
17,,,12389,0.041938625276088715,
17,,,12394,0.07330361008644104,
17,,,12399,0.20341908931732178,
17,,,12404,0.07652030885219574,
17,,,12409,0.2619064450263977,
17,,,12414,0.1278941035270691,
17,,,12419,0.009832840412855148,
17,,,12424,0.076230987906456,
17,,,12429,0.13531163334846497,
17,,,12434,0.049050189554691315,
17,,,12439,0.030099334195256233,
17,,,12444,0.02065044268965721,
17,,,12449,0.07338119298219681,
17,,,12454,0.06199268624186516,
17,,,12459,0.041436340659856796,
17,,,12464,0.07782051712274551,
17,,,12469,0.03604058548808098,
17,,,12474,0.010547295212745667,
17,,,12479,0.07986032962799072,
17,,,12484,0.02333243563771248,
17,,,12489,0.09329649060964584,
17,,,12494,0.048294007778167725,
17,,,12499,0.08718862384557724,
17,,,12504,0.04318605363368988,
17,,,12509,0.08302288502454758,
17,,,12514,0.0815584808588028,
17,,,12519,0.08156468719244003,
17,,,12524,0.09800530970096588,
17,,,12529,0.09893881529569626,
17,,,12534,0.05818136781454086,
17,,,12539,0.0884183719754219,
17,,,12544,0.03588223084807396,
17,,,12549,0.022735780104994774,
17,,,12554,0.05067947134375572,
17,,,12559,0.08956585824489594,
17,,,12564,0.08019286394119263,
17,,,12569,0.05173640325665474,
17,,,12574,0.024142827838659286,
17,,,12579,0.07302434742450714,
17,,,12584,0.06400918960571289,
17,,,12589,0.142457515001297,
17,,,12594,0.21614234149456024,
17,,,12599,0.03962298110127449,
17,,,12599,,0.5474225878715515
,5e-06,5e-05,12600,,
18,,,12604,0.0445580817759037,
18,,,12609,0.06493225693702698,
18,,,12614,0.11949940770864487,
18,,,12619,0.28830379247665405,
18,,,12624,0.04246727377176285,
18,,,12629,0.10733533650636673,
18,,,12634,0.055305115878582,
18,,,12639,0.14598464965820312,
18,,,12644,0.08391676843166351,
18,,,12649,0.1729995459318161,
18,,,12654,0.05642661079764366,
18,,,12659,0.1937875747680664,
18,,,12664,0.014944513328373432,
18,,,12669,0.11084327101707458,
18,,,12674,0.10923495143651962,
18,,,12679,0.18837040662765503,
18,,,12684,0.03482689708471298,
18,,,12689,0.1460070163011551,
18,,,12694,0.20426145195960999,
18,,,12699,0.04337359219789505,
18,,,12704,0.13443538546562195,
18,,,12709,0.028417536988854408,
18,,,12714,0.3277740776538849,
18,,,12719,0.03287319839000702,
18,,,12724,0.047850750386714935,
18,,,12729,0.03645138442516327,
18,,,12734,0.06544305384159088,
18,,,12739,0.04799889773130417,
18,,,12744,0.11196427047252655,
18,,,12749,0.18220901489257812,
18,,,12754,0.05426100268959999,
18,,,12759,0.1346292644739151,
18,,,12764,0.07382315397262573,
18,,,12769,0.07781966030597687,
18,,,12774,0.05365564301609993,
18,,,12779,0.02940269000828266,
18,,,12784,0.17721910774707794,
18,,,12789,0.031857822090387344,
18,,,12794,0.0547231025993824,
18,,,12799,0.04091539606451988,
18,,,12804,0.03393940627574921,
18,,,12809,0.13830247521400452,
18,,,12814,0.0346195362508297,
18,,,12819,0.13436204195022583,
18,,,12824,0.05506302788853645,
18,,,12829,0.024689974263310432,
18,,,12834,0.14579035341739655,
18,,,12839,0.012979082763195038,
18,,,12844,0.057249072939157486,
18,,,12849,0.09753338992595673,
18,,,12854,0.05543699115514755,
18,,,12859,0.021170221269130707,
18,,,12864,0.13943170011043549,
18,,,12869,0.048125144094228745,
18,,,12874,0.07849392294883728,
18,,,12879,0.12263085693120956,
18,,,12884,0.09135716408491135,
18,,,12889,0.023831728845834732,
18,,,12894,0.11089061945676804,
18,,,12899,0.037551868706941605,
18,,,12904,0.128229022026062,
18,,,12909,0.052581846714019775,
18,,,12914,0.1931888461112976,
18,,,12919,0.09274134039878845,
18,,,12924,0.06769901514053345,
18,,,12929,0.03729826956987381,
18,,,12934,0.029298389330506325,
18,,,12939,0.10607996582984924,
18,,,12944,0.12259694188833237,
18,,,12949,0.03528312221169472,
18,,,12954,0.10021724551916122,
18,,,12959,0.12591221928596497,
18,,,12964,0.03507509082555771,
18,,,12969,0.19438180327415466,
18,,,12974,0.09228570759296417,
18,,,12979,0.04465559124946594,
18,,,12984,0.08748771250247955,
18,,,12989,0.10521690547466278,
18,,,12994,0.10646924376487732,
18,,,12999,0.028974303975701332,
18,,,13004,0.09178464114665985,
18,,,13009,0.08804409950971603,
18,,,13014,0.07284571975469589,
18,,,13019,0.02987082302570343,
18,,,13024,0.01851664111018181,
18,,,13029,0.030536333099007607,
18,,,13034,0.0772261694073677,
18,,,13039,0.02449674904346466,
18,,,13044,0.06914593279361725,
18,,,13049,0.08848217129707336,
18,,,13054,0.0657433569431305,
18,,,13059,0.03288932144641876,
18,,,13064,0.046623677015304565,
18,,,13069,0.109006367623806,
18,,,13074,0.14098040759563446,
18,,,13079,0.06977860629558563,
18,,,13084,0.06239859759807587,
18,,,13089,0.10149919986724854,
18,,,13094,0.025215620175004005,
18,,,13099,0.5073081254959106,
18,,,13104,0.042618561536073685,
18,,,13109,0.06114758923649788,
18,,,13114,0.05326871573925018,
18,,,13119,0.03309924528002739,
18,,,13124,0.1339576542377472,
18,,,13129,0.040157485753297806,
18,,,13134,0.10835094004869461,
18,,,13139,0.04530753567814827,
18,,,13144,0.09252076596021652,
18,,,13149,0.03193822503089905,
18,,,13154,0.049889545887708664,
18,,,13159,0.07563135027885437,
18,,,13164,0.0743994489312172,
18,,,13169,0.037779517471790314,
18,,,13174,0.02663346938788891,
18,,,13179,0.05838537961244583,
18,,,13184,0.012845485471189022,
18,,,13189,0.2853720486164093,
18,,,13194,0.11768985539674759,
18,,,13199,0.04454508051276207,
18,,,13204,0.8500022292137146,
18,,,13209,0.04653816670179367,
18,,,13214,0.18353049457073212,
18,,,13219,0.045220308005809784,
18,,,13224,0.06431639939546585,
18,,,13229,0.07427635788917542,
18,,,13234,0.05164707452058792,
18,,,13239,0.18810100853443146,
18,,,13244,0.2552938461303711,
18,,,13249,0.04170522466301918,
18,,,13254,0.036352261900901794,
18,,,13259,0.2096632719039917,
18,,,13264,0.08889143168926239,
18,,,13269,0.06909690797328949,
18,,,13274,0.11066322028636932,
18,,,13279,0.046539317816495895,
18,,,13284,0.05321737006306648,
18,,,13289,0.08093828707933426,
18,,,13294,0.22716328501701355,
18,,,13299,0.08463522046804428,
18,,,13299,,0.5208175778388977
,5e-06,5e-05,13300,,
19,,,13304,0.047880180180072784,
19,,,13309,0.036590103060007095,
19,,,13314,0.03075522370636463,
19,,,13319,0.06005978211760521,
19,,,13324,0.04495448246598244,
19,,,13329,0.07411383837461472,
19,,,13334,0.03822041302919388,
19,,,13339,0.24713540077209473,
19,,,13344,0.02230130136013031,
19,,,13349,0.022984597831964493,
19,,,13354,0.2578479051589966,
19,,,13359,0.04131998494267464,
19,,,13364,0.014680913649499416,
19,,,13369,0.0966280922293663,
19,,,13374,0.17618045210838318,
19,,,13379,0.06773636490106583,
19,,,13384,0.12236864119768143,
19,,,13389,0.024890849366784096,
19,,,13394,0.08185291290283203,
19,,,13399,0.0313929058611393,
19,,,13404,0.05445800721645355,
19,,,13409,0.034484297037124634,
19,,,13414,0.03497296944260597,
19,,,13419,0.019183674827218056,
19,,,13424,0.021511830389499664,
19,,,13429,0.03629042208194733,
19,,,13434,0.08274386078119278,
19,,,13439,0.04608302190899849,
19,,,13444,0.06421569734811783,
19,,,13449,0.09916206449270248,
19,,,13454,0.04111061245203018,
19,,,13459,0.10641910880804062,
19,,,13464,0.09833266586065292,
19,,,13469,0.050262201577425,
19,,,13474,0.05829843133687973,
19,,,13479,0.04386004060506821,
19,,,13484,0.008402964100241661,
19,,,13489,0.03773877024650574,
19,,,13494,0.02755981683731079,
19,,,13499,0.11886464804410934,
19,,,13504,0.037473056465387344,
19,,,13509,0.04892857372760773,
19,,,13514,0.06748980283737183,
19,,,13519,0.05381769686937332,
19,,,13524,0.032160501927137375,
19,,,13529,0.06770308315753937,
19,,,13534,0.04002367705106735,
19,,,13539,0.20726875960826874,
19,,,13544,0.03400981053709984,
19,,,13549,0.13210096955299377,
19,,,13554,0.027585642412304878,
19,,,13559,0.07843413949012756,
19,,,13564,0.08559340983629227,
19,,,13569,0.033440738916397095,
19,,,13574,0.12039223313331604,
19,,,13579,0.025212321430444717,
19,,,13584,0.05621962249279022,
19,,,13589,0.05702868849039078,
19,,,13594,0.04746980220079422,
19,,,13599,0.024599513038992882,
19,,,13604,0.031484637409448624,
19,,,13609,0.03170422837138176,
19,,,13614,0.09396305680274963,
19,,,13619,0.08034081757068634,
19,,,13624,0.021887384355068207,
19,,,13629,0.005050762556493282,
19,,,13634,0.10960640013217926,
19,,,13639,0.12994065880775452,
19,,,13644,0.08849625289440155,
19,,,13649,0.02814636379480362,
19,,,13654,0.024417875334620476,
19,,,13659,0.03147922456264496,
19,,,13664,0.28444308042526245,
19,,,13669,0.06800112128257751,
19,,,13674,0.015166260302066803,
19,,,13679,0.07497259974479675,
19,,,13684,0.07557521015405655,
19,,,13689,0.047673050314188004,
19,,,13694,0.14558328688144684,
19,,,13699,0.04548422992229462,
19,,,13704,0.020572753623127937,
19,,,13709,0.0894489586353302,
19,,,13714,0.10998877137899399,
19,,,13719,0.06292442977428436,
19,,,13724,0.008743875660002232,
19,,,13729,0.07356955856084824,
19,,,13734,0.039622265845537186,
19,,,13739,0.04181213676929474,
19,,,13744,0.10170673578977585,
19,,,13749,0.043498944491147995,
19,,,13754,0.03688696026802063,
19,,,13759,0.09475819021463394,
19,,,13764,0.06853705644607544,
19,,,13769,0.04258079454302788,
19,,,13774,0.029086390510201454,
19,,,13779,0.04261688515543938,
19,,,13784,0.02583124488592148,
19,,,13789,0.02941623143851757,
19,,,13794,0.11739523708820343,
19,,,13799,0.019417958334088326,
19,,,13804,0.12253180891275406,
19,,,13809,0.19526010751724243,
19,,,13814,0.04997793585062027,
19,,,13819,0.006507350597530603,
19,,,13824,0.0485629141330719,
19,,,13829,0.8500016927719116,
19,,,13834,0.03313545882701874,
19,,,13839,0.0378393717110157,
19,,,13844,0.18024909496307373,
19,,,13849,0.015116576105356216,
19,,,13854,0.05180123820900917,
19,,,13859,0.03920770809054375,
19,,,13864,0.05960199236869812,
19,,,13869,0.012871080078184605,
19,,,13874,0.09534069895744324,
19,,,13879,0.07519099116325378,
19,,,13884,0.04026640206575394,
19,,,13889,0.0436420664191246,
19,,,13894,0.06516272574663162,
19,,,13899,0.03941209986805916,
19,,,13904,0.054364558309316635,
19,,,13909,0.12624675035476685,
19,,,13914,0.01743290014564991,
19,,,13919,0.036324646323919296,
19,,,13924,0.05738576129078865,
19,,,13929,0.06014881283044815,
19,,,13934,0.0322028286755085,
19,,,13939,0.06602787226438522,
19,,,13944,0.029801324009895325,
19,,,13949,0.14332810044288635,
19,,,13954,0.06729324162006378,
19,,,13959,0.05657818913459778,
19,,,13964,0.11673489958047867,
19,,,13969,0.05131197348237038,
19,,,13974,0.08873847872018814,
19,,,13979,0.07632540911436081,
19,,,13984,0.014315737411379814,
19,,,13989,0.01716083101928234,
19,,,13994,0.07984036952257156,
19,,,13999,0.029426874592900276,
19,,,13999,,0.8502823710441589
,5e-06,5e-05,14000,,
20,,,14004,0.059794653207063675,
20,,,14009,0.027187049388885498,
20,,,14014,0.11324114352464676,
20,,,14019,0.4313187301158905,
20,,,14024,0.08161570876836777,
20,,,14029,0.017678644508123398,
20,,,14034,0.038921043276786804,
20,,,14039,0.11190783977508545,
20,,,14044,0.02859046310186386,
20,,,14049,0.08353964984416962,
20,,,14054,0.004448932595551014,
20,,,14059,0.14433154463768005,
20,,,14064,0.3133165240287781,
20,,,14069,0.02367156557738781,
20,,,14074,0.1672578603029251,
20,,,14079,0.04959181323647499,
20,,,14084,0.04459798336029053,
20,,,14089,0.0797073170542717,
20,,,14094,0.032331351190805435,
20,,,14099,0.013627597130835056,
20,,,14104,0.029072172939777374,
20,,,14109,0.03259570896625519,
20,,,14114,0.07069341838359833,
20,,,14119,0.10421863198280334,
20,,,14124,0.04309462383389473,
20,,,14129,0.06279980391263962,
20,,,14134,0.040360696613788605,
20,,,14139,0.07314437627792358,
20,,,14144,0.03217685595154762,
20,,,14149,0.07339107990264893,
20,,,14154,0.04655936732888222,
20,,,14159,0.02847507782280445,
20,,,14164,0.060990359634160995,
20,,,14169,0.07011847198009491,
20,,,14174,0.10878874361515045,
20,,,14179,0.024769682437181473,
20,,,14184,0.849999725818634,
20,,,14189,0.01672520488500595,
20,,,14194,0.03499405458569527,
20,,,14199,0.03449404612183571,
20,,,14204,0.1505848616361618,
20,,,14209,0.849992573261261,
20,,,14214,0.031450722366571426,
20,,,14219,0.0798024833202362,
20,,,14224,0.07180885970592499,
20,,,14229,0.051007386296987534,
20,,,14234,0.13996388018131256,
20,,,14239,0.03445958346128464,
20,,,14244,0.03238244354724884,
20,,,14249,0.06165800616145134,
20,,,14254,0.040856312960386276,
20,,,14259,0.03929212689399719,
20,,,14264,0.07817614823579788,
20,,,14269,0.011294927448034286,
20,,,14274,0.125038281083107,
20,,,14279,0.015273178927600384,
20,,,14284,0.04766446352005005,
20,,,14289,0.15388953685760498,
20,,,14294,0.04495658352971077,
20,,,14299,0.026523271575570107,
20,,,14304,0.013856443576514721,
20,,,14309,0.028636857867240906,
20,,,14314,0.05679230019450188,
20,,,14319,0.01657361537218094,
20,,,14324,0.008230808191001415,
20,,,14329,0.07309816032648087,
20,,,14334,0.042347874492406845,
20,,,14339,0.013449505902826786,
20,,,14344,0.06591229140758514,
20,,,14349,0.13237951695919037,
20,,,14354,0.07609903067350388,
20,,,14359,0.11304286122322083,
20,,,14364,0.13811086118221283,
20,,,14369,0.021268093958497047,
20,,,14374,0.08101285248994827,
20,,,14379,0.013221112079918385,
20,,,14384,0.050938479602336884,
20,,,14389,0.021629011258482933,
20,,,14394,0.05865173041820526,
20,,,14399,0.08973480015993118,
20,,,14404,0.08111745119094849,
20,,,14409,0.032999150454998016,
20,,,14414,0.03137057647109032,
20,,,14419,0.01754397340118885,
20,,,14424,0.09208586812019348,
20,,,14429,0.045102693140506744,
20,,,14434,0.07084590196609497,
20,,,14439,0.0733722522854805,
20,,,14444,0.12649551033973694,
20,,,14449,0.07346201688051224,
20,,,14454,0.11025898158550262,
20,,,14459,0.08582905679941177,
20,,,14464,0.010120886377990246,
20,,,14469,0.12983117997646332,
20,,,14474,0.030261553823947906,
20,,,14479,0.0388055257499218,
20,,,14484,0.05917564406991005,
20,,,14489,0.04193186014890671,
20,,,14494,0.04403986781835556,
20,,,14499,0.053563591092824936,
20,,,14504,0.05550943687558174,
20,,,14509,0.10422170907258987,
20,,,14514,0.01677779108285904,
20,,,14519,0.06320641934871674,
20,,,14524,0.04990363121032715,
20,,,14529,0.018557187169790268,
20,,,14534,0.020350150763988495,
20,,,14539,0.04506882280111313,
20,,,14544,0.16381599009037018,
20,,,14549,0.8499963879585266,
20,,,14554,0.062632717192173,
20,,,14559,0.06597261875867844,
20,,,14564,0.16174189746379852,
20,,,14569,0.027277974411845207,
20,,,14574,0.059636712074279785,
20,,,14579,0.05730428546667099,
20,,,14584,0.5708522200584412,
20,,,14589,0.0737917572259903,
20,,,14594,0.06488978862762451,
20,,,14599,0.05960020422935486,
20,,,14604,0.03264797106385231,
20,,,14609,0.04110818728804588,
20,,,14614,0.09176147729158401,
20,,,14619,0.04145675152540207,
20,,,14624,0.06595465540885925,
20,,,14629,0.05400107800960541,
20,,,14634,0.11365122348070145,
20,,,14639,0.022994551807641983,
20,,,14644,0.09183885902166367,
20,,,14649,0.06810417026281357,
20,,,14654,0.1886810064315796,
20,,,14659,0.021035481244325638,
20,,,14664,0.2033211886882782,
20,,,14669,0.033852092921733856,
20,,,14674,0.03549124300479889,
20,,,14679,0.02020343206822872,
20,,,14684,0.03441356495022774,
20,,,14689,0.008373908698558807,
20,,,14694,0.04205720126628876,
20,,,14699,0.059692323207855225,
20,,,14699,,0.7153285145759583
,2.5e-06,2.5e-05,14700,,
21,,,14704,0.017215484753251076,
21,,,14709,0.042311906814575195,
21,,,14714,0.04381483420729637,
21,,,14719,0.03216341882944107,
21,,,14724,0.06049351394176483,
21,,,14729,0.032674115151166916,
21,,,14734,0.03489452973008156,
21,,,14739,0.06734218448400497,
21,,,14744,0.058557506650686264,
21,,,14749,0.07179319858551025,
21,,,14754,0.04729994758963585,
21,,,14759,0.09198804944753647,
21,,,14764,0.03542788699269295,
21,,,14769,0.03477631136775017,
21,,,14774,0.04100434482097626,
21,,,14779,0.06257989257574081,
21,,,14784,0.15205757319927216,
21,,,14789,0.06780429929494858,
21,,,14794,0.06674756109714508,
21,,,14799,0.03337003290653229,
21,,,14804,0.10630226880311966,
21,,,14809,0.09878040105104446,
21,,,14814,0.007125989533960819,
21,,,14819,0.016074955463409424,
21,,,14824,0.18928822875022888,
21,,,14829,0.1726209670305252,
21,,,14834,0.06878070533275604,
21,,,14839,0.13087216019630432,
21,,,14844,0.056811895221471786,
21,,,14849,0.01627194881439209,
21,,,14854,0.11966781318187714,
21,,,14859,0.04320060461759567,
21,,,14864,0.080796979367733,
21,,,14869,0.057896483689546585,
21,,,14874,0.27203768491744995,
21,,,14879,0.13909584283828735,
21,,,14884,0.03234260901808739,
21,,,14889,0.08719395846128464,
21,,,14894,0.027348393574357033,
21,,,14899,0.11746522039175034,
21,,,14904,0.02158776856958866,
21,,,14909,0.060543280094861984,
21,,,14914,0.11803465336561203,
21,,,14919,0.07698185741901398,
21,,,14924,0.14529414474964142,
21,,,14929,0.05626177787780762,
21,,,14934,0.1416846662759781,
21,,,14939,0.09965236485004425,
21,,,14944,0.021677523851394653,
21,,,14949,0.055964455008506775,
21,,,14954,0.030885180458426476,
21,,,14959,0.1167450025677681,
21,,,14964,0.0479603111743927,
21,,,14969,0.058086056262254715,
21,,,14974,0.013400821015238762,
21,,,14979,0.18204599618911743,
21,,,14984,0.010351942852139473,
21,,,14989,0.054775409400463104,
21,,,14994,0.02157760038971901,
21,,,14999,0.14110328257083893,
21,,,15004,0.18596722185611725,
21,,,15009,0.03139393404126167,
21,,,15014,0.32854557037353516,
21,,,15019,0.05008171871304512,
21,,,15024,0.10825565457344055,
21,,,15029,0.11315855383872986,
21,,,15034,0.04348430782556534,
21,,,15039,0.02227124013006687,
21,,,15044,0.013191933743655682,
21,,,15049,0.14290781319141388,
21,,,15054,0.03742741048336029,
21,,,15059,0.09067168086767197,
21,,,15064,0.06592129915952682,
21,,,15069,0.10729438811540604,
21,,,15074,0.029179023578763008,
21,,,15079,0.05083753913640976,
21,,,15084,0.13116759061813354,
21,,,15089,0.02706785500049591,
21,,,15094,0.14034859836101532,
21,,,15099,0.17313504219055176,
21,,,15104,0.021978996694087982,
21,,,15109,0.09549881517887115,
21,,,15114,0.11147256940603256,
21,,,15119,0.03336949646472931,
21,,,15124,0.23436881601810455,
21,,,15129,0.10678166151046753,
21,,,15134,0.06776364892721176,
21,,,15139,0.19749820232391357,
21,,,15144,0.021049683913588524,
21,,,15149,0.026503976434469223,
21,,,15154,0.03505319729447365,
21,,,15159,0.027035143226385117,
21,,,15164,0.04811372607946396,
21,,,15169,0.08627903461456299,
21,,,15174,0.1310574859380722,
21,,,15179,0.85000079870224,
21,,,15184,0.011509763076901436,
21,,,15189,0.0430922769010067,
21,,,15194,0.05364195629954338,
21,,,15199,0.04412806034088135,
21,,,15204,0.04700937122106552,
21,,,15209,0.06143955513834953,
21,,,15214,0.05540031939744949,
21,,,15219,0.04108105227351189,
21,,,15224,0.04709412530064583,
21,,,15229,0.16895481944084167,
21,,,15234,0.08448527753353119,
21,,,15239,0.08181139081716537,
21,,,15244,0.06767108291387558,
21,,,15249,0.07130247354507446,
21,,,15254,0.05240968242287636,
21,,,15259,0.07895816117525101,
21,,,15264,0.16451412439346313,
21,,,15269,0.0502992607653141,
21,,,15274,0.008813462220132351,
21,,,15279,0.11890469491481781,
21,,,15284,0.16496409475803375,
21,,,15289,0.011420570313930511,
21,,,15294,0.1878921538591385,
21,,,15299,0.07015439122915268,
21,,,15304,0.08744362741708755,
21,,,15309,0.056266482919454575,
21,,,15314,0.03215779364109039,
21,,,15319,0.05385921522974968,
21,,,15324,0.06778810173273087,
21,,,15329,0.036056846380233765,
21,,,15334,0.03559942543506622,
21,,,15339,0.09307903796434402,
21,,,15344,0.020600028336048126,
21,,,15349,0.06980150938034058,
21,,,15354,0.046673089265823364,
21,,,15359,0.028381770476698875,
21,,,15364,0.04958895966410637,
21,,,15369,0.013303499668836594,
21,,,15374,0.08382285386323929,
21,,,15379,0.11310390383005142,
21,,,15384,0.06911852210760117,
21,,,15389,0.03477542847394943,
21,,,15394,0.13259555399417877,
21,,,15399,0.06009405851364136,
21,,,15399,,0.51917564868927
,2.5e-06,2.5e-05,15400,,
22,,,15404,0.10537101328372955,
22,,,15409,0.09404874593019485,
22,,,15414,0.03197861462831497,
22,,,15419,0.0272598285228014,
22,,,15424,0.06021231785416603,
22,,,15429,0.046894412487745285,
22,,,15434,0.12595288455486298,
22,,,15439,0.08996781706809998,
22,,,15444,0.10209260880947113,
22,,,15449,0.013134834356606007,
22,,,15454,0.06053083389997482,
22,,,15459,0.055740974843502045,
22,,,15464,0.07110101729631424,
22,,,15469,0.009697758592665195,
22,,,15474,0.054132960736751556,
22,,,15479,0.2731260359287262,
22,,,15484,0.012950240634381771,
22,,,15489,0.01321706734597683,
22,,,15494,0.1197260245680809,
22,,,15499,0.053723618388175964,
22,,,15504,0.11698173731565475,
22,,,15509,0.07195373624563217,
22,,,15514,0.037349995225667953,
22,,,15519,0.041271571069955826,
22,,,15524,0.04764387011528015,
22,,,15529,0.1777564138174057,
22,,,15534,0.11468403786420822,
22,,,15539,0.03009452112019062,
22,,,15544,0.08557435870170593,
22,,,15549,0.23575174808502197,
22,,,15554,0.02953917905688286,
22,,,15559,0.07597830891609192,
22,,,15564,0.02443622425198555,
22,,,15569,0.07329585403203964,
22,,,15574,0.263526052236557,
22,,,15579,0.0878022313117981,
22,,,15584,0.19340747594833374,
22,,,15589,0.008285431191325188,
22,,,15594,0.019312050193548203,
22,,,15599,0.05232679471373558,
22,,,15604,0.046569809317588806,
22,,,15609,0.05570489913225174,
22,,,15614,0.07929776608943939,
22,,,15619,0.21704301238059998,
22,,,15624,0.09930887818336487,
22,,,15629,0.0393793061375618,
22,,,15634,0.07102809101343155,
22,,,15639,0.007521104998886585,
22,,,15644,0.035062648355960846,
22,,,15649,0.04868992045521736,
22,,,15654,0.1703304946422577,
22,,,15659,0.015743277966976166,
22,,,15664,0.03720874339342117,
22,,,15669,0.03472283110022545,
22,,,15674,0.05997731164097786,
22,,,15679,0.13542871177196503,
22,,,15684,0.034300364553928375,
22,,,15689,0.010343683883547783,
22,,,15694,0.04230543598532677,
22,,,15699,0.059741050004959106,
22,,,15704,0.09720907360315323,
22,,,15709,0.032237835228443146,
22,,,15714,0.06762227416038513,
22,,,15719,0.06445033103227615,
22,,,15724,0.11555035412311554,
22,,,15729,0.04730480909347534,
22,,,15734,0.06008841097354889,
22,,,15739,0.1626090556383133,
22,,,15744,0.08085767179727554,
22,,,15749,0.11997824907302856,
22,,,15754,0.02584233321249485,
22,,,15759,0.010693342424929142,
22,,,15764,0.1239190474152565,
22,,,15769,0.17255809903144836,
22,,,15774,0.03921016305685043,
22,,,15779,0.1358002871274948,
22,,,15784,0.04247217997908592,
22,,,15789,0.8499853610992432,
22,,,15794,0.019213002175092697,
22,,,15799,0.012089710682630539,
22,,,15804,0.12202141433954239,
22,,,15809,0.02600216493010521,
22,,,15814,0.09460966289043427,
22,,,15819,0.013167980127036572,
22,,,15824,0.054316069930791855,
22,,,15829,0.07548721134662628,
22,,,15834,0.009894588962197304,
22,,,15839,0.14247921109199524,
22,,,15844,0.019649922847747803,
22,,,15849,0.030950253829360008,
22,,,15854,0.027445364743471146,
22,,,15859,0.11015990376472473,
22,,,15864,0.05957089737057686,
22,,,15869,0.03224223479628563,
22,,,15874,0.0621332973241806,
22,,,15879,0.033494021743535995,
22,,,15884,0.01690254732966423,
22,,,15889,0.1670478880405426,
22,,,15894,0.07307980209589005,
22,,,15899,0.06535586714744568,
22,,,15904,0.2097049057483673,
22,,,15909,0.04271391034126282,
22,,,15914,0.0565640851855278,
22,,,15919,0.007654860615730286,
22,,,15924,0.05231426656246185,
22,,,15929,0.050495125353336334,
22,,,15934,0.048877350986003876,
22,,,15939,0.09054581820964813,
22,,,15944,0.02645222097635269,
22,,,15949,0.05720454826951027,
22,,,15954,0.03994664177298546,
22,,,15959,0.15885788202285767,
22,,,15964,0.07293449342250824,
22,,,15969,0.13909973204135895,
22,,,15974,0.008947780355811119,
22,,,15979,0.15259458124637604,
22,,,15984,0.02698511630296707,
22,,,15989,0.11244414746761322,
22,,,15994,0.13332858681678772,
22,,,15999,0.019644202664494514,
22,,,16004,0.08510490506887436,
22,,,16009,0.015866994857788086,
22,,,16014,0.017411066219210625,
22,,,16019,0.19077083468437195,
22,,,16024,0.06126295030117035,
22,,,16029,0.020779000595211983,
22,,,16034,0.11336889863014221,
22,,,16039,0.03442133218050003,
22,,,16044,0.010683814994990826,
22,,,16049,0.14024730026721954,
22,,,16054,0.08447106927633286,
22,,,16059,0.04943772405385971,
22,,,16064,0.011682308278977871,
22,,,16069,0.12440375238656998,
22,,,16074,0.044295504689216614,
22,,,16079,0.01089231576770544,
22,,,16084,0.015827253460884094,
22,,,16089,0.06447393447160721,
22,,,16094,0.11467911303043365,
22,,,16099,0.08015163242816925,
22,,,16099,,0.6263806223869324
,2.5e-06,2.5e-05,16100,,
23,,,16104,0.016233591362833977,
23,,,16109,0.1680852174758911,
23,,,16114,0.04415378347039223,
23,,,16119,0.02789764292538166,
23,,,16124,0.027919664978981018,
23,,,16129,0.8499993085861206,
23,,,16134,0.026347268372774124,
23,,,16139,0.03393935039639473,
23,,,16144,0.014958790503442287,
23,,,16149,0.041192058473825455,
23,,,16154,0.07348791509866714,
23,,,16159,0.8499963879585266,
23,,,16164,0.19164305925369263,
23,,,16169,0.05486917123198509,
23,,,16174,0.10326876491308212,
23,,,16179,0.09175413846969604,
23,,,16184,0.03243611752986908,
23,,,16189,0.034677185118198395,
23,,,16194,0.039200060069561005,
23,,,16199,0.006907779723405838,
23,,,16204,0.13252656161785126,
23,,,16209,0.02658841200172901,
23,,,16214,0.016233911737799644,
23,,,16219,0.04635031893849373,
23,,,16224,0.0332878977060318,
23,,,16229,0.09064535796642303,
23,,,16234,0.0838390663266182,
23,,,16239,0.013755963183939457,
23,,,16244,0.06042110174894333,
23,,,16249,0.05831301212310791,
23,,,16254,0.07496344298124313,
23,,,16259,0.055241622030735016,
23,,,16264,0.0803312212228775,
23,,,16269,0.11179386079311371,
23,,,16274,0.027383698150515556,
23,,,16279,0.01801551692187786,
23,,,16284,0.03692789748311043,
23,,,16289,0.03145870566368103,
23,,,16294,0.046731337904930115,
23,,,16299,0.028501080349087715,
23,,,16304,0.0780484676361084,
23,,,16309,0.31722909212112427,
23,,,16314,0.07374197244644165,
23,,,16319,0.14784306287765503,
23,,,16324,0.013981012627482414,
23,,,16329,0.009032923728227615,
23,,,16334,0.11444341391324997,
23,,,16339,0.026243356987833977,
23,,,16344,0.0165155827999115,
23,,,16349,0.07274344563484192,
23,,,16354,0.04282302409410477,
23,,,16359,0.028134534135460854,
23,,,16364,0.02924233488738537,
23,,,16369,0.05886140093207359,
23,,,16374,0.048347052186727524,
23,,,16379,0.11212844401597977,
23,,,16384,0.10144706815481186,
23,,,16389,0.03325066342949867,
23,,,16394,0.0644337385892868,
23,,,16399,0.03762530907988548,
23,,,16404,0.0519673153758049,
23,,,16409,0.02422109618782997,
23,,,16414,0.03154975548386574,
23,,,16419,0.015952488407492638,
23,,,16424,0.08537611365318298,
23,,,16429,0.022743547335267067,
23,,,16434,0.03759798780083656,
23,,,16439,0.044537078589200974,
23,,,16444,0.04496489465236664,
23,,,16449,0.04504620283842087,
23,,,16454,0.040867049247026443,
23,,,16459,0.019378427416086197,
23,,,16464,0.06195539981126785,
23,,,16469,0.1376604437828064,
23,,,16474,0.043830759823322296,
23,,,16479,0.009758749976754189,
23,,,16484,0.06145903095602989,
23,,,16489,0.13712775707244873,
23,,,16494,0.04308440908789635,
23,,,16499,0.0074216932989656925,
23,,,16504,0.04143178462982178,
23,,,16509,0.09120388329029083,
23,,,16514,0.09737490117549896,
23,,,16519,0.02144673652946949,
23,,,16524,0.05258020758628845,
23,,,16529,0.08510354906320572,
23,,,16534,0.06033430993556976,
23,,,16539,0.07553759962320328,
23,,,16544,0.09803380072116852,
23,,,16549,0.1119808480143547,
23,,,16554,0.059588562697172165,
23,,,16559,0.04817797988653183,
23,,,16564,0.08092007786035538,
23,,,16569,0.14611685276031494,
23,,,16574,0.03780504688620567,
23,,,16579,0.07192223519086838,
23,,,16584,0.016462763771414757,
23,,,16589,0.046960994601249695,
23,,,16594,0.13159924745559692,
23,,,16599,0.05347337946295738,
23,,,16604,0.06624193489551544,
23,,,16609,0.1234457865357399,
23,,,16614,0.05417458340525627,
23,,,16619,0.057211458683013916,
23,,,16624,0.0063574002124369144,
23,,,16629,0.02675742842257023,
23,,,16634,0.014313734136521816,
23,,,16639,0.18929064273834229,
23,,,16644,0.029394926503300667,
23,,,16649,0.01525929756462574,
23,,,16654,0.030229981988668442,
23,,,16659,0.024175632745027542,
23,,,16664,0.036354582756757736,
23,,,16669,0.03658987581729889,
23,,,16674,0.178467258810997,
23,,,16679,0.08540120720863342,
23,,,16684,0.07798753678798676,
23,,,16689,0.03446526825428009,
23,,,16694,0.08538862317800522,
23,,,16699,0.013214781880378723,
23,,,16704,0.044669561088085175,
23,,,16709,0.08518562465906143,
23,,,16714,0.014344556257128716,
23,,,16719,0.1517488956451416,
23,,,16724,0.13109152019023895,
23,,,16729,0.033263061195611954,
23,,,16734,0.05973895639181137,
23,,,16739,0.026938049122691154,
23,,,16744,0.06922654062509537,
23,,,16749,0.00807228684425354,
23,,,16754,0.13828974962234497,
23,,,16759,0.048725008964538574,
23,,,16764,0.030717583373188972,
23,,,16769,0.05275677517056465,
23,,,16774,0.053762372583150864,
23,,,16779,0.03333354368805885,
23,,,16784,0.0558050200343132,
23,,,16789,0.10072212666273117,
23,,,16794,0.1470726728439331,
23,,,16799,0.10952892154455185,
23,,,16799,,0.850562572479248
,2.5e-06,2.5e-05,16800,,
24,,,16804,0.09370585530996323,
24,,,16809,0.06480646878480911,
24,,,16814,0.034146748483181,
24,,,16819,0.023525001481175423,
24,,,16824,0.12714973092079163,
24,,,16829,0.01037555281072855,
24,,,16834,0.09003426134586334,
24,,,16839,0.09057889133691788,
24,,,16844,0.054260898381471634,
24,,,16849,0.1438600718975067,
24,,,16854,0.12268843501806259,
24,,,16859,0.07463964074850082,
24,,,16864,0.017125805839896202,
24,,,16869,0.05435031279921532,
24,,,16874,0.06221930682659149,
24,,,16879,0.019574984908103943,
24,,,16884,0.0801922008395195,
24,,,16889,0.008526886813342571,
24,,,16894,0.05902246758341789,
24,,,16899,0.05488811433315277,
24,,,16904,0.06446846574544907,
24,,,16909,0.018326669931411743,
24,,,16914,0.05469107627868652,
24,,,16919,0.032352857291698456,
24,,,16924,0.09345366060733795,
24,,,16929,0.11723437905311584,
24,,,16934,0.12755391001701355,
24,,,16939,0.04403013363480568,
24,,,16944,0.1771187037229538,
24,,,16949,0.043101076036691666,
24,,,16954,0.11003848910331726,
24,,,16959,0.09622851014137268,
24,,,16964,0.08372265100479126,
24,,,16969,0.10793022811412811,
24,,,16974,0.03102235123515129,
24,,,16979,0.015310732647776604,
24,,,16984,0.060820791870355606,
24,,,16989,0.0972636491060257,
24,,,16994,0.0642804503440857,
24,,,16999,0.021101683378219604,
24,,,17004,0.11393386870622635,
24,,,17009,0.02957560122013092,
24,,,17014,0.05899890139698982,
24,,,17019,0.011713693849742413,
24,,,17024,0.01794520765542984,
24,,,17029,0.13660167157649994,
24,,,17034,0.13650140166282654,
24,,,17039,0.1407352089881897,
24,,,17044,0.10289597511291504,
24,,,17049,0.06458326429128647,
24,,,17054,0.047115251421928406,
24,,,17059,0.3519158661365509,
24,,,17064,0.03305291756987572,
24,,,17069,0.03218802437186241,
24,,,17074,0.03141292929649353,
24,,,17079,0.06406718492507935,
24,,,17084,0.03387124836444855,
24,,,17089,0.09692058712244034,
24,,,17094,0.13593962788581848,
24,,,17099,0.07219292223453522,
24,,,17104,0.08114966005086899,
24,,,17109,0.12583616375923157,
24,,,17114,0.029556235298514366,
24,,,17119,0.020975027233362198,
24,,,17124,0.013864864595234394,
24,,,17129,0.1542680561542511,
24,,,17134,0.09564932435750961,
24,,,17139,0.021742746233940125,
24,,,17144,0.06276533752679825,
24,,,17149,0.027776161208748817,
24,,,17154,0.11462544649839401,
24,,,17159,0.06597469747066498,
24,,,17164,0.016765255481004715,
24,,,17169,0.021199002861976624,
24,,,17174,0.15079517662525177,
24,,,17179,0.11792577058076859,
24,,,17184,0.027257906273007393,
24,,,17189,0.02947956882417202,
24,,,17194,0.11134173721075058,
24,,,17199,0.05929692089557648,
24,,,17204,0.043409861624240875,
24,,,17209,0.11766484379768372,
24,,,17214,0.023032749071717262,
24,,,17219,0.06669680029153824,
24,,,17224,0.08610203117132187,
24,,,17229,0.045091841369867325,
24,,,17234,0.04714798927307129,
24,,,17239,0.014645561575889587,
24,,,17244,0.033902931958436966,
24,,,17249,0.041480232030153275,
24,,,17254,0.04271473363041878,
24,,,17259,0.07747454941272736,
24,,,17264,0.05615188181400299,
24,,,17269,0.05664002150297165,
24,,,17274,0.09237513691186905,
24,,,17279,0.009152115322649479,
24,,,17284,0.04758700355887413,
24,,,17289,0.04776657000184059,
24,,,17294,0.021061506122350693,
24,,,17299,0.06459981948137283,
24,,,17304,0.03691384568810463,
24,,,17309,0.16692005097866058,
24,,,17314,0.0693945363163948,
24,,,17319,0.06128624454140663,
24,,,17324,0.027513770386576653,
24,,,17329,0.05210107937455177,
24,,,17334,0.01589714176952839,
24,,,17339,0.0792551264166832,
24,,,17344,0.14632660150527954,
24,,,17349,0.025209633633494377,
24,,,17354,0.2624189555644989,
24,,,17359,0.05899263173341751,
24,,,17364,0.055870793759822845,
24,,,17369,0.023418322205543518,
24,,,17374,0.028099771589040756,
24,,,17379,0.04242900386452675,
24,,,17384,0.13169869780540466,
24,,,17389,0.05838876962661743,
24,,,17394,0.049966707825660706,
24,,,17399,0.04423994943499565,
24,,,17404,0.2719742953777313,
24,,,17409,0.050834957510232925,
24,,,17414,0.0619167722761631,
24,,,17419,0.011648733168840408,
24,,,17424,0.1429804116487503,
24,,,17429,0.2556586265563965,
24,,,17434,0.15797960758209229,
24,,,17439,0.0435388945043087,
24,,,17444,0.03490468114614487,
24,,,17449,0.09794288873672485,
24,,,17454,0.10938049107789993,
24,,,17459,0.029762644320726395,
24,,,17464,0.012602819129824638,
24,,,17469,0.10424143821001053,
24,,,17474,0.030620800331234932,
24,,,17479,0.12709248065948486,
24,,,17484,0.03176451474428177,
24,,,17489,0.04649227112531662,
24,,,17494,0.03139665350317955,
24,,,17499,0.015062539838254452,
24,,,17499,,0.6615657806396484
,2.5e-06,2.5e-05,17500,,
25,,,17504,0.015496027655899525,
25,,,17509,0.055503636598587036,
25,,,17514,0.009640445932745934,
25,,,17519,0.07436367124319077,
25,,,17524,0.04409533739089966,
25,,,17529,0.0219329334795475,
25,,,17534,0.03703315928578377,
25,,,17539,0.02953084371984005,
25,,,17544,0.042930345982313156,
25,,,17549,0.038493793457746506,
25,,,17554,0.03302926570177078,
25,,,17559,0.010334533639252186,
25,,,17564,0.012142926454544067,
25,,,17569,0.008881917223334312,
25,,,17574,0.04081379622220993,
25,,,17579,0.07870125770568848,
25,,,17584,0.02972443960607052,
25,,,17589,0.06046522036194801,
25,,,17594,0.04291919618844986,
25,,,17599,0.03279554843902588,
25,,,17604,0.04134387895464897,
25,,,17609,0.07668594270944595,
25,,,17614,0.03806163743138313,
25,,,17619,0.023065077140927315,
25,,,17624,0.054024387151002884,
25,,,17629,0.1286887526512146,
25,,,17634,0.08032240718603134,
25,,,17639,0.06661392748355865,
25,,,17644,0.028280315920710564,
25,,,17649,0.14004340767860413,
25,,,17654,0.010468678548932076,
25,,,17659,0.039117004722356796,
25,,,17664,0.009930179454386234,
25,,,17669,0.16059517860412598,
25,,,17674,0.02127467468380928,
25,,,17679,0.07470527291297913,
25,,,17684,0.0538107231259346,
25,,,17689,0.09837304055690765,
25,,,17694,0.01077828649431467,
25,,,17699,0.10532796382904053,
25,,,17704,0.06959665566682816,
25,,,17709,0.041316885501146317,
25,,,17714,0.030149541795253754,
25,,,17719,0.09884512424468994,
25,,,17724,0.033386364579200745,
25,,,17729,0.05473324656486511,
25,,,17734,0.07407176494598389,
25,,,17739,0.07613037526607513,
25,,,17744,0.08443897217512131,
25,,,17749,0.05337460711598396,
25,,,17754,0.09149403125047684,
25,,,17759,0.015095152892172337,
25,,,17764,0.13207650184631348,
25,,,17769,0.13780248165130615,
25,,,17774,0.03827356919646263,
25,,,17779,0.006644431967288256,
25,,,17784,0.03297109156847,
25,,,17789,0.046620845794677734,
25,,,17794,0.048404935747385025,
25,,,17799,0.04393106698989868,
25,,,17804,0.08763286471366882,
25,,,17809,0.05882634222507477,
25,,,17814,0.020674094557762146,
25,,,17819,0.14070037007331848,
25,,,17824,0.09046734124422073,
25,,,17829,0.02844075672328472,
25,,,17834,0.06351697444915771,
25,,,17839,0.20110195875167847,
25,,,17844,0.05250711366534233,
25,,,17849,0.009640682488679886,
25,,,17854,0.04747902601957321,
25,,,17859,0.013123082928359509,
25,,,17864,0.06847354024648666,
25,,,17869,0.006989740300923586,
25,,,17874,0.027765996754169464,
25,,,17879,0.031916543841362,
25,,,17884,0.04057934135198593,
25,,,17889,0.0724383145570755,
25,,,17894,0.10007624328136444,
25,,,17899,0.03400694206357002,
25,,,17904,0.15969625115394592,
25,,,17909,0.020864438265562057,
25,,,17914,0.03826366364955902,
25,,,17919,0.033003684133291245,
25,,,17924,0.02526174858212471,
25,,,17929,0.04102982208132744,
25,,,17934,0.01628468930721283,
25,,,17939,0.00857232604175806,
25,,,17944,0.08019885420799255,
25,,,17949,0.01166583877056837,
25,,,17954,0.08734011650085449,
25,,,17959,0.23760728538036346,
25,,,17964,0.005326504353433847,
25,,,17969,0.034864526242017746,
25,,,17974,0.317077100276947,
25,,,17979,0.051991939544677734,
25,,,17984,0.00832308828830719,
25,,,17989,0.012593982741236687,
25,,,17994,0.03343178704380989,
25,,,17999,0.03000750206410885,
25,,,18004,0.06777595728635788,
25,,,18009,0.04656984284520149,
25,,,18014,0.1207212507724762,
25,,,18019,0.013648015446960926,
25,,,18024,0.21594570577144623,
25,,,18029,0.03075609914958477,
25,,,18034,0.019094061106443405,
25,,,18039,0.050401441752910614,
25,,,18044,0.010287548415362835,
25,,,18049,0.008601649664342403,
25,,,18054,0.05434785038232803,
25,,,18059,0.06361105293035507,
25,,,18064,0.023135771974921227,
25,,,18069,0.06251628696918488,
25,,,18074,0.04269222170114517,
25,,,18079,0.04377507045865059,
25,,,18084,0.027089659124612808,
25,,,18089,0.011755349114537239,
25,,,18094,0.06721238046884537,
25,,,18099,0.17671827971935272,
25,,,18104,0.11299989372491837,
25,,,18109,0.03595813736319542,
25,,,18114,0.013051973655819893,
25,,,18119,0.020673904567956924,
25,,,18124,0.027421196922659874,
25,,,18129,0.048258159309625626,
25,,,18134,0.027631042525172234,
25,,,18139,0.027667248621582985,
25,,,18144,0.034819189459085464,
25,,,18149,0.06386993080377579,
25,,,18154,0.031231453642249107,
25,,,18159,0.01754634827375412,
25,,,18164,0.0248132161796093,
25,,,18169,0.01648876443505287,
25,,,18174,0.03239592909812927,
25,,,18179,0.0631713792681694,
25,,,18184,0.05474933236837387,
25,,,18189,0.09185314178466797,
25,,,18194,0.03959834948182106,
25,,,18199,0.005988102871924639,
25,,,18199,,0.5176750421524048
,2.5e-06,2.5e-05,18200,,
26,,,18204,0.05538291856646538,
26,,,18209,0.03395013511180878,
26,,,18214,0.21511393785476685,
26,,,18219,0.07695125043392181,
26,,,18224,0.2885678708553314,
26,,,18229,0.019886532798409462,
26,,,18234,0.021392449736595154,
26,,,18239,0.07341714948415756,
26,,,18244,0.0334605947136879,
26,,,18249,0.07781796902418137,
26,,,18254,0.04711476340889931,
26,,,18259,0.06260746717453003,
26,,,18264,0.014832994900643826,
26,,,18269,0.03578517213463783,
26,,,18274,0.05524437129497528,
26,,,18279,0.22804555296897888,
26,,,18284,0.14304353296756744,
26,,,18289,0.01908428594470024,
26,,,18294,0.018468519672751427,
26,,,18299,0.03967798501253128,
26,,,18304,0.05442250892519951,
26,,,18309,0.044333890080451965,
26,,,18314,0.1345793902873993,
26,,,18319,0.031919926404953,
26,,,18324,0.04609669744968414,
26,,,18329,0.043096233159303665,
26,,,18334,0.05528713017702103,
26,,,18339,0.05688926577568054,
26,,,18344,0.0621146522462368,
26,,,18349,0.022329848259687424,
26,,,18354,0.1354798823595047,
26,,,18359,0.05904577299952507,
26,,,18364,0.08768823742866516,
26,,,18369,0.054036859422922134,
26,,,18374,0.8499997854232788,
26,,,18379,0.17146283388137817,
26,,,18384,0.07558320462703705,
26,,,18389,0.10767997056245804,
26,,,18394,0.03888556361198425,
26,,,18399,0.03768755495548248,
26,,,18404,0.013092394918203354,
26,,,18409,0.040815725922584534,
26,,,18414,0.04972004145383835,
26,,,18419,0.03845430165529251,
26,,,18424,0.08161692321300507,
26,,,18429,0.06196402758359909,
26,,,18434,0.10592466592788696,
26,,,18439,0.10547579079866409,
26,,,18444,0.023025060072541237,
26,,,18449,0.18334317207336426,
26,,,18454,0.022303957492113113,
26,,,18459,0.011079704388976097,
26,,,18464,0.034689683467149734,
26,,,18469,0.05799758806824684,
26,,,18474,0.029837869107723236,
26,,,18479,0.045520298182964325,
26,,,18484,0.026105158030986786,
26,,,18489,0.03952120244503021,
26,,,18494,0.084232397377491,
26,,,18499,0.040538668632507324,
26,,,18504,0.05919109657406807,
26,,,18509,0.12902511656284332,
26,,,18514,0.04197806119918823,
26,,,18519,0.04875233396887779,
26,,,18524,0.31865182518959045,
26,,,18529,0.02843635156750679,
26,,,18534,0.12325848639011383,
26,,,18539,0.040240317583084106,
26,,,18544,0.026971543207764626,
26,,,18549,0.00810752622783184,
26,,,18554,0.008507193066179752,
26,,,18559,0.057073723524808884,
26,,,18564,0.0274334866553545,
26,,,18569,0.1295718550682068,
26,,,18574,0.06013054400682449,
26,,,18579,0.01976238377392292,
26,,,18584,0.04363560304045677,
26,,,18589,0.025418808683753014,
26,,,18594,0.01494674477726221,
26,,,18599,0.02554153837263584,
26,,,18604,0.026360368356108665,
26,,,18609,0.023473206907510757,
26,,,18614,0.03822951018810272,
26,,,18619,0.04879525676369667,
26,,,18624,0.011547687463462353,
26,,,18629,0.09317394345998764,
26,,,18634,0.023110654205083847,
26,,,18639,0.03759590908885002,
26,,,18644,0.008733288384974003,
26,,,18649,0.0374540351331234,
26,,,18654,0.059913408011198044,
26,,,18659,0.03127507492899895,
26,,,18664,0.10151050239801407,
26,,,18669,0.08126295357942581,
26,,,18674,0.08524887263774872,
26,,,18679,0.05455068126320839,
26,,,18684,0.08712053298950195,
26,,,18689,0.022771677002310753,
26,,,18694,0.048164743930101395,
26,,,18699,0.04889068379998207,
26,,,18704,0.040211111307144165,
26,,,18709,0.15003325045108795,
26,,,18714,0.11641459167003632,
26,,,18719,0.049366146326065063,
26,,,18724,0.22873008251190186,
26,,,18729,0.043514493852853775,
26,,,18734,0.052705273032188416,
26,,,18739,0.01656501367688179,
26,,,18744,0.06256850808858871,
26,,,18749,0.06191335245966911,
26,,,18754,0.054341595619916916,
26,,,18759,0.046018462628126144,
26,,,18764,0.05083121359348297,
26,,,18769,0.08551650494337082,
26,,,18774,0.03712743520736694,
26,,,18779,0.19508950412273407,
26,,,18784,0.03243338689208031,
26,,,18789,0.010098040103912354,
26,,,18794,0.027709385380148888,
26,,,18799,0.060338880866765976,
26,,,18804,0.05865347012877464,
26,,,18809,0.038315460085868835,
26,,,18814,0.04339919611811638,
26,,,18819,0.019602863118052483,
26,,,18824,0.04253116995096207,
26,,,18829,0.170388326048851,
26,,,18834,0.06542713940143585,
26,,,18839,0.014801779761910439,
26,,,18844,0.051135070621967316,
26,,,18849,0.019989265128970146,
26,,,18854,0.04031049832701683,
26,,,18859,0.023864539340138435,
26,,,18864,0.032245997339487076,
26,,,18869,0.024510150775313377,
26,,,18874,0.06750071793794632,
26,,,18879,0.07563221454620361,
26,,,18884,0.019753359258174896,
26,,,18889,0.010966718196868896,
26,,,18894,0.3267386257648468,
26,,,18899,0.03466120362281799,
26,,,18899,,0.8505891561508179
,1.25e-06,1.25e-05,18900,,
27,,,18904,0.10791803151369095,
27,,,18909,0.044412534683942795,
27,,,18914,0.010309207253158092,
27,,,18919,0.11271583288908005,
27,,,18924,0.02294858917593956,
27,,,18929,0.02087527886033058,
27,,,18934,0.13363748788833618,
27,,,18939,0.11231686919927597,
27,,,18944,0.014314348809421062,
27,,,18949,0.011540363542735577,
27,,,18954,0.09945808351039886,
27,,,18959,0.022535890340805054,
27,,,18964,0.056755684316158295,
27,,,18969,0.24618379771709442,
27,,,18974,0.059755951166152954,
27,,,18979,0.03163281828165054,
27,,,18984,0.036616384983062744,
27,,,18989,0.11183992773294449,
27,,,18994,0.06080452352762222,
27,,,18999,0.37279027700424194,
27,,,19004,0.04743847995996475,
27,,,19009,0.029340043663978577,
27,,,19014,0.05401282012462616,
27,,,19019,0.11238167434930801,
27,,,19024,0.06801995635032654,
27,,,19029,0.046369168907403946,
27,,,19034,0.023892927914857864,
27,,,19039,0.05816162750124931,
27,,,19044,0.032795146107673645,
27,,,19049,0.00903838686645031,
27,,,19054,0.02982478216290474,
27,,,19059,0.03492382913827896,
27,,,19064,0.05987361818552017,
27,,,19069,0.05985144153237343,
27,,,19074,0.03463299199938774,
27,,,19079,0.03000963293015957,
27,,,19084,0.031122563406825066,
27,,,19089,0.08735456317663193,
27,,,19094,0.06525527685880661,
27,,,19099,0.17116720974445343,
27,,,19104,0.028453487902879715,
27,,,19109,0.05288780480623245,
27,,,19114,0.044923484325408936,
27,,,19119,0.0205275509506464,
27,,,19124,0.052999433130025864,
27,,,19129,0.012433813884854317,
27,,,19134,0.03344237431883812,
27,,,19139,0.054490379989147186,
27,,,19144,0.1470080465078354,
27,,,19149,0.050116702914237976,
27,,,19154,0.06578826159238815,
27,,,19159,0.03608144819736481,
27,,,19164,0.03748621046543121,
27,,,19169,0.15648946166038513,
27,,,19174,0.06132248416543007,
27,,,19179,0.12871049344539642,
27,,,19184,0.016606323421001434,
27,,,19189,0.11091841012239456,
27,,,19194,0.04310581460595131,
27,,,19199,0.047951556742191315,
27,,,19204,0.06580118089914322,
27,,,19209,0.05469011142849922,
27,,,19214,0.07709074020385742,
27,,,19219,0.05789439380168915,
27,,,19224,0.03623489663004875,
27,,,19229,0.09565161168575287,
27,,,19234,0.13074426352977753,
27,,,19239,0.026785800233483315,
27,,,19244,0.03703564032912254,
27,,,19249,0.013669376261532307,
27,,,19254,0.01755237579345703,
27,,,19259,0.05870487168431282,
27,,,19264,0.03410220518708229,
27,,,19269,0.07741039246320724,
27,,,19274,0.022318542003631592,
27,,,19279,0.08774446696043015,
27,,,19284,0.015824127942323685,
27,,,19289,0.03407904878258705,
27,,,19294,0.04031674191355705,
27,,,19299,0.06920088082551956,
27,,,19304,0.041594669222831726,
27,,,19309,0.0940684974193573,
27,,,19314,0.025905391201376915,
27,,,19319,0.04006187617778778,
27,,,19324,0.8499682545661926,
27,,,19329,0.009379913099110126,
27,,,19334,0.04770687595009804,
27,,,19339,0.03429586812853813,
27,,,19344,0.1447727531194687,
27,,,19349,0.024572083726525307,
27,,,19354,0.02776833437383175,
27,,,19359,0.8499999642372131,
27,,,19364,0.021782662719488144,
27,,,19369,0.0635603740811348,
27,,,19374,0.1007213294506073,
27,,,19379,0.030533067882061005,
27,,,19384,0.07901628315448761,
27,,,19389,0.006136880721896887,
27,,,19394,0.07517874985933304,
27,,,19399,0.07371516525745392,
27,,,19404,0.04718131572008133,
27,,,19409,0.0793663039803505,
27,,,19414,0.16470806300640106,
27,,,19419,0.022511720657348633,
27,,,19424,0.05466574802994728,
27,,,19429,0.009015686810016632,
27,,,19434,0.13308171927928925,
27,,,19439,0.032770950347185135,
27,,,19444,0.0515119731426239,
27,,,19449,0.03028823435306549,
27,,,19454,0.14553649723529816,
27,,,19459,0.033088162541389465,
27,,,19464,0.006106073968112469,
27,,,19469,0.09972260147333145,
27,,,19474,0.15808998048305511,
27,,,19479,0.04992387443780899,
27,,,19484,0.04828086495399475,
27,,,19489,0.09587186574935913,
27,,,19494,0.12368091195821762,
27,,,19499,0.029909765347838402,
27,,,19504,0.03388796001672745,
27,,,19509,0.05859341472387314,
27,,,19514,0.05067839473485947,
27,,,19519,0.08245409280061722,
27,,,19524,0.020478079095482826,
27,,,19529,0.04372682794928551,
27,,,19534,0.025837944820523262,
27,,,19539,0.05004103109240532,
27,,,19544,0.03490622341632843,
27,,,19549,0.006797288544476032,
27,,,19554,0.014112918637692928,
27,,,19559,0.10282817482948303,
27,,,19564,0.04334927722811699,
27,,,19569,0.16808265447616577,
27,,,19574,0.05182710289955139,
27,,,19579,0.010759511031210423,
27,,,19584,0.1726231724023819,
27,,,19589,0.08498284220695496,
27,,,19594,0.16502533853054047,
27,,,19599,0.07625636458396912,
27,,,19599,,0.6383661031723022
,1.25e-06,1.25e-05,19600,,
28,,,19604,0.02891649305820465,
28,,,19609,0.16282649338245392,
28,,,19614,0.025669867172837257,
28,,,19619,0.13419686257839203,
28,,,19624,0.07969058305025101,
28,,,19629,0.04217672348022461,
28,,,19634,0.008702736347913742,
28,,,19639,0.22740484774112701,
28,,,19644,0.09954962134361267,
28,,,19649,0.03431687876582146,
28,,,19654,0.04005291312932968,
28,,,19659,0.053605761379003525,
28,,,19664,0.014215917326509953,
28,,,19669,0.04567289724946022,
28,,,19674,0.013763919472694397,
28,,,19679,0.03716428577899933,
28,,,19684,0.014361209236085415,
28,,,19689,0.07915330678224564,
28,,,19694,0.12389331310987473,
28,,,19699,0.017371241003274918,
28,,,19704,0.19384245574474335,
28,,,19709,0.018757937476038933,
28,,,19714,0.04790946841239929,
28,,,19719,0.032282087951898575,
28,,,19724,0.1409655660390854,
28,,,19729,0.04091855511069298,
28,,,19734,0.5259972214698792,
28,,,19739,0.04853244125843048,
28,,,19744,0.023792089894413948,
28,,,19749,0.035487595945596695,
28,,,19754,0.025979680940508842,
28,,,19759,0.047541406005620956,
28,,,19764,0.021193107590079308,
28,,,19769,0.11344032734632492,
28,,,19774,0.11789113283157349,
28,,,19779,0.027324017137289047,
28,,,19784,0.029777197167277336,
28,,,19789,0.04418591409921646,
28,,,19794,0.055811259895563126,
28,,,19799,0.02277316153049469,
28,,,19804,0.05939200147986412,
28,,,19809,0.8499951958656311,
28,,,19814,0.026592399924993515,
28,,,19819,0.14470897614955902,
28,,,19824,0.05493324622511864,
28,,,19829,0.04307108372449875,
28,,,19834,0.09066447615623474,
28,,,19839,0.22259704768657684,
28,,,19844,0.047997068613767624,
28,,,19849,0.0736493468284607,
28,,,19854,0.008834000676870346,
28,,,19859,0.023129690438508987,
28,,,19864,0.019343946129083633,
28,,,19869,0.0852663516998291,
28,,,19874,0.028144896030426025,
28,,,19879,0.008291234262287617,
28,,,19884,0.023604702204465866,
28,,,19889,0.024639548733830452,
28,,,19894,0.030036641284823418,
28,,,19899,0.07324914634227753,
28,,,19904,0.08382948487997055,
28,,,19909,0.043844111263751984,
28,,,19914,0.09931884706020355,
28,,,19919,0.024773327633738518,
28,,,19924,0.01737416349351406,
28,,,19929,0.06319955736398697,
28,,,19934,0.019891349598765373,
28,,,19939,0.025636259466409683,
28,,,19944,0.18194687366485596,
28,,,19949,0.02825460210442543,
28,,,19954,0.02849566377699375,
28,,,19959,0.0438636839389801,
28,,,19964,0.06734128296375275,
28,,,19969,0.21472857892513275,
28,,,19974,0.010682044550776482,
28,,,19979,0.09820051491260529,
28,,,19984,0.0451422780752182,
28,,,19989,0.34692537784576416,
28,,,19994,0.046084195375442505,
28,,,19999,0.0891140028834343,
28,,,20004,0.011858201585710049,
28,,,20009,0.01895551010966301,
28,,,20014,0.06155158579349518,
28,,,20019,0.038686830550432205,
28,,,20024,0.051164086908102036,
28,,,20029,0.15856455266475677,
28,,,20034,0.06479278206825256,
28,,,20039,0.014951709657907486,
28,,,20044,0.10796741396188736,
28,,,20049,0.023606430739164352,
28,,,20054,0.013942407444119453,
28,,,20059,0.06198616698384285,
28,,,20064,0.01616618223488331,
28,,,20069,0.04541240632534027,
28,,,20074,0.09861565381288528,
28,,,20079,0.008863862603902817,
28,,,20084,0.028839558362960815,
28,,,20089,0.07747800648212433,
28,,,20094,0.04155535250902176,
28,,,20099,0.023118628188967705,
28,,,20104,0.08141281455755234,
28,,,20109,0.038514599204063416,
28,,,20114,0.07813532650470734,
28,,,20119,0.009341401048004627,
28,,,20124,0.028945019468665123,
28,,,20129,0.009220324456691742,
28,,,20134,0.04897501319646835,
28,,,20139,0.034593790769577026,
28,,,20144,0.07624237984418869,
28,,,20149,0.1590740829706192,
28,,,20154,0.022713681682944298,
28,,,20159,0.07092014700174332,
28,,,20164,0.16401875019073486,
28,,,20169,0.02057807147502899,
28,,,20174,0.013887348584830761,
28,,,20179,0.06540032476186752,
28,,,20184,0.0060576568357646465,
28,,,20189,0.013274945318698883,
28,,,20194,0.01353216078132391,
28,,,20199,0.06513350456953049,
28,,,20204,0.09756892174482346,
28,,,20209,0.012710620649158955,
28,,,20214,0.03829829394817352,
28,,,20219,0.022322367876768112,
28,,,20224,0.031853362917900085,
28,,,20229,0.06556684523820877,
28,,,20234,0.08402614295482635,
28,,,20239,0.06494614481925964,
28,,,20244,0.039865363389253616,
28,,,20249,0.027029359713196754,
28,,,20254,0.03626145422458649,
28,,,20259,0.060234811156988144,
28,,,20264,0.016059231013059616,
28,,,20269,0.004772780928760767,
28,,,20274,0.02811240591108799,
28,,,20279,0.8499941825866699,
28,,,20284,0.024193987250328064,
28,,,20289,0.0420943982899189,
28,,,20294,0.13116538524627686,
28,,,20299,0.04315498098731041,
28,,,20299,,0.4971921443939209
,1.25e-06,1.25e-05,20300,,
29,,,20304,0.1264546513557434,
29,,,20309,0.05879250168800354,
29,,,20314,0.03317359462380409,
29,,,20319,0.05017958953976631,
29,,,20324,0.04599021375179291,
29,,,20329,0.13253702223300934,
29,,,20334,0.01819206401705742,
29,,,20339,0.029450343921780586,
29,,,20344,0.12547293305397034,
29,,,20349,0.10328934341669083,
29,,,20354,0.04031767323613167,
29,,,20359,0.04624222218990326,
29,,,20364,0.1575040966272354,
29,,,20369,0.00521579384803772,
29,,,20374,0.026402251794934273,
29,,,20379,0.007054531015455723,
29,,,20384,0.08823993802070618,
29,,,20389,0.03225000202655792,
29,,,20394,0.03133078292012215,
29,,,20399,0.010580708272755146,
29,,,20404,0.10343177616596222,
29,,,20409,0.3665306568145752,
29,,,20414,0.04186505079269409,
29,,,20419,0.058135226368904114,
29,,,20424,0.04169299453496933,
29,,,20429,0.013250495307147503,
29,,,20434,0.008338549174368382,
29,,,20439,0.10267941653728485,
29,,,20444,0.00796390138566494,
29,,,20449,0.07199852913618088,
29,,,20454,0.02848057448863983,
29,,,20459,0.025600332766771317,
29,,,20464,0.06216114014387131,
29,,,20469,0.018958454951643944,
29,,,20474,0.037614647299051285,
29,,,20479,0.029099896550178528,
29,,,20484,0.029629193246364594,
29,,,20489,0.18067079782485962,
29,,,20494,0.07330996543169022,
29,,,20499,0.006004580296576023,
29,,,20504,0.8499996066093445,
29,,,20509,0.0228242389857769,
29,,,20514,0.04105773940682411,
29,,,20519,0.012168562039732933,
29,,,20524,0.14104610681533813,
29,,,20529,0.010539291426539421,
29,,,20534,0.03531382605433464,
29,,,20539,0.03733152151107788,
29,,,20544,0.032867640256881714,
29,,,20549,0.02430608496069908,
29,,,20554,0.08068365603685379,
29,,,20559,0.07251232117414474,
29,,,20564,0.007722355891019106,
29,,,20569,0.07603591680526733,
29,,,20574,0.1122540533542633,
29,,,20579,0.26302072405815125,
29,,,20584,0.10503527522087097,
29,,,20589,0.02592628449201584,
29,,,20594,0.02140514738857746,
29,,,20599,0.01720663532614708,
29,,,20604,0.034097544848918915,
29,,,20609,0.20595403015613556,
29,,,20614,0.02560356631875038,
29,,,20619,0.014021262526512146,
29,,,20624,0.05128173530101776,
29,,,20629,0.07901406288146973,
29,,,20634,0.036558445543050766,
29,,,20639,0.07563058286905289,
29,,,20644,0.06794155389070511,
29,,,20649,0.052128128707408905,
29,,,20654,0.024818534031510353,
29,,,20659,0.008543871343135834,
29,,,20664,0.024032747372984886,
29,,,20669,0.01692275144159794,
29,,,20674,0.08082279562950134,
29,,,20679,0.15126584470272064,
29,,,20684,0.020783642306923866,
29,,,20689,0.018725141882896423,
29,,,20694,0.072794109582901,
29,,,20699,0.17580004036426544,
29,,,20704,0.03118816949427128,
29,,,20709,0.026923149824142456,
29,,,20714,0.09155607223510742,
29,,,20719,0.06498304754495621,
29,,,20724,0.04136069864034653,
29,,,20729,0.06567641347646713,
29,,,20734,0.026670396327972412,
29,,,20739,0.0532601997256279,
29,,,20744,0.02944124862551689,
29,,,20749,0.14226028323173523,
29,,,20754,0.015513855963945389,
29,,,20759,0.04214342311024666,
29,,,20764,0.026908518746495247,
29,,,20769,0.2674263119697571,
29,,,20774,0.025553317740559578,
29,,,20779,0.0168477613478899,
29,,,20784,0.17280933260917664,
29,,,20789,0.16576817631721497,
29,,,20794,0.028899043798446655,
29,,,20799,0.04443845897912979,
29,,,20804,0.040494222193956375,
29,,,20809,0.060689955949783325,
29,,,20814,0.06190245598554611,
29,,,20819,0.029949508607387543,
29,,,20824,0.0296196099370718,
29,,,20829,0.029000259935855865,
29,,,20834,0.8499978184700012,
29,,,20839,0.03583155944943428,
29,,,20844,0.02527514658868313,
29,,,20849,0.05612286925315857,
29,,,20854,0.014882169663906097,
29,,,20859,0.11462032794952393,
29,,,20864,0.22614355385303497,
29,,,20869,0.043918222188949585,
29,,,20874,0.06848631799221039,
29,,,20879,0.019659070298075676,
29,,,20884,0.030936796218156815,
29,,,20889,0.05219432711601257,
29,,,20894,0.07166159152984619,
29,,,20899,0.2004672884941101,
29,,,20904,0.03140387684106827,
29,,,20909,0.02409292198717594,
29,,,20914,0.052568577229976654,
29,,,20919,0.006104905623942614,
29,,,20924,0.08447405695915222,
29,,,20929,0.1264716386795044,
29,,,20934,0.11282826960086823,
29,,,20939,0.008386177942156792,
29,,,20944,0.29064321517944336,
29,,,20949,0.053557321429252625,
29,,,20954,0.06850675493478775,
29,,,20959,0.043693967163562775,
29,,,20964,0.1198810413479805,
29,,,20969,0.0615619458258152,
29,,,20974,0.1327686458826065,
29,,,20979,0.03843207284808159,
29,,,20984,0.04283685237169266,
29,,,20989,0.05211317911744118,
29,,,20994,0.04825616255402565,
29,,,20999,0.10208741575479507,
29,,,20999,,0.49609309434890747
