epoch,lr-AdamW/pg1,lr-AdamW/pg2,step,train_AverageAccuracy,train_AverageF1Score,train_AverageJaccardIndex,train_AveragePrecision,train_AverageRecall,train_ClasswiseAccuracy_0,train_ClasswiseAccuracy_1,train_ClasswiseAccuracy_2,train_ClasswiseAccuracy_3,train_ClasswiseAccuracy_4,train_ClasswiseF1Score_0,train_ClasswiseF1Score_1,train_ClasswiseF1Score_2,train_ClasswiseF1Score_3,train_ClasswiseF1Score_4,train_ClasswiseJaccardIndex_0,train_ClasswiseJaccardIndex_1,train_ClasswiseJaccardIndex_2,train_ClasswiseJaccardIndex_3,train_ClasswiseJaccardIndex_4,train_ClasswisePrecision_0,train_ClasswisePrecision_1,train_ClasswisePrecision_2,train_ClasswisePrecision_3,train_ClasswisePrecision_4,train_ClasswiseRecall_0,train_ClasswiseRecall_1,train_ClasswiseRecall_2,train_ClasswiseRecall_3,train_ClasswiseRecall_4,train_OverallAccuracy,train_OverallF1Score,train_OverallJaccardIndex,train_OverallPrecision,train_OverallRecall,train_loss,val_AverageAccuracy,val_AverageF1Score,val_AverageJaccardIndex,val_AveragePrecision,val_AverageRecall,val_ClasswiseAccuracy_0,val_ClasswiseAccuracy_1,val_ClasswiseAccuracy_2,val_ClasswiseAccuracy_3,val_ClasswiseAccuracy_4,val_ClasswiseF1Score_0,val_ClasswiseF1Score_1,val_ClasswiseF1Score_2,val_ClasswiseF1Score_3,val_ClasswiseF1Score_4,val_ClasswiseJaccardIndex_0,val_ClasswiseJaccardIndex_1,val_ClasswiseJaccardIndex_2,val_ClasswiseJaccardIndex_3,val_ClasswiseJaccardIndex_4,val_ClasswisePrecision_0,val_ClasswisePrecision_1,val_ClasswisePrecision_2,val_ClasswisePrecision_3,val_ClasswisePrecision_4,val_ClasswiseRecall_0,val_ClasswiseRecall_1,val_ClasswiseRecall_2,val_ClasswiseRecall_3,val_ClasswiseRecall_4,val_OverallAccuracy,val_OverallF1Score,val_OverallJaccardIndex,val_OverallPrecision,val_OverallRecall,val_loss
,1e-05,0.0001,0,,,,,,,,,,,,,,,,,,,,,,,,,,,,,,,,,,,,,,,,,,,,,,,,,,,,,,,,,,,,,,,,,,,,,,,,
0,,,4,,,,,,,,,,,,,,,,,,,,,,,,,,,,,,,,,,,,0.9975130558013916,,,,,,,,,,,,,,,,,,,,,,,,,,,,,,,,,,,,
0,,,9,,,,,,,,,,,,,,,,,,,,,,,,,,,,,,,,,,,,1.0031673908233643,,,,,,,,,,,,,,,,,,,,,,,,,,,,,,,,,,,,
0,,,14,,,,,,,,,,,,,,,,,,,,,,,,,,,,,,,,,,,,0.9774266481399536,,,,,,,,,,,,,,,,,,,,,,,,,,,,,,,,,,,,
0,,,19,,,,,,,,,,,,,,,,,,,,,,,,,,,,,,,,,,,,0.9783286452293396,,,,,,,,,,,,,,,,,,,,,,,,,,,,,,,,,,,,
0,,,24,,,,,,,,,,,,,,,,,,,,,,,,,,,,,,,,,,,,0.9378715753555298,,,,,,,,,,,,,,,,,,,,,,,,,,,,,,,,,,,,
0,,,29,,,,,,,,,,,,,,,,,,,,,,,,,,,,,,,,,,,,0.9167625308036804,,,,,,,,,,,,,,,,,,,,,,,,,,,,,,,,,,,,
0,,,34,,,,,,,,,,,,,,,,,,,,,,,,,,,,,,,,,,,,0.9514409899711609,,,,,,,,,,,,,,,,,,,,,,,,,,,,,,,,,,,,
0,,,39,,,,,,,,,,,,,,,,,,,,,,,,,,,,,,,,,,,,0.850242018699646,,,,,,,,,,,,,,,,,,,,,,,,,,,,,,,,,,,,
0,,,44,,,,,,,,,,,,,,,,,,,,,,,,,,,,,,,,,,,,0.8624413013458252,,,,,,,,,,,,,,,,,,,,,,,,,,,,,,,,,,,,
0,,,49,,,,,,,,,,,,,,,,,,,,,,,,,,,,,,,,,,,,0.8574146032333374,,,,,,,,,,,,,,,,,,,,,,,,,,,,,,,,,,,,
0,,,54,,,,,,,,,,,,,,,,,,,,,,,,,,,,,,,,,,,,0.8445925712585449,,,,,,,,,,,,,,,,,,,,,,,,,,,,,,,,,,,,
0,,,59,,,,,,,,,,,,,,,,,,,,,,,,,,,,,,,,,,,,0.8542389869689941,,,,,,,,,,,,,,,,,,,,,,,,,,,,,,,,,,,,
0,,,64,,,,,,,,,,,,,,,,,,,,,,,,,,,,,,,,,,,,0.8091549277305603,,,,,,,,,,,,,,,,,,,,,,,,,,,,,,,,,,,,
0,,,69,,,,,,,,,,,,,,,,,,,,,,,,,,,,,,,,,,,,0.8794373869895935,,,,,,,,,,,,,,,,,,,,,,,,,,,,,,,,,,,,
0,,,74,,,,,,,,,,,,,,,,,,,,,,,,,,,,,,,,,,,,0.849862277507782,,,,,,,,,,,,,,,,,,,,,,,,,,,,,,,,,,,,
0,,,79,,,,,,,,,,,,,,,,,,,,,,,,,,,,,,,,,,,,0.8087224960327148,,,,,,,,,,,,,,,,,,,,,,,,,,,,,,,,,,,,
0,,,84,,,,,,,,,,,,,,,,,,,,,,,,,,,,,,,,,,,,0.6901634931564331,,,,,,,,,,,,,,,,,,,,,,,,,,,,,,,,,,,,
0,,,89,,,,,,,,,,,,,,,,,,,,,,,,,,,,,,,,,,,,0.7771216630935669,,,,,,,,,,,,,,,,,,,,,,,,,,,,,,,,,,,,
0,,,94,,,,,,,,,,,,,,,,,,,,,,,,,,,,,,,,,,,,0.8342370986938477,,,,,,,,,,,,,,,,,,,,,,,,,,,,,,,,,,,,
0,,,99,,,,,,,,,,,,,,,,,,,,,,,,,,,,,,,,,,,,0.821168065071106,,,,,,,,,,,,,,,,,,,,,,,,,,,,,,,,,,,,
0,,,104,,,,,,,,,,,,,,,,,,,,,,,,,,,,,,,,,,,,0.7270547151565552,,,,,,,,,,,,,,,,,,,,,,,,,,,,,,,,,,,,
0,,,109,,,,,,,,,,,,,,,,,,,,,,,,,,,,,,,,,,,,0.8678648471832275,,,,,,,,,,,,,,,,,,,,,,,,,,,,,,,,,,,,
0,,,114,,,,,,,,,,,,,,,,,,,,,,,,,,,,,,,,,,,,0.9207854270935059,,,,,,,,,,,,,,,,,,,,,,,,,,,,,,,,,,,,
0,,,119,,,,,,,,,,,,,,,,,,,,,,,,,,,,,,,,,,,,0.7707266211509705,,,,,,,,,,,,,,,,,,,,,,,,,,,,,,,,,,,,
0,,,124,,,,,,,,,,,,,,,,,,,,,,,,,,,,,,,,,,,,0.8345748782157898,,,,,,,,,,,,,,,,,,,,,,,,,,,,,,,,,,,,
0,,,129,,,,,,,,,,,,,,,,,,,,,,,,,,,,,,,,,,,,0.7517313957214355,,,,,,,,,,,,,,,,,,,,,,,,,,,,,,,,,,,,
0,,,134,,,,,,,,,,,,,,,,,,,,,,,,,,,,,,,,,,,,0.5617831945419312,,,,,,,,,,,,,,,,,,,,,,,,,,,,,,,,,,,,
0,,,139,,,,,,,,,,,,,,,,,,,,,,,,,,,,,,,,,,,,0.8160459995269775,,,,,,,,,,,,,,,,,,,,,,,,,,,,,,,,,,,,
0,,,144,,,,,,,,,,,,,,,,,,,,,,,,,,,,,,,,,,,,0.7302612662315369,,,,,,,,,,,,,,,,,,,,,,,,,,,,,,,,,,,,
0,,,149,,,,,,,,,,,,,,,,,,,,,,,,,,,,,,,,,,,,0.853484570980072,,,,,,,,,,,,,,,,,,,,,,,,,,,,,,,,,,,,
0,,,154,,,,,,,,,,,,,,,,,,,,,,,,,,,,,,,,,,,,0.8482043743133545,,,,,,,,,,,,,,,,,,,,,,,,,,,,,,,,,,,,
0,,,159,,,,,,,,,,,,,,,,,,,,,,,,,,,,,,,,,,,,0.8335275053977966,,,,,,,,,,,,,,,,,,,,,,,,,,,,,,,,,,,,
0,,,164,,,,,,,,,,,,,,,,,,,,,,,,,,,,,,,,,,,,0.7550873756408691,,,,,,,,,,,,,,,,,,,,,,,,,,,,,,,,,,,,
0,,,169,,,,,,,,,,,,,,,,,,,,,,,,,,,,,,,,,,,,0.6904234290122986,,,,,,,,,,,,,,,,,,,,,,,,,,,,,,,,,,,,
0,,,174,,,,,,,,,,,,,,,,,,,,,,,,,,,,,,,,,,,,0.5438782572746277,,,,,,,,,,,,,,,,,,,,,,,,,,,,,,,,,,,,
0,,,179,,,,,,,,,,,,,,,,,,,,,,,,,,,,,,,,,,,,0.7266762256622314,,,,,,,,,,,,,,,,,,,,,,,,,,,,,,,,,,,,
0,,,184,,,,,,,,,,,,,,,,,,,,,,,,,,,,,,,,,,,,0.7682667374610901,,,,,,,,,,,,,,,,,,,,,,,,,,,,,,,,,,,,
0,,,189,,,,,,,,,,,,,,,,,,,,,,,,,,,,,,,,,,,,0.8372074961662292,,,,,,,,,,,,,,,,,,,,,,,,,,,,,,,,,,,,
0,,,194,,,,,,,,,,,,,,,,,,,,,,,,,,,,,,,,,,,,0.7749619483947754,,,,,,,,,,,,,,,,,,,,,,,,,,,,,,,,,,,,
0,,,199,,,,,,,,,,,,,,,,,,,,,,,,,,,,,,,,,,,,0.7604880928993225,,,,,,,,,,,,,,,,,,,,,,,,,,,,,,,,,,,,
0,,,204,,,,,,,,,,,,,,,,,,,,,,,,,,,,,,,,,,,,0.8003990054130554,,,,,,,,,,,,,,,,,,,,,,,,,,,,,,,,,,,,
0,,,209,,,,,,,,,,,,,,,,,,,,,,,,,,,,,,,,,,,,0.8138048648834229,,,,,,,,,,,,,,,,,,,,,,,,,,,,,,,,,,,,
0,,,214,,,,,,,,,,,,,,,,,,,,,,,,,,,,,,,,,,,,0.6438579559326172,,,,,,,,,,,,,,,,,,,,,,,,,,,,,,,,,,,,
0,,,219,,,,,,,,,,,,,,,,,,,,,,,,,,,,,,,,,,,,0.7303752899169922,,,,,,,,,,,,,,,,,,,,,,,,,,,,,,,,,,,,
0,,,224,,,,,,,,,,,,,,,,,,,,,,,,,,,,,,,,,,,,0.800787091255188,,,,,,,,,,,,,,,,,,,,,,,,,,,,,,,,,,,,
0,,,229,,,,,,,,,,,,,,,,,,,,,,,,,,,,,,,,,,,,0.6042304635047913,,,,,,,,,,,,,,,,,,,,,,,,,,,,,,,,,,,,
0,,,234,,,,,,,,,,,,,,,,,,,,,,,,,,,,,,,,,,,,0.7564417719841003,,,,,,,,,,,,,,,,,,,,,,,,,,,,,,,,,,,,
0,,,239,,,,,,,,,,,,,,,,,,,,,,,,,,,,,,,,,,,,0.8316445350646973,,,,,,,,,,,,,,,,,,,,,,,,,,,,,,,,,,,,
0,,,244,,,,,,,,,,,,,,,,,,,,,,,,,,,,,,,,,,,,0.6307014226913452,,,,,,,,,,,,,,,,,,,,,,,,,,,,,,,,,,,,
0,,,249,,,,,,,,,,,,,,,,,,,,,,,,,,,,,,,,,,,,0.8105518817901611,,,,,,,,,,,,,,,,,,,,,,,,,,,,,,,,,,,,
0,,,254,,,,,,,,,,,,,,,,,,,,,,,,,,,,,,,,,,,,0.7151209115982056,,,,,,,,,,,,,,,,,,,,,,,,,,,,,,,,,,,,
0,,,259,,,,,,,,,,,,,,,,,,,,,,,,,,,,,,,,,,,,0.5420668125152588,,,,,,,,,,,,,,,,,,,,,,,,,,,,,,,,,,,,
0,,,264,,,,,,,,,,,,,,,,,,,,,,,,,,,,,,,,,,,,0.6986663937568665,,,,,,,,,,,,,,,,,,,,,,,,,,,,,,,,,,,,
0,,,269,,,,,,,,,,,,,,,,,,,,,,,,,,,,,,,,,,,,0.6833977699279785,,,,,,,,,,,,,,,,,,,,,,,,,,,,,,,,,,,,
0,,,274,,,,,,,,,,,,,,,,,,,,,,,,,,,,,,,,,,,,0.6991077661514282,,,,,,,,,,,,,,,,,,,,,,,,,,,,,,,,,,,,
0,,,279,,,,,,,,,,,,,,,,,,,,,,,,,,,,,,,,,,,,0.5976038575172424,,,,,,,,,,,,,,,,,,,,,,,,,,,,,,,,,,,,
0,,,284,,,,,,,,,,,,,,,,,,,,,,,,,,,,,,,,,,,,0.7058865427970886,,,,,,,,,,,,,,,,,,,,,,,,,,,,,,,,,,,,
0,,,289,,,,,,,,,,,,,,,,,,,,,,,,,,,,,,,,,,,,0.6087750196456909,,,,,,,,,,,,,,,,,,,,,,,,,,,,,,,,,,,,
0,,,294,,,,,,,,,,,,,,,,,,,,,,,,,,,,,,,,,,,,0.6516899466514587,,,,,,,,,,,,,,,,,,,,,,,,,,,,,,,,,,,,
0,,,299,,,,,,,,,,,,,,,,,,,,,,,,,,,,,,,,,,,,0.6192583441734314,,,,,,,,,,,,,,,,,,,,,,,,,,,,,,,,,,,,
0,,,304,,,,,,,,,,,,,,,,,,,,,,,,,,,,,,,,,,,,0.5633654594421387,,,,,,,,,,,,,,,,,,,,,,,,,,,,,,,,,,,,
0,,,309,,,,,,,,,,,,,,,,,,,,,,,,,,,,,,,,,,,,0.6276161074638367,,,,,,,,,,,,,,,,,,,,,,,,,,,,,,,,,,,,
0,,,314,,,,,,,,,,,,,,,,,,,,,,,,,,,,,,,,,,,,0.6490939259529114,,,,,,,,,,,,,,,,,,,,,,,,,,,,,,,,,,,,
0,,,319,,,,,,,,,,,,,,,,,,,,,,,,,,,,,,,,,,,,0.7590872049331665,,,,,,,,,,,,,,,,,,,,,,,,,,,,,,,,,,,,
0,,,324,,,,,,,,,,,,,,,,,,,,,,,,,,,,,,,,,,,,0.5732934474945068,,,,,,,,,,,,,,,,,,,,,,,,,,,,,,,,,,,,
0,,,329,,,,,,,,,,,,,,,,,,,,,,,,,,,,,,,,,,,,0.8135218024253845,,,,,,,,,,,,,,,,,,,,,,,,,,,,,,,,,,,,
0,,,334,,,,,,,,,,,,,,,,,,,,,,,,,,,,,,,,,,,,0.6793776154518127,,,,,,,,,,,,,,,,,,,,,,,,,,,,,,,,,,,,
0,,,339,,,,,,,,,,,,,,,,,,,,,,,,,,,,,,,,,,,,0.7457936406135559,,,,,,,,,,,,,,,,,,,,,,,,,,,,,,,,,,,,
0,,,344,,,,,,,,,,,,,,,,,,,,,,,,,,,,,,,,,,,,0.7781659364700317,,,,,,,,,,,,,,,,,,,,,,,,,,,,,,,,,,,,
0,,,349,,,,,,,,,,,,,,,,,,,,,,,,,,,,,,,,,,,,0.7781846523284912,,,,,,,,,,,,,,,,,,,,,,,,,,,,,,,,,,,,
0,,,354,,,,,,,,,,,,,,,,,,,,,,,,,,,,,,,,,,,,0.5256892442703247,,,,,,,,,,,,,,,,,,,,,,,,,,,,,,,,,,,,
0,,,359,,,,,,,,,,,,,,,,,,,,,,,,,,,,,,,,,,,,0.7063552141189575,,,,,,,,,,,,,,,,,,,,,,,,,,,,,,,,,,,,
0,,,364,,,,,,,,,,,,,,,,,,,,,,,,,,,,,,,,,,,,0.6589412093162537,,,,,,,,,,,,,,,,,,,,,,,,,,,,,,,,,,,,
0,,,369,,,,,,,,,,,,,,,,,,,,,,,,,,,,,,,,,,,,0.6996785998344421,,,,,,,,,,,,,,,,,,,,,,,,,,,,,,,,,,,,
0,,,374,,,,,,,,,,,,,,,,,,,,,,,,,,,,,,,,,,,,0.587777853012085,,,,,,,,,,,,,,,,,,,,,,,,,,,,,,,,,,,,
0,,,379,,,,,,,,,,,,,,,,,,,,,,,,,,,,,,,,,,,,0.7094910740852356,,,,,,,,,,,,,,,,,,,,,,,,,,,,,,,,,,,,
0,,,384,,,,,,,,,,,,,,,,,,,,,,,,,,,,,,,,,,,,0.7220073938369751,,,,,,,,,,,,,,,,,,,,,,,,,,,,,,,,,,,,
0,,,389,,,,,,,,,,,,,,,,,,,,,,,,,,,,,,,,,,,,0.673460841178894,,,,,,,,,,,,,,,,,,,,,,,,,,,,,,,,,,,,
0,,,394,,,,,,,,,,,,,,,,,,,,,,,,,,,,,,,,,,,,0.582476019859314,,,,,,,,,,,,,,,,,,,,,,,,,,,,,,,,,,,,
0,,,399,,,,,,,,,,,,,,,,,,,,,,,,,,,,,,,,,,,,0.8208474516868591,,,,,,,,,,,,,,,,,,,,,,,,,,,,,,,,,,,,
0,,,404,,,,,,,,,,,,,,,,,,,,,,,,,,,,,,,,,,,,0.7334390878677368,,,,,,,,,,,,,,,,,,,,,,,,,,,,,,,,,,,,
0,,,409,,,,,,,,,,,,,,,,,,,,,,,,,,,,,,,,,,,,0.7924841642379761,,,,,,,,,,,,,,,,,,,,,,,,,,,,,,,,,,,,
0,,,414,,,,,,,,,,,,,,,,,,,,,,,,,,,,,,,,,,,,0.6582893133163452,,,,,,,,,,,,,,,,,,,,,,,,,,,,,,,,,,,,
0,,,419,,,,,,,,,,,,,,,,,,,,,,,,,,,,,,,,,,,,0.6988375782966614,,,,,,,,,,,,,,,,,,,,,,,,,,,,,,,,,,,,
0,,,424,,,,,,,,,,,,,,,,,,,,,,,,,,,,,,,,,,,,0.7200350761413574,,,,,,,,,,,,,,,,,,,,,,,,,,,,,,,,,,,,
0,,,429,,,,,,,,,,,,,,,,,,,,,,,,,,,,,,,,,,,,0.6341837048530579,,,,,,,,,,,,,,,,,,,,,,,,,,,,,,,,,,,,
0,,,434,,,,,,,,,,,,,,,,,,,,,,,,,,,,,,,,,,,,0.5324713587760925,,,,,,,,,,,,,,,,,,,,,,,,,,,,,,,,,,,,
0,,,439,,,,,,,,,,,,,,,,,,,,,,,,,,,,,,,,,,,,0.7864769697189331,,,,,,,,,,,,,,,,,,,,,,,,,,,,,,,,,,,,
0,,,444,,,,,,,,,,,,,,,,,,,,,,,,,,,,,,,,,,,,0.6694550514221191,,,,,,,,,,,,,,,,,,,,,,,,,,,,,,,,,,,,
0,,,449,,,,,,,,,,,,,,,,,,,,,,,,,,,,,,,,,,,,0.6088683605194092,,,,,,,,,,,,,,,,,,,,,,,,,,,,,,,,,,,,
0,,,454,,,,,,,,,,,,,,,,,,,,,,,,,,,,,,,,,,,,0.7767102718353271,,,,,,,,,,,,,,,,,,,,,,,,,,,,,,,,,,,,
0,,,459,,,,,,,,,,,,,,,,,,,,,,,,,,,,,,,,,,,,0.7225907444953918,,,,,,,,,,,,,,,,,,,,,,,,,,,,,,,,,,,,
0,,,464,,,,,,,,,,,,,,,,,,,,,,,,,,,,,,,,,,,,0.722309947013855,,,,,,,,,,,,,,,,,,,,,,,,,,,,,,,,,,,,
0,,,469,,,,,,,,,,,,,,,,,,,,,,,,,,,,,,,,,,,,0.7886581420898438,,,,,,,,,,,,,,,,,,,,,,,,,,,,,,,,,,,,
0,,,474,,,,,,,,,,,,,,,,,,,,,,,,,,,,,,,,,,,,0.5302959680557251,,,,,,,,,,,,,,,,,,,,,,,,,,,,,,,,,,,,
0,,,479,,,,,,,,,,,,,,,,,,,,,,,,,,,,,,,,,,,,0.6709564328193665,,,,,,,,,,,,,,,,,,,,,,,,,,,,,,,,,,,,
0,,,484,,,,,,,,,,,,,,,,,,,,,,,,,,,,,,,,,,,,0.7976679801940918,,,,,,,,,,,,,,,,,,,,,,,,,,,,,,,,,,,,
0,,,489,,,,,,,,,,,,,,,,,,,,,,,,,,,,,,,,,,,,0.5067409873008728,,,,,,,,,,,,,,,,,,,,,,,,,,,,,,,,,,,,
0,,,494,,,,,,,,,,,,,,,,,,,,,,,,,,,,,,,,,,,,0.507733166217804,,,,,,,,,,,,,,,,,,,,,,,,,,,,,,,,,,,,
0,,,499,,,,,,,,,,,,,,,,,,,,,,,,,,,,,,,,,,,,0.7481472492218018,,,,,,,,,,,,,,,,,,,,,,,,,,,,,,,,,,,,
0,,,504,,,,,,,,,,,,,,,,,,,,,,,,,,,,,,,,,,,,0.6970470547676086,,,,,,,,,,,,,,,,,,,,,,,,,,,,,,,,,,,,
0,,,509,,,,,,,,,,,,,,,,,,,,,,,,,,,,,,,,,,,,0.6937060952186584,,,,,,,,,,,,,,,,,,,,,,,,,,,,,,,,,,,,
0,,,514,,,,,,,,,,,,,,,,,,,,,,,,,,,,,,,,,,,,0.4907517433166504,,,,,,,,,,,,,,,,,,,,,,,,,,,,,,,,,,,,
0,,,519,,,,,,,,,,,,,,,,,,,,,,,,,,,,,,,,,,,,0.8181940317153931,,,,,,,,,,,,,,,,,,,,,,,,,,,,,,,,,,,,
0,,,524,,,,,,,,,,,,,,,,,,,,,,,,,,,,,,,,,,,,0.6281771659851074,,,,,,,,,,,,,,,,,,,,,,,,,,,,,,,,,,,,
0,,,529,,,,,,,,,,,,,,,,,,,,,,,,,,,,,,,,,,,,0.6238596439361572,,,,,,,,,,,,,,,,,,,,,,,,,,,,,,,,,,,,
0,,,534,,,,,,,,,,,,,,,,,,,,,,,,,,,,,,,,,,,,0.7325039505958557,,,,,,,,,,,,,,,,,,,,,,,,,,,,,,,,,,,,
0,,,539,,,,,,,,,,,,,,,,,,,,,,,,,,,,,,,,,,,,0.7334792017936707,,,,,,,,,,,,,,,,,,,,,,,,,,,,,,,,,,,,
0,,,544,,,,,,,,,,,,,,,,,,,,,,,,,,,,,,,,,,,,0.7368055582046509,,,,,,,,,,,,,,,,,,,,,,,,,,,,,,,,,,,,
0,,,549,,,,,,,,,,,,,,,,,,,,,,,,,,,,,,,,,,,,0.6834033727645874,,,,,,,,,,,,,,,,,,,,,,,,,,,,,,,,,,,,
0,,,554,,,,,,,,,,,,,,,,,,,,,,,,,,,,,,,,,,,,0.5773446559906006,,,,,,,,,,,,,,,,,,,,,,,,,,,,,,,,,,,,
0,,,559,,,,,,,,,,,,,,,,,,,,,,,,,,,,,,,,,,,,0.5949379205703735,,,,,,,,,,,,,,,,,,,,,,,,,,,,,,,,,,,,
0,,,564,,,,,,,,,,,,,,,,,,,,,,,,,,,,,,,,,,,,0.6967513561248779,,,,,,,,,,,,,,,,,,,,,,,,,,,,,,,,,,,,
0,,,569,,,,,,,,,,,,,,,,,,,,,,,,,,,,,,,,,,,,0.5532128810882568,,,,,,,,,,,,,,,,,,,,,,,,,,,,,,,,,,,,
0,,,574,,,,,,,,,,,,,,,,,,,,,,,,,,,,,,,,,,,,0.7255250215530396,,,,,,,,,,,,,,,,,,,,,,,,,,,,,,,,,,,,
0,,,579,,,,,,,,,,,,,,,,,,,,,,,,,,,,,,,,,,,,0.4980003237724304,,,,,,,,,,,,,,,,,,,,,,,,,,,,,,,,,,,,
0,,,584,,,,,,,,,,,,,,,,,,,,,,,,,,,,,,,,,,,,0.6931064128875732,,,,,,,,,,,,,,,,,,,,,,,,,,,,,,,,,,,,
0,,,589,,,,,,,,,,,,,,,,,,,,,,,,,,,,,,,,,,,,0.5320380330085754,,,,,,,,,,,,,,,,,,,,,,,,,,,,,,,,,,,,
0,,,594,,,,,,,,,,,,,,,,,,,,,,,,,,,,,,,,,,,,0.7208699584007263,,,,,,,,,,,,,,,,,,,,,,,,,,,,,,,,,,,,
0,,,599,,,,,,,,,,,,,,,,,,,,,,,,,,,,,,,,,,,,0.7037490606307983,,,,,,,,,,,,,,,,,,,,,,,,,,,,,,,,,,,,
0,,,604,,,,,,,,,,,,,,,,,,,,,,,,,,,,,,,,,,,,0.5812163949012756,,,,,,,,,,,,,,,,,,,,,,,,,,,,,,,,,,,,
0,,,609,,,,,,,,,,,,,,,,,,,,,,,,,,,,,,,,,,,,0.6075472831726074,,,,,,,,,,,,,,,,,,,,,,,,,,,,,,,,,,,,
0,,,614,,,,,,,,,,,,,,,,,,,,,,,,,,,,,,,,,,,,0.7714363932609558,,,,,,,,,,,,,,,,,,,,,,,,,,,,,,,,,,,,
0,,,619,,,,,,,,,,,,,,,,,,,,,,,,,,,,,,,,,,,,0.6172552108764648,,,,,,,,,,,,,,,,,,,,,,,,,,,,,,,,,,,,
0,,,624,,,,,,,,,,,,,,,,,,,,,,,,,,,,,,,,,,,,0.66922926902771,,,,,,,,,,,,,,,,,,,,,,,,,,,,,,,,,,,,
0,,,629,,,,,,,,,,,,,,,,,,,,,,,,,,,,,,,,,,,,0.5012995004653931,,,,,,,,,,,,,,,,,,,,,,,,,,,,,,,,,,,,
0,,,634,,,,,,,,,,,,,,,,,,,,,,,,,,,,,,,,,,,,0.7675942182540894,,,,,,,,,,,,,,,,,,,,,,,,,,,,,,,,,,,,
0,,,639,,,,,,,,,,,,,,,,,,,,,,,,,,,,,,,,,,,,0.761873722076416,,,,,,,,,,,,,,,,,,,,,,,,,,,,,,,,,,,,
0,,,644,,,,,,,,,,,,,,,,,,,,,,,,,,,,,,,,,,,,0.7473534941673279,,,,,,,,,,,,,,,,,,,,,,,,,,,,,,,,,,,,
0,,,649,,,,,,,,,,,,,,,,,,,,,,,,,,,,,,,,,,,,0.6014722585678101,,,,,,,,,,,,,,,,,,,,,,,,,,,,,,,,,,,,
0,,,654,,,,,,,,,,,,,,,,,,,,,,,,,,,,,,,,,,,,0.5378179550170898,,,,,,,,,,,,,,,,,,,,,,,,,,,,,,,,,,,,
0,,,659,,,,,,,,,,,,,,,,,,,,,,,,,,,,,,,,,,,,0.7885341644287109,,,,,,,,,,,,,,,,,,,,,,,,,,,,,,,,,,,,
0,,,664,,,,,,,,,,,,,,,,,,,,,,,,,,,,,,,,,,,,0.61379075050354,,,,,,,,,,,,,,,,,,,,,,,,,,,,,,,,,,,,
0,,,669,,,,,,,,,,,,,,,,,,,,,,,,,,,,,,,,,,,,0.5545767545700073,,,,,,,,,,,,,,,,,,,,,,,,,,,,,,,,,,,,
0,,,674,,,,,,,,,,,,,,,,,,,,,,,,,,,,,,,,,,,,0.6118457913398743,,,,,,,,,,,,,,,,,,,,,,,,,,,,,,,,,,,,
0,,,679,,,,,,,,,,,,,,,,,,,,,,,,,,,,,,,,,,,,0.4932256042957306,,,,,,,,,,,,,,,,,,,,,,,,,,,,,,,,,,,,
0,,,684,,,,,,,,,,,,,,,,,,,,,,,,,,,,,,,,,,,,0.5998161435127258,,,,,,,,,,,,,,,,,,,,,,,,,,,,,,,,,,,,
0,,,689,,,,,,,,,,,,,,,,,,,,,,,,,,,,,,,,,,,,0.6064040064811707,,,,,,,,,,,,,,,,,,,,,,,,,,,,,,,,,,,,
0,,,694,,,,,,,,,,,,,,,,,,,,,,,,,,,,,,,,,,,,0.7483860850334167,,,,,,,,,,,,,,,,,,,,,,,,,,,,,,,,,,,,
0,,,699,,,,,,,,,,,,,,,,,,,,,,,,,,,,,,,,,,,,0.6703729629516602,,,,,,,,,,,,,,,,,,,,,,,,,,,,,,,,,,,,
0,,,704,,,,,,,,,,,,,,,,,,,,,,,,,,,,,,,,,,,,0.7637761235237122,,,,,,,,,,,,,,,,,,,,,,,,,,,,,,,,,,,,
0,,,709,,,,,,,,,,,,,,,,,,,,,,,,,,,,,,,,,,,,0.698492705821991,,,,,,,,,,,,,,,,,,,,,,,,,,,,,,,,,,,,
0,,,714,,,,,,,,,,,,,,,,,,,,,,,,,,,,,,,,,,,,0.5529471039772034,,,,,,,,,,,,,,,,,,,,,,,,,,,,,,,,,,,,
0,,,719,,,,,,,,,,,,,,,,,,,,,,,,,,,,,,,,,,,,0.7265781164169312,,,,,,,,,,,,,,,,,,,,,,,,,,,,,,,,,,,,
0,,,724,,,,,,,,,,,,,,,,,,,,,,,,,,,,,,,,,,,,0.6348193883895874,,,,,,,,,,,,,,,,,,,,,,,,,,,,,,,,,,,,
0,,,729,,,,,,,,,,,,,,,,,,,,,,,,,,,,,,,,,,,,0.724611759185791,,,,,,,,,,,,,,,,,,,,,,,,,,,,,,,,,,,,
0,,,734,,,,,,,,,,,,,,,,,,,,,,,,,,,,,,,,,,,,0.5545253753662109,,,,,,,,,,,,,,,,,,,,,,,,,,,,,,,,,,,,
0,,,739,,,,,,,,,,,,,,,,,,,,,,,,,,,,,,,,,,,,0.5657064914703369,,,,,,,,,,,,,,,,,,,,,,,,,,,,,,,,,,,,
0,,,744,,,,,,,,,,,,,,,,,,,,,,,,,,,,,,,,,,,,0.5636153221130371,,,,,,,,,,,,,,,,,,,,,,,,,,,,,,,,,,,,
0,,,749,,,,,,,,,,,,,,,,,,,,,,,,,,,,,,,,,,,,0.5536544919013977,,,,,,,,,,,,,,,,,,,,,,,,,,,,,,,,,,,,
0,,,754,,,,,,,,,,,,,,,,,,,,,,,,,,,,,,,,,,,,0.7414331436157227,,,,,,,,,,,,,,,,,,,,,,,,,,,,,,,,,,,,
0,,,759,,,,,,,,,,,,,,,,,,,,,,,,,,,,,,,,,,,,0.6107512712478638,,,,,,,,,,,,,,,,,,,,,,,,,,,,,,,,,,,,
0,,,764,,,,,,,,,,,,,,,,,,,,,,,,,,,,,,,,,,,,0.6318390965461731,,,,,,,,,,,,,,,,,,,,,,,,,,,,,,,,,,,,
0,,,769,,,,,,,,,,,,,,,,,,,,,,,,,,,,,,,,,,,,0.7460650205612183,,,,,,,,,,,,,,,,,,,,,,,,,,,,,,,,,,,,
0,,,774,,,,,,,,,,,,,,,,,,,,,,,,,,,,,,,,,,,,0.580197811126709,,,,,,,,,,,,,,,,,,,,,,,,,,,,,,,,,,,,
0,,,779,,,,,,,,,,,,,,,,,,,,,,,,,,,,,,,,,,,,0.5931195616722107,,,,,,,,,,,,,,,,,,,,,,,,,,,,,,,,,,,,
0,,,784,,,,,,,,,,,,,,,,,,,,,,,,,,,,,,,,,,,,0.6164576411247253,,,,,,,,,,,,,,,,,,,,,,,,,,,,,,,,,,,,
0,,,789,,,,,,,,,,,,,,,,,,,,,,,,,,,,,,,,,,,,0.7257354259490967,,,,,,,,,,,,,,,,,,,,,,,,,,,,,,,,,,,,
0,,,794,,,,,,,,,,,,,,,,,,,,,,,,,,,,,,,,,,,,0.6211271286010742,,,,,,,,,,,,,,,,,,,,,,,,,,,,,,,,,,,,
0,,,799,,,,,,,,,,,,,,,,,,,,,,,,,,,,,,,,,,,,0.7169089317321777,,,,,,,,,,,,,,,,,,,,,,,,,,,,,,,,,,,,
0,,,804,,,,,,,,,,,,,,,,,,,,,,,,,,,,,,,,,,,,0.6294472217559814,,,,,,,,,,,,,,,,,,,,,,,,,,,,,,,,,,,,
0,,,809,,,,,,,,,,,,,,,,,,,,,,,,,,,,,,,,,,,,0.5961194634437561,,,,,,,,,,,,,,,,,,,,,,,,,,,,,,,,,,,,
0,,,814,,,,,,,,,,,,,,,,,,,,,,,,,,,,,,,,,,,,0.7331377267837524,,,,,,,,,,,,,,,,,,,,,,,,,,,,,,,,,,,,
0,,,819,,,,,,,,,,,,,,,,,,,,,,,,,,,,,,,,,,,,0.5124833583831787,,,,,,,,,,,,,,,,,,,,,,,,,,,,,,,,,,,,
0,,,824,,,,,,,,,,,,,,,,,,,,,,,,,,,,,,,,,,,,0.6729826927185059,,,,,,,,,,,,,,,,,,,,,,,,,,,,,,,,,,,,
0,,,829,,,,,,,,,,,,,,,,,,,,,,,,,,,,,,,,,,,,0.5904524326324463,,,,,,,,,,,,,,,,,,,,,,,,,,,,,,,,,,,,
0,,,834,,,,,,,,,,,,,,,,,,,,,,,,,,,,,,,,,,,,0.6304979920387268,,,,,,,,,,,,,,,,,,,,,,,,,,,,,,,,,,,,
0,,,839,,,,,,,,,,,,,,,,,,,,,,,,,,,,,,,,,,,,0.7075693607330322,,,,,,,,,,,,,,,,,,,,,,,,,,,,,,,,,,,,
0,,,844,,,,,,,,,,,,,,,,,,,,,,,,,,,,,,,,,,,,0.6160253882408142,,,,,,,,,,,,,,,,,,,,,,,,,,,,,,,,,,,,
0,,,849,,,,,,,,,,,,,,,,,,,,,,,,,,,,,,,,,,,,0.709168553352356,,,,,,,,,,,,,,,,,,,,,,,,,,,,,,,,,,,,
0,,,854,,,,,,,,,,,,,,,,,,,,,,,,,,,,,,,,,,,,0.6866917610168457,,,,,,,,,,,,,,,,,,,,,,,,,,,,,,,,,,,,
0,,,859,,,,,,,,,,,,,,,,,,,,,,,,,,,,,,,,,,,,0.7281618714332581,,,,,,,,,,,,,,,,,,,,,,,,,,,,,,,,,,,,
0,,,864,,,,,,,,,,,,,,,,,,,,,,,,,,,,,,,,,,,,0.7514793276786804,,,,,,,,,,,,,,,,,,,,,,,,,,,,,,,,,,,,
0,,,869,,,,,,,,,,,,,,,,,,,,,,,,,,,,,,,,,,,,0.6621965169906616,,,,,,,,,,,,,,,,,,,,,,,,,,,,,,,,,,,,
0,,,874,,,,,,,,,,,,,,,,,,,,,,,,,,,,,,,,,,,,0.7332314252853394,,,,,,,,,,,,,,,,,,,,,,,,,,,,,,,,,,,,
0,,,879,,,,,,,,,,,,,,,,,,,,,,,,,,,,,,,,,,,,0.7250661849975586,,,,,,,,,,,,,,,,,,,,,,,,,,,,,,,,,,,,
0,,,884,,,,,,,,,,,,,,,,,,,,,,,,,,,,,,,,,,,,0.6723247170448303,,,,,,,,,,,,,,,,,,,,,,,,,,,,,,,,,,,,
0,,,889,,,,,,,,,,,,,,,,,,,,,,,,,,,,,,,,,,,,0.7117279171943665,,,,,,,,,,,,,,,,,,,,,,,,,,,,,,,,,,,,
0,,,894,,,,,,,,,,,,,,,,,,,,,,,,,,,,,,,,,,,,0.7123357653617859,,,,,,,,,,,,,,,,,,,,,,,,,,,,,,,,,,,,
0,,,899,,,,,,,,,,,,,,,,,,,,,,,,,,,,,,,,,,,,0.5052087306976318,,,,,,,,,,,,,,,,,,,,,,,,,,,,,,,,,,,,
0,,,904,,,,,,,,,,,,,,,,,,,,,,,,,,,,,,,,,,,,0.6816062331199646,,,,,,,,,,,,,,,,,,,,,,,,,,,,,,,,,,,,
0,,,909,,,,,,,,,,,,,,,,,,,,,,,,,,,,,,,,,,,,0.7475646734237671,,,,,,,,,,,,,,,,,,,,,,,,,,,,,,,,,,,,
0,,,914,,,,,,,,,,,,,,,,,,,,,,,,,,,,,,,,,,,,0.7321028113365173,,,,,,,,,,,,,,,,,,,,,,,,,,,,,,,,,,,,
0,,,919,,,,,,,,,,,,,,,,,,,,,,,,,,,,,,,,,,,,0.4508083462715149,,,,,,,,,,,,,,,,,,,,,,,,,,,,,,,,,,,,
0,,,920,,,,,,,,,,,,,,,,,,,,,,,,,,,,,,,,,,,,,0.7537184953689575,0.7122862339019775,0.5994665026664734,0.6876643896102905,0.7537184953689575,0.0,0.8690952658653259,0.7853876352310181,0.9293925166130066,0.4309987723827362,0.0,0.8766488432884216,0.7965765595436096,0.8757520914077759,0.3001673221588135,0.0,0.7803871035575867,0.6619253754615784,0.778967022895813,0.17658638954162598,0.0,0.8843348622322083,0.8080888390541077,0.8279655575752258,0.23026840388774872,0.0,0.8690952658653259,0.7853876352310181,0.9293925166130066,0.4309987723827362,0.8319835662841797,0.8319835662841797,0.7123045921325684,0.8319835662841797,0.8319835662841797,0.6472440361976624
0,,,920,0.4943132698535919,0.47902217507362366,0.3696668744087219,0.46707087755203247,0.4943132698535919,0.0,0.7737018465995789,0.7475554347038269,0.7181869745254517,0.23212219774723053,0.0,0.8035424947738647,0.715887188911438,0.6716599464416504,0.20402128994464874,0.0,0.6716013550758362,0.5574955940246582,0.5056385397911072,0.11359895020723343,0.0,0.8357774615287781,0.6867929697036743,0.6307945251464844,0.18198949098587036,0.0,0.7737018465995789,0.7475554347038269,0.7181869745254517,0.23212219774723053,0.7524868845939636,0.7524868845939636,0.6031895279884338,0.7524868845939636,0.7524868845939636,,,,,,,,,,,,,,,,,,,,,,,,,,,,,,,,,,,,,
,1e-05,0.0001,921,,,,,,,,,,,,,,,,,,,,,,,,,,,,,,,,,,,,,,,,,,,,,,,,,,,,,,,,,,,,,,,,,,,,,,,,
1,,,924,,,,,,,,,,,,,,,,,,,,,,,,,,,,,,,,,,,,0.7214592099189758,,,,,,,,,,,,,,,,,,,,,,,,,,,,,,,,,,,,
1,,,929,,,,,,,,,,,,,,,,,,,,,,,,,,,,,,,,,,,,0.7085820436477661,,,,,,,,,,,,,,,,,,,,,,,,,,,,,,,,,,,,
1,,,934,,,,,,,,,,,,,,,,,,,,,,,,,,,,,,,,,,,,0.6798713803291321,,,,,,,,,,,,,,,,,,,,,,,,,,,,,,,,,,,,
1,,,939,,,,,,,,,,,,,,,,,,,,,,,,,,,,,,,,,,,,0.49958595633506775,,,,,,,,,,,,,,,,,,,,,,,,,,,,,,,,,,,,
1,,,944,,,,,,,,,,,,,,,,,,,,,,,,,,,,,,,,,,,,0.5726876854896545,,,,,,,,,,,,,,,,,,,,,,,,,,,,,,,,,,,,
1,,,949,,,,,,,,,,,,,,,,,,,,,,,,,,,,,,,,,,,,0.5827616453170776,,,,,,,,,,,,,,,,,,,,,,,,,,,,,,,,,,,,
1,,,954,,,,,,,,,,,,,,,,,,,,,,,,,,,,,,,,,,,,0.6577578783035278,,,,,,,,,,,,,,,,,,,,,,,,,,,,,,,,,,,,
1,,,959,,,,,,,,,,,,,,,,,,,,,,,,,,,,,,,,,,,,0.6738553643226624,,,,,,,,,,,,,,,,,,,,,,,,,,,,,,,,,,,,
1,,,964,,,,,,,,,,,,,,,,,,,,,,,,,,,,,,,,,,,,0.6510356068611145,,,,,,,,,,,,,,,,,,,,,,,,,,,,,,,,,,,,
1,,,969,,,,,,,,,,,,,,,,,,,,,,,,,,,,,,,,,,,,0.6828257441520691,,,,,,,,,,,,,,,,,,,,,,,,,,,,,,,,,,,,
1,,,974,,,,,,,,,,,,,,,,,,,,,,,,,,,,,,,,,,,,0.588066816329956,,,,,,,,,,,,,,,,,,,,,,,,,,,,,,,,,,,,
1,,,979,,,,,,,,,,,,,,,,,,,,,,,,,,,,,,,,,,,,0.799551784992218,,,,,,,,,,,,,,,,,,,,,,,,,,,,,,,,,,,,
1,,,984,,,,,,,,,,,,,,,,,,,,,,,,,,,,,,,,,,,,0.7313393950462341,,,,,,,,,,,,,,,,,,,,,,,,,,,,,,,,,,,,
1,,,989,,,,,,,,,,,,,,,,,,,,,,,,,,,,,,,,,,,,0.620568573474884,,,,,,,,,,,,,,,,,,,,,,,,,,,,,,,,,,,,
1,,,994,,,,,,,,,,,,,,,,,,,,,,,,,,,,,,,,,,,,0.5104522705078125,,,,,,,,,,,,,,,,,,,,,,,,,,,,,,,,,,,,
1,,,999,,,,,,,,,,,,,,,,,,,,,,,,,,,,,,,,,,,,0.7416180968284607,,,,,,,,,,,,,,,,,,,,,,,,,,,,,,,,,,,,
1,,,1004,,,,,,,,,,,,,,,,,,,,,,,,,,,,,,,,,,,,0.5151888728141785,,,,,,,,,,,,,,,,,,,,,,,,,,,,,,,,,,,,
1,,,1009,,,,,,,,,,,,,,,,,,,,,,,,,,,,,,,,,,,,0.6126387715339661,,,,,,,,,,,,,,,,,,,,,,,,,,,,,,,,,,,,
1,,,1014,,,,,,,,,,,,,,,,,,,,,,,,,,,,,,,,,,,,0.584929883480072,,,,,,,,,,,,,,,,,,,,,,,,,,,,,,,,,,,,
1,,,1019,,,,,,,,,,,,,,,,,,,,,,,,,,,,,,,,,,,,0.8077402710914612,,,,,,,,,,,,,,,,,,,,,,,,,,,,,,,,,,,,
1,,,1024,,,,,,,,,,,,,,,,,,,,,,,,,,,,,,,,,,,,0.5224805474281311,,,,,,,,,,,,,,,,,,,,,,,,,,,,,,,,,,,,
1,,,1029,,,,,,,,,,,,,,,,,,,,,,,,,,,,,,,,,,,,0.5797663927078247,,,,,,,,,,,,,,,,,,,,,,,,,,,,,,,,,,,,
1,,,1034,,,,,,,,,,,,,,,,,,,,,,,,,,,,,,,,,,,,0.5722122192382812,,,,,,,,,,,,,,,,,,,,,,,,,,,,,,,,,,,,
1,,,1039,,,,,,,,,,,,,,,,,,,,,,,,,,,,,,,,,,,,0.7079967856407166,,,,,,,,,,,,,,,,,,,,,,,,,,,,,,,,,,,,
1,,,1044,,,,,,,,,,,,,,,,,,,,,,,,,,,,,,,,,,,,0.7129650712013245,,,,,,,,,,,,,,,,,,,,,,,,,,,,,,,,,,,,
1,,,1049,,,,,,,,,,,,,,,,,,,,,,,,,,,,,,,,,,,,0.6244210004806519,,,,,,,,,,,,,,,,,,,,,,,,,,,,,,,,,,,,
1,,,1054,,,,,,,,,,,,,,,,,,,,,,,,,,,,,,,,,,,,0.6464441418647766,,,,,,,,,,,,,,,,,,,,,,,,,,,,,,,,,,,,
1,,,1059,,,,,,,,,,,,,,,,,,,,,,,,,,,,,,,,,,,,0.7759894132614136,,,,,,,,,,,,,,,,,,,,,,,,,,,,,,,,,,,,
1,,,1064,,,,,,,,,,,,,,,,,,,,,,,,,,,,,,,,,,,,0.7017611265182495,,,,,,,,,,,,,,,,,,,,,,,,,,,,,,,,,,,,
1,,,1069,,,,,,,,,,,,,,,,,,,,,,,,,,,,,,,,,,,,0.556638777256012,,,,,,,,,,,,,,,,,,,,,,,,,,,,,,,,,,,,
1,,,1074,,,,,,,,,,,,,,,,,,,,,,,,,,,,,,,,,,,,0.6680370569229126,,,,,,,,,,,,,,,,,,,,,,,,,,,,,,,,,,,,
1,,,1079,,,,,,,,,,,,,,,,,,,,,,,,,,,,,,,,,,,,0.5321183204650879,,,,,,,,,,,,,,,,,,,,,,,,,,,,,,,,,,,,
1,,,1084,,,,,,,,,,,,,,,,,,,,,,,,,,,,,,,,,,,,0.7933917045593262,,,,,,,,,,,,,,,,,,,,,,,,,,,,,,,,,,,,
1,,,1089,,,,,,,,,,,,,,,,,,,,,,,,,,,,,,,,,,,,0.6748756170272827,,,,,,,,,,,,,,,,,,,,,,,,,,,,,,,,,,,,
1,,,1094,,,,,,,,,,,,,,,,,,,,,,,,,,,,,,,,,,,,0.7184135913848877,,,,,,,,,,,,,,,,,,,,,,,,,,,,,,,,,,,,
1,,,1099,,,,,,,,,,,,,,,,,,,,,,,,,,,,,,,,,,,,0.7032034397125244,,,,,,,,,,,,,,,,,,,,,,,,,,,,,,,,,,,,
1,,,1104,,,,,,,,,,,,,,,,,,,,,,,,,,,,,,,,,,,,0.6146798133850098,,,,,,,,,,,,,,,,,,,,,,,,,,,,,,,,,,,,
1,,,1109,,,,,,,,,,,,,,,,,,,,,,,,,,,,,,,,,,,,0.5706228017807007,,,,,,,,,,,,,,,,,,,,,,,,,,,,,,,,,,,,
1,,,1114,,,,,,,,,,,,,,,,,,,,,,,,,,,,,,,,,,,,0.4885730743408203,,,,,,,,,,,,,,,,,,,,,,,,,,,,,,,,,,,,
1,,,1119,,,,,,,,,,,,,,,,,,,,,,,,,,,,,,,,,,,,0.7990023493766785,,,,,,,,,,,,,,,,,,,,,,,,,,,,,,,,,,,,
1,,,1124,,,,,,,,,,,,,,,,,,,,,,,,,,,,,,,,,,,,0.5588604807853699,,,,,,,,,,,,,,,,,,,,,,,,,,,,,,,,,,,,
1,,,1129,,,,,,,,,,,,,,,,,,,,,,,,,,,,,,,,,,,,0.6357811689376831,,,,,,,,,,,,,,,,,,,,,,,,,,,,,,,,,,,,
1,,,1134,,,,,,,,,,,,,,,,,,,,,,,,,,,,,,,,,,,,0.6259645223617554,,,,,,,,,,,,,,,,,,,,,,,,,,,,,,,,,,,,
1,,,1139,,,,,,,,,,,,,,,,,,,,,,,,,,,,,,,,,,,,0.6499637365341187,,,,,,,,,,,,,,,,,,,,,,,,,,,,,,,,,,,,
1,,,1144,,,,,,,,,,,,,,,,,,,,,,,,,,,,,,,,,,,,0.6009387969970703,,,,,,,,,,,,,,,,,,,,,,,,,,,,,,,,,,,,
1,,,1149,,,,,,,,,,,,,,,,,,,,,,,,,,,,,,,,,,,,0.6773043870925903,,,,,,,,,,,,,,,,,,,,,,,,,,,,,,,,,,,,
1,,,1154,,,,,,,,,,,,,,,,,,,,,,,,,,,,,,,,,,,,0.5857438445091248,,,,,,,,,,,,,,,,,,,,,,,,,,,,,,,,,,,,
1,,,1159,,,,,,,,,,,,,,,,,,,,,,,,,,,,,,,,,,,,0.6353796124458313,,,,,,,,,,,,,,,,,,,,,,,,,,,,,,,,,,,,
1,,,1164,,,,,,,,,,,,,,,,,,,,,,,,,,,,,,,,,,,,0.5992072820663452,,,,,,,,,,,,,,,,,,,,,,,,,,,,,,,,,,,,
1,,,1169,,,,,,,,,,,,,,,,,,,,,,,,,,,,,,,,,,,,0.5296648144721985,,,,,,,,,,,,,,,,,,,,,,,,,,,,,,,,,,,,
1,,,1174,,,,,,,,,,,,,,,,,,,,,,,,,,,,,,,,,,,,0.5754984617233276,,,,,,,,,,,,,,,,,,,,,,,,,,,,,,,,,,,,
1,,,1179,,,,,,,,,,,,,,,,,,,,,,,,,,,,,,,,,,,,0.700153112411499,,,,,,,,,,,,,,,,,,,,,,,,,,,,,,,,,,,,
1,,,1184,,,,,,,,,,,,,,,,,,,,,,,,,,,,,,,,,,,,0.6126710176467896,,,,,,,,,,,,,,,,,,,,,,,,,,,,,,,,,,,,
1,,,1189,,,,,,,,,,,,,,,,,,,,,,,,,,,,,,,,,,,,0.680156946182251,,,,,,,,,,,,,,,,,,,,,,,,,,,,,,,,,,,,
1,,,1194,,,,,,,,,,,,,,,,,,,,,,,,,,,,,,,,,,,,0.7649602890014648,,,,,,,,,,,,,,,,,,,,,,,,,,,,,,,,,,,,
1,,,1199,,,,,,,,,,,,,,,,,,,,,,,,,,,,,,,,,,,,0.772783637046814,,,,,,,,,,,,,,,,,,,,,,,,,,,,,,,,,,,,
1,,,1204,,,,,,,,,,,,,,,,,,,,,,,,,,,,,,,,,,,,0.5470502376556396,,,,,,,,,,,,,,,,,,,,,,,,,,,,,,,,,,,,
1,,,1209,,,,,,,,,,,,,,,,,,,,,,,,,,,,,,,,,,,,0.5312694311141968,,,,,,,,,,,,,,,,,,,,,,,,,,,,,,,,,,,,
1,,,1214,,,,,,,,,,,,,,,,,,,,,,,,,,,,,,,,,,,,0.6005461812019348,,,,,,,,,,,,,,,,,,,,,,,,,,,,,,,,,,,,
1,,,1219,,,,,,,,,,,,,,,,,,,,,,,,,,,,,,,,,,,,0.6493246555328369,,,,,,,,,,,,,,,,,,,,,,,,,,,,,,,,,,,,
1,,,1224,,,,,,,,,,,,,,,,,,,,,,,,,,,,,,,,,,,,0.697212278842926,,,,,,,,,,,,,,,,,,,,,,,,,,,,,,,,,,,,
1,,,1229,,,,,,,,,,,,,,,,,,,,,,,,,,,,,,,,,,,,0.6832236647605896,,,,,,,,,,,,,,,,,,,,,,,,,,,,,,,,,,,,
1,,,1234,,,,,,,,,,,,,,,,,,,,,,,,,,,,,,,,,,,,0.6330714225769043,,,,,,,,,,,,,,,,,,,,,,,,,,,,,,,,,,,,
1,,,1239,,,,,,,,,,,,,,,,,,,,,,,,,,,,,,,,,,,,0.5379235148429871,,,,,,,,,,,,,,,,,,,,,,,,,,,,,,,,,,,,
1,,,1244,,,,,,,,,,,,,,,,,,,,,,,,,,,,,,,,,,,,0.5858116149902344,,,,,,,,,,,,,,,,,,,,,,,,,,,,,,,,,,,,
1,,,1249,,,,,,,,,,,,,,,,,,,,,,,,,,,,,,,,,,,,0.7154920697212219,,,,,,,,,,,,,,,,,,,,,,,,,,,,,,,,,,,,
1,,,1254,,,,,,,,,,,,,,,,,,,,,,,,,,,,,,,,,,,,0.5160456895828247,,,,,,,,,,,,,,,,,,,,,,,,,,,,,,,,,,,,
1,,,1259,,,,,,,,,,,,,,,,,,,,,,,,,,,,,,,,,,,,0.7334259152412415,,,,,,,,,,,,,,,,,,,,,,,,,,,,,,,,,,,,
1,,,1264,,,,,,,,,,,,,,,,,,,,,,,,,,,,,,,,,,,,0.49983128905296326,,,,,,,,,,,,,,,,,,,,,,,,,,,,,,,,,,,,
1,,,1269,,,,,,,,,,,,,,,,,,,,,,,,,,,,,,,,,,,,0.6418895721435547,,,,,,,,,,,,,,,,,,,,,,,,,,,,,,,,,,,,
1,,,1274,,,,,,,,,,,,,,,,,,,,,,,,,,,,,,,,,,,,0.7837163805961609,,,,,,,,,,,,,,,,,,,,,,,,,,,,,,,,,,,,
1,,,1279,,,,,,,,,,,,,,,,,,,,,,,,,,,,,,,,,,,,0.7752910852432251,,,,,,,,,,,,,,,,,,,,,,,,,,,,,,,,,,,,
1,,,1284,,,,,,,,,,,,,,,,,,,,,,,,,,,,,,,,,,,,0.5093904137611389,,,,,,,,,,,,,,,,,,,,,,,,,,,,,,,,,,,,
1,,,1289,,,,,,,,,,,,,,,,,,,,,,,,,,,,,,,,,,,,0.6198265552520752,,,,,,,,,,,,,,,,,,,,,,,,,,,,,,,,,,,,
1,,,1294,,,,,,,,,,,,,,,,,,,,,,,,,,,,,,,,,,,,0.5411392450332642,,,,,,,,,,,,,,,,,,,,,,,,,,,,,,,,,,,,
1,,,1299,,,,,,,,,,,,,,,,,,,,,,,,,,,,,,,,,,,,0.6955576539039612,,,,,,,,,,,,,,,,,,,,,,,,,,,,,,,,,,,,
1,,,1304,,,,,,,,,,,,,,,,,,,,,,,,,,,,,,,,,,,,0.6611490845680237,,,,,,,,,,,,,,,,,,,,,,,,,,,,,,,,,,,,
1,,,1309,,,,,,,,,,,,,,,,,,,,,,,,,,,,,,,,,,,,0.5304778814315796,,,,,,,,,,,,,,,,,,,,,,,,,,,,,,,,,,,,
1,,,1314,,,,,,,,,,,,,,,,,,,,,,,,,,,,,,,,,,,,0.5337705612182617,,,,,,,,,,,,,,,,,,,,,,,,,,,,,,,,,,,,
1,,,1319,,,,,,,,,,,,,,,,,,,,,,,,,,,,,,,,,,,,0.4863455295562744,,,,,,,,,,,,,,,,,,,,,,,,,,,,,,,,,,,,
1,,,1324,,,,,,,,,,,,,,,,,,,,,,,,,,,,,,,,,,,,0.7251131534576416,,,,,,,,,,,,,,,,,,,,,,,,,,,,,,,,,,,,
1,,,1329,,,,,,,,,,,,,,,,,,,,,,,,,,,,,,,,,,,,0.570008397102356,,,,,,,,,,,,,,,,,,,,,,,,,,,,,,,,,,,,
1,,,1334,,,,,,,,,,,,,,,,,,,,,,,,,,,,,,,,,,,,0.6667001843452454,,,,,,,,,,,,,,,,,,,,,,,,,,,,,,,,,,,,
1,,,1339,,,,,,,,,,,,,,,,,,,,,,,,,,,,,,,,,,,,0.643638014793396,,,,,,,,,,,,,,,,,,,,,,,,,,,,,,,,,,,,
1,,,1344,,,,,,,,,,,,,,,,,,,,,,,,,,,,,,,,,,,,0.6383126974105835,,,,,,,,,,,,,,,,,,,,,,,,,,,,,,,,,,,,
1,,,1349,,,,,,,,,,,,,,,,,,,,,,,,,,,,,,,,,,,,0.6236374378204346,,,,,,,,,,,,,,,,,,,,,,,,,,,,,,,,,,,,
1,,,1354,,,,,,,,,,,,,,,,,,,,,,,,,,,,,,,,,,,,0.557043731212616,,,,,,,,,,,,,,,,,,,,,,,,,,,,,,,,,,,,
1,,,1359,,,,,,,,,,,,,,,,,,,,,,,,,,,,,,,,,,,,0.5158029198646545,,,,,,,,,,,,,,,,,,,,,,,,,,,,,,,,,,,,
1,,,1364,,,,,,,,,,,,,,,,,,,,,,,,,,,,,,,,,,,,0.7266871929168701,,,,,,,,,,,,,,,,,,,,,,,,,,,,,,,,,,,,
1,,,1369,,,,,,,,,,,,,,,,,,,,,,,,,,,,,,,,,,,,0.7222359776496887,,,,,,,,,,,,,,,,,,,,,,,,,,,,,,,,,,,,
1,,,1374,,,,,,,,,,,,,,,,,,,,,,,,,,,,,,,,,,,,0.7496739625930786,,,,,,,,,,,,,,,,,,,,,,,,,,,,,,,,,,,,
1,,,1379,,,,,,,,,,,,,,,,,,,,,,,,,,,,,,,,,,,,0.7728039622306824,,,,,,,,,,,,,,,,,,,,,,,,,,,,,,,,,,,,
1,,,1384,,,,,,,,,,,,,,,,,,,,,,,,,,,,,,,,,,,,0.7529841065406799,,,,,,,,,,,,,,,,,,,,,,,,,,,,,,,,,,,,
1,,,1389,,,,,,,,,,,,,,,,,,,,,,,,,,,,,,,,,,,,0.6477949619293213,,,,,,,,,,,,,,,,,,,,,,,,,,,,,,,,,,,,
1,,,1394,,,,,,,,,,,,,,,,,,,,,,,,,,,,,,,,,,,,0.7350680828094482,,,,,,,,,,,,,,,,,,,,,,,,,,,,,,,,,,,,
1,,,1399,,,,,,,,,,,,,,,,,,,,,,,,,,,,,,,,,,,,0.555669367313385,,,,,,,,,,,,,,,,,,,,,,,,,,,,,,,,,,,,
1,,,1404,,,,,,,,,,,,,,,,,,,,,,,,,,,,,,,,,,,,0.7140717506408691,,,,,,,,,,,,,,,,,,,,,,,,,,,,,,,,,,,,
1,,,1409,,,,,,,,,,,,,,,,,,,,,,,,,,,,,,,,,,,,0.7094026803970337,,,,,,,,,,,,,,,,,,,,,,,,,,,,,,,,,,,,
1,,,1414,,,,,,,,,,,,,,,,,,,,,,,,,,,,,,,,,,,,0.553162157535553,,,,,,,,,,,,,,,,,,,,,,,,,,,,,,,,,,,,
1,,,1419,,,,,,,,,,,,,,,,,,,,,,,,,,,,,,,,,,,,0.6721542477607727,,,,,,,,,,,,,,,,,,,,,,,,,,,,,,,,,,,,
1,,,1424,,,,,,,,,,,,,,,,,,,,,,,,,,,,,,,,,,,,0.5163519382476807,,,,,,,,,,,,,,,,,,,,,,,,,,,,,,,,,,,,
1,,,1429,,,,,,,,,,,,,,,,,,,,,,,,,,,,,,,,,,,,0.7274489998817444,,,,,,,,,,,,,,,,,,,,,,,,,,,,,,,,,,,,
1,,,1434,,,,,,,,,,,,,,,,,,,,,,,,,,,,,,,,,,,,0.6635635495185852,,,,,,,,,,,,,,,,,,,,,,,,,,,,,,,,,,,,
1,,,1439,,,,,,,,,,,,,,,,,,,,,,,,,,,,,,,,,,,,0.47347939014434814,,,,,,,,,,,,,,,,,,,,,,,,,,,,,,,,,,,,
1,,,1444,,,,,,,,,,,,,,,,,,,,,,,,,,,,,,,,,,,,0.583311140537262,,,,,,,,,,,,,,,,,,,,,,,,,,,,,,,,,,,,
1,,,1449,,,,,,,,,,,,,,,,,,,,,,,,,,,,,,,,,,,,0.6363958716392517,,,,,,,,,,,,,,,,,,,,,,,,,,,,,,,,,,,,
1,,,1454,,,,,,,,,,,,,,,,,,,,,,,,,,,,,,,,,,,,0.5573989152908325,,,,,,,,,,,,,,,,,,,,,,,,,,,,,,,,,,,,
1,,,1459,,,,,,,,,,,,,,,,,,,,,,,,,,,,,,,,,,,,0.6889832019805908,,,,,,,,,,,,,,,,,,,,,,,,,,,,,,,,,,,,
1,,,1464,,,,,,,,,,,,,,,,,,,,,,,,,,,,,,,,,,,,0.532156229019165,,,,,,,,,,,,,,,,,,,,,,,,,,,,,,,,,,,,
1,,,1469,,,,,,,,,,,,,,,,,,,,,,,,,,,,,,,,,,,,0.4493905007839203,,,,,,,,,,,,,,,,,,,,,,,,,,,,,,,,,,,,
1,,,1474,,,,,,,,,,,,,,,,,,,,,,,,,,,,,,,,,,,,0.5332759022712708,,,,,,,,,,,,,,,,,,,,,,,,,,,,,,,,,,,,
1,,,1479,,,,,,,,,,,,,,,,,,,,,,,,,,,,,,,,,,,,0.6259592175483704,,,,,,,,,,,,,,,,,,,,,,,,,,,,,,,,,,,,
1,,,1484,,,,,,,,,,,,,,,,,,,,,,,,,,,,,,,,,,,,0.6012888550758362,,,,,,,,,,,,,,,,,,,,,,,,,,,,,,,,,,,,
1,,,1489,,,,,,,,,,,,,,,,,,,,,,,,,,,,,,,,,,,,0.5396637916564941,,,,,,,,,,,,,,,,,,,,,,,,,,,,,,,,,,,,
1,,,1494,,,,,,,,,,,,,,,,,,,,,,,,,,,,,,,,,,,,0.6432380676269531,,,,,,,,,,,,,,,,,,,,,,,,,,,,,,,,,,,,
1,,,1499,,,,,,,,,,,,,,,,,,,,,,,,,,,,,,,,,,,,0.6486915349960327,,,,,,,,,,,,,,,,,,,,,,,,,,,,,,,,,,,,
1,,,1504,,,,,,,,,,,,,,,,,,,,,,,,,,,,,,,,,,,,0.6891424655914307,,,,,,,,,,,,,,,,,,,,,,,,,,,,,,,,,,,,
1,,,1509,,,,,,,,,,,,,,,,,,,,,,,,,,,,,,,,,,,,0.5762825012207031,,,,,,,,,,,,,,,,,,,,,,,,,,,,,,,,,,,,
1,,,1514,,,,,,,,,,,,,,,,,,,,,,,,,,,,,,,,,,,,0.697373628616333,,,,,,,,,,,,,,,,,,,,,,,,,,,,,,,,,,,,
1,,,1519,,,,,,,,,,,,,,,,,,,,,,,,,,,,,,,,,,,,0.5662587881088257,,,,,,,,,,,,,,,,,,,,,,,,,,,,,,,,,,,,
1,,,1524,,,,,,,,,,,,,,,,,,,,,,,,,,,,,,,,,,,,0.5910959839820862,,,,,,,,,,,,,,,,,,,,,,,,,,,,,,,,,,,,
1,,,1529,,,,,,,,,,,,,,,,,,,,,,,,,,,,,,,,,,,,0.5820537209510803,,,,,,,,,,,,,,,,,,,,,,,,,,,,,,,,,,,,
1,,,1534,,,,,,,,,,,,,,,,,,,,,,,,,,,,,,,,,,,,0.638231635093689,,,,,,,,,,,,,,,,,,,,,,,,,,,,,,,,,,,,
1,,,1539,,,,,,,,,,,,,,,,,,,,,,,,,,,,,,,,,,,,0.4549807608127594,,,,,,,,,,,,,,,,,,,,,,,,,,,,,,,,,,,,
1,,,1544,,,,,,,,,,,,,,,,,,,,,,,,,,,,,,,,,,,,0.7020798325538635,,,,,,,,,,,,,,,,,,,,,,,,,,,,,,,,,,,,
1,,,1549,,,,,,,,,,,,,,,,,,,,,,,,,,,,,,,,,,,,0.5782763361930847,,,,,,,,,,,,,,,,,,,,,,,,,,,,,,,,,,,,
1,,,1554,,,,,,,,,,,,,,,,,,,,,,,,,,,,,,,,,,,,0.6089275479316711,,,,,,,,,,,,,,,,,,,,,,,,,,,,,,,,,,,,
1,,,1559,,,,,,,,,,,,,,,,,,,,,,,,,,,,,,,,,,,,0.461959570646286,,,,,,,,,,,,,,,,,,,,,,,,,,,,,,,,,,,,
1,,,1564,,,,,,,,,,,,,,,,,,,,,,,,,,,,,,,,,,,,0.4994390904903412,,,,,,,,,,,,,,,,,,,,,,,,,,,,,,,,,,,,
1,,,1569,,,,,,,,,,,,,,,,,,,,,,,,,,,,,,,,,,,,0.5956776738166809,,,,,,,,,,,,,,,,,,,,,,,,,,,,,,,,,,,,
1,,,1574,,,,,,,,,,,,,,,,,,,,,,,,,,,,,,,,,,,,0.6935216784477234,,,,,,,,,,,,,,,,,,,,,,,,,,,,,,,,,,,,
1,,,1579,,,,,,,,,,,,,,,,,,,,,,,,,,,,,,,,,,,,0.5577380061149597,,,,,,,,,,,,,,,,,,,,,,,,,,,,,,,,,,,,
1,,,1584,,,,,,,,,,,,,,,,,,,,,,,,,,,,,,,,,,,,0.4880198836326599,,,,,,,,,,,,,,,,,,,,,,,,,,,,,,,,,,,,
1,,,1589,,,,,,,,,,,,,,,,,,,,,,,,,,,,,,,,,,,,0.6183953881263733,,,,,,,,,,,,,,,,,,,,,,,,,,,,,,,,,,,,
1,,,1594,,,,,,,,,,,,,,,,,,,,,,,,,,,,,,,,,,,,0.7065647840499878,,,,,,,,,,,,,,,,,,,,,,,,,,,,,,,,,,,,
1,,,1599,,,,,,,,,,,,,,,,,,,,,,,,,,,,,,,,,,,,0.5659545660018921,,,,,,,,,,,,,,,,,,,,,,,,,,,,,,,,,,,,
1,,,1604,,,,,,,,,,,,,,,,,,,,,,,,,,,,,,,,,,,,0.703558087348938,,,,,,,,,,,,,,,,,,,,,,,,,,,,,,,,,,,,
1,,,1609,,,,,,,,,,,,,,,,,,,,,,,,,,,,,,,,,,,,0.6765342950820923,,,,,,,,,,,,,,,,,,,,,,,,,,,,,,,,,,,,
1,,,1614,,,,,,,,,,,,,,,,,,,,,,,,,,,,,,,,,,,,0.5327991843223572,,,,,,,,,,,,,,,,,,,,,,,,,,,,,,,,,,,,
1,,,1619,,,,,,,,,,,,,,,,,,,,,,,,,,,,,,,,,,,,0.6929092407226562,,,,,,,,,,,,,,,,,,,,,,,,,,,,,,,,,,,,
1,,,1624,,,,,,,,,,,,,,,,,,,,,,,,,,,,,,,,,,,,0.6418313384056091,,,,,,,,,,,,,,,,,,,,,,,,,,,,,,,,,,,,
1,,,1629,,,,,,,,,,,,,,,,,,,,,,,,,,,,,,,,,,,,0.6025625467300415,,,,,,,,,,,,,,,,,,,,,,,,,,,,,,,,,,,,
1,,,1634,,,,,,,,,,,,,,,,,,,,,,,,,,,,,,,,,,,,0.6671266555786133,,,,,,,,,,,,,,,,,,,,,,,,,,,,,,,,,,,,
1,,,1639,,,,,,,,,,,,,,,,,,,,,,,,,,,,,,,,,,,,0.7370460629463196,,,,,,,,,,,,,,,,,,,,,,,,,,,,,,,,,,,,
1,,,1644,,,,,,,,,,,,,,,,,,,,,,,,,,,,,,,,,,,,0.6712459325790405,,,,,,,,,,,,,,,,,,,,,,,,,,,,,,,,,,,,
1,,,1649,,,,,,,,,,,,,,,,,,,,,,,,,,,,,,,,,,,,0.6576228141784668,,,,,,,,,,,,,,,,,,,,,,,,,,,,,,,,,,,,
1,,,1654,,,,,,,,,,,,,,,,,,,,,,,,,,,,,,,,,,,,0.45952802896499634,,,,,,,,,,,,,,,,,,,,,,,,,,,,,,,,,,,,
1,,,1659,,,,,,,,,,,,,,,,,,,,,,,,,,,,,,,,,,,,0.4918253421783447,,,,,,,,,,,,,,,,,,,,,,,,,,,,,,,,,,,,
1,,,1664,,,,,,,,,,,,,,,,,,,,,,,,,,,,,,,,,,,,0.5975691080093384,,,,,,,,,,,,,,,,,,,,,,,,,,,,,,,,,,,,
1,,,1669,,,,,,,,,,,,,,,,,,,,,,,,,,,,,,,,,,,,0.5375789999961853,,,,,,,,,,,,,,,,,,,,,,,,,,,,,,,,,,,,
1,,,1674,,,,,,,,,,,,,,,,,,,,,,,,,,,,,,,,,,,,0.5707180500030518,,,,,,,,,,,,,,,,,,,,,,,,,,,,,,,,,,,,
1,,,1679,,,,,,,,,,,,,,,,,,,,,,,,,,,,,,,,,,,,0.5623841285705566,,,,,,,,,,,,,,,,,,,,,,,,,,,,,,,,,,,,
1,,,1684,,,,,,,,,,,,,,,,,,,,,,,,,,,,,,,,,,,,0.6902223825454712,,,,,,,,,,,,,,,,,,,,,,,,,,,,,,,,,,,,
1,,,1689,,,,,,,,,,,,,,,,,,,,,,,,,,,,,,,,,,,,0.5440593361854553,,,,,,,,,,,,,,,,,,,,,,,,,,,,,,,,,,,,
1,,,1694,,,,,,,,,,,,,,,,,,,,,,,,,,,,,,,,,,,,0.6223201751708984,,,,,,,,,,,,,,,,,,,,,,,,,,,,,,,,,,,,
1,,,1699,,,,,,,,,,,,,,,,,,,,,,,,,,,,,,,,,,,,0.5437638759613037,,,,,,,,,,,,,,,,,,,,,,,,,,,,,,,,,,,,
1,,,1704,,,,,,,,,,,,,,,,,,,,,,,,,,,,,,,,,,,,0.7330072522163391,,,,,,,,,,,,,,,,,,,,,,,,,,,,,,,,,,,,
1,,,1709,,,,,,,,,,,,,,,,,,,,,,,,,,,,,,,,,,,,0.6123542785644531,,,,,,,,,,,,,,,,,,,,,,,,,,,,,,,,,,,,
1,,,1714,,,,,,,,,,,,,,,,,,,,,,,,,,,,,,,,,,,,0.5184711217880249,,,,,,,,,,,,,,,,,,,,,,,,,,,,,,,,,,,,
1,,,1719,,,,,,,,,,,,,,,,,,,,,,,,,,,,,,,,,,,,0.5365999937057495,,,,,,,,,,,,,,,,,,,,,,,,,,,,,,,,,,,,
1,,,1724,,,,,,,,,,,,,,,,,,,,,,,,,,,,,,,,,,,,0.7407593727111816,,,,,,,,,,,,,,,,,,,,,,,,,,,,,,,,,,,,
1,,,1729,,,,,,,,,,,,,,,,,,,,,,,,,,,,,,,,,,,,0.7900224924087524,,,,,,,,,,,,,,,,,,,,,,,,,,,,,,,,,,,,
1,,,1734,,,,,,,,,,,,,,,,,,,,,,,,,,,,,,,,,,,,0.5900838971138,,,,,,,,,,,,,,,,,,,,,,,,,,,,,,,,,,,,
1,,,1739,,,,,,,,,,,,,,,,,,,,,,,,,,,,,,,,,,,,0.7259308099746704,,,,,,,,,,,,,,,,,,,,,,,,,,,,,,,,,,,,
1,,,1744,,,,,,,,,,,,,,,,,,,,,,,,,,,,,,,,,,,,0.5078316926956177,,,,,,,,,,,,,,,,,,,,,,,,,,,,,,,,,,,,
1,,,1749,,,,,,,,,,,,,,,,,,,,,,,,,,,,,,,,,,,,0.5884108543395996,,,,,,,,,,,,,,,,,,,,,,,,,,,,,,,,,,,,
1,,,1754,,,,,,,,,,,,,,,,,,,,,,,,,,,,,,,,,,,,0.7497125864028931,,,,,,,,,,,,,,,,,,,,,,,,,,,,,,,,,,,,
1,,,1759,,,,,,,,,,,,,,,,,,,,,,,,,,,,,,,,,,,,0.6520755290985107,,,,,,,,,,,,,,,,,,,,,,,,,,,,,,,,,,,,
1,,,1764,,,,,,,,,,,,,,,,,,,,,,,,,,,,,,,,,,,,0.5993069410324097,,,,,,,,,,,,,,,,,,,,,,,,,,,,,,,,,,,,
1,,,1769,,,,,,,,,,,,,,,,,,,,,,,,,,,,,,,,,,,,0.5774637460708618,,,,,,,,,,,,,,,,,,,,,,,,,,,,,,,,,,,,
1,,,1774,,,,,,,,,,,,,,,,,,,,,,,,,,,,,,,,,,,,0.6028729677200317,,,,,,,,,,,,,,,,,,,,,,,,,,,,,,,,,,,,
1,,,1779,,,,,,,,,,,,,,,,,,,,,,,,,,,,,,,,,,,,0.577578067779541,,,,,,,,,,,,,,,,,,,,,,,,,,,,,,,,,,,,
1,,,1784,,,,,,,,,,,,,,,,,,,,,,,,,,,,,,,,,,,,0.7833002805709839,,,,,,,,,,,,,,,,,,,,,,,,,,,,,,,,,,,,
1,,,1789,,,,,,,,,,,,,,,,,,,,,,,,,,,,,,,,,,,,0.7543639540672302,,,,,,,,,,,,,,,,,,,,,,,,,,,,,,,,,,,,
1,,,1794,,,,,,,,,,,,,,,,,,,,,,,,,,,,,,,,,,,,0.5291142463684082,,,,,,,,,,,,,,,,,,,,,,,,,,,,,,,,,,,,
1,,,1799,,,,,,,,,,,,,,,,,,,,,,,,,,,,,,,,,,,,0.7557567358016968,,,,,,,,,,,,,,,,,,,,,,,,,,,,,,,,,,,,
1,,,1804,,,,,,,,,,,,,,,,,,,,,,,,,,,,,,,,,,,,0.6138028502464294,,,,,,,,,,,,,,,,,,,,,,,,,,,,,,,,,,,,
1,,,1809,,,,,,,,,,,,,,,,,,,,,,,,,,,,,,,,,,,,0.506999135017395,,,,,,,,,,,,,,,,,,,,,,,,,,,,,,,,,,,,
1,,,1814,,,,,,,,,,,,,,,,,,,,,,,,,,,,,,,,,,,,0.7791710495948792,,,,,,,,,,,,,,,,,,,,,,,,,,,,,,,,,,,,
1,,,1819,,,,,,,,,,,,,,,,,,,,,,,,,,,,,,,,,,,,0.6834784746170044,,,,,,,,,,,,,,,,,,,,,,,,,,,,,,,,,,,,
1,,,1824,,,,,,,,,,,,,,,,,,,,,,,,,,,,,,,,,,,,0.7120657563209534,,,,,,,,,,,,,,,,,,,,,,,,,,,,,,,,,,,,
1,,,1829,,,,,,,,,,,,,,,,,,,,,,,,,,,,,,,,,,,,0.47927871346473694,,,,,,,,,,,,,,,,,,,,,,,,,,,,,,,,,,,,
1,,,1834,,,,,,,,,,,,,,,,,,,,,,,,,,,,,,,,,,,,0.520570695400238,,,,,,,,,,,,,,,,,,,,,,,,,,,,,,,,,,,,
1,,,1839,,,,,,,,,,,,,,,,,,,,,,,,,,,,,,,,,,,,0.5022151470184326,,,,,,,,,,,,,,,,,,,,,,,,,,,,,,,,,,,,
1,,,1841,,,,,,,,,,,,,,,,,,,,,,,,,,,,,,,,,,,,,0.7669532299041748,0.7205499410629272,0.6089143753051758,0.6926687955856323,0.7669532299041748,0.0,0.8862766623497009,0.7794376611709595,0.9550119042396545,0.44708654284477234,0.0,0.8842262625694275,0.8059911727905273,0.8773118853569031,0.31467023491859436,0.0,0.7924781441688538,0.675029456615448,0.7814386487007141,0.1867113709449768,0.0,0.8821854591369629,0.8344176411628723,0.811303973197937,0.24276813864707947,0.0,0.8862766623497009,0.7794376611709595,0.9550119042396545,0.44708654284477234,0.8409098982810974,0.8409098982810974,0.7254914045333862,0.8409098982810974,0.8409098982810974,0.6294240355491638
1,,,1841,0.7029139399528503,0.6823717355728149,0.561363160610199,0.6688177585601807,0.7029139399528503,0.0,0.8381972908973694,0.7811212539672852,0.8488132953643799,0.34352385997772217,0.0,0.8518992066383362,0.7732120752334595,0.8359674215316772,0.26840829849243164,0.0,0.7420073747634888,0.6302736401557922,0.7181649804115295,0.15500669181346893,0.0,0.8660566806793213,0.7654615044593811,0.823504626750946,0.22024838626384735,0.0,0.8381972908973694,0.7811212539672852,0.8488132953643799,0.34352385997772217,0.8081637024879456,0.8081637620925903,0.6780829429626465,0.8081637024879456,0.8081637024879456,,,,,,,,,,,,,,,,,,,,,,,,,,,,,,,,,,,,,
,1e-05,0.0001,1842,,,,,,,,,,,,,,,,,,,,,,,,,,,,,,,,,,,,,,,,,,,,,,,,,,,,,,,,,,,,,,,,,,,,,,,,
2,,,1844,,,,,,,,,,,,,,,,,,,,,,,,,,,,,,,,,,,,0.5318831205368042,,,,,,,,,,,,,,,,,,,,,,,,,,,,,,,,,,,,
2,,,1849,,,,,,,,,,,,,,,,,,,,,,,,,,,,,,,,,,,,0.7145993709564209,,,,,,,,,,,,,,,,,,,,,,,,,,,,,,,,,,,,
2,,,1854,,,,,,,,,,,,,,,,,,,,,,,,,,,,,,,,,,,,0.49277281761169434,,,,,,,,,,,,,,,,,,,,,,,,,,,,,,,,,,,,
2,,,1859,,,,,,,,,,,,,,,,,,,,,,,,,,,,,,,,,,,,0.657772421836853,,,,,,,,,,,,,,,,,,,,,,,,,,,,,,,,,,,,
2,,,1864,,,,,,,,,,,,,,,,,,,,,,,,,,,,,,,,,,,,0.5003060698509216,,,,,,,,,,,,,,,,,,,,,,,,,,,,,,,,,,,,
2,,,1869,,,,,,,,,,,,,,,,,,,,,,,,,,,,,,,,,,,,0.5358951091766357,,,,,,,,,,,,,,,,,,,,,,,,,,,,,,,,,,,,
2,,,1874,,,,,,,,,,,,,,,,,,,,,,,,,,,,,,,,,,,,0.517033576965332,,,,,,,,,,,,,,,,,,,,,,,,,,,,,,,,,,,,
2,,,1879,,,,,,,,,,,,,,,,,,,,,,,,,,,,,,,,,,,,0.5083820819854736,,,,,,,,,,,,,,,,,,,,,,,,,,,,,,,,,,,,
2,,,1884,,,,,,,,,,,,,,,,,,,,,,,,,,,,,,,,,,,,0.5110205411911011,,,,,,,,,,,,,,,,,,,,,,,,,,,,,,,,,,,,
2,,,1889,,,,,,,,,,,,,,,,,,,,,,,,,,,,,,,,,,,,0.6287379860877991,,,,,,,,,,,,,,,,,,,,,,,,,,,,,,,,,,,,
2,,,1894,,,,,,,,,,,,,,,,,,,,,,,,,,,,,,,,,,,,0.4866700768470764,,,,,,,,,,,,,,,,,,,,,,,,,,,,,,,,,,,,
2,,,1899,,,,,,,,,,,,,,,,,,,,,,,,,,,,,,,,,,,,0.7399598956108093,,,,,,,,,,,,,,,,,,,,,,,,,,,,,,,,,,,,
2,,,1904,,,,,,,,,,,,,,,,,,,,,,,,,,,,,,,,,,,,0.5777142643928528,,,,,,,,,,,,,,,,,,,,,,,,,,,,,,,,,,,,
2,,,1909,,,,,,,,,,,,,,,,,,,,,,,,,,,,,,,,,,,,0.6599123477935791,,,,,,,,,,,,,,,,,,,,,,,,,,,,,,,,,,,,
2,,,1914,,,,,,,,,,,,,,,,,,,,,,,,,,,,,,,,,,,,0.678403377532959,,,,,,,,,,,,,,,,,,,,,,,,,,,,,,,,,,,,
2,,,1919,,,,,,,,,,,,,,,,,,,,,,,,,,,,,,,,,,,,0.6641913056373596,,,,,,,,,,,,,,,,,,,,,,,,,,,,,,,,,,,,
2,,,1924,,,,,,,,,,,,,,,,,,,,,,,,,,,,,,,,,,,,0.6362553238868713,,,,,,,,,,,,,,,,,,,,,,,,,,,,,,,,,,,,
2,,,1929,,,,,,,,,,,,,,,,,,,,,,,,,,,,,,,,,,,,0.6718393564224243,,,,,,,,,,,,,,,,,,,,,,,,,,,,,,,,,,,,
2,,,1934,,,,,,,,,,,,,,,,,,,,,,,,,,,,,,,,,,,,0.6630926728248596,,,,,,,,,,,,,,,,,,,,,,,,,,,,,,,,,,,,
2,,,1939,,,,,,,,,,,,,,,,,,,,,,,,,,,,,,,,,,,,0.5271648168563843,,,,,,,,,,,,,,,,,,,,,,,,,,,,,,,,,,,,
2,,,1944,,,,,,,,,,,,,,,,,,,,,,,,,,,,,,,,,,,,0.6615864634513855,,,,,,,,,,,,,,,,,,,,,,,,,,,,,,,,,,,,
2,,,1949,,,,,,,,,,,,,,,,,,,,,,,,,,,,,,,,,,,,0.5900672674179077,,,,,,,,,,,,,,,,,,,,,,,,,,,,,,,,,,,,
2,,,1954,,,,,,,,,,,,,,,,,,,,,,,,,,,,,,,,,,,,0.7577467560768127,,,,,,,,,,,,,,,,,,,,,,,,,,,,,,,,,,,,
2,,,1959,,,,,,,,,,,,,,,,,,,,,,,,,,,,,,,,,,,,0.5083073377609253,,,,,,,,,,,,,,,,,,,,,,,,,,,,,,,,,,,,
2,,,1964,,,,,,,,,,,,,,,,,,,,,,,,,,,,,,,,,,,,0.696860671043396,,,,,,,,,,,,,,,,,,,,,,,,,,,,,,,,,,,,
2,,,1969,,,,,,,,,,,,,,,,,,,,,,,,,,,,,,,,,,,,0.6871956586837769,,,,,,,,,,,,,,,,,,,,,,,,,,,,,,,,,,,,
2,,,1974,,,,,,,,,,,,,,,,,,,,,,,,,,,,,,,,,,,,0.7226701974868774,,,,,,,,,,,,,,,,,,,,,,,,,,,,,,,,,,,,
2,,,1979,,,,,,,,,,,,,,,,,,,,,,,,,,,,,,,,,,,,0.4938582479953766,,,,,,,,,,,,,,,,,,,,,,,,,,,,,,,,,,,,
2,,,1984,,,,,,,,,,,,,,,,,,,,,,,,,,,,,,,,,,,,0.5613449811935425,,,,,,,,,,,,,,,,,,,,,,,,,,,,,,,,,,,,
2,,,1989,,,,,,,,,,,,,,,,,,,,,,,,,,,,,,,,,,,,0.5842977166175842,,,,,,,,,,,,,,,,,,,,,,,,,,,,,,,,,,,,
2,,,1994,,,,,,,,,,,,,,,,,,,,,,,,,,,,,,,,,,,,0.6214154958724976,,,,,,,,,,,,,,,,,,,,,,,,,,,,,,,,,,,,
2,,,1999,,,,,,,,,,,,,,,,,,,,,,,,,,,,,,,,,,,,0.7211921811103821,,,,,,,,,,,,,,,,,,,,,,,,,,,,,,,,,,,,
2,,,2004,,,,,,,,,,,,,,,,,,,,,,,,,,,,,,,,,,,,0.5387811660766602,,,,,,,,,,,,,,,,,,,,,,,,,,,,,,,,,,,,
2,,,2009,,,,,,,,,,,,,,,,,,,,,,,,,,,,,,,,,,,,0.5258064270019531,,,,,,,,,,,,,,,,,,,,,,,,,,,,,,,,,,,,
2,,,2014,,,,,,,,,,,,,,,,,,,,,,,,,,,,,,,,,,,,0.654870867729187,,,,,,,,,,,,,,,,,,,,,,,,,,,,,,,,,,,,
2,,,2019,,,,,,,,,,,,,,,,,,,,,,,,,,,,,,,,,,,,0.5437823534011841,,,,,,,,,,,,,,,,,,,,,,,,,,,,,,,,,,,,
2,,,2024,,,,,,,,,,,,,,,,,,,,,,,,,,,,,,,,,,,,0.6003302931785583,,,,,,,,,,,,,,,,,,,,,,,,,,,,,,,,,,,,
2,,,2029,,,,,,,,,,,,,,,,,,,,,,,,,,,,,,,,,,,,0.6520077586174011,,,,,,,,,,,,,,,,,,,,,,,,,,,,,,,,,,,,
2,,,2034,,,,,,,,,,,,,,,,,,,,,,,,,,,,,,,,,,,,0.6799985766410828,,,,,,,,,,,,,,,,,,,,,,,,,,,,,,,,,,,,
2,,,2039,,,,,,,,,,,,,,,,,,,,,,,,,,,,,,,,,,,,0.5964957475662231,,,,,,,,,,,,,,,,,,,,,,,,,,,,,,,,,,,,
2,,,2044,,,,,,,,,,,,,,,,,,,,,,,,,,,,,,,,,,,,0.6980457901954651,,,,,,,,,,,,,,,,,,,,,,,,,,,,,,,,,,,,
2,,,2049,,,,,,,,,,,,,,,,,,,,,,,,,,,,,,,,,,,,0.5942683219909668,,,,,,,,,,,,,,,,,,,,,,,,,,,,,,,,,,,,
2,,,2054,,,,,,,,,,,,,,,,,,,,,,,,,,,,,,,,,,,,0.7016971707344055,,,,,,,,,,,,,,,,,,,,,,,,,,,,,,,,,,,,
2,,,2059,,,,,,,,,,,,,,,,,,,,,,,,,,,,,,,,,,,,0.7400609850883484,,,,,,,,,,,,,,,,,,,,,,,,,,,,,,,,,,,,
2,,,2064,,,,,,,,,,,,,,,,,,,,,,,,,,,,,,,,,,,,0.650294303894043,,,,,,,,,,,,,,,,,,,,,,,,,,,,,,,,,,,,
2,,,2069,,,,,,,,,,,,,,,,,,,,,,,,,,,,,,,,,,,,0.8584558367729187,,,,,,,,,,,,,,,,,,,,,,,,,,,,,,,,,,,,
2,,,2074,,,,,,,,,,,,,,,,,,,,,,,,,,,,,,,,,,,,0.4607349932193756,,,,,,,,,,,,,,,,,,,,,,,,,,,,,,,,,,,,
2,,,2079,,,,,,,,,,,,,,,,,,,,,,,,,,,,,,,,,,,,0.5443668961524963,,,,,,,,,,,,,,,,,,,,,,,,,,,,,,,,,,,,
2,,,2084,,,,,,,,,,,,,,,,,,,,,,,,,,,,,,,,,,,,0.5466781854629517,,,,,,,,,,,,,,,,,,,,,,,,,,,,,,,,,,,,
2,,,2089,,,,,,,,,,,,,,,,,,,,,,,,,,,,,,,,,,,,0.7576456069946289,,,,,,,,,,,,,,,,,,,,,,,,,,,,,,,,,,,,
2,,,2094,,,,,,,,,,,,,,,,,,,,,,,,,,,,,,,,,,,,0.7277000546455383,,,,,,,,,,,,,,,,,,,,,,,,,,,,,,,,,,,,
2,,,2099,,,,,,,,,,,,,,,,,,,,,,,,,,,,,,,,,,,,0.637127161026001,,,,,,,,,,,,,,,,,,,,,,,,,,,,,,,,,,,,
2,,,2104,,,,,,,,,,,,,,,,,,,,,,,,,,,,,,,,,,,,0.6181941032409668,,,,,,,,,,,,,,,,,,,,,,,,,,,,,,,,,,,,
2,,,2109,,,,,,,,,,,,,,,,,,,,,,,,,,,,,,,,,,,,0.74185711145401,,,,,,,,,,,,,,,,,,,,,,,,,,,,,,,,,,,,
2,,,2114,,,,,,,,,,,,,,,,,,,,,,,,,,,,,,,,,,,,0.6260475516319275,,,,,,,,,,,,,,,,,,,,,,,,,,,,,,,,,,,,
2,,,2119,,,,,,,,,,,,,,,,,,,,,,,,,,,,,,,,,,,,0.43862032890319824,,,,,,,,,,,,,,,,,,,,,,,,,,,,,,,,,,,,
2,,,2124,,,,,,,,,,,,,,,,,,,,,,,,,,,,,,,,,,,,0.5196327567100525,,,,,,,,,,,,,,,,,,,,,,,,,,,,,,,,,,,,
2,,,2129,,,,,,,,,,,,,,,,,,,,,,,,,,,,,,,,,,,,0.7522698044776917,,,,,,,,,,,,,,,,,,,,,,,,,,,,,,,,,,,,
2,,,2134,,,,,,,,,,,,,,,,,,,,,,,,,,,,,,,,,,,,0.7010761499404907,,,,,,,,,,,,,,,,,,,,,,,,,,,,,,,,,,,,
2,,,2139,,,,,,,,,,,,,,,,,,,,,,,,,,,,,,,,,,,,0.7078886032104492,,,,,,,,,,,,,,,,,,,,,,,,,,,,,,,,,,,,
2,,,2144,,,,,,,,,,,,,,,,,,,,,,,,,,,,,,,,,,,,0.5236461162567139,,,,,,,,,,,,,,,,,,,,,,,,,,,,,,,,,,,,
2,,,2149,,,,,,,,,,,,,,,,,,,,,,,,,,,,,,,,,,,,0.4453601837158203,,,,,,,,,,,,,,,,,,,,,,,,,,,,,,,,,,,,
2,,,2154,,,,,,,,,,,,,,,,,,,,,,,,,,,,,,,,,,,,0.701157808303833,,,,,,,,,,,,,,,,,,,,,,,,,,,,,,,,,,,,
2,,,2159,,,,,,,,,,,,,,,,,,,,,,,,,,,,,,,,,,,,0.5767785310745239,,,,,,,,,,,,,,,,,,,,,,,,,,,,,,,,,,,,
2,,,2164,,,,,,,,,,,,,,,,,,,,,,,,,,,,,,,,,,,,0.8011879920959473,,,,,,,,,,,,,,,,,,,,,,,,,,,,,,,,,,,,
2,,,2169,,,,,,,,,,,,,,,,,,,,,,,,,,,,,,,,,,,,0.7018446922302246,,,,,,,,,,,,,,,,,,,,,,,,,,,,,,,,,,,,
2,,,2174,,,,,,,,,,,,,,,,,,,,,,,,,,,,,,,,,,,,0.47923436760902405,,,,,,,,,,,,,,,,,,,,,,,,,,,,,,,,,,,,
2,,,2179,,,,,,,,,,,,,,,,,,,,,,,,,,,,,,,,,,,,0.6834191679954529,,,,,,,,,,,,,,,,,,,,,,,,,,,,,,,,,,,,
2,,,2184,,,,,,,,,,,,,,,,,,,,,,,,,,,,,,,,,,,,0.6230279803276062,,,,,,,,,,,,,,,,,,,,,,,,,,,,,,,,,,,,
2,,,2189,,,,,,,,,,,,,,,,,,,,,,,,,,,,,,,,,,,,0.7610839009284973,,,,,,,,,,,,,,,,,,,,,,,,,,,,,,,,,,,,
2,,,2194,,,,,,,,,,,,,,,,,,,,,,,,,,,,,,,,,,,,0.7001151442527771,,,,,,,,,,,,,,,,,,,,,,,,,,,,,,,,,,,,
2,,,2199,,,,,,,,,,,,,,,,,,,,,,,,,,,,,,,,,,,,0.5162208080291748,,,,,,,,,,,,,,,,,,,,,,,,,,,,,,,,,,,,
2,,,2204,,,,,,,,,,,,,,,,,,,,,,,,,,,,,,,,,,,,0.764438271522522,,,,,,,,,,,,,,,,,,,,,,,,,,,,,,,,,,,,
2,,,2209,,,,,,,,,,,,,,,,,,,,,,,,,,,,,,,,,,,,0.5725016593933105,,,,,,,,,,,,,,,,,,,,,,,,,,,,,,,,,,,,
2,,,2214,,,,,,,,,,,,,,,,,,,,,,,,,,,,,,,,,,,,0.49815165996551514,,,,,,,,,,,,,,,,,,,,,,,,,,,,,,,,,,,,
2,,,2219,,,,,,,,,,,,,,,,,,,,,,,,,,,,,,,,,,,,0.6879577040672302,,,,,,,,,,,,,,,,,,,,,,,,,,,,,,,,,,,,
2,,,2224,,,,,,,,,,,,,,,,,,,,,,,,,,,,,,,,,,,,0.768517255783081,,,,,,,,,,,,,,,,,,,,,,,,,,,,,,,,,,,,
2,,,2229,,,,,,,,,,,,,,,,,,,,,,,,,,,,,,,,,,,,0.4642809331417084,,,,,,,,,,,,,,,,,,,,,,,,,,,,,,,,,,,,
2,,,2234,,,,,,,,,,,,,,,,,,,,,,,,,,,,,,,,,,,,0.501472532749176,,,,,,,,,,,,,,,,,,,,,,,,,,,,,,,,,,,,
2,,,2239,,,,,,,,,,,,,,,,,,,,,,,,,,,,,,,,,,,,0.5204526782035828,,,,,,,,,,,,,,,,,,,,,,,,,,,,,,,,,,,,
2,,,2244,,,,,,,,,,,,,,,,,,,,,,,,,,,,,,,,,,,,0.6800603866577148,,,,,,,,,,,,,,,,,,,,,,,,,,,,,,,,,,,,
2,,,2249,,,,,,,,,,,,,,,,,,,,,,,,,,,,,,,,,,,,0.5447744131088257,,,,,,,,,,,,,,,,,,,,,,,,,,,,,,,,,,,,
2,,,2254,,,,,,,,,,,,,,,,,,,,,,,,,,,,,,,,,,,,0.6062171459197998,,,,,,,,,,,,,,,,,,,,,,,,,,,,,,,,,,,,
2,,,2259,,,,,,,,,,,,,,,,,,,,,,,,,,,,,,,,,,,,0.6445218324661255,,,,,,,,,,,,,,,,,,,,,,,,,,,,,,,,,,,,
2,,,2264,,,,,,,,,,,,,,,,,,,,,,,,,,,,,,,,,,,,0.6995794177055359,,,,,,,,,,,,,,,,,,,,,,,,,,,,,,,,,,,,
2,,,2269,,,,,,,,,,,,,,,,,,,,,,,,,,,,,,,,,,,,0.6345664858818054,,,,,,,,,,,,,,,,,,,,,,,,,,,,,,,,,,,,
2,,,2274,,,,,,,,,,,,,,,,,,,,,,,,,,,,,,,,,,,,0.49425649642944336,,,,,,,,,,,,,,,,,,,,,,,,,,,,,,,,,,,,
2,,,2279,,,,,,,,,,,,,,,,,,,,,,,,,,,,,,,,,,,,0.5412060022354126,,,,,,,,,,,,,,,,,,,,,,,,,,,,,,,,,,,,
2,,,2284,,,,,,,,,,,,,,,,,,,,,,,,,,,,,,,,,,,,0.5188679099082947,,,,,,,,,,,,,,,,,,,,,,,,,,,,,,,,,,,,
2,,,2289,,,,,,,,,,,,,,,,,,,,,,,,,,,,,,,,,,,,0.7238715887069702,,,,,,,,,,,,,,,,,,,,,,,,,,,,,,,,,,,,
2,,,2294,,,,,,,,,,,,,,,,,,,,,,,,,,,,,,,,,,,,0.5572859644889832,,,,,,,,,,,,,,,,,,,,,,,,,,,,,,,,,,,,
2,,,2299,,,,,,,,,,,,,,,,,,,,,,,,,,,,,,,,,,,,0.6680269241333008,,,,,,,,,,,,,,,,,,,,,,,,,,,,,,,,,,,,
2,,,2304,,,,,,,,,,,,,,,,,,,,,,,,,,,,,,,,,,,,0.6892814636230469,,,,,,,,,,,,,,,,,,,,,,,,,,,,,,,,,,,,
2,,,2309,,,,,,,,,,,,,,,,,,,,,,,,,,,,,,,,,,,,0.8001658916473389,,,,,,,,,,,,,,,,,,,,,,,,,,,,,,,,,,,,
2,,,2314,,,,,,,,,,,,,,,,,,,,,,,,,,,,,,,,,,,,0.5174930691719055,,,,,,,,,,,,,,,,,,,,,,,,,,,,,,,,,,,,
2,,,2319,,,,,,,,,,,,,,,,,,,,,,,,,,,,,,,,,,,,0.7538508176803589,,,,,,,,,,,,,,,,,,,,,,,,,,,,,,,,,,,,
2,,,2324,,,,,,,,,,,,,,,,,,,,,,,,,,,,,,,,,,,,0.6586194038391113,,,,,,,,,,,,,,,,,,,,,,,,,,,,,,,,,,,,
2,,,2329,,,,,,,,,,,,,,,,,,,,,,,,,,,,,,,,,,,,0.46569639444351196,,,,,,,,,,,,,,,,,,,,,,,,,,,,,,,,,,,,
2,,,2334,,,,,,,,,,,,,,,,,,,,,,,,,,,,,,,,,,,,0.5778932571411133,,,,,,,,,,,,,,,,,,,,,,,,,,,,,,,,,,,,
2,,,2339,,,,,,,,,,,,,,,,,,,,,,,,,,,,,,,,,,,,0.6055061221122742,,,,,,,,,,,,,,,,,,,,,,,,,,,,,,,,,,,,
2,,,2344,,,,,,,,,,,,,,,,,,,,,,,,,,,,,,,,,,,,0.5655197501182556,,,,,,,,,,,,,,,,,,,,,,,,,,,,,,,,,,,,
2,,,2349,,,,,,,,,,,,,,,,,,,,,,,,,,,,,,,,,,,,0.6579741835594177,,,,,,,,,,,,,,,,,,,,,,,,,,,,,,,,,,,,
2,,,2354,,,,,,,,,,,,,,,,,,,,,,,,,,,,,,,,,,,,0.48303699493408203,,,,,,,,,,,,,,,,,,,,,,,,,,,,,,,,,,,,
2,,,2359,,,,,,,,,,,,,,,,,,,,,,,,,,,,,,,,,,,,0.685581624507904,,,,,,,,,,,,,,,,,,,,,,,,,,,,,,,,,,,,
2,,,2364,,,,,,,,,,,,,,,,,,,,,,,,,,,,,,,,,,,,0.6037463545799255,,,,,,,,,,,,,,,,,,,,,,,,,,,,,,,,,,,,
2,,,2369,,,,,,,,,,,,,,,,,,,,,,,,,,,,,,,,,,,,0.7249433994293213,,,,,,,,,,,,,,,,,,,,,,,,,,,,,,,,,,,,
2,,,2374,,,,,,,,,,,,,,,,,,,,,,,,,,,,,,,,,,,,0.7139989733695984,,,,,,,,,,,,,,,,,,,,,,,,,,,,,,,,,,,,
2,,,2379,,,,,,,,,,,,,,,,,,,,,,,,,,,,,,,,,,,,0.4441680908203125,,,,,,,,,,,,,,,,,,,,,,,,,,,,,,,,,,,,
2,,,2384,,,,,,,,,,,,,,,,,,,,,,,,,,,,,,,,,,,,0.46039098501205444,,,,,,,,,,,,,,,,,,,,,,,,,,,,,,,,,,,,
2,,,2389,,,,,,,,,,,,,,,,,,,,,,,,,,,,,,,,,,,,0.6422915458679199,,,,,,,,,,,,,,,,,,,,,,,,,,,,,,,,,,,,
2,,,2394,,,,,,,,,,,,,,,,,,,,,,,,,,,,,,,,,,,,0.73185133934021,,,,,,,,,,,,,,,,,,,,,,,,,,,,,,,,,,,,
2,,,2399,,,,,,,,,,,,,,,,,,,,,,,,,,,,,,,,,,,,0.5982484817504883,,,,,,,,,,,,,,,,,,,,,,,,,,,,,,,,,,,,
2,,,2404,,,,,,,,,,,,,,,,,,,,,,,,,,,,,,,,,,,,0.6759465336799622,,,,,,,,,,,,,,,,,,,,,,,,,,,,,,,,,,,,
2,,,2409,,,,,,,,,,,,,,,,,,,,,,,,,,,,,,,,,,,,0.7059551477432251,,,,,,,,,,,,,,,,,,,,,,,,,,,,,,,,,,,,
2,,,2414,,,,,,,,,,,,,,,,,,,,,,,,,,,,,,,,,,,,0.6037577390670776,,,,,,,,,,,,,,,,,,,,,,,,,,,,,,,,,,,,
2,,,2419,,,,,,,,,,,,,,,,,,,,,,,,,,,,,,,,,,,,0.6192495822906494,,,,,,,,,,,,,,,,,,,,,,,,,,,,,,,,,,,,
2,,,2424,,,,,,,,,,,,,,,,,,,,,,,,,,,,,,,,,,,,0.6573411822319031,,,,,,,,,,,,,,,,,,,,,,,,,,,,,,,,,,,,
2,,,2429,,,,,,,,,,,,,,,,,,,,,,,,,,,,,,,,,,,,0.5776985883712769,,,,,,,,,,,,,,,,,,,,,,,,,,,,,,,,,,,,
2,,,2434,,,,,,,,,,,,,,,,,,,,,,,,,,,,,,,,,,,,0.42712146043777466,,,,,,,,,,,,,,,,,,,,,,,,,,,,,,,,,,,,
2,,,2439,,,,,,,,,,,,,,,,,,,,,,,,,,,,,,,,,,,,0.6763233542442322,,,,,,,,,,,,,,,,,,,,,,,,,,,,,,,,,,,,
2,,,2444,,,,,,,,,,,,,,,,,,,,,,,,,,,,,,,,,,,,0.5298922061920166,,,,,,,,,,,,,,,,,,,,,,,,,,,,,,,,,,,,
2,,,2449,,,,,,,,,,,,,,,,,,,,,,,,,,,,,,,,,,,,0.6456860899925232,,,,,,,,,,,,,,,,,,,,,,,,,,,,,,,,,,,,
2,,,2454,,,,,,,,,,,,,,,,,,,,,,,,,,,,,,,,,,,,0.5518989562988281,,,,,,,,,,,,,,,,,,,,,,,,,,,,,,,,,,,,
2,,,2459,,,,,,,,,,,,,,,,,,,,,,,,,,,,,,,,,,,,0.6410984992980957,,,,,,,,,,,,,,,,,,,,,,,,,,,,,,,,,,,,
2,,,2464,,,,,,,,,,,,,,,,,,,,,,,,,,,,,,,,,,,,0.5304065942764282,,,,,,,,,,,,,,,,,,,,,,,,,,,,,,,,,,,,
2,,,2469,,,,,,,,,,,,,,,,,,,,,,,,,,,,,,,,,,,,0.6971380114555359,,,,,,,,,,,,,,,,,,,,,,,,,,,,,,,,,,,,
2,,,2474,,,,,,,,,,,,,,,,,,,,,,,,,,,,,,,,,,,,0.4911694824695587,,,,,,,,,,,,,,,,,,,,,,,,,,,,,,,,,,,,
2,,,2479,,,,,,,,,,,,,,,,,,,,,,,,,,,,,,,,,,,,0.5376676321029663,,,,,,,,,,,,,,,,,,,,,,,,,,,,,,,,,,,,
2,,,2484,,,,,,,,,,,,,,,,,,,,,,,,,,,,,,,,,,,,0.5063852071762085,,,,,,,,,,,,,,,,,,,,,,,,,,,,,,,,,,,,
2,,,2489,,,,,,,,,,,,,,,,,,,,,,,,,,,,,,,,,,,,0.6146480441093445,,,,,,,,,,,,,,,,,,,,,,,,,,,,,,,,,,,,
2,,,2494,,,,,,,,,,,,,,,,,,,,,,,,,,,,,,,,,,,,0.5429387092590332,,,,,,,,,,,,,,,,,,,,,,,,,,,,,,,,,,,,
2,,,2499,,,,,,,,,,,,,,,,,,,,,,,,,,,,,,,,,,,,0.5380197167396545,,,,,,,,,,,,,,,,,,,,,,,,,,,,,,,,,,,,
2,,,2504,,,,,,,,,,,,,,,,,,,,,,,,,,,,,,,,,,,,0.5977455973625183,,,,,,,,,,,,,,,,,,,,,,,,,,,,,,,,,,,,
2,,,2509,,,,,,,,,,,,,,,,,,,,,,,,,,,,,,,,,,,,0.6738255023956299,,,,,,,,,,,,,,,,,,,,,,,,,,,,,,,,,,,,
2,,,2514,,,,,,,,,,,,,,,,,,,,,,,,,,,,,,,,,,,,0.5790145397186279,,,,,,,,,,,,,,,,,,,,,,,,,,,,,,,,,,,,
2,,,2519,,,,,,,,,,,,,,,,,,,,,,,,,,,,,,,,,,,,0.4832771122455597,,,,,,,,,,,,,,,,,,,,,,,,,,,,,,,,,,,,
2,,,2524,,,,,,,,,,,,,,,,,,,,,,,,,,,,,,,,,,,,0.5877993106842041,,,,,,,,,,,,,,,,,,,,,,,,,,,,,,,,,,,,
2,,,2529,,,,,,,,,,,,,,,,,,,,,,,,,,,,,,,,,,,,0.7450405359268188,,,,,,,,,,,,,,,,,,,,,,,,,,,,,,,,,,,,
2,,,2534,,,,,,,,,,,,,,,,,,,,,,,,,,,,,,,,,,,,0.7075115442276001,,,,,,,,,,,,,,,,,,,,,,,,,,,,,,,,,,,,
2,,,2539,,,,,,,,,,,,,,,,,,,,,,,,,,,,,,,,,,,,0.6083277463912964,,,,,,,,,,,,,,,,,,,,,,,,,,,,,,,,,,,,
2,,,2544,,,,,,,,,,,,,,,,,,,,,,,,,,,,,,,,,,,,0.7013572454452515,,,,,,,,,,,,,,,,,,,,,,,,,,,,,,,,,,,,
2,,,2549,,,,,,,,,,,,,,,,,,,,,,,,,,,,,,,,,,,,0.704315185546875,,,,,,,,,,,,,,,,,,,,,,,,,,,,,,,,,,,,
2,,,2554,,,,,,,,,,,,,,,,,,,,,,,,,,,,,,,,,,,,0.4233059287071228,,,,,,,,,,,,,,,,,,,,,,,,,,,,,,,,,,,,
2,,,2559,,,,,,,,,,,,,,,,,,,,,,,,,,,,,,,,,,,,0.7740758061408997,,,,,,,,,,,,,,,,,,,,,,,,,,,,,,,,,,,,
2,,,2564,,,,,,,,,,,,,,,,,,,,,,,,,,,,,,,,,,,,0.6891535520553589,,,,,,,,,,,,,,,,,,,,,,,,,,,,,,,,,,,,
2,,,2569,,,,,,,,,,,,,,,,,,,,,,,,,,,,,,,,,,,,0.706085205078125,,,,,,,,,,,,,,,,,,,,,,,,,,,,,,,,,,,,
2,,,2574,,,,,,,,,,,,,,,,,,,,,,,,,,,,,,,,,,,,0.726405143737793,,,,,,,,,,,,,,,,,,,,,,,,,,,,,,,,,,,,
2,,,2579,,,,,,,,,,,,,,,,,,,,,,,,,,,,,,,,,,,,0.5950905084609985,,,,,,,,,,,,,,,,,,,,,,,,,,,,,,,,,,,,
2,,,2584,,,,,,,,,,,,,,,,,,,,,,,,,,,,,,,,,,,,0.5613166689872742,,,,,,,,,,,,,,,,,,,,,,,,,,,,,,,,,,,,
2,,,2589,,,,,,,,,,,,,,,,,,,,,,,,,,,,,,,,,,,,0.6885812878608704,,,,,,,,,,,,,,,,,,,,,,,,,,,,,,,,,,,,
2,,,2594,,,,,,,,,,,,,,,,,,,,,,,,,,,,,,,,,,,,0.5748646259307861,,,,,,,,,,,,,,,,,,,,,,,,,,,,,,,,,,,,
2,,,2599,,,,,,,,,,,,,,,,,,,,,,,,,,,,,,,,,,,,0.5301674008369446,,,,,,,,,,,,,,,,,,,,,,,,,,,,,,,,,,,,
2,,,2604,,,,,,,,,,,,,,,,,,,,,,,,,,,,,,,,,,,,0.7249976396560669,,,,,,,,,,,,,,,,,,,,,,,,,,,,,,,,,,,,
2,,,2609,,,,,,,,,,,,,,,,,,,,,,,,,,,,,,,,,,,,0.5647411346435547,,,,,,,,,,,,,,,,,,,,,,,,,,,,,,,,,,,,
2,,,2614,,,,,,,,,,,,,,,,,,,,,,,,,,,,,,,,,,,,0.5478209853172302,,,,,,,,,,,,,,,,,,,,,,,,,,,,,,,,,,,,
2,,,2619,,,,,,,,,,,,,,,,,,,,,,,,,,,,,,,,,,,,0.545602023601532,,,,,,,,,,,,,,,,,,,,,,,,,,,,,,,,,,,,
2,,,2624,,,,,,,,,,,,,,,,,,,,,,,,,,,,,,,,,,,,0.5429977178573608,,,,,,,,,,,,,,,,,,,,,,,,,,,,,,,,,,,,
2,,,2629,,,,,,,,,,,,,,,,,,,,,,,,,,,,,,,,,,,,0.7242504358291626,,,,,,,,,,,,,,,,,,,,,,,,,,,,,,,,,,,,
2,,,2634,,,,,,,,,,,,,,,,,,,,,,,,,,,,,,,,,,,,0.5771942138671875,,,,,,,,,,,,,,,,,,,,,,,,,,,,,,,,,,,,
2,,,2639,,,,,,,,,,,,,,,,,,,,,,,,,,,,,,,,,,,,0.6033909916877747,,,,,,,,,,,,,,,,,,,,,,,,,,,,,,,,,,,,
2,,,2644,,,,,,,,,,,,,,,,,,,,,,,,,,,,,,,,,,,,0.5598200559616089,,,,,,,,,,,,,,,,,,,,,,,,,,,,,,,,,,,,
2,,,2649,,,,,,,,,,,,,,,,,,,,,,,,,,,,,,,,,,,,0.6140905022621155,,,,,,,,,,,,,,,,,,,,,,,,,,,,,,,,,,,,
2,,,2654,,,,,,,,,,,,,,,,,,,,,,,,,,,,,,,,,,,,0.6223023533821106,,,,,,,,,,,,,,,,,,,,,,,,,,,,,,,,,,,,
2,,,2659,,,,,,,,,,,,,,,,,,,,,,,,,,,,,,,,,,,,0.5780901908874512,,,,,,,,,,,,,,,,,,,,,,,,,,,,,,,,,,,,
2,,,2664,,,,,,,,,,,,,,,,,,,,,,,,,,,,,,,,,,,,0.4876657724380493,,,,,,,,,,,,,,,,,,,,,,,,,,,,,,,,,,,,
2,,,2669,,,,,,,,,,,,,,,,,,,,,,,,,,,,,,,,,,,,0.7616872191429138,,,,,,,,,,,,,,,,,,,,,,,,,,,,,,,,,,,,
2,,,2674,,,,,,,,,,,,,,,,,,,,,,,,,,,,,,,,,,,,0.508766233921051,,,,,,,,,,,,,,,,,,,,,,,,,,,,,,,,,,,,
2,,,2679,,,,,,,,,,,,,,,,,,,,,,,,,,,,,,,,,,,,0.4373105764389038,,,,,,,,,,,,,,,,,,,,,,,,,,,,,,,,,,,,
2,,,2684,,,,,,,,,,,,,,,,,,,,,,,,,,,,,,,,,,,,0.6914817690849304,,,,,,,,,,,,,,,,,,,,,,,,,,,,,,,,,,,,
2,,,2689,,,,,,,,,,,,,,,,,,,,,,,,,,,,,,,,,,,,0.7584524154663086,,,,,,,,,,,,,,,,,,,,,,,,,,,,,,,,,,,,
2,,,2694,,,,,,,,,,,,,,,,,,,,,,,,,,,,,,,,,,,,0.5003957748413086,,,,,,,,,,,,,,,,,,,,,,,,,,,,,,,,,,,,
2,,,2699,,,,,,,,,,,,,,,,,,,,,,,,,,,,,,,,,,,,0.631138265132904,,,,,,,,,,,,,,,,,,,,,,,,,,,,,,,,,,,,
2,,,2704,,,,,,,,,,,,,,,,,,,,,,,,,,,,,,,,,,,,0.6092196702957153,,,,,,,,,,,,,,,,,,,,,,,,,,,,,,,,,,,,
2,,,2709,,,,,,,,,,,,,,,,,,,,,,,,,,,,,,,,,,,,0.616447389125824,,,,,,,,,,,,,,,,,,,,,,,,,,,,,,,,,,,,
2,,,2714,,,,,,,,,,,,,,,,,,,,,,,,,,,,,,,,,,,,0.6693292856216431,,,,,,,,,,,,,,,,,,,,,,,,,,,,,,,,,,,,
2,,,2719,,,,,,,,,,,,,,,,,,,,,,,,,,,,,,,,,,,,0.8131828308105469,,,,,,,,,,,,,,,,,,,,,,,,,,,,,,,,,,,,
2,,,2724,,,,,,,,,,,,,,,,,,,,,,,,,,,,,,,,,,,,0.7593321204185486,,,,,,,,,,,,,,,,,,,,,,,,,,,,,,,,,,,,
2,,,2729,,,,,,,,,,,,,,,,,,,,,,,,,,,,,,,,,,,,0.5625482797622681,,,,,,,,,,,,,,,,,,,,,,,,,,,,,,,,,,,,
2,,,2734,,,,,,,,,,,,,,,,,,,,,,,,,,,,,,,,,,,,0.7546548247337341,,,,,,,,,,,,,,,,,,,,,,,,,,,,,,,,,,,,
2,,,2739,,,,,,,,,,,,,,,,,,,,,,,,,,,,,,,,,,,,0.555737316608429,,,,,,,,,,,,,,,,,,,,,,,,,,,,,,,,,,,,
2,,,2744,,,,,,,,,,,,,,,,,,,,,,,,,,,,,,,,,,,,0.736958920955658,,,,,,,,,,,,,,,,,,,,,,,,,,,,,,,,,,,,
2,,,2749,,,,,,,,,,,,,,,,,,,,,,,,,,,,,,,,,,,,0.6568713188171387,,,,,,,,,,,,,,,,,,,,,,,,,,,,,,,,,,,,
2,,,2754,,,,,,,,,,,,,,,,,,,,,,,,,,,,,,,,,,,,0.5100687742233276,,,,,,,,,,,,,,,,,,,,,,,,,,,,,,,,,,,,
2,,,2759,,,,,,,,,,,,,,,,,,,,,,,,,,,,,,,,,,,,0.6133958101272583,,,,,,,,,,,,,,,,,,,,,,,,,,,,,,,,,,,,
2,,,2762,,,,,,,,,,,,,,,,,,,,,,,,,,,,,,,,,,,,,0.7729530334472656,0.7264719605445862,0.6158561706542969,0.69820636510849,0.7729530334472656,0.0,0.8523234128952026,0.83623206615448,0.9415252804756165,0.46173134446144104,0.0,0.8809639811515808,0.8166487812995911,0.8844793438911438,0.32379573583602905,0.0,0.7872526049613953,0.6901152729988098,0.7928848266601562,0.19317200779914856,0.0,0.9115963578224182,0.7979617118835449,0.8339512348175049,0.24931612610816956,0.0,0.8523234128952026,0.83623206615448,0.9415252804756165,0.46173134446144104,0.841887354850769,0.841887354850769,0.7269478440284729,0.841887354850769,0.841887354850769,0.6201117038726807
2,,,2762,0.7100790143013,0.6903699636459351,0.5693619847297668,0.6782225966453552,0.7100790143013,0.0,0.851411759853363,0.7832427024841309,0.8370854258537292,0.3685760498046875,0.0,0.8598004579544067,0.7827485203742981,0.8326355218887329,0.2862953245639801,0.0,0.7540789246559143,0.6430459022521973,0.7132609486579895,0.16706223785877228,0.0,0.8683561086654663,0.7822548747062683,0.8282326459884644,0.2340468317270279,0.0,0.851411759853363,0.7832427024841309,0.8370854258537292,0.3685760498046875,0.8168073892593384,0.8168074488639832,0.6903418898582458,0.8168073892593384,0.8168073892593384,,,,,,,,,,,,,,,,,,,,,,,,,,,,,,,,,,,,,
,1e-05,0.0001,2763,,,,,,,,,,,,,,,,,,,,,,,,,,,,,,,,,,,,,,,,,,,,,,,,,,,,,,,,,,,,,,,,,,,,,,,,
3,,,2764,,,,,,,,,,,,,,,,,,,,,,,,,,,,,,,,,,,,0.6814570426940918,,,,,,,,,,,,,,,,,,,,,,,,,,,,,,,,,,,,
3,,,2769,,,,,,,,,,,,,,,,,,,,,,,,,,,,,,,,,,,,0.5586296916007996,,,,,,,,,,,,,,,,,,,,,,,,,,,,,,,,,,,,
3,,,2774,,,,,,,,,,,,,,,,,,,,,,,,,,,,,,,,,,,,0.6692732572555542,,,,,,,,,,,,,,,,,,,,,,,,,,,,,,,,,,,,
3,,,2779,,,,,,,,,,,,,,,,,,,,,,,,,,,,,,,,,,,,0.7018166184425354,,,,,,,,,,,,,,,,,,,,,,,,,,,,,,,,,,,,
3,,,2784,,,,,,,,,,,,,,,,,,,,,,,,,,,,,,,,,,,,0.6082637310028076,,,,,,,,,,,,,,,,,,,,,,,,,,,,,,,,,,,,
3,,,2789,,,,,,,,,,,,,,,,,,,,,,,,,,,,,,,,,,,,0.7550824880599976,,,,,,,,,,,,,,,,,,,,,,,,,,,,,,,,,,,,
3,,,2794,,,,,,,,,,,,,,,,,,,,,,,,,,,,,,,,,,,,0.5876175165176392,,,,,,,,,,,,,,,,,,,,,,,,,,,,,,,,,,,,
3,,,2799,,,,,,,,,,,,,,,,,,,,,,,,,,,,,,,,,,,,0.4246179163455963,,,,,,,,,,,,,,,,,,,,,,,,,,,,,,,,,,,,
3,,,2804,,,,,,,,,,,,,,,,,,,,,,,,,,,,,,,,,,,,0.5474581718444824,,,,,,,,,,,,,,,,,,,,,,,,,,,,,,,,,,,,
3,,,2809,,,,,,,,,,,,,,,,,,,,,,,,,,,,,,,,,,,,0.5100001692771912,,,,,,,,,,,,,,,,,,,,,,,,,,,,,,,,,,,,
3,,,2814,,,,,,,,,,,,,,,,,,,,,,,,,,,,,,,,,,,,0.643218994140625,,,,,,,,,,,,,,,,,,,,,,,,,,,,,,,,,,,,
3,,,2819,,,,,,,,,,,,,,,,,,,,,,,,,,,,,,,,,,,,0.6478601098060608,,,,,,,,,,,,,,,,,,,,,,,,,,,,,,,,,,,,
3,,,2824,,,,,,,,,,,,,,,,,,,,,,,,,,,,,,,,,,,,0.5424641370773315,,,,,,,,,,,,,,,,,,,,,,,,,,,,,,,,,,,,
3,,,2829,,,,,,,,,,,,,,,,,,,,,,,,,,,,,,,,,,,,0.7208154201507568,,,,,,,,,,,,,,,,,,,,,,,,,,,,,,,,,,,,
3,,,2834,,,,,,,,,,,,,,,,,,,,,,,,,,,,,,,,,,,,0.6345964670181274,,,,,,,,,,,,,,,,,,,,,,,,,,,,,,,,,,,,
3,,,2839,,,,,,,,,,,,,,,,,,,,,,,,,,,,,,,,,,,,0.5174369812011719,,,,,,,,,,,,,,,,,,,,,,,,,,,,,,,,,,,,
3,,,2844,,,,,,,,,,,,,,,,,,,,,,,,,,,,,,,,,,,,0.7335628271102905,,,,,,,,,,,,,,,,,,,,,,,,,,,,,,,,,,,,
3,,,2849,,,,,,,,,,,,,,,,,,,,,,,,,,,,,,,,,,,,0.5687697529792786,,,,,,,,,,,,,,,,,,,,,,,,,,,,,,,,,,,,
3,,,2854,,,,,,,,,,,,,,,,,,,,,,,,,,,,,,,,,,,,0.5263258814811707,,,,,,,,,,,,,,,,,,,,,,,,,,,,,,,,,,,,
3,,,2859,,,,,,,,,,,,,,,,,,,,,,,,,,,,,,,,,,,,0.6540024280548096,,,,,,,,,,,,,,,,,,,,,,,,,,,,,,,,,,,,
3,,,2864,,,,,,,,,,,,,,,,,,,,,,,,,,,,,,,,,,,,0.7078589200973511,,,,,,,,,,,,,,,,,,,,,,,,,,,,,,,,,,,,
3,,,2869,,,,,,,,,,,,,,,,,,,,,,,,,,,,,,,,,,,,0.5684949159622192,,,,,,,,,,,,,,,,,,,,,,,,,,,,,,,,,,,,
3,,,2874,,,,,,,,,,,,,,,,,,,,,,,,,,,,,,,,,,,,0.58150315284729,,,,,,,,,,,,,,,,,,,,,,,,,,,,,,,,,,,,
3,,,2879,,,,,,,,,,,,,,,,,,,,,,,,,,,,,,,,,,,,0.48682576417922974,,,,,,,,,,,,,,,,,,,,,,,,,,,,,,,,,,,,
3,,,2884,,,,,,,,,,,,,,,,,,,,,,,,,,,,,,,,,,,,0.7273829579353333,,,,,,,,,,,,,,,,,,,,,,,,,,,,,,,,,,,,
3,,,2889,,,,,,,,,,,,,,,,,,,,,,,,,,,,,,,,,,,,0.4778047204017639,,,,,,,,,,,,,,,,,,,,,,,,,,,,,,,,,,,,
3,,,2894,,,,,,,,,,,,,,,,,,,,,,,,,,,,,,,,,,,,0.6075870990753174,,,,,,,,,,,,,,,,,,,,,,,,,,,,,,,,,,,,
3,,,2899,,,,,,,,,,,,,,,,,,,,,,,,,,,,,,,,,,,,0.5161523222923279,,,,,,,,,,,,,,,,,,,,,,,,,,,,,,,,,,,,
3,,,2904,,,,,,,,,,,,,,,,,,,,,,,,,,,,,,,,,,,,0.5241290926933289,,,,,,,,,,,,,,,,,,,,,,,,,,,,,,,,,,,,
3,,,2909,,,,,,,,,,,,,,,,,,,,,,,,,,,,,,,,,,,,0.5274024605751038,,,,,,,,,,,,,,,,,,,,,,,,,,,,,,,,,,,,
3,,,2914,,,,,,,,,,,,,,,,,,,,,,,,,,,,,,,,,,,,0.5730929374694824,,,,,,,,,,,,,,,,,,,,,,,,,,,,,,,,,,,,
3,,,2919,,,,,,,,,,,,,,,,,,,,,,,,,,,,,,,,,,,,0.4893834590911865,,,,,,,,,,,,,,,,,,,,,,,,,,,,,,,,,,,,
3,,,2924,,,,,,,,,,,,,,,,,,,,,,,,,,,,,,,,,,,,0.6852150559425354,,,,,,,,,,,,,,,,,,,,,,,,,,,,,,,,,,,,
3,,,2929,,,,,,,,,,,,,,,,,,,,,,,,,,,,,,,,,,,,0.7456526756286621,,,,,,,,,,,,,,,,,,,,,,,,,,,,,,,,,,,,
3,,,2934,,,,,,,,,,,,,,,,,,,,,,,,,,,,,,,,,,,,0.7120083570480347,,,,,,,,,,,,,,,,,,,,,,,,,,,,,,,,,,,,
3,,,2939,,,,,,,,,,,,,,,,,,,,,,,,,,,,,,,,,,,,0.711066722869873,,,,,,,,,,,,,,,,,,,,,,,,,,,,,,,,,,,,
3,,,2944,,,,,,,,,,,,,,,,,,,,,,,,,,,,,,,,,,,,0.6619188189506531,,,,,,,,,,,,,,,,,,,,,,,,,,,,,,,,,,,,
3,,,2949,,,,,,,,,,,,,,,,,,,,,,,,,,,,,,,,,,,,0.4506436884403229,,,,,,,,,,,,,,,,,,,,,,,,,,,,,,,,,,,,
3,,,2954,,,,,,,,,,,,,,,,,,,,,,,,,,,,,,,,,,,,0.532166063785553,,,,,,,,,,,,,,,,,,,,,,,,,,,,,,,,,,,,
3,,,2959,,,,,,,,,,,,,,,,,,,,,,,,,,,,,,,,,,,,0.591680645942688,,,,,,,,,,,,,,,,,,,,,,,,,,,,,,,,,,,,
3,,,2964,,,,,,,,,,,,,,,,,,,,,,,,,,,,,,,,,,,,0.5165143609046936,,,,,,,,,,,,,,,,,,,,,,,,,,,,,,,,,,,,
3,,,2969,,,,,,,,,,,,,,,,,,,,,,,,,,,,,,,,,,,,0.7053222060203552,,,,,,,,,,,,,,,,,,,,,,,,,,,,,,,,,,,,
3,,,2974,,,,,,,,,,,,,,,,,,,,,,,,,,,,,,,,,,,,0.7156647443771362,,,,,,,,,,,,,,,,,,,,,,,,,,,,,,,,,,,,
3,,,2979,,,,,,,,,,,,,,,,,,,,,,,,,,,,,,,,,,,,0.47162848711013794,,,,,,,,,,,,,,,,,,,,,,,,,,,,,,,,,,,,
3,,,2984,,,,,,,,,,,,,,,,,,,,,,,,,,,,,,,,,,,,0.691030740737915,,,,,,,,,,,,,,,,,,,,,,,,,,,,,,,,,,,,
3,,,2989,,,,,,,,,,,,,,,,,,,,,,,,,,,,,,,,,,,,0.6572644114494324,,,,,,,,,,,,,,,,,,,,,,,,,,,,,,,,,,,,
3,,,2994,,,,,,,,,,,,,,,,,,,,,,,,,,,,,,,,,,,,0.5812376737594604,,,,,,,,,,,,,,,,,,,,,,,,,,,,,,,,,,,,
3,,,2999,,,,,,,,,,,,,,,,,,,,,,,,,,,,,,,,,,,,0.6051730513572693,,,,,,,,,,,,,,,,,,,,,,,,,,,,,,,,,,,,
3,,,3004,,,,,,,,,,,,,,,,,,,,,,,,,,,,,,,,,,,,0.522864043712616,,,,,,,,,,,,,,,,,,,,,,,,,,,,,,,,,,,,
3,,,3009,,,,,,,,,,,,,,,,,,,,,,,,,,,,,,,,,,,,0.6743438839912415,,,,,,,,,,,,,,,,,,,,,,,,,,,,,,,,,,,,
3,,,3014,,,,,,,,,,,,,,,,,,,,,,,,,,,,,,,,,,,,0.61556077003479,,,,,,,,,,,,,,,,,,,,,,,,,,,,,,,,,,,,
3,,,3019,,,,,,,,,,,,,,,,,,,,,,,,,,,,,,,,,,,,0.508049726486206,,,,,,,,,,,,,,,,,,,,,,,,,,,,,,,,,,,,
3,,,3024,,,,,,,,,,,,,,,,,,,,,,,,,,,,,,,,,,,,0.617091178894043,,,,,,,,,,,,,,,,,,,,,,,,,,,,,,,,,,,,
3,,,3029,,,,,,,,,,,,,,,,,,,,,,,,,,,,,,,,,,,,0.647441565990448,,,,,,,,,,,,,,,,,,,,,,,,,,,,,,,,,,,,
3,,,3034,,,,,,,,,,,,,,,,,,,,,,,,,,,,,,,,,,,,0.5396118760108948,,,,,,,,,,,,,,,,,,,,,,,,,,,,,,,,,,,,
3,,,3039,,,,,,,,,,,,,,,,,,,,,,,,,,,,,,,,,,,,0.5435980558395386,,,,,,,,,,,,,,,,,,,,,,,,,,,,,,,,,,,,
3,,,3044,,,,,,,,,,,,,,,,,,,,,,,,,,,,,,,,,,,,0.5439895391464233,,,,,,,,,,,,,,,,,,,,,,,,,,,,,,,,,,,,
3,,,3049,,,,,,,,,,,,,,,,,,,,,,,,,,,,,,,,,,,,0.5917763710021973,,,,,,,,,,,,,,,,,,,,,,,,,,,,,,,,,,,,
3,,,3054,,,,,,,,,,,,,,,,,,,,,,,,,,,,,,,,,,,,0.490727961063385,,,,,,,,,,,,,,,,,,,,,,,,,,,,,,,,,,,,
3,,,3059,,,,,,,,,,,,,,,,,,,,,,,,,,,,,,,,,,,,0.6776155829429626,,,,,,,,,,,,,,,,,,,,,,,,,,,,,,,,,,,,
3,,,3064,,,,,,,,,,,,,,,,,,,,,,,,,,,,,,,,,,,,0.6303632259368896,,,,,,,,,,,,,,,,,,,,,,,,,,,,,,,,,,,,
3,,,3069,,,,,,,,,,,,,,,,,,,,,,,,,,,,,,,,,,,,0.7170031666755676,,,,,,,,,,,,,,,,,,,,,,,,,,,,,,,,,,,,
3,,,3074,,,,,,,,,,,,,,,,,,,,,,,,,,,,,,,,,,,,0.5718628168106079,,,,,,,,,,,,,,,,,,,,,,,,,,,,,,,,,,,,
3,,,3079,,,,,,,,,,,,,,,,,,,,,,,,,,,,,,,,,,,,0.6187000274658203,,,,,,,,,,,,,,,,,,,,,,,,,,,,,,,,,,,,
3,,,3084,,,,,,,,,,,,,,,,,,,,,,,,,,,,,,,,,,,,0.4580463767051697,,,,,,,,,,,,,,,,,,,,,,,,,,,,,,,,,,,,
3,,,3089,,,,,,,,,,,,,,,,,,,,,,,,,,,,,,,,,,,,0.5437046885490417,,,,,,,,,,,,,,,,,,,,,,,,,,,,,,,,,,,,
3,,,3094,,,,,,,,,,,,,,,,,,,,,,,,,,,,,,,,,,,,0.7400293350219727,,,,,,,,,,,,,,,,,,,,,,,,,,,,,,,,,,,,
3,,,3099,,,,,,,,,,,,,,,,,,,,,,,,,,,,,,,,,,,,0.7121289968490601,,,,,,,,,,,,,,,,,,,,,,,,,,,,,,,,,,,,
3,,,3104,,,,,,,,,,,,,,,,,,,,,,,,,,,,,,,,,,,,0.6806564927101135,,,,,,,,,,,,,,,,,,,,,,,,,,,,,,,,,,,,
3,,,3109,,,,,,,,,,,,,,,,,,,,,,,,,,,,,,,,,,,,0.7385667562484741,,,,,,,,,,,,,,,,,,,,,,,,,,,,,,,,,,,,
3,,,3114,,,,,,,,,,,,,,,,,,,,,,,,,,,,,,,,,,,,0.6982860565185547,,,,,,,,,,,,,,,,,,,,,,,,,,,,,,,,,,,,
3,,,3119,,,,,,,,,,,,,,,,,,,,,,,,,,,,,,,,,,,,0.6887544393539429,,,,,,,,,,,,,,,,,,,,,,,,,,,,,,,,,,,,
3,,,3124,,,,,,,,,,,,,,,,,,,,,,,,,,,,,,,,,,,,0.47460800409317017,,,,,,,,,,,,,,,,,,,,,,,,,,,,,,,,,,,,
3,,,3129,,,,,,,,,,,,,,,,,,,,,,,,,,,,,,,,,,,,0.5988567471504211,,,,,,,,,,,,,,,,,,,,,,,,,,,,,,,,,,,,
3,,,3134,,,,,,,,,,,,,,,,,,,,,,,,,,,,,,,,,,,,0.43815135955810547,,,,,,,,,,,,,,,,,,,,,,,,,,,,,,,,,,,,
3,,,3139,,,,,,,,,,,,,,,,,,,,,,,,,,,,,,,,,,,,0.5844677686691284,,,,,,,,,,,,,,,,,,,,,,,,,,,,,,,,,,,,
3,,,3144,,,,,,,,,,,,,,,,,,,,,,,,,,,,,,,,,,,,0.5856748819351196,,,,,,,,,,,,,,,,,,,,,,,,,,,,,,,,,,,,
3,,,3149,,,,,,,,,,,,,,,,,,,,,,,,,,,,,,,,,,,,0.5184767246246338,,,,,,,,,,,,,,,,,,,,,,,,,,,,,,,,,,,,
3,,,3154,,,,,,,,,,,,,,,,,,,,,,,,,,,,,,,,,,,,0.4878132939338684,,,,,,,,,,,,,,,,,,,,,,,,,,,,,,,,,,,,
3,,,3159,,,,,,,,,,,,,,,,,,,,,,,,,,,,,,,,,,,,0.722245991230011,,,,,,,,,,,,,,,,,,,,,,,,,,,,,,,,,,,,
3,,,3164,,,,,,,,,,,,,,,,,,,,,,,,,,,,,,,,,,,,0.49215465784072876,,,,,,,,,,,,,,,,,,,,,,,,,,,,,,,,,,,,
3,,,3169,,,,,,,,,,,,,,,,,,,,,,,,,,,,,,,,,,,,0.5320070385932922,,,,,,,,,,,,,,,,,,,,,,,,,,,,,,,,,,,,
3,,,3174,,,,,,,,,,,,,,,,,,,,,,,,,,,,,,,,,,,,0.6877466440200806,,,,,,,,,,,,,,,,,,,,,,,,,,,,,,,,,,,,
3,,,3179,,,,,,,,,,,,,,,,,,,,,,,,,,,,,,,,,,,,0.5305451154708862,,,,,,,,,,,,,,,,,,,,,,,,,,,,,,,,,,,,
3,,,3184,,,,,,,,,,,,,,,,,,,,,,,,,,,,,,,,,,,,0.5429028868675232,,,,,,,,,,,,,,,,,,,,,,,,,,,,,,,,,,,,
3,,,3189,,,,,,,,,,,,,,,,,,,,,,,,,,,,,,,,,,,,0.7413331866264343,,,,,,,,,,,,,,,,,,,,,,,,,,,,,,,,,,,,
3,,,3194,,,,,,,,,,,,,,,,,,,,,,,,,,,,,,,,,,,,0.7654454708099365,,,,,,,,,,,,,,,,,,,,,,,,,,,,,,,,,,,,
3,,,3199,,,,,,,,,,,,,,,,,,,,,,,,,,,,,,,,,,,,0.8242956399917603,,,,,,,,,,,,,,,,,,,,,,,,,,,,,,,,,,,,
3,,,3204,,,,,,,,,,,,,,,,,,,,,,,,,,,,,,,,,,,,0.6490811109542847,,,,,,,,,,,,,,,,,,,,,,,,,,,,,,,,,,,,
3,,,3209,,,,,,,,,,,,,,,,,,,,,,,,,,,,,,,,,,,,0.6444059610366821,,,,,,,,,,,,,,,,,,,,,,,,,,,,,,,,,,,,
3,,,3214,,,,,,,,,,,,,,,,,,,,,,,,,,,,,,,,,,,,0.7130742073059082,,,,,,,,,,,,,,,,,,,,,,,,,,,,,,,,,,,,
3,,,3219,,,,,,,,,,,,,,,,,,,,,,,,,,,,,,,,,,,,0.6841815710067749,,,,,,,,,,,,,,,,,,,,,,,,,,,,,,,,,,,,
3,,,3224,,,,,,,,,,,,,,,,,,,,,,,,,,,,,,,,,,,,0.7080633640289307,,,,,,,,,,,,,,,,,,,,,,,,,,,,,,,,,,,,
3,,,3229,,,,,,,,,,,,,,,,,,,,,,,,,,,,,,,,,,,,0.513390302658081,,,,,,,,,,,,,,,,,,,,,,,,,,,,,,,,,,,,
3,,,3234,,,,,,,,,,,,,,,,,,,,,,,,,,,,,,,,,,,,0.5321611762046814,,,,,,,,,,,,,,,,,,,,,,,,,,,,,,,,,,,,
3,,,3239,,,,,,,,,,,,,,,,,,,,,,,,,,,,,,,,,,,,0.7195940613746643,,,,,,,,,,,,,,,,,,,,,,,,,,,,,,,,,,,,
3,,,3244,,,,,,,,,,,,,,,,,,,,,,,,,,,,,,,,,,,,0.6912338733673096,,,,,,,,,,,,,,,,,,,,,,,,,,,,,,,,,,,,
3,,,3249,,,,,,,,,,,,,,,,,,,,,,,,,,,,,,,,,,,,0.6306649446487427,,,,,,,,,,,,,,,,,,,,,,,,,,,,,,,,,,,,
3,,,3254,,,,,,,,,,,,,,,,,,,,,,,,,,,,,,,,,,,,0.6990824341773987,,,,,,,,,,,,,,,,,,,,,,,,,,,,,,,,,,,,
3,,,3259,,,,,,,,,,,,,,,,,,,,,,,,,,,,,,,,,,,,0.46844762563705444,,,,,,,,,,,,,,,,,,,,,,,,,,,,,,,,,,,,
3,,,3264,,,,,,,,,,,,,,,,,,,,,,,,,,,,,,,,,,,,0.7114508748054504,,,,,,,,,,,,,,,,,,,,,,,,,,,,,,,,,,,,
3,,,3269,,,,,,,,,,,,,,,,,,,,,,,,,,,,,,,,,,,,0.53384929895401,,,,,,,,,,,,,,,,,,,,,,,,,,,,,,,,,,,,
3,,,3274,,,,,,,,,,,,,,,,,,,,,,,,,,,,,,,,,,,,0.7597948312759399,,,,,,,,,,,,,,,,,,,,,,,,,,,,,,,,,,,,
3,,,3279,,,,,,,,,,,,,,,,,,,,,,,,,,,,,,,,,,,,0.6554808020591736,,,,,,,,,,,,,,,,,,,,,,,,,,,,,,,,,,,,
3,,,3284,,,,,,,,,,,,,,,,,,,,,,,,,,,,,,,,,,,,0.5560053586959839,,,,,,,,,,,,,,,,,,,,,,,,,,,,,,,,,,,,
3,,,3289,,,,,,,,,,,,,,,,,,,,,,,,,,,,,,,,,,,,0.7066342830657959,,,,,,,,,,,,,,,,,,,,,,,,,,,,,,,,,,,,
3,,,3294,,,,,,,,,,,,,,,,,,,,,,,,,,,,,,,,,,,,0.7623984217643738,,,,,,,,,,,,,,,,,,,,,,,,,,,,,,,,,,,,
3,,,3299,,,,,,,,,,,,,,,,,,,,,,,,,,,,,,,,,,,,0.7099299430847168,,,,,,,,,,,,,,,,,,,,,,,,,,,,,,,,,,,,
3,,,3304,,,,,,,,,,,,,,,,,,,,,,,,,,,,,,,,,,,,0.5217426419258118,,,,,,,,,,,,,,,,,,,,,,,,,,,,,,,,,,,,
3,,,3309,,,,,,,,,,,,,,,,,,,,,,,,,,,,,,,,,,,,0.7102495431900024,,,,,,,,,,,,,,,,,,,,,,,,,,,,,,,,,,,,
3,,,3314,,,,,,,,,,,,,,,,,,,,,,,,,,,,,,,,,,,,0.5321974158287048,,,,,,,,,,,,,,,,,,,,,,,,,,,,,,,,,,,,
3,,,3319,,,,,,,,,,,,,,,,,,,,,,,,,,,,,,,,,,,,0.7337823510169983,,,,,,,,,,,,,,,,,,,,,,,,,,,,,,,,,,,,
3,,,3324,,,,,,,,,,,,,,,,,,,,,,,,,,,,,,,,,,,,0.6937388777732849,,,,,,,,,,,,,,,,,,,,,,,,,,,,,,,,,,,,
3,,,3329,,,,,,,,,,,,,,,,,,,,,,,,,,,,,,,,,,,,0.6912757158279419,,,,,,,,,,,,,,,,,,,,,,,,,,,,,,,,,,,,
3,,,3334,,,,,,,,,,,,,,,,,,,,,,,,,,,,,,,,,,,,0.5944496393203735,,,,,,,,,,,,,,,,,,,,,,,,,,,,,,,,,,,,
3,,,3339,,,,,,,,,,,,,,,,,,,,,,,,,,,,,,,,,,,,0.7045261859893799,,,,,,,,,,,,,,,,,,,,,,,,,,,,,,,,,,,,
3,,,3344,,,,,,,,,,,,,,,,,,,,,,,,,,,,,,,,,,,,0.472619891166687,,,,,,,,,,,,,,,,,,,,,,,,,,,,,,,,,,,,
3,,,3349,,,,,,,,,,,,,,,,,,,,,,,,,,,,,,,,,,,,0.5634094476699829,,,,,,,,,,,,,,,,,,,,,,,,,,,,,,,,,,,,
3,,,3354,,,,,,,,,,,,,,,,,,,,,,,,,,,,,,,,,,,,0.5022975206375122,,,,,,,,,,,,,,,,,,,,,,,,,,,,,,,,,,,,
3,,,3359,,,,,,,,,,,,,,,,,,,,,,,,,,,,,,,,,,,,0.6040828824043274,,,,,,,,,,,,,,,,,,,,,,,,,,,,,,,,,,,,
3,,,3364,,,,,,,,,,,,,,,,,,,,,,,,,,,,,,,,,,,,0.6590074300765991,,,,,,,,,,,,,,,,,,,,,,,,,,,,,,,,,,,,
3,,,3369,,,,,,,,,,,,,,,,,,,,,,,,,,,,,,,,,,,,0.5590627193450928,,,,,,,,,,,,,,,,,,,,,,,,,,,,,,,,,,,,
3,,,3374,,,,,,,,,,,,,,,,,,,,,,,,,,,,,,,,,,,,0.46123626828193665,,,,,,,,,,,,,,,,,,,,,,,,,,,,,,,,,,,,
3,,,3379,,,,,,,,,,,,,,,,,,,,,,,,,,,,,,,,,,,,0.6598838567733765,,,,,,,,,,,,,,,,,,,,,,,,,,,,,,,,,,,,
3,,,3384,,,,,,,,,,,,,,,,,,,,,,,,,,,,,,,,,,,,0.750113308429718,,,,,,,,,,,,,,,,,,,,,,,,,,,,,,,,,,,,
3,,,3389,,,,,,,,,,,,,,,,,,,,,,,,,,,,,,,,,,,,0.5768820643424988,,,,,,,,,,,,,,,,,,,,,,,,,,,,,,,,,,,,
3,,,3394,,,,,,,,,,,,,,,,,,,,,,,,,,,,,,,,,,,,0.5006569027900696,,,,,,,,,,,,,,,,,,,,,,,,,,,,,,,,,,,,
3,,,3399,,,,,,,,,,,,,,,,,,,,,,,,,,,,,,,,,,,,0.7122942805290222,,,,,,,,,,,,,,,,,,,,,,,,,,,,,,,,,,,,
3,,,3404,,,,,,,,,,,,,,,,,,,,,,,,,,,,,,,,,,,,0.6651216149330139,,,,,,,,,,,,,,,,,,,,,,,,,,,,,,,,,,,,
3,,,3409,,,,,,,,,,,,,,,,,,,,,,,,,,,,,,,,,,,,0.6645547151565552,,,,,,,,,,,,,,,,,,,,,,,,,,,,,,,,,,,,
3,,,3414,,,,,,,,,,,,,,,,,,,,,,,,,,,,,,,,,,,,0.5577819347381592,,,,,,,,,,,,,,,,,,,,,,,,,,,,,,,,,,,,
3,,,3419,,,,,,,,,,,,,,,,,,,,,,,,,,,,,,,,,,,,0.4941367506980896,,,,,,,,,,,,,,,,,,,,,,,,,,,,,,,,,,,,
3,,,3424,,,,,,,,,,,,,,,,,,,,,,,,,,,,,,,,,,,,0.535720705986023,,,,,,,,,,,,,,,,,,,,,,,,,,,,,,,,,,,,
3,,,3429,,,,,,,,,,,,,,,,,,,,,,,,,,,,,,,,,,,,0.6872577667236328,,,,,,,,,,,,,,,,,,,,,,,,,,,,,,,,,,,,
3,,,3434,,,,,,,,,,,,,,,,,,,,,,,,,,,,,,,,,,,,0.4882301688194275,,,,,,,,,,,,,,,,,,,,,,,,,,,,,,,,,,,,
3,,,3439,,,,,,,,,,,,,,,,,,,,,,,,,,,,,,,,,,,,0.7228190898895264,,,,,,,,,,,,,,,,,,,,,,,,,,,,,,,,,,,,
3,,,3444,,,,,,,,,,,,,,,,,,,,,,,,,,,,,,,,,,,,0.5580472946166992,,,,,,,,,,,,,,,,,,,,,,,,,,,,,,,,,,,,
3,,,3449,,,,,,,,,,,,,,,,,,,,,,,,,,,,,,,,,,,,0.5799952149391174,,,,,,,,,,,,,,,,,,,,,,,,,,,,,,,,,,,,
3,,,3454,,,,,,,,,,,,,,,,,,,,,,,,,,,,,,,,,,,,0.5244189500808716,,,,,,,,,,,,,,,,,,,,,,,,,,,,,,,,,,,,
3,,,3459,,,,,,,,,,,,,,,,,,,,,,,,,,,,,,,,,,,,0.5082800984382629,,,,,,,,,,,,,,,,,,,,,,,,,,,,,,,,,,,,
3,,,3464,,,,,,,,,,,,,,,,,,,,,,,,,,,,,,,,,,,,0.5886509418487549,,,,,,,,,,,,,,,,,,,,,,,,,,,,,,,,,,,,
3,,,3469,,,,,,,,,,,,,,,,,,,,,,,,,,,,,,,,,,,,0.5835535526275635,,,,,,,,,,,,,,,,,,,,,,,,,,,,,,,,,,,,
3,,,3474,,,,,,,,,,,,,,,,,,,,,,,,,,,,,,,,,,,,0.6686840057373047,,,,,,,,,,,,,,,,,,,,,,,,,,,,,,,,,,,,
3,,,3479,,,,,,,,,,,,,,,,,,,,,,,,,,,,,,,,,,,,0.5567685961723328,,,,,,,,,,,,,,,,,,,,,,,,,,,,,,,,,,,,
3,,,3484,,,,,,,,,,,,,,,,,,,,,,,,,,,,,,,,,,,,0.5358561873435974,,,,,,,,,,,,,,,,,,,,,,,,,,,,,,,,,,,,
3,,,3489,,,,,,,,,,,,,,,,,,,,,,,,,,,,,,,,,,,,0.5199165940284729,,,,,,,,,,,,,,,,,,,,,,,,,,,,,,,,,,,,
3,,,3494,,,,,,,,,,,,,,,,,,,,,,,,,,,,,,,,,,,,0.6207606792449951,,,,,,,,,,,,,,,,,,,,,,,,,,,,,,,,,,,,
3,,,3499,,,,,,,,,,,,,,,,,,,,,,,,,,,,,,,,,,,,0.4846115708351135,,,,,,,,,,,,,,,,,,,,,,,,,,,,,,,,,,,,
3,,,3504,,,,,,,,,,,,,,,,,,,,,,,,,,,,,,,,,,,,0.7533202171325684,,,,,,,,,,,,,,,,,,,,,,,,,,,,,,,,,,,,
3,,,3509,,,,,,,,,,,,,,,,,,,,,,,,,,,,,,,,,,,,0.7191556692123413,,,,,,,,,,,,,,,,,,,,,,,,,,,,,,,,,,,,
3,,,3514,,,,,,,,,,,,,,,,,,,,,,,,,,,,,,,,,,,,0.6357815265655518,,,,,,,,,,,,,,,,,,,,,,,,,,,,,,,,,,,,
3,,,3519,,,,,,,,,,,,,,,,,,,,,,,,,,,,,,,,,,,,0.4948822855949402,,,,,,,,,,,,,,,,,,,,,,,,,,,,,,,,,,,,
3,,,3524,,,,,,,,,,,,,,,,,,,,,,,,,,,,,,,,,,,,0.6755393147468567,,,,,,,,,,,,,,,,,,,,,,,,,,,,,,,,,,,,
3,,,3529,,,,,,,,,,,,,,,,,,,,,,,,,,,,,,,,,,,,0.6281191110610962,,,,,,,,,,,,,,,,,,,,,,,,,,,,,,,,,,,,
3,,,3534,,,,,,,,,,,,,,,,,,,,,,,,,,,,,,,,,,,,0.5822423100471497,,,,,,,,,,,,,,,,,,,,,,,,,,,,,,,,,,,,
3,,,3539,,,,,,,,,,,,,,,,,,,,,,,,,,,,,,,,,,,,0.5021166801452637,,,,,,,,,,,,,,,,,,,,,,,,,,,,,,,,,,,,
3,,,3544,,,,,,,,,,,,,,,,,,,,,,,,,,,,,,,,,,,,0.6726022958755493,,,,,,,,,,,,,,,,,,,,,,,,,,,,,,,,,,,,
3,,,3549,,,,,,,,,,,,,,,,,,,,,,,,,,,,,,,,,,,,0.5476392507553101,,,,,,,,,,,,,,,,,,,,,,,,,,,,,,,,,,,,
3,,,3554,,,,,,,,,,,,,,,,,,,,,,,,,,,,,,,,,,,,0.41157397627830505,,,,,,,,,,,,,,,,,,,,,,,,,,,,,,,,,,,,
3,,,3559,,,,,,,,,,,,,,,,,,,,,,,,,,,,,,,,,,,,0.5356667041778564,,,,,,,,,,,,,,,,,,,,,,,,,,,,,,,,,,,,
3,,,3564,,,,,,,,,,,,,,,,,,,,,,,,,,,,,,,,,,,,0.6703253984451294,,,,,,,,,,,,,,,,,,,,,,,,,,,,,,,,,,,,
3,,,3569,,,,,,,,,,,,,,,,,,,,,,,,,,,,,,,,,,,,0.5962518453598022,,,,,,,,,,,,,,,,,,,,,,,,,,,,,,,,,,,,
3,,,3574,,,,,,,,,,,,,,,,,,,,,,,,,,,,,,,,,,,,0.6337395906448364,,,,,,,,,,,,,,,,,,,,,,,,,,,,,,,,,,,,
3,,,3579,,,,,,,,,,,,,,,,,,,,,,,,,,,,,,,,,,,,0.5115687251091003,,,,,,,,,,,,,,,,,,,,,,,,,,,,,,,,,,,,
3,,,3584,,,,,,,,,,,,,,,,,,,,,,,,,,,,,,,,,,,,0.4313639998435974,,,,,,,,,,,,,,,,,,,,,,,,,,,,,,,,,,,,
3,,,3589,,,,,,,,,,,,,,,,,,,,,,,,,,,,,,,,,,,,0.4879481792449951,,,,,,,,,,,,,,,,,,,,,,,,,,,,,,,,,,,,
3,,,3594,,,,,,,,,,,,,,,,,,,,,,,,,,,,,,,,,,,,0.7146347165107727,,,,,,,,,,,,,,,,,,,,,,,,,,,,,,,,,,,,
3,,,3599,,,,,,,,,,,,,,,,,,,,,,,,,,,,,,,,,,,,0.47336551547050476,,,,,,,,,,,,,,,,,,,,,,,,,,,,,,,,,,,,
3,,,3604,,,,,,,,,,,,,,,,,,,,,,,,,,,,,,,,,,,,0.7670830488204956,,,,,,,,,,,,,,,,,,,,,,,,,,,,,,,,,,,,
3,,,3609,,,,,,,,,,,,,,,,,,,,,,,,,,,,,,,,,,,,0.648513674736023,,,,,,,,,,,,,,,,,,,,,,,,,,,,,,,,,,,,
3,,,3614,,,,,,,,,,,,,,,,,,,,,,,,,,,,,,,,,,,,0.716279149055481,,,,,,,,,,,,,,,,,,,,,,,,,,,,,,,,,,,,
3,,,3619,,,,,,,,,,,,,,,,,,,,,,,,,,,,,,,,,,,,0.5993331670761108,,,,,,,,,,,,,,,,,,,,,,,,,,,,,,,,,,,,
3,,,3624,,,,,,,,,,,,,,,,,,,,,,,,,,,,,,,,,,,,0.6356065273284912,,,,,,,,,,,,,,,,,,,,,,,,,,,,,,,,,,,,
3,,,3629,,,,,,,,,,,,,,,,,,,,,,,,,,,,,,,,,,,,0.5686154365539551,,,,,,,,,,,,,,,,,,,,,,,,,,,,,,,,,,,,
3,,,3634,,,,,,,,,,,,,,,,,,,,,,,,,,,,,,,,,,,,0.7473454475402832,,,,,,,,,,,,,,,,,,,,,,,,,,,,,,,,,,,,
3,,,3639,,,,,,,,,,,,,,,,,,,,,,,,,,,,,,,,,,,,0.6930050253868103,,,,,,,,,,,,,,,,,,,,,,,,,,,,,,,,,,,,
3,,,3644,,,,,,,,,,,,,,,,,,,,,,,,,,,,,,,,,,,,0.6461952924728394,,,,,,,,,,,,,,,,,,,,,,,,,,,,,,,,,,,,
3,,,3649,,,,,,,,,,,,,,,,,,,,,,,,,,,,,,,,,,,,0.5332696437835693,,,,,,,,,,,,,,,,,,,,,,,,,,,,,,,,,,,,
3,,,3654,,,,,,,,,,,,,,,,,,,,,,,,,,,,,,,,,,,,0.5578122138977051,,,,,,,,,,,,,,,,,,,,,,,,,,,,,,,,,,,,
3,,,3659,,,,,,,,,,,,,,,,,,,,,,,,,,,,,,,,,,,,0.7260412573814392,,,,,,,,,,,,,,,,,,,,,,,,,,,,,,,,,,,,
3,,,3664,,,,,,,,,,,,,,,,,,,,,,,,,,,,,,,,,,,,0.6090342402458191,,,,,,,,,,,,,,,,,,,,,,,,,,,,,,,,,,,,
3,,,3669,,,,,,,,,,,,,,,,,,,,,,,,,,,,,,,,,,,,0.6162393689155579,,,,,,,,,,,,,,,,,,,,,,,,,,,,,,,,,,,,
3,,,3674,,,,,,,,,,,,,,,,,,,,,,,,,,,,,,,,,,,,0.5009663105010986,,,,,,,,,,,,,,,,,,,,,,,,,,,,,,,,,,,,
3,,,3679,,,,,,,,,,,,,,,,,,,,,,,,,,,,,,,,,,,,0.6255282759666443,,,,,,,,,,,,,,,,,,,,,,,,,,,,,,,,,,,,
3,,,3683,,,,,,,,,,,,,,,,,,,,,,,,,,,,,,,,,,,,,0.777538001537323,0.7295639514923096,0.621136486530304,0.7061665058135986,0.777538001537323,0.0,0.8436796069145203,0.844403088092804,0.9226481914520264,0.49942123889923096,0.0,0.8787468671798706,0.8176181316375732,0.8992851376533508,0.322605699300766,0.0,0.7837185263633728,0.6915009021759033,0.8170009851455688,0.19232551753520966,0.0,0.9168556928634644,0.7924802303314209,0.8770760893821716,0.23825404047966003,0.0,0.8436796069145203,0.844403088092804,0.9226481914520264,0.49942123889923096,0.8399724960327148,0.8399724960327148,0.7240970134735107,0.8399724960327148,0.8399724960327148,0.6208354830741882
3,,,3683,0.7399717569351196,0.7110013365745544,0.5978103280067444,0.691056489944458,0.7399717569351196,0.0,0.8607915639877319,0.7943862676620483,0.9172468185424805,0.38746243715286255,0.0,0.8701868057250977,0.7950924634933472,0.8798391222953796,0.2988869845867157,0.0,0.7702041864395142,0.6598784327507019,0.7854577898979187,0.175700843334198,0.0,0.8797895312309265,0.7957997918128967,0.8453630208969116,0.24327366054058075,0.0,0.8607915639877319,0.7943862676620483,0.9172468185424805,0.38746243715286255,0.8289312720298767,0.8289312720298767,0.7078416347503662,0.8289312720298767,0.8289312720298767,,,,,,,,,,,,,,,,,,,,,,,,,,,,,,,,,,,,,
,1e-05,0.0001,3684,,,,,,,,,,,,,,,,,,,,,,,,,,,,,,,,,,,,,,,,,,,,,,,,,,,,,,,,,,,,,,,,,,,,,,,,
4,,,3684,,,,,,,,,,,,,,,,,,,,,,,,,,,,,,,,,,,,0.5734400153160095,,,,,,,,,,,,,,,,,,,,,,,,,,,,,,,,,,,,
4,,,3689,,,,,,,,,,,,,,,,,,,,,,,,,,,,,,,,,,,,0.6683395504951477,,,,,,,,,,,,,,,,,,,,,,,,,,,,,,,,,,,,
4,,,3694,,,,,,,,,,,,,,,,,,,,,,,,,,,,,,,,,,,,0.5040318965911865,,,,,,,,,,,,,,,,,,,,,,,,,,,,,,,,,,,,
4,,,3699,,,,,,,,,,,,,,,,,,,,,,,,,,,,,,,,,,,,0.48483020067214966,,,,,,,,,,,,,,,,,,,,,,,,,,,,,,,,,,,,
4,,,3704,,,,,,,,,,,,,,,,,,,,,,,,,,,,,,,,,,,,0.6638142466545105,,,,,,,,,,,,,,,,,,,,,,,,,,,,,,,,,,,,
4,,,3709,,,,,,,,,,,,,,,,,,,,,,,,,,,,,,,,,,,,0.5656704902648926,,,,,,,,,,,,,,,,,,,,,,,,,,,,,,,,,,,,
4,,,3714,,,,,,,,,,,,,,,,,,,,,,,,,,,,,,,,,,,,0.46054455637931824,,,,,,,,,,,,,,,,,,,,,,,,,,,,,,,,,,,,
4,,,3719,,,,,,,,,,,,,,,,,,,,,,,,,,,,,,,,,,,,0.4443860352039337,,,,,,,,,,,,,,,,,,,,,,,,,,,,,,,,,,,,
4,,,3724,,,,,,,,,,,,,,,,,,,,,,,,,,,,,,,,,,,,0.6819749474525452,,,,,,,,,,,,,,,,,,,,,,,,,,,,,,,,,,,,
4,,,3729,,,,,,,,,,,,,,,,,,,,,,,,,,,,,,,,,,,,0.5946263074874878,,,,,,,,,,,,,,,,,,,,,,,,,,,,,,,,,,,,
4,,,3734,,,,,,,,,,,,,,,,,,,,,,,,,,,,,,,,,,,,0.6308729648590088,,,,,,,,,,,,,,,,,,,,,,,,,,,,,,,,,,,,
4,,,3739,,,,,,,,,,,,,,,,,,,,,,,,,,,,,,,,,,,,0.44384491443634033,,,,,,,,,,,,,,,,,,,,,,,,,,,,,,,,,,,,
4,,,3744,,,,,,,,,,,,,,,,,,,,,,,,,,,,,,,,,,,,0.6839944124221802,,,,,,,,,,,,,,,,,,,,,,,,,,,,,,,,,,,,
4,,,3749,,,,,,,,,,,,,,,,,,,,,,,,,,,,,,,,,,,,0.4669950008392334,,,,,,,,,,,,,,,,,,,,,,,,,,,,,,,,,,,,
4,,,3754,,,,,,,,,,,,,,,,,,,,,,,,,,,,,,,,,,,,0.5715717673301697,,,,,,,,,,,,,,,,,,,,,,,,,,,,,,,,,,,,
4,,,3759,,,,,,,,,,,,,,,,,,,,,,,,,,,,,,,,,,,,0.6581906080245972,,,,,,,,,,,,,,,,,,,,,,,,,,,,,,,,,,,,
4,,,3764,,,,,,,,,,,,,,,,,,,,,,,,,,,,,,,,,,,,0.6483032703399658,,,,,,,,,,,,,,,,,,,,,,,,,,,,,,,,,,,,
4,,,3769,,,,,,,,,,,,,,,,,,,,,,,,,,,,,,,,,,,,0.6332278847694397,,,,,,,,,,,,,,,,,,,,,,,,,,,,,,,,,,,,
4,,,3774,,,,,,,,,,,,,,,,,,,,,,,,,,,,,,,,,,,,0.5789151191711426,,,,,,,,,,,,,,,,,,,,,,,,,,,,,,,,,,,,
4,,,3779,,,,,,,,,,,,,,,,,,,,,,,,,,,,,,,,,,,,0.5585439205169678,,,,,,,,,,,,,,,,,,,,,,,,,,,,,,,,,,,,
4,,,3784,,,,,,,,,,,,,,,,,,,,,,,,,,,,,,,,,,,,0.5588977336883545,,,,,,,,,,,,,,,,,,,,,,,,,,,,,,,,,,,,
4,,,3789,,,,,,,,,,,,,,,,,,,,,,,,,,,,,,,,,,,,0.6585263013839722,,,,,,,,,,,,,,,,,,,,,,,,,,,,,,,,,,,,
4,,,3794,,,,,,,,,,,,,,,,,,,,,,,,,,,,,,,,,,,,0.4930455684661865,,,,,,,,,,,,,,,,,,,,,,,,,,,,,,,,,,,,
4,,,3799,,,,,,,,,,,,,,,,,,,,,,,,,,,,,,,,,,,,0.4883824586868286,,,,,,,,,,,,,,,,,,,,,,,,,,,,,,,,,,,,
4,,,3804,,,,,,,,,,,,,,,,,,,,,,,,,,,,,,,,,,,,0.5381101369857788,,,,,,,,,,,,,,,,,,,,,,,,,,,,,,,,,,,,
4,,,3809,,,,,,,,,,,,,,,,,,,,,,,,,,,,,,,,,,,,0.6117311120033264,,,,,,,,,,,,,,,,,,,,,,,,,,,,,,,,,,,,
4,,,3814,,,,,,,,,,,,,,,,,,,,,,,,,,,,,,,,,,,,0.7415852546691895,,,,,,,,,,,,,,,,,,,,,,,,,,,,,,,,,,,,
4,,,3819,,,,,,,,,,,,,,,,,,,,,,,,,,,,,,,,,,,,0.6803946495056152,,,,,,,,,,,,,,,,,,,,,,,,,,,,,,,,,,,,
4,,,3824,,,,,,,,,,,,,,,,,,,,,,,,,,,,,,,,,,,,0.7155182361602783,,,,,,,,,,,,,,,,,,,,,,,,,,,,,,,,,,,,
4,,,3829,,,,,,,,,,,,,,,,,,,,,,,,,,,,,,,,,,,,0.604739785194397,,,,,,,,,,,,,,,,,,,,,,,,,,,,,,,,,,,,
4,,,3834,,,,,,,,,,,,,,,,,,,,,,,,,,,,,,,,,,,,0.7176197171211243,,,,,,,,,,,,,,,,,,,,,,,,,,,,,,,,,,,,
4,,,3839,,,,,,,,,,,,,,,,,,,,,,,,,,,,,,,,,,,,0.5889071822166443,,,,,,,,,,,,,,,,,,,,,,,,,,,,,,,,,,,,
4,,,3844,,,,,,,,,,,,,,,,,,,,,,,,,,,,,,,,,,,,0.7738045454025269,,,,,,,,,,,,,,,,,,,,,,,,,,,,,,,,,,,,
4,,,3849,,,,,,,,,,,,,,,,,,,,,,,,,,,,,,,,,,,,0.5460323691368103,,,,,,,,,,,,,,,,,,,,,,,,,,,,,,,,,,,,
4,,,3854,,,,,,,,,,,,,,,,,,,,,,,,,,,,,,,,,,,,0.4906063377857208,,,,,,,,,,,,,,,,,,,,,,,,,,,,,,,,,,,,
4,,,3859,,,,,,,,,,,,,,,,,,,,,,,,,,,,,,,,,,,,0.5302779674530029,,,,,,,,,,,,,,,,,,,,,,,,,,,,,,,,,,,,
4,,,3864,,,,,,,,,,,,,,,,,,,,,,,,,,,,,,,,,,,,0.5105663537979126,,,,,,,,,,,,,,,,,,,,,,,,,,,,,,,,,,,,
4,,,3869,,,,,,,,,,,,,,,,,,,,,,,,,,,,,,,,,,,,0.5445308685302734,,,,,,,,,,,,,,,,,,,,,,,,,,,,,,,,,,,,
4,,,3874,,,,,,,,,,,,,,,,,,,,,,,,,,,,,,,,,,,,0.44126683473587036,,,,,,,,,,,,,,,,,,,,,,,,,,,,,,,,,,,,
4,,,3879,,,,,,,,,,,,,,,,,,,,,,,,,,,,,,,,,,,,0.7035991549491882,,,,,,,,,,,,,,,,,,,,,,,,,,,,,,,,,,,,
4,,,3884,,,,,,,,,,,,,,,,,,,,,,,,,,,,,,,,,,,,0.6733672022819519,,,,,,,,,,,,,,,,,,,,,,,,,,,,,,,,,,,,
4,,,3889,,,,,,,,,,,,,,,,,,,,,,,,,,,,,,,,,,,,0.6386005282402039,,,,,,,,,,,,,,,,,,,,,,,,,,,,,,,,,,,,
4,,,3894,,,,,,,,,,,,,,,,,,,,,,,,,,,,,,,,,,,,0.601313054561615,,,,,,,,,,,,,,,,,,,,,,,,,,,,,,,,,,,,
4,,,3899,,,,,,,,,,,,,,,,,,,,,,,,,,,,,,,,,,,,0.770125687122345,,,,,,,,,,,,,,,,,,,,,,,,,,,,,,,,,,,,
4,,,3904,,,,,,,,,,,,,,,,,,,,,,,,,,,,,,,,,,,,0.6299521923065186,,,,,,,,,,,,,,,,,,,,,,,,,,,,,,,,,,,,
4,,,3909,,,,,,,,,,,,,,,,,,,,,,,,,,,,,,,,,,,,0.7276591658592224,,,,,,,,,,,,,,,,,,,,,,,,,,,,,,,,,,,,
4,,,3914,,,,,,,,,,,,,,,,,,,,,,,,,,,,,,,,,,,,0.5147091150283813,,,,,,,,,,,,,,,,,,,,,,,,,,,,,,,,,,,,
4,,,3919,,,,,,,,,,,,,,,,,,,,,,,,,,,,,,,,,,,,0.5806102752685547,,,,,,,,,,,,,,,,,,,,,,,,,,,,,,,,,,,,
4,,,3924,,,,,,,,,,,,,,,,,,,,,,,,,,,,,,,,,,,,0.6913816332817078,,,,,,,,,,,,,,,,,,,,,,,,,,,,,,,,,,,,
4,,,3929,,,,,,,,,,,,,,,,,,,,,,,,,,,,,,,,,,,,0.5348045229911804,,,,,,,,,,,,,,,,,,,,,,,,,,,,,,,,,,,,
4,,,3934,,,,,,,,,,,,,,,,,,,,,,,,,,,,,,,,,,,,0.6218901872634888,,,,,,,,,,,,,,,,,,,,,,,,,,,,,,,,,,,,
4,,,3939,,,,,,,,,,,,,,,,,,,,,,,,,,,,,,,,,,,,0.5119326114654541,,,,,,,,,,,,,,,,,,,,,,,,,,,,,,,,,,,,
4,,,3944,,,,,,,,,,,,,,,,,,,,,,,,,,,,,,,,,,,,0.6007088422775269,,,,,,,,,,,,,,,,,,,,,,,,,,,,,,,,,,,,
4,,,3949,,,,,,,,,,,,,,,,,,,,,,,,,,,,,,,,,,,,0.5037005543708801,,,,,,,,,,,,,,,,,,,,,,,,,,,,,,,,,,,,
4,,,3954,,,,,,,,,,,,,,,,,,,,,,,,,,,,,,,,,,,,0.5436819195747375,,,,,,,,,,,,,,,,,,,,,,,,,,,,,,,,,,,,
4,,,3959,,,,,,,,,,,,,,,,,,,,,,,,,,,,,,,,,,,,0.6119824647903442,,,,,,,,,,,,,,,,,,,,,,,,,,,,,,,,,,,,
4,,,3964,,,,,,,,,,,,,,,,,,,,,,,,,,,,,,,,,,,,0.5706862211227417,,,,,,,,,,,,,,,,,,,,,,,,,,,,,,,,,,,,
4,,,3969,,,,,,,,,,,,,,,,,,,,,,,,,,,,,,,,,,,,0.7116346955299377,,,,,,,,,,,,,,,,,,,,,,,,,,,,,,,,,,,,
4,,,3974,,,,,,,,,,,,,,,,,,,,,,,,,,,,,,,,,,,,0.5229368209838867,,,,,,,,,,,,,,,,,,,,,,,,,,,,,,,,,,,,
4,,,3979,,,,,,,,,,,,,,,,,,,,,,,,,,,,,,,,,,,,0.4188510775566101,,,,,,,,,,,,,,,,,,,,,,,,,,,,,,,,,,,,
4,,,3984,,,,,,,,,,,,,,,,,,,,,,,,,,,,,,,,,,,,0.5507988333702087,,,,,,,,,,,,,,,,,,,,,,,,,,,,,,,,,,,,
4,,,3989,,,,,,,,,,,,,,,,,,,,,,,,,,,,,,,,,,,,0.6005760431289673,,,,,,,,,,,,,,,,,,,,,,,,,,,,,,,,,,,,
4,,,3994,,,,,,,,,,,,,,,,,,,,,,,,,,,,,,,,,,,,0.5181518793106079,,,,,,,,,,,,,,,,,,,,,,,,,,,,,,,,,,,,
4,,,3999,,,,,,,,,,,,,,,,,,,,,,,,,,,,,,,,,,,,0.6355603933334351,,,,,,,,,,,,,,,,,,,,,,,,,,,,,,,,,,,,
4,,,4004,,,,,,,,,,,,,,,,,,,,,,,,,,,,,,,,,,,,0.7343136072158813,,,,,,,,,,,,,,,,,,,,,,,,,,,,,,,,,,,,
4,,,4009,,,,,,,,,,,,,,,,,,,,,,,,,,,,,,,,,,,,0.4917921721935272,,,,,,,,,,,,,,,,,,,,,,,,,,,,,,,,,,,,
4,,,4014,,,,,,,,,,,,,,,,,,,,,,,,,,,,,,,,,,,,0.5068316459655762,,,,,,,,,,,,,,,,,,,,,,,,,,,,,,,,,,,,
4,,,4019,,,,,,,,,,,,,,,,,,,,,,,,,,,,,,,,,,,,0.47039279341697693,,,,,,,,,,,,,,,,,,,,,,,,,,,,,,,,,,,,
4,,,4024,,,,,,,,,,,,,,,,,,,,,,,,,,,,,,,,,,,,0.47681495547294617,,,,,,,,,,,,,,,,,,,,,,,,,,,,,,,,,,,,
4,,,4029,,,,,,,,,,,,,,,,,,,,,,,,,,,,,,,,,,,,0.7277662754058838,,,,,,,,,,,,,,,,,,,,,,,,,,,,,,,,,,,,
4,,,4034,,,,,,,,,,,,,,,,,,,,,,,,,,,,,,,,,,,,0.4706679880619049,,,,,,,,,,,,,,,,,,,,,,,,,,,,,,,,,,,,
4,,,4039,,,,,,,,,,,,,,,,,,,,,,,,,,,,,,,,,,,,0.7068583965301514,,,,,,,,,,,,,,,,,,,,,,,,,,,,,,,,,,,,
4,,,4044,,,,,,,,,,,,,,,,,,,,,,,,,,,,,,,,,,,,0.5327731966972351,,,,,,,,,,,,,,,,,,,,,,,,,,,,,,,,,,,,
4,,,4049,,,,,,,,,,,,,,,,,,,,,,,,,,,,,,,,,,,,0.5112542510032654,,,,,,,,,,,,,,,,,,,,,,,,,,,,,,,,,,,,
4,,,4054,,,,,,,,,,,,,,,,,,,,,,,,,,,,,,,,,,,,0.536517322063446,,,,,,,,,,,,,,,,,,,,,,,,,,,,,,,,,,,,
4,,,4059,,,,,,,,,,,,,,,,,,,,,,,,,,,,,,,,,,,,0.45553696155548096,,,,,,,,,,,,,,,,,,,,,,,,,,,,,,,,,,,,
4,,,4064,,,,,,,,,,,,,,,,,,,,,,,,,,,,,,,,,,,,0.649237871170044,,,,,,,,,,,,,,,,,,,,,,,,,,,,,,,,,,,,
4,,,4069,,,,,,,,,,,,,,,,,,,,,,,,,,,,,,,,,,,,0.6666324138641357,,,,,,,,,,,,,,,,,,,,,,,,,,,,,,,,,,,,
4,,,4074,,,,,,,,,,,,,,,,,,,,,,,,,,,,,,,,,,,,0.5033608078956604,,,,,,,,,,,,,,,,,,,,,,,,,,,,,,,,,,,,
4,,,4079,,,,,,,,,,,,,,,,,,,,,,,,,,,,,,,,,,,,0.644942045211792,,,,,,,,,,,,,,,,,,,,,,,,,,,,,,,,,,,,
4,,,4084,,,,,,,,,,,,,,,,,,,,,,,,,,,,,,,,,,,,0.5301830768585205,,,,,,,,,,,,,,,,,,,,,,,,,,,,,,,,,,,,
4,,,4089,,,,,,,,,,,,,,,,,,,,,,,,,,,,,,,,,,,,0.5540339350700378,,,,,,,,,,,,,,,,,,,,,,,,,,,,,,,,,,,,
4,,,4094,,,,,,,,,,,,,,,,,,,,,,,,,,,,,,,,,,,,0.5465381145477295,,,,,,,,,,,,,,,,,,,,,,,,,,,,,,,,,,,,
4,,,4099,,,,,,,,,,,,,,,,,,,,,,,,,,,,,,,,,,,,0.7027119994163513,,,,,,,,,,,,,,,,,,,,,,,,,,,,,,,,,,,,
4,,,4104,,,,,,,,,,,,,,,,,,,,,,,,,,,,,,,,,,,,0.5759322643280029,,,,,,,,,,,,,,,,,,,,,,,,,,,,,,,,,,,,
4,,,4109,,,,,,,,,,,,,,,,,,,,,,,,,,,,,,,,,,,,0.5306545495986938,,,,,,,,,,,,,,,,,,,,,,,,,,,,,,,,,,,,
4,,,4114,,,,,,,,,,,,,,,,,,,,,,,,,,,,,,,,,,,,0.738156795501709,,,,,,,,,,,,,,,,,,,,,,,,,,,,,,,,,,,,
4,,,4119,,,,,,,,,,,,,,,,,,,,,,,,,,,,,,,,,,,,0.710281252861023,,,,,,,,,,,,,,,,,,,,,,,,,,,,,,,,,,,,
4,,,4124,,,,,,,,,,,,,,,,,,,,,,,,,,,,,,,,,,,,0.5481997728347778,,,,,,,,,,,,,,,,,,,,,,,,,,,,,,,,,,,,
4,,,4129,,,,,,,,,,,,,,,,,,,,,,,,,,,,,,,,,,,,0.655353844165802,,,,,,,,,,,,,,,,,,,,,,,,,,,,,,,,,,,,
4,,,4134,,,,,,,,,,,,,,,,,,,,,,,,,,,,,,,,,,,,0.5149964690208435,,,,,,,,,,,,,,,,,,,,,,,,,,,,,,,,,,,,
4,,,4139,,,,,,,,,,,,,,,,,,,,,,,,,,,,,,,,,,,,0.5025633573532104,,,,,,,,,,,,,,,,,,,,,,,,,,,,,,,,,,,,
4,,,4144,,,,,,,,,,,,,,,,,,,,,,,,,,,,,,,,,,,,0.5205196142196655,,,,,,,,,,,,,,,,,,,,,,,,,,,,,,,,,,,,
4,,,4149,,,,,,,,,,,,,,,,,,,,,,,,,,,,,,,,,,,,0.6362753510475159,,,,,,,,,,,,,,,,,,,,,,,,,,,,,,,,,,,,
4,,,4154,,,,,,,,,,,,,,,,,,,,,,,,,,,,,,,,,,,,0.6022454500198364,,,,,,,,,,,,,,,,,,,,,,,,,,,,,,,,,,,,
4,,,4159,,,,,,,,,,,,,,,,,,,,,,,,,,,,,,,,,,,,0.5801472663879395,,,,,,,,,,,,,,,,,,,,,,,,,,,,,,,,,,,,
4,,,4164,,,,,,,,,,,,,,,,,,,,,,,,,,,,,,,,,,,,0.5445367693901062,,,,,,,,,,,,,,,,,,,,,,,,,,,,,,,,,,,,
4,,,4169,,,,,,,,,,,,,,,,,,,,,,,,,,,,,,,,,,,,0.5013793706893921,,,,,,,,,,,,,,,,,,,,,,,,,,,,,,,,,,,,
4,,,4174,,,,,,,,,,,,,,,,,,,,,,,,,,,,,,,,,,,,0.6725216507911682,,,,,,,,,,,,,,,,,,,,,,,,,,,,,,,,,,,,
4,,,4179,,,,,,,,,,,,,,,,,,,,,,,,,,,,,,,,,,,,0.7121993899345398,,,,,,,,,,,,,,,,,,,,,,,,,,,,,,,,,,,,
4,,,4184,,,,,,,,,,,,,,,,,,,,,,,,,,,,,,,,,,,,0.5903165340423584,,,,,,,,,,,,,,,,,,,,,,,,,,,,,,,,,,,,
4,,,4189,,,,,,,,,,,,,,,,,,,,,,,,,,,,,,,,,,,,0.6473352909088135,,,,,,,,,,,,,,,,,,,,,,,,,,,,,,,,,,,,
4,,,4194,,,,,,,,,,,,,,,,,,,,,,,,,,,,,,,,,,,,0.5291441679000854,,,,,,,,,,,,,,,,,,,,,,,,,,,,,,,,,,,,
4,,,4199,,,,,,,,,,,,,,,,,,,,,,,,,,,,,,,,,,,,0.6176025867462158,,,,,,,,,,,,,,,,,,,,,,,,,,,,,,,,,,,,
4,,,4204,,,,,,,,,,,,,,,,,,,,,,,,,,,,,,,,,,,,0.6364132165908813,,,,,,,,,,,,,,,,,,,,,,,,,,,,,,,,,,,,
4,,,4209,,,,,,,,,,,,,,,,,,,,,,,,,,,,,,,,,,,,0.5933975577354431,,,,,,,,,,,,,,,,,,,,,,,,,,,,,,,,,,,,
4,,,4214,,,,,,,,,,,,,,,,,,,,,,,,,,,,,,,,,,,,0.5728133320808411,,,,,,,,,,,,,,,,,,,,,,,,,,,,,,,,,,,,
4,,,4219,,,,,,,,,,,,,,,,,,,,,,,,,,,,,,,,,,,,0.5860599279403687,,,,,,,,,,,,,,,,,,,,,,,,,,,,,,,,,,,,
4,,,4224,,,,,,,,,,,,,,,,,,,,,,,,,,,,,,,,,,,,0.5685201287269592,,,,,,,,,,,,,,,,,,,,,,,,,,,,,,,,,,,,
4,,,4229,,,,,,,,,,,,,,,,,,,,,,,,,,,,,,,,,,,,0.6140354871749878,,,,,,,,,,,,,,,,,,,,,,,,,,,,,,,,,,,,
4,,,4234,,,,,,,,,,,,,,,,,,,,,,,,,,,,,,,,,,,,0.5338258743286133,,,,,,,,,,,,,,,,,,,,,,,,,,,,,,,,,,,,
4,,,4239,,,,,,,,,,,,,,,,,,,,,,,,,,,,,,,,,,,,0.7533571720123291,,,,,,,,,,,,,,,,,,,,,,,,,,,,,,,,,,,,
4,,,4244,,,,,,,,,,,,,,,,,,,,,,,,,,,,,,,,,,,,0.47462940216064453,,,,,,,,,,,,,,,,,,,,,,,,,,,,,,,,,,,,
4,,,4249,,,,,,,,,,,,,,,,,,,,,,,,,,,,,,,,,,,,0.5736696720123291,,,,,,,,,,,,,,,,,,,,,,,,,,,,,,,,,,,,
4,,,4254,,,,,,,,,,,,,,,,,,,,,,,,,,,,,,,,,,,,0.5558112263679504,,,,,,,,,,,,,,,,,,,,,,,,,,,,,,,,,,,,
4,,,4259,,,,,,,,,,,,,,,,,,,,,,,,,,,,,,,,,,,,0.46298202872276306,,,,,,,,,,,,,,,,,,,,,,,,,,,,,,,,,,,,
4,,,4264,,,,,,,,,,,,,,,,,,,,,,,,,,,,,,,,,,,,0.7758026123046875,,,,,,,,,,,,,,,,,,,,,,,,,,,,,,,,,,,,
4,,,4269,,,,,,,,,,,,,,,,,,,,,,,,,,,,,,,,,,,,0.5828628540039062,,,,,,,,,,,,,,,,,,,,,,,,,,,,,,,,,,,,
4,,,4274,,,,,,,,,,,,,,,,,,,,,,,,,,,,,,,,,,,,0.7161157131195068,,,,,,,,,,,,,,,,,,,,,,,,,,,,,,,,,,,,
4,,,4279,,,,,,,,,,,,,,,,,,,,,,,,,,,,,,,,,,,,0.6245754957199097,,,,,,,,,,,,,,,,,,,,,,,,,,,,,,,,,,,,
4,,,4284,,,,,,,,,,,,,,,,,,,,,,,,,,,,,,,,,,,,0.5716024041175842,,,,,,,,,,,,,,,,,,,,,,,,,,,,,,,,,,,,
4,,,4289,,,,,,,,,,,,,,,,,,,,,,,,,,,,,,,,,,,,0.794475257396698,,,,,,,,,,,,,,,,,,,,,,,,,,,,,,,,,,,,
4,,,4294,,,,,,,,,,,,,,,,,,,,,,,,,,,,,,,,,,,,0.49912938475608826,,,,,,,,,,,,,,,,,,,,,,,,,,,,,,,,,,,,
4,,,4299,,,,,,,,,,,,,,,,,,,,,,,,,,,,,,,,,,,,0.6092941761016846,,,,,,,,,,,,,,,,,,,,,,,,,,,,,,,,,,,,
4,,,4304,,,,,,,,,,,,,,,,,,,,,,,,,,,,,,,,,,,,0.6411463022232056,,,,,,,,,,,,,,,,,,,,,,,,,,,,,,,,,,,,
4,,,4309,,,,,,,,,,,,,,,,,,,,,,,,,,,,,,,,,,,,0.5566778182983398,,,,,,,,,,,,,,,,,,,,,,,,,,,,,,,,,,,,
4,,,4314,,,,,,,,,,,,,,,,,,,,,,,,,,,,,,,,,,,,0.7185957431793213,,,,,,,,,,,,,,,,,,,,,,,,,,,,,,,,,,,,
4,,,4319,,,,,,,,,,,,,,,,,,,,,,,,,,,,,,,,,,,,0.8099812865257263,,,,,,,,,,,,,,,,,,,,,,,,,,,,,,,,,,,,
4,,,4324,,,,,,,,,,,,,,,,,,,,,,,,,,,,,,,,,,,,0.6155835390090942,,,,,,,,,,,,,,,,,,,,,,,,,,,,,,,,,,,,
4,,,4329,,,,,,,,,,,,,,,,,,,,,,,,,,,,,,,,,,,,0.4893176555633545,,,,,,,,,,,,,,,,,,,,,,,,,,,,,,,,,,,,
4,,,4334,,,,,,,,,,,,,,,,,,,,,,,,,,,,,,,,,,,,0.7162544131278992,,,,,,,,,,,,,,,,,,,,,,,,,,,,,,,,,,,,
4,,,4339,,,,,,,,,,,,,,,,,,,,,,,,,,,,,,,,,,,,0.5661932229995728,,,,,,,,,,,,,,,,,,,,,,,,,,,,,,,,,,,,
4,,,4344,,,,,,,,,,,,,,,,,,,,,,,,,,,,,,,,,,,,0.4677093029022217,,,,,,,,,,,,,,,,,,,,,,,,,,,,,,,,,,,,
4,,,4349,,,,,,,,,,,,,,,,,,,,,,,,,,,,,,,,,,,,0.4568921625614166,,,,,,,,,,,,,,,,,,,,,,,,,,,,,,,,,,,,
4,,,4354,,,,,,,,,,,,,,,,,,,,,,,,,,,,,,,,,,,,0.7367327213287354,,,,,,,,,,,,,,,,,,,,,,,,,,,,,,,,,,,,
4,,,4359,,,,,,,,,,,,,,,,,,,,,,,,,,,,,,,,,,,,0.6801537275314331,,,,,,,,,,,,,,,,,,,,,,,,,,,,,,,,,,,,
4,,,4364,,,,,,,,,,,,,,,,,,,,,,,,,,,,,,,,,,,,0.5312284231185913,,,,,,,,,,,,,,,,,,,,,,,,,,,,,,,,,,,,
4,,,4369,,,,,,,,,,,,,,,,,,,,,,,,,,,,,,,,,,,,0.5469217300415039,,,,,,,,,,,,,,,,,,,,,,,,,,,,,,,,,,,,
4,,,4374,,,,,,,,,,,,,,,,,,,,,,,,,,,,,,,,,,,,0.6303967237472534,,,,,,,,,,,,,,,,,,,,,,,,,,,,,,,,,,,,
4,,,4379,,,,,,,,,,,,,,,,,,,,,,,,,,,,,,,,,,,,0.5268069505691528,,,,,,,,,,,,,,,,,,,,,,,,,,,,,,,,,,,,
4,,,4384,,,,,,,,,,,,,,,,,,,,,,,,,,,,,,,,,,,,0.7007284760475159,,,,,,,,,,,,,,,,,,,,,,,,,,,,,,,,,,,,
4,,,4389,,,,,,,,,,,,,,,,,,,,,,,,,,,,,,,,,,,,0.7072783708572388,,,,,,,,,,,,,,,,,,,,,,,,,,,,,,,,,,,,
4,,,4394,,,,,,,,,,,,,,,,,,,,,,,,,,,,,,,,,,,,0.584990382194519,,,,,,,,,,,,,,,,,,,,,,,,,,,,,,,,,,,,
4,,,4399,,,,,,,,,,,,,,,,,,,,,,,,,,,,,,,,,,,,0.6619803309440613,,,,,,,,,,,,,,,,,,,,,,,,,,,,,,,,,,,,
4,,,4404,,,,,,,,,,,,,,,,,,,,,,,,,,,,,,,,,,,,0.4893394112586975,,,,,,,,,,,,,,,,,,,,,,,,,,,,,,,,,,,,
4,,,4409,,,,,,,,,,,,,,,,,,,,,,,,,,,,,,,,,,,,0.6797270774841309,,,,,,,,,,,,,,,,,,,,,,,,,,,,,,,,,,,,
4,,,4414,,,,,,,,,,,,,,,,,,,,,,,,,,,,,,,,,,,,0.5068300366401672,,,,,,,,,,,,,,,,,,,,,,,,,,,,,,,,,,,,
4,,,4419,,,,,,,,,,,,,,,,,,,,,,,,,,,,,,,,,,,,0.7688577771186829,,,,,,,,,,,,,,,,,,,,,,,,,,,,,,,,,,,,
4,,,4424,,,,,,,,,,,,,,,,,,,,,,,,,,,,,,,,,,,,0.4608945846557617,,,,,,,,,,,,,,,,,,,,,,,,,,,,,,,,,,,,
4,,,4429,,,,,,,,,,,,,,,,,,,,,,,,,,,,,,,,,,,,0.5756078362464905,,,,,,,,,,,,,,,,,,,,,,,,,,,,,,,,,,,,
4,,,4434,,,,,,,,,,,,,,,,,,,,,,,,,,,,,,,,,,,,0.4100172519683838,,,,,,,,,,,,,,,,,,,,,,,,,,,,,,,,,,,,
4,,,4439,,,,,,,,,,,,,,,,,,,,,,,,,,,,,,,,,,,,0.6174585819244385,,,,,,,,,,,,,,,,,,,,,,,,,,,,,,,,,,,,
4,,,4444,,,,,,,,,,,,,,,,,,,,,,,,,,,,,,,,,,,,0.6608430743217468,,,,,,,,,,,,,,,,,,,,,,,,,,,,,,,,,,,,
4,,,4449,,,,,,,,,,,,,,,,,,,,,,,,,,,,,,,,,,,,0.703934371471405,,,,,,,,,,,,,,,,,,,,,,,,,,,,,,,,,,,,
4,,,4454,,,,,,,,,,,,,,,,,,,,,,,,,,,,,,,,,,,,0.5961679220199585,,,,,,,,,,,,,,,,,,,,,,,,,,,,,,,,,,,,
4,,,4459,,,,,,,,,,,,,,,,,,,,,,,,,,,,,,,,,,,,0.6406298875808716,,,,,,,,,,,,,,,,,,,,,,,,,,,,,,,,,,,,
4,,,4464,,,,,,,,,,,,,,,,,,,,,,,,,,,,,,,,,,,,0.7253011465072632,,,,,,,,,,,,,,,,,,,,,,,,,,,,,,,,,,,,
4,,,4469,,,,,,,,,,,,,,,,,,,,,,,,,,,,,,,,,,,,0.6945645809173584,,,,,,,,,,,,,,,,,,,,,,,,,,,,,,,,,,,,
4,,,4474,,,,,,,,,,,,,,,,,,,,,,,,,,,,,,,,,,,,0.4968125820159912,,,,,,,,,,,,,,,,,,,,,,,,,,,,,,,,,,,,
4,,,4479,,,,,,,,,,,,,,,,,,,,,,,,,,,,,,,,,,,,0.7232702970504761,,,,,,,,,,,,,,,,,,,,,,,,,,,,,,,,,,,,
4,,,4484,,,,,,,,,,,,,,,,,,,,,,,,,,,,,,,,,,,,0.46633976697921753,,,,,,,,,,,,,,,,,,,,,,,,,,,,,,,,,,,,
4,,,4489,,,,,,,,,,,,,,,,,,,,,,,,,,,,,,,,,,,,0.5423775315284729,,,,,,,,,,,,,,,,,,,,,,,,,,,,,,,,,,,,
4,,,4494,,,,,,,,,,,,,,,,,,,,,,,,,,,,,,,,,,,,0.6609276533126831,,,,,,,,,,,,,,,,,,,,,,,,,,,,,,,,,,,,
4,,,4499,,,,,,,,,,,,,,,,,,,,,,,,,,,,,,,,,,,,0.7574156522750854,,,,,,,,,,,,,,,,,,,,,,,,,,,,,,,,,,,,
4,,,4504,,,,,,,,,,,,,,,,,,,,,,,,,,,,,,,,,,,,0.7196570634841919,,,,,,,,,,,,,,,,,,,,,,,,,,,,,,,,,,,,
4,,,4509,,,,,,,,,,,,,,,,,,,,,,,,,,,,,,,,,,,,0.6608524918556213,,,,,,,,,,,,,,,,,,,,,,,,,,,,,,,,,,,,
4,,,4514,,,,,,,,,,,,,,,,,,,,,,,,,,,,,,,,,,,,0.7943964004516602,,,,,,,,,,,,,,,,,,,,,,,,,,,,,,,,,,,,
4,,,4519,,,,,,,,,,,,,,,,,,,,,,,,,,,,,,,,,,,,0.5340518951416016,,,,,,,,,,,,,,,,,,,,,,,,,,,,,,,,,,,,
4,,,4524,,,,,,,,,,,,,,,,,,,,,,,,,,,,,,,,,,,,0.43583595752716064,,,,,,,,,,,,,,,,,,,,,,,,,,,,,,,,,,,,
4,,,4529,,,,,,,,,,,,,,,,,,,,,,,,,,,,,,,,,,,,0.5045585036277771,,,,,,,,,,,,,,,,,,,,,,,,,,,,,,,,,,,,
4,,,4534,,,,,,,,,,,,,,,,,,,,,,,,,,,,,,,,,,,,0.5383232235908508,,,,,,,,,,,,,,,,,,,,,,,,,,,,,,,,,,,,
4,,,4539,,,,,,,,,,,,,,,,,,,,,,,,,,,,,,,,,,,,0.6921867728233337,,,,,,,,,,,,,,,,,,,,,,,,,,,,,,,,,,,,
4,,,4544,,,,,,,,,,,,,,,,,,,,,,,,,,,,,,,,,,,,0.6504573225975037,,,,,,,,,,,,,,,,,,,,,,,,,,,,,,,,,,,,
4,,,4549,,,,,,,,,,,,,,,,,,,,,,,,,,,,,,,,,,,,0.4897005259990692,,,,,,,,,,,,,,,,,,,,,,,,,,,,,,,,,,,,
4,,,4554,,,,,,,,,,,,,,,,,,,,,,,,,,,,,,,,,,,,0.626456618309021,,,,,,,,,,,,,,,,,,,,,,,,,,,,,,,,,,,,
4,,,4559,,,,,,,,,,,,,,,,,,,,,,,,,,,,,,,,,,,,0.5756787657737732,,,,,,,,,,,,,,,,,,,,,,,,,,,,,,,,,,,,
4,,,4564,,,,,,,,,,,,,,,,,,,,,,,,,,,,,,,,,,,,0.6130507588386536,,,,,,,,,,,,,,,,,,,,,,,,,,,,,,,,,,,,
4,,,4569,,,,,,,,,,,,,,,,,,,,,,,,,,,,,,,,,,,,0.5370607376098633,,,,,,,,,,,,,,,,,,,,,,,,,,,,,,,,,,,,
4,,,4574,,,,,,,,,,,,,,,,,,,,,,,,,,,,,,,,,,,,0.5149681568145752,,,,,,,,,,,,,,,,,,,,,,,,,,,,,,,,,,,,
4,,,4579,,,,,,,,,,,,,,,,,,,,,,,,,,,,,,,,,,,,0.518443763256073,,,,,,,,,,,,,,,,,,,,,,,,,,,,,,,,,,,,
4,,,4584,,,,,,,,,,,,,,,,,,,,,,,,,,,,,,,,,,,,0.6900221109390259,,,,,,,,,,,,,,,,,,,,,,,,,,,,,,,,,,,,
4,,,4589,,,,,,,,,,,,,,,,,,,,,,,,,,,,,,,,,,,,0.5132588744163513,,,,,,,,,,,,,,,,,,,,,,,,,,,,,,,,,,,,
4,,,4594,,,,,,,,,,,,,,,,,,,,,,,,,,,,,,,,,,,,0.6380726099014282,,,,,,,,,,,,,,,,,,,,,,,,,,,,,,,,,,,,
4,,,4599,,,,,,,,,,,,,,,,,,,,,,,,,,,,,,,,,,,,0.6167243719100952,,,,,,,,,,,,,,,,,,,,,,,,,,,,,,,,,,,,
4,,,4604,,,,,,,,,,,,,,,,,,,,,,,,,,,,,,,,,,,,0.6137486696243286,,,,,,,,,,,,,,,,,,,,,,,,,,,,,,,,,,,,
4,,,4604,,,,,,,,,,,,,,,,,,,,,,,,,,,,,,,,,,,,,0.7848831415176392,0.7326799631118774,0.6262480020523071,0.706392765045166,0.7848831415176392,0.0,0.8540009260177612,0.8346555829048157,0.9447898268699646,0.5060861110687256,0.0,0.8815675377845764,0.8211923241615295,0.9061302542686462,0.321829617023468,0.0,0.7882170081138611,0.6966295838356018,0.8283712863922119,0.19177410006523132,0.0,0.9109731912612915,0.808156430721283,0.8705101609230042,0.2359314113855362,0.0,0.8540009260177612,0.8346555829048157,0.9447898268699646,0.5060861110687256,0.8432242274284363,0.8432242274284363,0.7289435267448425,0.8432242274284363,0.8432242274284363,0.6128785014152527
4,,,4604,0.7407938838005066,0.7152999639511108,0.6023045778274536,0.6979377269744873,0.7407938838005066,0.0,0.8663941025733948,0.8000633120536804,0.9026432037353516,0.3940749168395996,0.0,0.8741886019706726,0.8016988635063171,0.8775593042373657,0.3077532947063446,0.0,0.7764964699745178,0.6690295338630676,0.7818313837051392,0.1818607747554779,0.0,0.8821244835853577,0.8033409714698792,0.8538318872451782,0.25245362520217896,0.0,0.8663941025733948,0.8000633120536804,0.9026432037353516,0.3940749168395996,0.834033727645874,0.8340337872505188,0.715315580368042,0.834033727645874,0.834033727645874,,,,,,,,,,,,,,,,,,,,,,,,,,,,,,,,,,,,,
,1e-05,0.0001,4605,,,,,,,,,,,,,,,,,,,,,,,,,,,,,,,,,,,,,,,,,,,,,,,,,,,,,,,,,,,,,,,,,,,,,,,,
5,,,4609,,,,,,,,,,,,,,,,,,,,,,,,,,,,,,,,,,,,0.6207475066184998,,,,,,,,,,,,,,,,,,,,,,,,,,,,,,,,,,,,
5,,,4614,,,,,,,,,,,,,,,,,,,,,,,,,,,,,,,,,,,,0.5870642066001892,,,,,,,,,,,,,,,,,,,,,,,,,,,,,,,,,,,,
5,,,4619,,,,,,,,,,,,,,,,,,,,,,,,,,,,,,,,,,,,0.6709134578704834,,,,,,,,,,,,,,,,,,,,,,,,,,,,,,,,,,,,
5,,,4624,,,,,,,,,,,,,,,,,,,,,,,,,,,,,,,,,,,,0.800879180431366,,,,,,,,,,,,,,,,,,,,,,,,,,,,,,,,,,,,
5,,,4629,,,,,,,,,,,,,,,,,,,,,,,,,,,,,,,,,,,,0.6515933871269226,,,,,,,,,,,,,,,,,,,,,,,,,,,,,,,,,,,,
5,,,4634,,,,,,,,,,,,,,,,,,,,,,,,,,,,,,,,,,,,0.5574691891670227,,,,,,,,,,,,,,,,,,,,,,,,,,,,,,,,,,,,
5,,,4639,,,,,,,,,,,,,,,,,,,,,,,,,,,,,,,,,,,,0.5771952271461487,,,,,,,,,,,,,,,,,,,,,,,,,,,,,,,,,,,,
5,,,4644,,,,,,,,,,,,,,,,,,,,,,,,,,,,,,,,,,,,0.7601959705352783,,,,,,,,,,,,,,,,,,,,,,,,,,,,,,,,,,,,
5,,,4649,,,,,,,,,,,,,,,,,,,,,,,,,,,,,,,,,,,,0.5206565856933594,,,,,,,,,,,,,,,,,,,,,,,,,,,,,,,,,,,,
5,,,4654,,,,,,,,,,,,,,,,,,,,,,,,,,,,,,,,,,,,0.6787870526313782,,,,,,,,,,,,,,,,,,,,,,,,,,,,,,,,,,,,
5,,,4659,,,,,,,,,,,,,,,,,,,,,,,,,,,,,,,,,,,,0.41677069664001465,,,,,,,,,,,,,,,,,,,,,,,,,,,,,,,,,,,,
5,,,4664,,,,,,,,,,,,,,,,,,,,,,,,,,,,,,,,,,,,0.5859259963035583,,,,,,,,,,,,,,,,,,,,,,,,,,,,,,,,,,,,
5,,,4669,,,,,,,,,,,,,,,,,,,,,,,,,,,,,,,,,,,,0.6784251928329468,,,,,,,,,,,,,,,,,,,,,,,,,,,,,,,,,,,,
5,,,4674,,,,,,,,,,,,,,,,,,,,,,,,,,,,,,,,,,,,0.45504945516586304,,,,,,,,,,,,,,,,,,,,,,,,,,,,,,,,,,,,
5,,,4679,,,,,,,,,,,,,,,,,,,,,,,,,,,,,,,,,,,,0.5992521643638611,,,,,,,,,,,,,,,,,,,,,,,,,,,,,,,,,,,,
5,,,4684,,,,,,,,,,,,,,,,,,,,,,,,,,,,,,,,,,,,0.653489351272583,,,,,,,,,,,,,,,,,,,,,,,,,,,,,,,,,,,,
5,,,4689,,,,,,,,,,,,,,,,,,,,,,,,,,,,,,,,,,,,0.520539402961731,,,,,,,,,,,,,,,,,,,,,,,,,,,,,,,,,,,,
5,,,4694,,,,,,,,,,,,,,,,,,,,,,,,,,,,,,,,,,,,0.7034474611282349,,,,,,,,,,,,,,,,,,,,,,,,,,,,,,,,,,,,
5,,,4699,,,,,,,,,,,,,,,,,,,,,,,,,,,,,,,,,,,,0.6016533970832825,,,,,,,,,,,,,,,,,,,,,,,,,,,,,,,,,,,,
5,,,4704,,,,,,,,,,,,,,,,,,,,,,,,,,,,,,,,,,,,0.512526273727417,,,,,,,,,,,,,,,,,,,,,,,,,,,,,,,,,,,,
5,,,4709,,,,,,,,,,,,,,,,,,,,,,,,,,,,,,,,,,,,0.7088454961776733,,,,,,,,,,,,,,,,,,,,,,,,,,,,,,,,,,,,
5,,,4714,,,,,,,,,,,,,,,,,,,,,,,,,,,,,,,,,,,,0.651700496673584,,,,,,,,,,,,,,,,,,,,,,,,,,,,,,,,,,,,
5,,,4719,,,,,,,,,,,,,,,,,,,,,,,,,,,,,,,,,,,,0.5841597318649292,,,,,,,,,,,,,,,,,,,,,,,,,,,,,,,,,,,,
5,,,4724,,,,,,,,,,,,,,,,,,,,,,,,,,,,,,,,,,,,0.77274489402771,,,,,,,,,,,,,,,,,,,,,,,,,,,,,,,,,,,,
5,,,4729,,,,,,,,,,,,,,,,,,,,,,,,,,,,,,,,,,,,0.641925573348999,,,,,,,,,,,,,,,,,,,,,,,,,,,,,,,,,,,,
5,,,4734,,,,,,,,,,,,,,,,,,,,,,,,,,,,,,,,,,,,0.6687953472137451,,,,,,,,,,,,,,,,,,,,,,,,,,,,,,,,,,,,
5,,,4739,,,,,,,,,,,,,,,,,,,,,,,,,,,,,,,,,,,,0.5576736330986023,,,,,,,,,,,,,,,,,,,,,,,,,,,,,,,,,,,,
5,,,4744,,,,,,,,,,,,,,,,,,,,,,,,,,,,,,,,,,,,0.7829532027244568,,,,,,,,,,,,,,,,,,,,,,,,,,,,,,,,,,,,
5,,,4749,,,,,,,,,,,,,,,,,,,,,,,,,,,,,,,,,,,,0.5464076399803162,,,,,,,,,,,,,,,,,,,,,,,,,,,,,,,,,,,,
5,,,4754,,,,,,,,,,,,,,,,,,,,,,,,,,,,,,,,,,,,0.5778114795684814,,,,,,,,,,,,,,,,,,,,,,,,,,,,,,,,,,,,
5,,,4759,,,,,,,,,,,,,,,,,,,,,,,,,,,,,,,,,,,,0.5845617651939392,,,,,,,,,,,,,,,,,,,,,,,,,,,,,,,,,,,,
5,,,4764,,,,,,,,,,,,,,,,,,,,,,,,,,,,,,,,,,,,0.46340060234069824,,,,,,,,,,,,,,,,,,,,,,,,,,,,,,,,,,,,
5,,,4769,,,,,,,,,,,,,,,,,,,,,,,,,,,,,,,,,,,,0.5183851718902588,,,,,,,,,,,,,,,,,,,,,,,,,,,,,,,,,,,,
5,,,4774,,,,,,,,,,,,,,,,,,,,,,,,,,,,,,,,,,,,0.66815185546875,,,,,,,,,,,,,,,,,,,,,,,,,,,,,,,,,,,,
5,,,4779,,,,,,,,,,,,,,,,,,,,,,,,,,,,,,,,,,,,0.6013939380645752,,,,,,,,,,,,,,,,,,,,,,,,,,,,,,,,,,,,
5,,,4784,,,,,,,,,,,,,,,,,,,,,,,,,,,,,,,,,,,,0.547758936882019,,,,,,,,,,,,,,,,,,,,,,,,,,,,,,,,,,,,
5,,,4789,,,,,,,,,,,,,,,,,,,,,,,,,,,,,,,,,,,,0.5658579468727112,,,,,,,,,,,,,,,,,,,,,,,,,,,,,,,,,,,,
5,,,4794,,,,,,,,,,,,,,,,,,,,,,,,,,,,,,,,,,,,0.6489123702049255,,,,,,,,,,,,,,,,,,,,,,,,,,,,,,,,,,,,
5,,,4799,,,,,,,,,,,,,,,,,,,,,,,,,,,,,,,,,,,,0.7170034646987915,,,,,,,,,,,,,,,,,,,,,,,,,,,,,,,,,,,,
5,,,4804,,,,,,,,,,,,,,,,,,,,,,,,,,,,,,,,,,,,0.491763174533844,,,,,,,,,,,,,,,,,,,,,,,,,,,,,,,,,,,,
5,,,4809,,,,,,,,,,,,,,,,,,,,,,,,,,,,,,,,,,,,0.5826900005340576,,,,,,,,,,,,,,,,,,,,,,,,,,,,,,,,,,,,
5,,,4814,,,,,,,,,,,,,,,,,,,,,,,,,,,,,,,,,,,,0.56607985496521,,,,,,,,,,,,,,,,,,,,,,,,,,,,,,,,,,,,
5,,,4819,,,,,,,,,,,,,,,,,,,,,,,,,,,,,,,,,,,,0.7314762473106384,,,,,,,,,,,,,,,,,,,,,,,,,,,,,,,,,,,,
5,,,4824,,,,,,,,,,,,,,,,,,,,,,,,,,,,,,,,,,,,0.4648280739784241,,,,,,,,,,,,,,,,,,,,,,,,,,,,,,,,,,,,
5,,,4829,,,,,,,,,,,,,,,,,,,,,,,,,,,,,,,,,,,,0.5552662014961243,,,,,,,,,,,,,,,,,,,,,,,,,,,,,,,,,,,,
5,,,4834,,,,,,,,,,,,,,,,,,,,,,,,,,,,,,,,,,,,0.6862087249755859,,,,,,,,,,,,,,,,,,,,,,,,,,,,,,,,,,,,
5,,,4839,,,,,,,,,,,,,,,,,,,,,,,,,,,,,,,,,,,,0.6802886128425598,,,,,,,,,,,,,,,,,,,,,,,,,,,,,,,,,,,,
5,,,4844,,,,,,,,,,,,,,,,,,,,,,,,,,,,,,,,,,,,0.6870858073234558,,,,,,,,,,,,,,,,,,,,,,,,,,,,,,,,,,,,
5,,,4849,,,,,,,,,,,,,,,,,,,,,,,,,,,,,,,,,,,,0.6538974046707153,,,,,,,,,,,,,,,,,,,,,,,,,,,,,,,,,,,,
5,,,4854,,,,,,,,,,,,,,,,,,,,,,,,,,,,,,,,,,,,0.5533324480056763,,,,,,,,,,,,,,,,,,,,,,,,,,,,,,,,,,,,
5,,,4859,,,,,,,,,,,,,,,,,,,,,,,,,,,,,,,,,,,,0.7518009543418884,,,,,,,,,,,,,,,,,,,,,,,,,,,,,,,,,,,,
5,,,4864,,,,,,,,,,,,,,,,,,,,,,,,,,,,,,,,,,,,0.5616592168807983,,,,,,,,,,,,,,,,,,,,,,,,,,,,,,,,,,,,
5,,,4869,,,,,,,,,,,,,,,,,,,,,,,,,,,,,,,,,,,,0.5206990838050842,,,,,,,,,,,,,,,,,,,,,,,,,,,,,,,,,,,,
5,,,4874,,,,,,,,,,,,,,,,,,,,,,,,,,,,,,,,,,,,0.6267433166503906,,,,,,,,,,,,,,,,,,,,,,,,,,,,,,,,,,,,
5,,,4879,,,,,,,,,,,,,,,,,,,,,,,,,,,,,,,,,,,,0.5470595955848694,,,,,,,,,,,,,,,,,,,,,,,,,,,,,,,,,,,,
5,,,4884,,,,,,,,,,,,,,,,,,,,,,,,,,,,,,,,,,,,0.4210434854030609,,,,,,,,,,,,,,,,,,,,,,,,,,,,,,,,,,,,
5,,,4889,,,,,,,,,,,,,,,,,,,,,,,,,,,,,,,,,,,,0.49422600865364075,,,,,,,,,,,,,,,,,,,,,,,,,,,,,,,,,,,,
5,,,4894,,,,,,,,,,,,,,,,,,,,,,,,,,,,,,,,,,,,0.4862287640571594,,,,,,,,,,,,,,,,,,,,,,,,,,,,,,,,,,,,
5,,,4899,,,,,,,,,,,,,,,,,,,,,,,,,,,,,,,,,,,,0.7742907404899597,,,,,,,,,,,,,,,,,,,,,,,,,,,,,,,,,,,,
5,,,4904,,,,,,,,,,,,,,,,,,,,,,,,,,,,,,,,,,,,0.4750521183013916,,,,,,,,,,,,,,,,,,,,,,,,,,,,,,,,,,,,
5,,,4909,,,,,,,,,,,,,,,,,,,,,,,,,,,,,,,,,,,,0.701082706451416,,,,,,,,,,,,,,,,,,,,,,,,,,,,,,,,,,,,
5,,,4914,,,,,,,,,,,,,,,,,,,,,,,,,,,,,,,,,,,,0.6826457977294922,,,,,,,,,,,,,,,,,,,,,,,,,,,,,,,,,,,,
5,,,4919,,,,,,,,,,,,,,,,,,,,,,,,,,,,,,,,,,,,0.5584139823913574,,,,,,,,,,,,,,,,,,,,,,,,,,,,,,,,,,,,
5,,,4924,,,,,,,,,,,,,,,,,,,,,,,,,,,,,,,,,,,,0.7136936783790588,,,,,,,,,,,,,,,,,,,,,,,,,,,,,,,,,,,,
5,,,4929,,,,,,,,,,,,,,,,,,,,,,,,,,,,,,,,,,,,0.6722621321678162,,,,,,,,,,,,,,,,,,,,,,,,,,,,,,,,,,,,
5,,,4934,,,,,,,,,,,,,,,,,,,,,,,,,,,,,,,,,,,,0.622084379196167,,,,,,,,,,,,,,,,,,,,,,,,,,,,,,,,,,,,
5,,,4939,,,,,,,,,,,,,,,,,,,,,,,,,,,,,,,,,,,,0.500766396522522,,,,,,,,,,,,,,,,,,,,,,,,,,,,,,,,,,,,
5,,,4944,,,,,,,,,,,,,,,,,,,,,,,,,,,,,,,,,,,,0.5095440149307251,,,,,,,,,,,,,,,,,,,,,,,,,,,,,,,,,,,,
5,,,4949,,,,,,,,,,,,,,,,,,,,,,,,,,,,,,,,,,,,0.7138187885284424,,,,,,,,,,,,,,,,,,,,,,,,,,,,,,,,,,,,
5,,,4954,,,,,,,,,,,,,,,,,,,,,,,,,,,,,,,,,,,,0.4828376770019531,,,,,,,,,,,,,,,,,,,,,,,,,,,,,,,,,,,,
5,,,4959,,,,,,,,,,,,,,,,,,,,,,,,,,,,,,,,,,,,0.5437581539154053,,,,,,,,,,,,,,,,,,,,,,,,,,,,,,,,,,,,
5,,,4964,,,,,,,,,,,,,,,,,,,,,,,,,,,,,,,,,,,,0.5880194306373596,,,,,,,,,,,,,,,,,,,,,,,,,,,,,,,,,,,,
5,,,4969,,,,,,,,,,,,,,,,,,,,,,,,,,,,,,,,,,,,0.4819764494895935,,,,,,,,,,,,,,,,,,,,,,,,,,,,,,,,,,,,
5,,,4974,,,,,,,,,,,,,,,,,,,,,,,,,,,,,,,,,,,,0.5205140709877014,,,,,,,,,,,,,,,,,,,,,,,,,,,,,,,,,,,,
5,,,4979,,,,,,,,,,,,,,,,,,,,,,,,,,,,,,,,,,,,0.5282853841781616,,,,,,,,,,,,,,,,,,,,,,,,,,,,,,,,,,,,
5,,,4984,,,,,,,,,,,,,,,,,,,,,,,,,,,,,,,,,,,,0.5741198658943176,,,,,,,,,,,,,,,,,,,,,,,,,,,,,,,,,,,,
5,,,4989,,,,,,,,,,,,,,,,,,,,,,,,,,,,,,,,,,,,0.5787416100502014,,,,,,,,,,,,,,,,,,,,,,,,,,,,,,,,,,,,
5,,,4994,,,,,,,,,,,,,,,,,,,,,,,,,,,,,,,,,,,,0.6798251271247864,,,,,,,,,,,,,,,,,,,,,,,,,,,,,,,,,,,,
5,,,4999,,,,,,,,,,,,,,,,,,,,,,,,,,,,,,,,,,,,0.426483690738678,,,,,,,,,,,,,,,,,,,,,,,,,,,,,,,,,,,,
5,,,5004,,,,,,,,,,,,,,,,,,,,,,,,,,,,,,,,,,,,0.6395100951194763,,,,,,,,,,,,,,,,,,,,,,,,,,,,,,,,,,,,
5,,,5009,,,,,,,,,,,,,,,,,,,,,,,,,,,,,,,,,,,,0.658362627029419,,,,,,,,,,,,,,,,,,,,,,,,,,,,,,,,,,,,
5,,,5014,,,,,,,,,,,,,,,,,,,,,,,,,,,,,,,,,,,,0.49379870295524597,,,,,,,,,,,,,,,,,,,,,,,,,,,,,,,,,,,,
5,,,5019,,,,,,,,,,,,,,,,,,,,,,,,,,,,,,,,,,,,0.7562600374221802,,,,,,,,,,,,,,,,,,,,,,,,,,,,,,,,,,,,
5,,,5024,,,,,,,,,,,,,,,,,,,,,,,,,,,,,,,,,,,,0.5216284990310669,,,,,,,,,,,,,,,,,,,,,,,,,,,,,,,,,,,,
5,,,5029,,,,,,,,,,,,,,,,,,,,,,,,,,,,,,,,,,,,0.5631495118141174,,,,,,,,,,,,,,,,,,,,,,,,,,,,,,,,,,,,
5,,,5034,,,,,,,,,,,,,,,,,,,,,,,,,,,,,,,,,,,,0.7015634179115295,,,,,,,,,,,,,,,,,,,,,,,,,,,,,,,,,,,,
5,,,5039,,,,,,,,,,,,,,,,,,,,,,,,,,,,,,,,,,,,0.5158023834228516,,,,,,,,,,,,,,,,,,,,,,,,,,,,,,,,,,,,
5,,,5044,,,,,,,,,,,,,,,,,,,,,,,,,,,,,,,,,,,,0.4560723900794983,,,,,,,,,,,,,,,,,,,,,,,,,,,,,,,,,,,,
5,,,5049,,,,,,,,,,,,,,,,,,,,,,,,,,,,,,,,,,,,0.5801628828048706,,,,,,,,,,,,,,,,,,,,,,,,,,,,,,,,,,,,
5,,,5054,,,,,,,,,,,,,,,,,,,,,,,,,,,,,,,,,,,,0.6400197148323059,,,,,,,,,,,,,,,,,,,,,,,,,,,,,,,,,,,,
5,,,5059,,,,,,,,,,,,,,,,,,,,,,,,,,,,,,,,,,,,0.7049399018287659,,,,,,,,,,,,,,,,,,,,,,,,,,,,,,,,,,,,
5,,,5064,,,,,,,,,,,,,,,,,,,,,,,,,,,,,,,,,,,,0.5400300621986389,,,,,,,,,,,,,,,,,,,,,,,,,,,,,,,,,,,,
5,,,5069,,,,,,,,,,,,,,,,,,,,,,,,,,,,,,,,,,,,0.5486173629760742,,,,,,,,,,,,,,,,,,,,,,,,,,,,,,,,,,,,
5,,,5074,,,,,,,,,,,,,,,,,,,,,,,,,,,,,,,,,,,,0.571886420249939,,,,,,,,,,,,,,,,,,,,,,,,,,,,,,,,,,,,
5,,,5079,,,,,,,,,,,,,,,,,,,,,,,,,,,,,,,,,,,,0.6472666263580322,,,,,,,,,,,,,,,,,,,,,,,,,,,,,,,,,,,,
5,,,5084,,,,,,,,,,,,,,,,,,,,,,,,,,,,,,,,,,,,0.7124073505401611,,,,,,,,,,,,,,,,,,,,,,,,,,,,,,,,,,,,
5,,,5089,,,,,,,,,,,,,,,,,,,,,,,,,,,,,,,,,,,,0.679790198802948,,,,,,,,,,,,,,,,,,,,,,,,,,,,,,,,,,,,
5,,,5094,,,,,,,,,,,,,,,,,,,,,,,,,,,,,,,,,,,,0.7693023681640625,,,,,,,,,,,,,,,,,,,,,,,,,,,,,,,,,,,,
5,,,5099,,,,,,,,,,,,,,,,,,,,,,,,,,,,,,,,,,,,0.49810171127319336,,,,,,,,,,,,,,,,,,,,,,,,,,,,,,,,,,,,
5,,,5104,,,,,,,,,,,,,,,,,,,,,,,,,,,,,,,,,,,,0.7018204927444458,,,,,,,,,,,,,,,,,,,,,,,,,,,,,,,,,,,,
5,,,5109,,,,,,,,,,,,,,,,,,,,,,,,,,,,,,,,,,,,0.7026594281196594,,,,,,,,,,,,,,,,,,,,,,,,,,,,,,,,,,,,
5,,,5114,,,,,,,,,,,,,,,,,,,,,,,,,,,,,,,,,,,,0.51105135679245,,,,,,,,,,,,,,,,,,,,,,,,,,,,,,,,,,,,
5,,,5119,,,,,,,,,,,,,,,,,,,,,,,,,,,,,,,,,,,,0.6052389740943909,,,,,,,,,,,,,,,,,,,,,,,,,,,,,,,,,,,,
5,,,5124,,,,,,,,,,,,,,,,,,,,,,,,,,,,,,,,,,,,0.7000008821487427,,,,,,,,,,,,,,,,,,,,,,,,,,,,,,,,,,,,
5,,,5129,,,,,,,,,,,,,,,,,,,,,,,,,,,,,,,,,,,,0.6359280943870544,,,,,,,,,,,,,,,,,,,,,,,,,,,,,,,,,,,,
5,,,5134,,,,,,,,,,,,,,,,,,,,,,,,,,,,,,,,,,,,0.6954927444458008,,,,,,,,,,,,,,,,,,,,,,,,,,,,,,,,,,,,
5,,,5139,,,,,,,,,,,,,,,,,,,,,,,,,,,,,,,,,,,,0.6035153865814209,,,,,,,,,,,,,,,,,,,,,,,,,,,,,,,,,,,,
5,,,5144,,,,,,,,,,,,,,,,,,,,,,,,,,,,,,,,,,,,0.5121193528175354,,,,,,,,,,,,,,,,,,,,,,,,,,,,,,,,,,,,
5,,,5149,,,,,,,,,,,,,,,,,,,,,,,,,,,,,,,,,,,,0.69403076171875,,,,,,,,,,,,,,,,,,,,,,,,,,,,,,,,,,,,
5,,,5154,,,,,,,,,,,,,,,,,,,,,,,,,,,,,,,,,,,,0.7416436076164246,,,,,,,,,,,,,,,,,,,,,,,,,,,,,,,,,,,,
5,,,5159,,,,,,,,,,,,,,,,,,,,,,,,,,,,,,,,,,,,0.49376609921455383,,,,,,,,,,,,,,,,,,,,,,,,,,,,,,,,,,,,
5,,,5164,,,,,,,,,,,,,,,,,,,,,,,,,,,,,,,,,,,,0.5110669136047363,,,,,,,,,,,,,,,,,,,,,,,,,,,,,,,,,,,,
5,,,5169,,,,,,,,,,,,,,,,,,,,,,,,,,,,,,,,,,,,0.5279897451400757,,,,,,,,,,,,,,,,,,,,,,,,,,,,,,,,,,,,
5,,,5174,,,,,,,,,,,,,,,,,,,,,,,,,,,,,,,,,,,,0.6335883736610413,,,,,,,,,,,,,,,,,,,,,,,,,,,,,,,,,,,,
5,,,5179,,,,,,,,,,,,,,,,,,,,,,,,,,,,,,,,,,,,0.6644784808158875,,,,,,,,,,,,,,,,,,,,,,,,,,,,,,,,,,,,
5,,,5184,,,,,,,,,,,,,,,,,,,,,,,,,,,,,,,,,,,,0.50335693359375,,,,,,,,,,,,,,,,,,,,,,,,,,,,,,,,,,,,
5,,,5189,,,,,,,,,,,,,,,,,,,,,,,,,,,,,,,,,,,,0.6597136855125427,,,,,,,,,,,,,,,,,,,,,,,,,,,,,,,,,,,,
5,,,5194,,,,,,,,,,,,,,,,,,,,,,,,,,,,,,,,,,,,0.5486262440681458,,,,,,,,,,,,,,,,,,,,,,,,,,,,,,,,,,,,
5,,,5199,,,,,,,,,,,,,,,,,,,,,,,,,,,,,,,,,,,,0.679456889629364,,,,,,,,,,,,,,,,,,,,,,,,,,,,,,,,,,,,
5,,,5204,,,,,,,,,,,,,,,,,,,,,,,,,,,,,,,,,,,,0.5555068850517273,,,,,,,,,,,,,,,,,,,,,,,,,,,,,,,,,,,,
5,,,5209,,,,,,,,,,,,,,,,,,,,,,,,,,,,,,,,,,,,0.6502190828323364,,,,,,,,,,,,,,,,,,,,,,,,,,,,,,,,,,,,
5,,,5214,,,,,,,,,,,,,,,,,,,,,,,,,,,,,,,,,,,,0.5205082297325134,,,,,,,,,,,,,,,,,,,,,,,,,,,,,,,,,,,,
5,,,5219,,,,,,,,,,,,,,,,,,,,,,,,,,,,,,,,,,,,0.5092754364013672,,,,,,,,,,,,,,,,,,,,,,,,,,,,,,,,,,,,
5,,,5224,,,,,,,,,,,,,,,,,,,,,,,,,,,,,,,,,,,,0.7067171335220337,,,,,,,,,,,,,,,,,,,,,,,,,,,,,,,,,,,,
5,,,5229,,,,,,,,,,,,,,,,,,,,,,,,,,,,,,,,,,,,0.6909737586975098,,,,,,,,,,,,,,,,,,,,,,,,,,,,,,,,,,,,
5,,,5234,,,,,,,,,,,,,,,,,,,,,,,,,,,,,,,,,,,,0.5448371767997742,,,,,,,,,,,,,,,,,,,,,,,,,,,,,,,,,,,,
5,,,5239,,,,,,,,,,,,,,,,,,,,,,,,,,,,,,,,,,,,0.6275376677513123,,,,,,,,,,,,,,,,,,,,,,,,,,,,,,,,,,,,
5,,,5244,,,,,,,,,,,,,,,,,,,,,,,,,,,,,,,,,,,,0.6066588163375854,,,,,,,,,,,,,,,,,,,,,,,,,,,,,,,,,,,,
5,,,5249,,,,,,,,,,,,,,,,,,,,,,,,,,,,,,,,,,,,0.760156512260437,,,,,,,,,,,,,,,,,,,,,,,,,,,,,,,,,,,,
5,,,5254,,,,,,,,,,,,,,,,,,,,,,,,,,,,,,,,,,,,0.6736777424812317,,,,,,,,,,,,,,,,,,,,,,,,,,,,,,,,,,,,
5,,,5259,,,,,,,,,,,,,,,,,,,,,,,,,,,,,,,,,,,,0.39293792843818665,,,,,,,,,,,,,,,,,,,,,,,,,,,,,,,,,,,,
5,,,5264,,,,,,,,,,,,,,,,,,,,,,,,,,,,,,,,,,,,0.7406777739524841,,,,,,,,,,,,,,,,,,,,,,,,,,,,,,,,,,,,
5,,,5269,,,,,,,,,,,,,,,,,,,,,,,,,,,,,,,,,,,,0.5276203751564026,,,,,,,,,,,,,,,,,,,,,,,,,,,,,,,,,,,,
5,,,5274,,,,,,,,,,,,,,,,,,,,,,,,,,,,,,,,,,,,0.5711337924003601,,,,,,,,,,,,,,,,,,,,,,,,,,,,,,,,,,,,
5,,,5279,,,,,,,,,,,,,,,,,,,,,,,,,,,,,,,,,,,,0.7025521993637085,,,,,,,,,,,,,,,,,,,,,,,,,,,,,,,,,,,,
5,,,5284,,,,,,,,,,,,,,,,,,,,,,,,,,,,,,,,,,,,0.6112560033798218,,,,,,,,,,,,,,,,,,,,,,,,,,,,,,,,,,,,
5,,,5289,,,,,,,,,,,,,,,,,,,,,,,,,,,,,,,,,,,,0.45928940176963806,,,,,,,,,,,,,,,,,,,,,,,,,,,,,,,,,,,,
5,,,5294,,,,,,,,,,,,,,,,,,,,,,,,,,,,,,,,,,,,0.5114974975585938,,,,,,,,,,,,,,,,,,,,,,,,,,,,,,,,,,,,
5,,,5299,,,,,,,,,,,,,,,,,,,,,,,,,,,,,,,,,,,,0.5054316520690918,,,,,,,,,,,,,,,,,,,,,,,,,,,,,,,,,,,,
5,,,5304,,,,,,,,,,,,,,,,,,,,,,,,,,,,,,,,,,,,0.7252461314201355,,,,,,,,,,,,,,,,,,,,,,,,,,,,,,,,,,,,
5,,,5309,,,,,,,,,,,,,,,,,,,,,,,,,,,,,,,,,,,,0.6994819641113281,,,,,,,,,,,,,,,,,,,,,,,,,,,,,,,,,,,,
5,,,5314,,,,,,,,,,,,,,,,,,,,,,,,,,,,,,,,,,,,0.4535619914531708,,,,,,,,,,,,,,,,,,,,,,,,,,,,,,,,,,,,
5,,,5319,,,,,,,,,,,,,,,,,,,,,,,,,,,,,,,,,,,,0.4249202609062195,,,,,,,,,,,,,,,,,,,,,,,,,,,,,,,,,,,,
5,,,5324,,,,,,,,,,,,,,,,,,,,,,,,,,,,,,,,,,,,0.5935004949569702,,,,,,,,,,,,,,,,,,,,,,,,,,,,,,,,,,,,
5,,,5329,,,,,,,,,,,,,,,,,,,,,,,,,,,,,,,,,,,,0.7124600410461426,,,,,,,,,,,,,,,,,,,,,,,,,,,,,,,,,,,,
5,,,5334,,,,,,,,,,,,,,,,,,,,,,,,,,,,,,,,,,,,0.633437991142273,,,,,,,,,,,,,,,,,,,,,,,,,,,,,,,,,,,,
5,,,5339,,,,,,,,,,,,,,,,,,,,,,,,,,,,,,,,,,,,0.6566455364227295,,,,,,,,,,,,,,,,,,,,,,,,,,,,,,,,,,,,
5,,,5344,,,,,,,,,,,,,,,,,,,,,,,,,,,,,,,,,,,,0.5322743654251099,,,,,,,,,,,,,,,,,,,,,,,,,,,,,,,,,,,,
5,,,5349,,,,,,,,,,,,,,,,,,,,,,,,,,,,,,,,,,,,0.5109231472015381,,,,,,,,,,,,,,,,,,,,,,,,,,,,,,,,,,,,
5,,,5354,,,,,,,,,,,,,,,,,,,,,,,,,,,,,,,,,,,,0.49891430139541626,,,,,,,,,,,,,,,,,,,,,,,,,,,,,,,,,,,,
5,,,5359,,,,,,,,,,,,,,,,,,,,,,,,,,,,,,,,,,,,0.7329635620117188,,,,,,,,,,,,,,,,,,,,,,,,,,,,,,,,,,,,
5,,,5364,,,,,,,,,,,,,,,,,,,,,,,,,,,,,,,,,,,,0.7048537731170654,,,,,,,,,,,,,,,,,,,,,,,,,,,,,,,,,,,,
5,,,5369,,,,,,,,,,,,,,,,,,,,,,,,,,,,,,,,,,,,0.5401856899261475,,,,,,,,,,,,,,,,,,,,,,,,,,,,,,,,,,,,
5,,,5374,,,,,,,,,,,,,,,,,,,,,,,,,,,,,,,,,,,,0.5081437230110168,,,,,,,,,,,,,,,,,,,,,,,,,,,,,,,,,,,,
5,,,5379,,,,,,,,,,,,,,,,,,,,,,,,,,,,,,,,,,,,0.6941744089126587,,,,,,,,,,,,,,,,,,,,,,,,,,,,,,,,,,,,
5,,,5384,,,,,,,,,,,,,,,,,,,,,,,,,,,,,,,,,,,,0.6589581966400146,,,,,,,,,,,,,,,,,,,,,,,,,,,,,,,,,,,,
5,,,5389,,,,,,,,,,,,,,,,,,,,,,,,,,,,,,,,,,,,0.7349908351898193,,,,,,,,,,,,,,,,,,,,,,,,,,,,,,,,,,,,
5,,,5394,,,,,,,,,,,,,,,,,,,,,,,,,,,,,,,,,,,,0.5271090269088745,,,,,,,,,,,,,,,,,,,,,,,,,,,,,,,,,,,,
5,,,5399,,,,,,,,,,,,,,,,,,,,,,,,,,,,,,,,,,,,0.4616532623767853,,,,,,,,,,,,,,,,,,,,,,,,,,,,,,,,,,,,
5,,,5404,,,,,,,,,,,,,,,,,,,,,,,,,,,,,,,,,,,,0.5084569454193115,,,,,,,,,,,,,,,,,,,,,,,,,,,,,,,,,,,,
5,,,5409,,,,,,,,,,,,,,,,,,,,,,,,,,,,,,,,,,,,0.531233549118042,,,,,,,,,,,,,,,,,,,,,,,,,,,,,,,,,,,,
5,,,5414,,,,,,,,,,,,,,,,,,,,,,,,,,,,,,,,,,,,0.7193783521652222,,,,,,,,,,,,,,,,,,,,,,,,,,,,,,,,,,,,
5,,,5419,,,,,,,,,,,,,,,,,,,,,,,,,,,,,,,,,,,,0.5202938318252563,,,,,,,,,,,,,,,,,,,,,,,,,,,,,,,,,,,,
5,,,5424,,,,,,,,,,,,,,,,,,,,,,,,,,,,,,,,,,,,0.6675980687141418,,,,,,,,,,,,,,,,,,,,,,,,,,,,,,,,,,,,
5,,,5429,,,,,,,,,,,,,,,,,,,,,,,,,,,,,,,,,,,,0.5492165088653564,,,,,,,,,,,,,,,,,,,,,,,,,,,,,,,,,,,,
5,,,5434,,,,,,,,,,,,,,,,,,,,,,,,,,,,,,,,,,,,0.662986159324646,,,,,,,,,,,,,,,,,,,,,,,,,,,,,,,,,,,,
5,,,5439,,,,,,,,,,,,,,,,,,,,,,,,,,,,,,,,,,,,0.5754675269126892,,,,,,,,,,,,,,,,,,,,,,,,,,,,,,,,,,,,
5,,,5444,,,,,,,,,,,,,,,,,,,,,,,,,,,,,,,,,,,,0.6405817270278931,,,,,,,,,,,,,,,,,,,,,,,,,,,,,,,,,,,,
5,,,5449,,,,,,,,,,,,,,,,,,,,,,,,,,,,,,,,,,,,0.48218101263046265,,,,,,,,,,,,,,,,,,,,,,,,,,,,,,,,,,,,
5,,,5454,,,,,,,,,,,,,,,,,,,,,,,,,,,,,,,,,,,,0.5223898887634277,,,,,,,,,,,,,,,,,,,,,,,,,,,,,,,,,,,,
5,,,5459,,,,,,,,,,,,,,,,,,,,,,,,,,,,,,,,,,,,0.6895785927772522,,,,,,,,,,,,,,,,,,,,,,,,,,,,,,,,,,,,
5,,,5464,,,,,,,,,,,,,,,,,,,,,,,,,,,,,,,,,,,,0.4999299645423889,,,,,,,,,,,,,,,,,,,,,,,,,,,,,,,,,,,,
5,,,5469,,,,,,,,,,,,,,,,,,,,,,,,,,,,,,,,,,,,0.6282858848571777,,,,,,,,,,,,,,,,,,,,,,,,,,,,,,,,,,,,
5,,,5474,,,,,,,,,,,,,,,,,,,,,,,,,,,,,,,,,,,,0.622324526309967,,,,,,,,,,,,,,,,,,,,,,,,,,,,,,,,,,,,
5,,,5479,,,,,,,,,,,,,,,,,,,,,,,,,,,,,,,,,,,,0.7802859544754028,,,,,,,,,,,,,,,,,,,,,,,,,,,,,,,,,,,,
5,,,5484,,,,,,,,,,,,,,,,,,,,,,,,,,,,,,,,,,,,0.45517441630363464,,,,,,,,,,,,,,,,,,,,,,,,,,,,,,,,,,,,
5,,,5489,,,,,,,,,,,,,,,,,,,,,,,,,,,,,,,,,,,,0.5300655364990234,,,,,,,,,,,,,,,,,,,,,,,,,,,,,,,,,,,,
5,,,5494,,,,,,,,,,,,,,,,,,,,,,,,,,,,,,,,,,,,0.5625959038734436,,,,,,,,,,,,,,,,,,,,,,,,,,,,,,,,,,,,
5,,,5499,,,,,,,,,,,,,,,,,,,,,,,,,,,,,,,,,,,,0.47942933440208435,,,,,,,,,,,,,,,,,,,,,,,,,,,,,,,,,,,,
5,,,5504,,,,,,,,,,,,,,,,,,,,,,,,,,,,,,,,,,,,0.4182882010936737,,,,,,,,,,,,,,,,,,,,,,,,,,,,,,,,,,,,
5,,,5509,,,,,,,,,,,,,,,,,,,,,,,,,,,,,,,,,,,,0.6588083505630493,,,,,,,,,,,,,,,,,,,,,,,,,,,,,,,,,,,,
5,,,5514,,,,,,,,,,,,,,,,,,,,,,,,,,,,,,,,,,,,0.6230867505073547,,,,,,,,,,,,,,,,,,,,,,,,,,,,,,,,,,,,
5,,,5519,,,,,,,,,,,,,,,,,,,,,,,,,,,,,,,,,,,,0.5194262266159058,,,,,,,,,,,,,,,,,,,,,,,,,,,,,,,,,,,,
5,,,5524,,,,,,,,,,,,,,,,,,,,,,,,,,,,,,,,,,,,0.6613006591796875,,,,,,,,,,,,,,,,,,,,,,,,,,,,,,,,,,,,
5,,,5525,,,,,,,,,,,,,,,,,,,,,,,,,,,,,,,,,,,,,0.6577325463294983,0.6472570896148682,0.5159993171691895,0.6988271474838257,0.6577325463294983,0.0,0.8556506633758545,0.8430056571960449,0.42702123522758484,0.5052525401115417,0.0,0.8837095499038696,0.8075028657913208,0.572089433670044,0.3257264196872711,0.0,0.7916485071182251,0.6771528124809265,0.40064793825149536,0.19454790651798248,0.0,0.9136711359024048,0.7748696208000183,0.8664361834526062,0.24033181369304657,0.0,0.8556506633758545,0.8430056571960449,0.42702123522758484,0.5052525401115417,0.8307159543037415,0.8307159543037415,0.7104483842849731,0.8307159543037415,0.8307159543037415,0.6219751834869385
5,,,5525,0.7502134442329407,0.7240446209907532,0.6141997575759888,0.7052043676376343,0.7502134442329407,0.0,0.8725785613059998,0.8111534714698792,0.9226175546646118,0.3945041000843048,0.0,0.8807678818702698,0.8117707371711731,0.8887959718704224,0.3148438334465027,0.0,0.786939263343811,0.6831768751144409,0.7998494505882263,0.18683363497257233,0.0,0.8891124129295349,0.8123889565467834,0.8573663830757141,0.26194965839385986,0.0,0.8725785613059998,0.8111534714698792,0.9226175546646118,0.3945041000843048,0.842304527759552,0.842304527759552,0.7275699377059937,0.842304527759552,0.842304527759552,,,,,,,,,,,,,,,,,,,,,,,,,,,,,,,,,,,,,
,1e-05,0.0001,5526,,,,,,,,,,,,,,,,,,,,,,,,,,,,,,,,,,,,,,,,,,,,,,,,,,,,,,,,,,,,,,,,,,,,,,,,
6,,,5529,,,,,,,,,,,,,,,,,,,,,,,,,,,,,,,,,,,,0.6361048817634583,,,,,,,,,,,,,,,,,,,,,,,,,,,,,,,,,,,,
6,,,5534,,,,,,,,,,,,,,,,,,,,,,,,,,,,,,,,,,,,0.5937382578849792,,,,,,,,,,,,,,,,,,,,,,,,,,,,,,,,,,,,
6,,,5539,,,,,,,,,,,,,,,,,,,,,,,,,,,,,,,,,,,,0.6927929520606995,,,,,,,,,,,,,,,,,,,,,,,,,,,,,,,,,,,,
6,,,5544,,,,,,,,,,,,,,,,,,,,,,,,,,,,,,,,,,,,0.6547435522079468,,,,,,,,,,,,,,,,,,,,,,,,,,,,,,,,,,,,
6,,,5549,,,,,,,,,,,,,,,,,,,,,,,,,,,,,,,,,,,,0.5536200404167175,,,,,,,,,,,,,,,,,,,,,,,,,,,,,,,,,,,,
6,,,5554,,,,,,,,,,,,,,,,,,,,,,,,,,,,,,,,,,,,0.5884069204330444,,,,,,,,,,,,,,,,,,,,,,,,,,,,,,,,,,,,
6,,,5559,,,,,,,,,,,,,,,,,,,,,,,,,,,,,,,,,,,,0.49076223373413086,,,,,,,,,,,,,,,,,,,,,,,,,,,,,,,,,,,,
6,,,5564,,,,,,,,,,,,,,,,,,,,,,,,,,,,,,,,,,,,0.6757711172103882,,,,,,,,,,,,,,,,,,,,,,,,,,,,,,,,,,,,
6,,,5569,,,,,,,,,,,,,,,,,,,,,,,,,,,,,,,,,,,,0.535877525806427,,,,,,,,,,,,,,,,,,,,,,,,,,,,,,,,,,,,
6,,,5574,,,,,,,,,,,,,,,,,,,,,,,,,,,,,,,,,,,,0.48273974657058716,,,,,,,,,,,,,,,,,,,,,,,,,,,,,,,,,,,,
6,,,5579,,,,,,,,,,,,,,,,,,,,,,,,,,,,,,,,,,,,0.6887668967247009,,,,,,,,,,,,,,,,,,,,,,,,,,,,,,,,,,,,
6,,,5584,,,,,,,,,,,,,,,,,,,,,,,,,,,,,,,,,,,,0.5513153076171875,,,,,,,,,,,,,,,,,,,,,,,,,,,,,,,,,,,,
6,,,5589,,,,,,,,,,,,,,,,,,,,,,,,,,,,,,,,,,,,0.6042295694351196,,,,,,,,,,,,,,,,,,,,,,,,,,,,,,,,,,,,
6,,,5594,,,,,,,,,,,,,,,,,,,,,,,,,,,,,,,,,,,,0.4686427116394043,,,,,,,,,,,,,,,,,,,,,,,,,,,,,,,,,,,,
6,,,5599,,,,,,,,,,,,,,,,,,,,,,,,,,,,,,,,,,,,0.5614773035049438,,,,,,,,,,,,,,,,,,,,,,,,,,,,,,,,,,,,
6,,,5604,,,,,,,,,,,,,,,,,,,,,,,,,,,,,,,,,,,,0.6942517757415771,,,,,,,,,,,,,,,,,,,,,,,,,,,,,,,,,,,,
6,,,5609,,,,,,,,,,,,,,,,,,,,,,,,,,,,,,,,,,,,0.6393306255340576,,,,,,,,,,,,,,,,,,,,,,,,,,,,,,,,,,,,
6,,,5614,,,,,,,,,,,,,,,,,,,,,,,,,,,,,,,,,,,,0.7085714340209961,,,,,,,,,,,,,,,,,,,,,,,,,,,,,,,,,,,,
6,,,5619,,,,,,,,,,,,,,,,,,,,,,,,,,,,,,,,,,,,0.7851153016090393,,,,,,,,,,,,,,,,,,,,,,,,,,,,,,,,,,,,
6,,,5624,,,,,,,,,,,,,,,,,,,,,,,,,,,,,,,,,,,,0.5508825182914734,,,,,,,,,,,,,,,,,,,,,,,,,,,,,,,,,,,,
6,,,5629,,,,,,,,,,,,,,,,,,,,,,,,,,,,,,,,,,,,0.6589174866676331,,,,,,,,,,,,,,,,,,,,,,,,,,,,,,,,,,,,
6,,,5634,,,,,,,,,,,,,,,,,,,,,,,,,,,,,,,,,,,,0.6601938009262085,,,,,,,,,,,,,,,,,,,,,,,,,,,,,,,,,,,,
6,,,5639,,,,,,,,,,,,,,,,,,,,,,,,,,,,,,,,,,,,0.43661805987358093,,,,,,,,,,,,,,,,,,,,,,,,,,,,,,,,,,,,
6,,,5644,,,,,,,,,,,,,,,,,,,,,,,,,,,,,,,,,,,,0.6627848744392395,,,,,,,,,,,,,,,,,,,,,,,,,,,,,,,,,,,,
6,,,5649,,,,,,,,,,,,,,,,,,,,,,,,,,,,,,,,,,,,0.6521105766296387,,,,,,,,,,,,,,,,,,,,,,,,,,,,,,,,,,,,
6,,,5654,,,,,,,,,,,,,,,,,,,,,,,,,,,,,,,,,,,,0.4977034330368042,,,,,,,,,,,,,,,,,,,,,,,,,,,,,,,,,,,,
6,,,5659,,,,,,,,,,,,,,,,,,,,,,,,,,,,,,,,,,,,0.6750648021697998,,,,,,,,,,,,,,,,,,,,,,,,,,,,,,,,,,,,
6,,,5664,,,,,,,,,,,,,,,,,,,,,,,,,,,,,,,,,,,,0.8146633505821228,,,,,,,,,,,,,,,,,,,,,,,,,,,,,,,,,,,,
6,,,5669,,,,,,,,,,,,,,,,,,,,,,,,,,,,,,,,,,,,0.4241899251937866,,,,,,,,,,,,,,,,,,,,,,,,,,,,,,,,,,,,
6,,,5674,,,,,,,,,,,,,,,,,,,,,,,,,,,,,,,,,,,,0.7083615660667419,,,,,,,,,,,,,,,,,,,,,,,,,,,,,,,,,,,,
6,,,5679,,,,,,,,,,,,,,,,,,,,,,,,,,,,,,,,,,,,0.5555695295333862,,,,,,,,,,,,,,,,,,,,,,,,,,,,,,,,,,,,
6,,,5684,,,,,,,,,,,,,,,,,,,,,,,,,,,,,,,,,,,,0.5203681588172913,,,,,,,,,,,,,,,,,,,,,,,,,,,,,,,,,,,,
6,,,5689,,,,,,,,,,,,,,,,,,,,,,,,,,,,,,,,,,,,0.5579200983047485,,,,,,,,,,,,,,,,,,,,,,,,,,,,,,,,,,,,
6,,,5694,,,,,,,,,,,,,,,,,,,,,,,,,,,,,,,,,,,,0.4666931629180908,,,,,,,,,,,,,,,,,,,,,,,,,,,,,,,,,,,,
6,,,5699,,,,,,,,,,,,,,,,,,,,,,,,,,,,,,,,,,,,0.5940858125686646,,,,,,,,,,,,,,,,,,,,,,,,,,,,,,,,,,,,
6,,,5704,,,,,,,,,,,,,,,,,,,,,,,,,,,,,,,,,,,,0.5090413689613342,,,,,,,,,,,,,,,,,,,,,,,,,,,,,,,,,,,,
6,,,5709,,,,,,,,,,,,,,,,,,,,,,,,,,,,,,,,,,,,0.5522180795669556,,,,,,,,,,,,,,,,,,,,,,,,,,,,,,,,,,,,
6,,,5714,,,,,,,,,,,,,,,,,,,,,,,,,,,,,,,,,,,,0.5044415593147278,,,,,,,,,,,,,,,,,,,,,,,,,,,,,,,,,,,,
6,,,5719,,,,,,,,,,,,,,,,,,,,,,,,,,,,,,,,,,,,0.7080683708190918,,,,,,,,,,,,,,,,,,,,,,,,,,,,,,,,,,,,
6,,,5724,,,,,,,,,,,,,,,,,,,,,,,,,,,,,,,,,,,,0.6262224316596985,,,,,,,,,,,,,,,,,,,,,,,,,,,,,,,,,,,,
6,,,5729,,,,,,,,,,,,,,,,,,,,,,,,,,,,,,,,,,,,0.5793418884277344,,,,,,,,,,,,,,,,,,,,,,,,,,,,,,,,,,,,
6,,,5734,,,,,,,,,,,,,,,,,,,,,,,,,,,,,,,,,,,,0.5301269292831421,,,,,,,,,,,,,,,,,,,,,,,,,,,,,,,,,,,,
6,,,5739,,,,,,,,,,,,,,,,,,,,,,,,,,,,,,,,,,,,0.7052304148674011,,,,,,,,,,,,,,,,,,,,,,,,,,,,,,,,,,,,
6,,,5744,,,,,,,,,,,,,,,,,,,,,,,,,,,,,,,,,,,,0.6085957288742065,,,,,,,,,,,,,,,,,,,,,,,,,,,,,,,,,,,,
6,,,5749,,,,,,,,,,,,,,,,,,,,,,,,,,,,,,,,,,,,0.664474368095398,,,,,,,,,,,,,,,,,,,,,,,,,,,,,,,,,,,,
6,,,5754,,,,,,,,,,,,,,,,,,,,,,,,,,,,,,,,,,,,0.5072242021560669,,,,,,,,,,,,,,,,,,,,,,,,,,,,,,,,,,,,
6,,,5759,,,,,,,,,,,,,,,,,,,,,,,,,,,,,,,,,,,,0.5449115037918091,,,,,,,,,,,,,,,,,,,,,,,,,,,,,,,,,,,,
6,,,5764,,,,,,,,,,,,,,,,,,,,,,,,,,,,,,,,,,,,0.49073585867881775,,,,,,,,,,,,,,,,,,,,,,,,,,,,,,,,,,,,
6,,,5769,,,,,,,,,,,,,,,,,,,,,,,,,,,,,,,,,,,,0.4666070342063904,,,,,,,,,,,,,,,,,,,,,,,,,,,,,,,,,,,,
6,,,5774,,,,,,,,,,,,,,,,,,,,,,,,,,,,,,,,,,,,0.5452349185943604,,,,,,,,,,,,,,,,,,,,,,,,,,,,,,,,,,,,
6,,,5779,,,,,,,,,,,,,,,,,,,,,,,,,,,,,,,,,,,,0.5465795993804932,,,,,,,,,,,,,,,,,,,,,,,,,,,,,,,,,,,,
6,,,5784,,,,,,,,,,,,,,,,,,,,,,,,,,,,,,,,,,,,0.5732529759407043,,,,,,,,,,,,,,,,,,,,,,,,,,,,,,,,,,,,
6,,,5789,,,,,,,,,,,,,,,,,,,,,,,,,,,,,,,,,,,,0.5368140339851379,,,,,,,,,,,,,,,,,,,,,,,,,,,,,,,,,,,,
6,,,5794,,,,,,,,,,,,,,,,,,,,,,,,,,,,,,,,,,,,0.6746096611022949,,,,,,,,,,,,,,,,,,,,,,,,,,,,,,,,,,,,
6,,,5799,,,,,,,,,,,,,,,,,,,,,,,,,,,,,,,,,,,,0.6174662113189697,,,,,,,,,,,,,,,,,,,,,,,,,,,,,,,,,,,,
6,,,5804,,,,,,,,,,,,,,,,,,,,,,,,,,,,,,,,,,,,0.5080391764640808,,,,,,,,,,,,,,,,,,,,,,,,,,,,,,,,,,,,
6,,,5809,,,,,,,,,,,,,,,,,,,,,,,,,,,,,,,,,,,,0.4471752345561981,,,,,,,,,,,,,,,,,,,,,,,,,,,,,,,,,,,,
6,,,5814,,,,,,,,,,,,,,,,,,,,,,,,,,,,,,,,,,,,0.5369886755943298,,,,,,,,,,,,,,,,,,,,,,,,,,,,,,,,,,,,
6,,,5819,,,,,,,,,,,,,,,,,,,,,,,,,,,,,,,,,,,,0.44416701793670654,,,,,,,,,,,,,,,,,,,,,,,,,,,,,,,,,,,,
6,,,5824,,,,,,,,,,,,,,,,,,,,,,,,,,,,,,,,,,,,0.7260178327560425,,,,,,,,,,,,,,,,,,,,,,,,,,,,,,,,,,,,
6,,,5829,,,,,,,,,,,,,,,,,,,,,,,,,,,,,,,,,,,,0.4193050265312195,,,,,,,,,,,,,,,,,,,,,,,,,,,,,,,,,,,,
6,,,5834,,,,,,,,,,,,,,,,,,,,,,,,,,,,,,,,,,,,0.5926952958106995,,,,,,,,,,,,,,,,,,,,,,,,,,,,,,,,,,,,
6,,,5839,,,,,,,,,,,,,,,,,,,,,,,,,,,,,,,,,,,,0.5925080180168152,,,,,,,,,,,,,,,,,,,,,,,,,,,,,,,,,,,,
6,,,5844,,,,,,,,,,,,,,,,,,,,,,,,,,,,,,,,,,,,0.6085699796676636,,,,,,,,,,,,,,,,,,,,,,,,,,,,,,,,,,,,
6,,,5849,,,,,,,,,,,,,,,,,,,,,,,,,,,,,,,,,,,,0.669998049736023,,,,,,,,,,,,,,,,,,,,,,,,,,,,,,,,,,,,
6,,,5854,,,,,,,,,,,,,,,,,,,,,,,,,,,,,,,,,,,,0.4643428325653076,,,,,,,,,,,,,,,,,,,,,,,,,,,,,,,,,,,,
6,,,5859,,,,,,,,,,,,,,,,,,,,,,,,,,,,,,,,,,,,0.71068274974823,,,,,,,,,,,,,,,,,,,,,,,,,,,,,,,,,,,,
6,,,5864,,,,,,,,,,,,,,,,,,,,,,,,,,,,,,,,,,,,0.46432971954345703,,,,,,,,,,,,,,,,,,,,,,,,,,,,,,,,,,,,
6,,,5869,,,,,,,,,,,,,,,,,,,,,,,,,,,,,,,,,,,,0.4994804263114929,,,,,,,,,,,,,,,,,,,,,,,,,,,,,,,,,,,,
6,,,5874,,,,,,,,,,,,,,,,,,,,,,,,,,,,,,,,,,,,0.46620073914527893,,,,,,,,,,,,,,,,,,,,,,,,,,,,,,,,,,,,
6,,,5879,,,,,,,,,,,,,,,,,,,,,,,,,,,,,,,,,,,,0.7275786399841309,,,,,,,,,,,,,,,,,,,,,,,,,,,,,,,,,,,,
6,,,5884,,,,,,,,,,,,,,,,,,,,,,,,,,,,,,,,,,,,0.5814132690429688,,,,,,,,,,,,,,,,,,,,,,,,,,,,,,,,,,,,
6,,,5889,,,,,,,,,,,,,,,,,,,,,,,,,,,,,,,,,,,,0.7027319669723511,,,,,,,,,,,,,,,,,,,,,,,,,,,,,,,,,,,,
6,,,5894,,,,,,,,,,,,,,,,,,,,,,,,,,,,,,,,,,,,0.6880802512168884,,,,,,,,,,,,,,,,,,,,,,,,,,,,,,,,,,,,
6,,,5899,,,,,,,,,,,,,,,,,,,,,,,,,,,,,,,,,,,,0.47874942421913147,,,,,,,,,,,,,,,,,,,,,,,,,,,,,,,,,,,,
6,,,5904,,,,,,,,,,,,,,,,,,,,,,,,,,,,,,,,,,,,0.676487922668457,,,,,,,,,,,,,,,,,,,,,,,,,,,,,,,,,,,,
6,,,5909,,,,,,,,,,,,,,,,,,,,,,,,,,,,,,,,,,,,0.6869868636131287,,,,,,,,,,,,,,,,,,,,,,,,,,,,,,,,,,,,
6,,,5914,,,,,,,,,,,,,,,,,,,,,,,,,,,,,,,,,,,,0.5396752953529358,,,,,,,,,,,,,,,,,,,,,,,,,,,,,,,,,,,,
6,,,5919,,,,,,,,,,,,,,,,,,,,,,,,,,,,,,,,,,,,0.4745384454727173,,,,,,,,,,,,,,,,,,,,,,,,,,,,,,,,,,,,
6,,,5924,,,,,,,,,,,,,,,,,,,,,,,,,,,,,,,,,,,,0.5651647448539734,,,,,,,,,,,,,,,,,,,,,,,,,,,,,,,,,,,,
6,,,5929,,,,,,,,,,,,,,,,,,,,,,,,,,,,,,,,,,,,0.4761434495449066,,,,,,,,,,,,,,,,,,,,,,,,,,,,,,,,,,,,
6,,,5934,,,,,,,,,,,,,,,,,,,,,,,,,,,,,,,,,,,,0.48636579513549805,,,,,,,,,,,,,,,,,,,,,,,,,,,,,,,,,,,,
6,,,5939,,,,,,,,,,,,,,,,,,,,,,,,,,,,,,,,,,,,0.469387948513031,,,,,,,,,,,,,,,,,,,,,,,,,,,,,,,,,,,,
6,,,5944,,,,,,,,,,,,,,,,,,,,,,,,,,,,,,,,,,,,0.5418115258216858,,,,,,,,,,,,,,,,,,,,,,,,,,,,,,,,,,,,
6,,,5949,,,,,,,,,,,,,,,,,,,,,,,,,,,,,,,,,,,,0.504684329032898,,,,,,,,,,,,,,,,,,,,,,,,,,,,,,,,,,,,
6,,,5954,,,,,,,,,,,,,,,,,,,,,,,,,,,,,,,,,,,,0.5265167355537415,,,,,,,,,,,,,,,,,,,,,,,,,,,,,,,,,,,,
6,,,5959,,,,,,,,,,,,,,,,,,,,,,,,,,,,,,,,,,,,0.6738834381103516,,,,,,,,,,,,,,,,,,,,,,,,,,,,,,,,,,,,
6,,,5964,,,,,,,,,,,,,,,,,,,,,,,,,,,,,,,,,,,,0.664056658744812,,,,,,,,,,,,,,,,,,,,,,,,,,,,,,,,,,,,
6,,,5969,,,,,,,,,,,,,,,,,,,,,,,,,,,,,,,,,,,,0.5298749208450317,,,,,,,,,,,,,,,,,,,,,,,,,,,,,,,,,,,,
6,,,5974,,,,,,,,,,,,,,,,,,,,,,,,,,,,,,,,,,,,0.6214239001274109,,,,,,,,,,,,,,,,,,,,,,,,,,,,,,,,,,,,
6,,,5979,,,,,,,,,,,,,,,,,,,,,,,,,,,,,,,,,,,,0.5853472948074341,,,,,,,,,,,,,,,,,,,,,,,,,,,,,,,,,,,,
6,,,5984,,,,,,,,,,,,,,,,,,,,,,,,,,,,,,,,,,,,0.7359930276870728,,,,,,,,,,,,,,,,,,,,,,,,,,,,,,,,,,,,
6,,,5989,,,,,,,,,,,,,,,,,,,,,,,,,,,,,,,,,,,,0.6974269151687622,,,,,,,,,,,,,,,,,,,,,,,,,,,,,,,,,,,,
6,,,5994,,,,,,,,,,,,,,,,,,,,,,,,,,,,,,,,,,,,0.7270107269287109,,,,,,,,,,,,,,,,,,,,,,,,,,,,,,,,,,,,
6,,,5999,,,,,,,,,,,,,,,,,,,,,,,,,,,,,,,,,,,,0.7085126638412476,,,,,,,,,,,,,,,,,,,,,,,,,,,,,,,,,,,,
6,,,6004,,,,,,,,,,,,,,,,,,,,,,,,,,,,,,,,,,,,0.643325686454773,,,,,,,,,,,,,,,,,,,,,,,,,,,,,,,,,,,,
6,,,6009,,,,,,,,,,,,,,,,,,,,,,,,,,,,,,,,,,,,0.4954957962036133,,,,,,,,,,,,,,,,,,,,,,,,,,,,,,,,,,,,
6,,,6014,,,,,,,,,,,,,,,,,,,,,,,,,,,,,,,,,,,,0.47764575481414795,,,,,,,,,,,,,,,,,,,,,,,,,,,,,,,,,,,,
6,,,6019,,,,,,,,,,,,,,,,,,,,,,,,,,,,,,,,,,,,0.508591890335083,,,,,,,,,,,,,,,,,,,,,,,,,,,,,,,,,,,,
6,,,6024,,,,,,,,,,,,,,,,,,,,,,,,,,,,,,,,,,,,0.6752632856369019,,,,,,,,,,,,,,,,,,,,,,,,,,,,,,,,,,,,
6,,,6029,,,,,,,,,,,,,,,,,,,,,,,,,,,,,,,,,,,,0.7093794941902161,,,,,,,,,,,,,,,,,,,,,,,,,,,,,,,,,,,,
6,,,6034,,,,,,,,,,,,,,,,,,,,,,,,,,,,,,,,,,,,0.5266069173812866,,,,,,,,,,,,,,,,,,,,,,,,,,,,,,,,,,,,
6,,,6039,,,,,,,,,,,,,,,,,,,,,,,,,,,,,,,,,,,,0.67091965675354,,,,,,,,,,,,,,,,,,,,,,,,,,,,,,,,,,,,
6,,,6044,,,,,,,,,,,,,,,,,,,,,,,,,,,,,,,,,,,,0.6556005477905273,,,,,,,,,,,,,,,,,,,,,,,,,,,,,,,,,,,,
6,,,6049,,,,,,,,,,,,,,,,,,,,,,,,,,,,,,,,,,,,0.41757073998451233,,,,,,,,,,,,,,,,,,,,,,,,,,,,,,,,,,,,
6,,,6054,,,,,,,,,,,,,,,,,,,,,,,,,,,,,,,,,,,,0.5212911367416382,,,,,,,,,,,,,,,,,,,,,,,,,,,,,,,,,,,,
6,,,6059,,,,,,,,,,,,,,,,,,,,,,,,,,,,,,,,,,,,0.7837728261947632,,,,,,,,,,,,,,,,,,,,,,,,,,,,,,,,,,,,
6,,,6064,,,,,,,,,,,,,,,,,,,,,,,,,,,,,,,,,,,,0.4858754277229309,,,,,,,,,,,,,,,,,,,,,,,,,,,,,,,,,,,,
6,,,6069,,,,,,,,,,,,,,,,,,,,,,,,,,,,,,,,,,,,0.7151781320571899,,,,,,,,,,,,,,,,,,,,,,,,,,,,,,,,,,,,
6,,,6074,,,,,,,,,,,,,,,,,,,,,,,,,,,,,,,,,,,,0.5044237375259399,,,,,,,,,,,,,,,,,,,,,,,,,,,,,,,,,,,,
6,,,6079,,,,,,,,,,,,,,,,,,,,,,,,,,,,,,,,,,,,0.629277229309082,,,,,,,,,,,,,,,,,,,,,,,,,,,,,,,,,,,,
6,,,6084,,,,,,,,,,,,,,,,,,,,,,,,,,,,,,,,,,,,0.5971786379814148,,,,,,,,,,,,,,,,,,,,,,,,,,,,,,,,,,,,
6,,,6089,,,,,,,,,,,,,,,,,,,,,,,,,,,,,,,,,,,,0.6949784159660339,,,,,,,,,,,,,,,,,,,,,,,,,,,,,,,,,,,,
6,,,6094,,,,,,,,,,,,,,,,,,,,,,,,,,,,,,,,,,,,0.7054880857467651,,,,,,,,,,,,,,,,,,,,,,,,,,,,,,,,,,,,
6,,,6099,,,,,,,,,,,,,,,,,,,,,,,,,,,,,,,,,,,,0.5521182417869568,,,,,,,,,,,,,,,,,,,,,,,,,,,,,,,,,,,,
6,,,6104,,,,,,,,,,,,,,,,,,,,,,,,,,,,,,,,,,,,0.4909549951553345,,,,,,,,,,,,,,,,,,,,,,,,,,,,,,,,,,,,
6,,,6109,,,,,,,,,,,,,,,,,,,,,,,,,,,,,,,,,,,,0.7012067437171936,,,,,,,,,,,,,,,,,,,,,,,,,,,,,,,,,,,,
6,,,6114,,,,,,,,,,,,,,,,,,,,,,,,,,,,,,,,,,,,0.4294675290584564,,,,,,,,,,,,,,,,,,,,,,,,,,,,,,,,,,,,
6,,,6119,,,,,,,,,,,,,,,,,,,,,,,,,,,,,,,,,,,,0.5980079174041748,,,,,,,,,,,,,,,,,,,,,,,,,,,,,,,,,,,,
6,,,6124,,,,,,,,,,,,,,,,,,,,,,,,,,,,,,,,,,,,0.5343440771102905,,,,,,,,,,,,,,,,,,,,,,,,,,,,,,,,,,,,
6,,,6129,,,,,,,,,,,,,,,,,,,,,,,,,,,,,,,,,,,,0.6217747330665588,,,,,,,,,,,,,,,,,,,,,,,,,,,,,,,,,,,,
6,,,6134,,,,,,,,,,,,,,,,,,,,,,,,,,,,,,,,,,,,0.5487573146820068,,,,,,,,,,,,,,,,,,,,,,,,,,,,,,,,,,,,
6,,,6139,,,,,,,,,,,,,,,,,,,,,,,,,,,,,,,,,,,,0.5184512138366699,,,,,,,,,,,,,,,,,,,,,,,,,,,,,,,,,,,,
6,,,6144,,,,,,,,,,,,,,,,,,,,,,,,,,,,,,,,,,,,0.629706621170044,,,,,,,,,,,,,,,,,,,,,,,,,,,,,,,,,,,,
6,,,6149,,,,,,,,,,,,,,,,,,,,,,,,,,,,,,,,,,,,0.6723654270172119,,,,,,,,,,,,,,,,,,,,,,,,,,,,,,,,,,,,
6,,,6154,,,,,,,,,,,,,,,,,,,,,,,,,,,,,,,,,,,,0.6139487624168396,,,,,,,,,,,,,,,,,,,,,,,,,,,,,,,,,,,,
6,,,6159,,,,,,,,,,,,,,,,,,,,,,,,,,,,,,,,,,,,0.6586392521858215,,,,,,,,,,,,,,,,,,,,,,,,,,,,,,,,,,,,
6,,,6164,,,,,,,,,,,,,,,,,,,,,,,,,,,,,,,,,,,,0.5428319573402405,,,,,,,,,,,,,,,,,,,,,,,,,,,,,,,,,,,,
6,,,6169,,,,,,,,,,,,,,,,,,,,,,,,,,,,,,,,,,,,0.4281657934188843,,,,,,,,,,,,,,,,,,,,,,,,,,,,,,,,,,,,
6,,,6174,,,,,,,,,,,,,,,,,,,,,,,,,,,,,,,,,,,,0.6244499087333679,,,,,,,,,,,,,,,,,,,,,,,,,,,,,,,,,,,,
6,,,6179,,,,,,,,,,,,,,,,,,,,,,,,,,,,,,,,,,,,0.6367270946502686,,,,,,,,,,,,,,,,,,,,,,,,,,,,,,,,,,,,
6,,,6184,,,,,,,,,,,,,,,,,,,,,,,,,,,,,,,,,,,,0.6427939534187317,,,,,,,,,,,,,,,,,,,,,,,,,,,,,,,,,,,,
6,,,6189,,,,,,,,,,,,,,,,,,,,,,,,,,,,,,,,,,,,0.6384298205375671,,,,,,,,,,,,,,,,,,,,,,,,,,,,,,,,,,,,
6,,,6194,,,,,,,,,,,,,,,,,,,,,,,,,,,,,,,,,,,,0.6495794653892517,,,,,,,,,,,,,,,,,,,,,,,,,,,,,,,,,,,,
6,,,6199,,,,,,,,,,,,,,,,,,,,,,,,,,,,,,,,,,,,0.4685490131378174,,,,,,,,,,,,,,,,,,,,,,,,,,,,,,,,,,,,
6,,,6204,,,,,,,,,,,,,,,,,,,,,,,,,,,,,,,,,,,,0.47915565967559814,,,,,,,,,,,,,,,,,,,,,,,,,,,,,,,,,,,,
6,,,6209,,,,,,,,,,,,,,,,,,,,,,,,,,,,,,,,,,,,0.6465809941291809,,,,,,,,,,,,,,,,,,,,,,,,,,,,,,,,,,,,
6,,,6214,,,,,,,,,,,,,,,,,,,,,,,,,,,,,,,,,,,,0.5430626273155212,,,,,,,,,,,,,,,,,,,,,,,,,,,,,,,,,,,,
6,,,6219,,,,,,,,,,,,,,,,,,,,,,,,,,,,,,,,,,,,0.4813211262226105,,,,,,,,,,,,,,,,,,,,,,,,,,,,,,,,,,,,
6,,,6224,,,,,,,,,,,,,,,,,,,,,,,,,,,,,,,,,,,,0.5754980444908142,,,,,,,,,,,,,,,,,,,,,,,,,,,,,,,,,,,,
6,,,6229,,,,,,,,,,,,,,,,,,,,,,,,,,,,,,,,,,,,0.5821593403816223,,,,,,,,,,,,,,,,,,,,,,,,,,,,,,,,,,,,
6,,,6234,,,,,,,,,,,,,,,,,,,,,,,,,,,,,,,,,,,,0.5395228862762451,,,,,,,,,,,,,,,,,,,,,,,,,,,,,,,,,,,,
6,,,6239,,,,,,,,,,,,,,,,,,,,,,,,,,,,,,,,,,,,0.5045502781867981,,,,,,,,,,,,,,,,,,,,,,,,,,,,,,,,,,,,
6,,,6244,,,,,,,,,,,,,,,,,,,,,,,,,,,,,,,,,,,,0.648384153842926,,,,,,,,,,,,,,,,,,,,,,,,,,,,,,,,,,,,
6,,,6249,,,,,,,,,,,,,,,,,,,,,,,,,,,,,,,,,,,,0.4859701991081238,,,,,,,,,,,,,,,,,,,,,,,,,,,,,,,,,,,,
6,,,6254,,,,,,,,,,,,,,,,,,,,,,,,,,,,,,,,,,,,0.5265748500823975,,,,,,,,,,,,,,,,,,,,,,,,,,,,,,,,,,,,
6,,,6259,,,,,,,,,,,,,,,,,,,,,,,,,,,,,,,,,,,,0.41589224338531494,,,,,,,,,,,,,,,,,,,,,,,,,,,,,,,,,,,,
6,,,6264,,,,,,,,,,,,,,,,,,,,,,,,,,,,,,,,,,,,0.520550012588501,,,,,,,,,,,,,,,,,,,,,,,,,,,,,,,,,,,,
6,,,6269,,,,,,,,,,,,,,,,,,,,,,,,,,,,,,,,,,,,0.6930806636810303,,,,,,,,,,,,,,,,,,,,,,,,,,,,,,,,,,,,
6,,,6274,,,,,,,,,,,,,,,,,,,,,,,,,,,,,,,,,,,,0.49937382340431213,,,,,,,,,,,,,,,,,,,,,,,,,,,,,,,,,,,,
6,,,6279,,,,,,,,,,,,,,,,,,,,,,,,,,,,,,,,,,,,0.6775813102722168,,,,,,,,,,,,,,,,,,,,,,,,,,,,,,,,,,,,
6,,,6284,,,,,,,,,,,,,,,,,,,,,,,,,,,,,,,,,,,,0.5015338063240051,,,,,,,,,,,,,,,,,,,,,,,,,,,,,,,,,,,,
6,,,6289,,,,,,,,,,,,,,,,,,,,,,,,,,,,,,,,,,,,0.7594082951545715,,,,,,,,,,,,,,,,,,,,,,,,,,,,,,,,,,,,
6,,,6294,,,,,,,,,,,,,,,,,,,,,,,,,,,,,,,,,,,,0.7234952449798584,,,,,,,,,,,,,,,,,,,,,,,,,,,,,,,,,,,,
6,,,6299,,,,,,,,,,,,,,,,,,,,,,,,,,,,,,,,,,,,0.673984944820404,,,,,,,,,,,,,,,,,,,,,,,,,,,,,,,,,,,,
6,,,6304,,,,,,,,,,,,,,,,,,,,,,,,,,,,,,,,,,,,0.5765277147293091,,,,,,,,,,,,,,,,,,,,,,,,,,,,,,,,,,,,
6,,,6309,,,,,,,,,,,,,,,,,,,,,,,,,,,,,,,,,,,,0.5057557225227356,,,,,,,,,,,,,,,,,,,,,,,,,,,,,,,,,,,,
6,,,6314,,,,,,,,,,,,,,,,,,,,,,,,,,,,,,,,,,,,0.47704213857650757,,,,,,,,,,,,,,,,,,,,,,,,,,,,,,,,,,,,
6,,,6319,,,,,,,,,,,,,,,,,,,,,,,,,,,,,,,,,,,,0.7813452482223511,,,,,,,,,,,,,,,,,,,,,,,,,,,,,,,,,,,,
6,,,6324,,,,,,,,,,,,,,,,,,,,,,,,,,,,,,,,,,,,0.6487504243850708,,,,,,,,,,,,,,,,,,,,,,,,,,,,,,,,,,,,
6,,,6329,,,,,,,,,,,,,,,,,,,,,,,,,,,,,,,,,,,,0.5516368746757507,,,,,,,,,,,,,,,,,,,,,,,,,,,,,,,,,,,,
6,,,6334,,,,,,,,,,,,,,,,,,,,,,,,,,,,,,,,,,,,0.46438637375831604,,,,,,,,,,,,,,,,,,,,,,,,,,,,,,,,,,,,
6,,,6339,,,,,,,,,,,,,,,,,,,,,,,,,,,,,,,,,,,,0.4991989731788635,,,,,,,,,,,,,,,,,,,,,,,,,,,,,,,,,,,,
6,,,6344,,,,,,,,,,,,,,,,,,,,,,,,,,,,,,,,,,,,0.55697101354599,,,,,,,,,,,,,,,,,,,,,,,,,,,,,,,,,,,,
6,,,6349,,,,,,,,,,,,,,,,,,,,,,,,,,,,,,,,,,,,0.721508264541626,,,,,,,,,,,,,,,,,,,,,,,,,,,,,,,,,,,,
6,,,6354,,,,,,,,,,,,,,,,,,,,,,,,,,,,,,,,,,,,0.6140782237052917,,,,,,,,,,,,,,,,,,,,,,,,,,,,,,,,,,,,
6,,,6359,,,,,,,,,,,,,,,,,,,,,,,,,,,,,,,,,,,,0.5834574699401855,,,,,,,,,,,,,,,,,,,,,,,,,,,,,,,,,,,,
6,,,6364,,,,,,,,,,,,,,,,,,,,,,,,,,,,,,,,,,,,0.7377652525901794,,,,,,,,,,,,,,,,,,,,,,,,,,,,,,,,,,,,
6,,,6369,,,,,,,,,,,,,,,,,,,,,,,,,,,,,,,,,,,,0.6533075571060181,,,,,,,,,,,,,,,,,,,,,,,,,,,,,,,,,,,,
6,,,6374,,,,,,,,,,,,,,,,,,,,,,,,,,,,,,,,,,,,0.5156664848327637,,,,,,,,,,,,,,,,,,,,,,,,,,,,,,,,,,,,
6,,,6379,,,,,,,,,,,,,,,,,,,,,,,,,,,,,,,,,,,,0.5563392639160156,,,,,,,,,,,,,,,,,,,,,,,,,,,,,,,,,,,,
6,,,6384,,,,,,,,,,,,,,,,,,,,,,,,,,,,,,,,,,,,0.46007204055786133,,,,,,,,,,,,,,,,,,,,,,,,,,,,,,,,,,,,
6,,,6389,,,,,,,,,,,,,,,,,,,,,,,,,,,,,,,,,,,,0.6775925755500793,,,,,,,,,,,,,,,,,,,,,,,,,,,,,,,,,,,,
6,,,6394,,,,,,,,,,,,,,,,,,,,,,,,,,,,,,,,,,,,0.5119677782058716,,,,,,,,,,,,,,,,,,,,,,,,,,,,,,,,,,,,
6,,,6399,,,,,,,,,,,,,,,,,,,,,,,,,,,,,,,,,,,,0.6459729075431824,,,,,,,,,,,,,,,,,,,,,,,,,,,,,,,,,,,,
6,,,6404,,,,,,,,,,,,,,,,,,,,,,,,,,,,,,,,,,,,0.597076416015625,,,,,,,,,,,,,,,,,,,,,,,,,,,,,,,,,,,,
6,,,6409,,,,,,,,,,,,,,,,,,,,,,,,,,,,,,,,,,,,0.6609134674072266,,,,,,,,,,,,,,,,,,,,,,,,,,,,,,,,,,,,
6,,,6414,,,,,,,,,,,,,,,,,,,,,,,,,,,,,,,,,,,,0.5566627383232117,,,,,,,,,,,,,,,,,,,,,,,,,,,,,,,,,,,,
6,,,6419,,,,,,,,,,,,,,,,,,,,,,,,,,,,,,,,,,,,0.46131864190101624,,,,,,,,,,,,,,,,,,,,,,,,,,,,,,,,,,,,
6,,,6424,,,,,,,,,,,,,,,,,,,,,,,,,,,,,,,,,,,,0.5341461300849915,,,,,,,,,,,,,,,,,,,,,,,,,,,,,,,,,,,,
6,,,6429,,,,,,,,,,,,,,,,,,,,,,,,,,,,,,,,,,,,0.7315342426300049,,,,,,,,,,,,,,,,,,,,,,,,,,,,,,,,,,,,
6,,,6434,,,,,,,,,,,,,,,,,,,,,,,,,,,,,,,,,,,,0.4586246609687805,,,,,,,,,,,,,,,,,,,,,,,,,,,,,,,,,,,,
6,,,6439,,,,,,,,,,,,,,,,,,,,,,,,,,,,,,,,,,,,0.685079038143158,,,,,,,,,,,,,,,,,,,,,,,,,,,,,,,,,,,,
6,,,6444,,,,,,,,,,,,,,,,,,,,,,,,,,,,,,,,,,,,0.4686080813407898,,,,,,,,,,,,,,,,,,,,,,,,,,,,,,,,,,,,
6,,,6446,,,,,,,,,,,,,,,,,,,,,,,,,,,,,,,,,,,,,0.7043131589889526,0.681943953037262,0.5538119077682495,0.7015761137008667,0.7043131589889526,0.0,0.8701232671737671,0.8215635418891907,0.5867841839790344,0.5387817025184631,0.0,0.8800522089004517,0.8225798010826111,0.6961904764175415,0.3289533257484436,0.0,0.7857974171638489,0.6986290216445923,0.5339664220809937,0.19685466587543488,0.0,0.8902102708816528,0.8235986828804016,0.8557446599006653,0.2367507964372635,0.0,0.8701232671737671,0.8215635418891907,0.5867841839790344,0.5387817025184631,0.8369809985160828,0.8369809985160828,0.7196623086929321,0.8369809985160828,0.8369809985160828,0.6188206672668457
6,,,6446,0.7535794377326965,0.7283495664596558,0.6191779375076294,0.7104322910308838,0.7535794377326965,0.0,0.8759521245956421,0.815436601638794,0.9187203645706177,0.4042086899280548,0.0,0.8836299180984497,0.816450834274292,0.8907938003540039,0.32252368330955505,0.0,0.7915207743644714,0.6898325681686401,0.803091287612915,0.19226720929145813,0.0,0.89144366979599,0.817467451095581,0.864514946937561,0.2683032751083374,0.0,0.8759521245956421,0.815436601638794,0.9187203645706177,0.4042086899280548,0.8459360003471375,0.8459360003471375,0.7330061197280884,0.8459360003471375,0.8459360003471375,,,,,,,,,,,,,,,,,,,,,,,,,,,,,,,,,,,,,
,1e-05,0.0001,6447,,,,,,,,,,,,,,,,,,,,,,,,,,,,,,,,,,,,,,,,,,,,,,,,,,,,,,,,,,,,,,,,,,,,,,,,
7,,,6449,,,,,,,,,,,,,,,,,,,,,,,,,,,,,,,,,,,,0.5501997470855713,,,,,,,,,,,,,,,,,,,,,,,,,,,,,,,,,,,,
7,,,6454,,,,,,,,,,,,,,,,,,,,,,,,,,,,,,,,,,,,0.4849250912666321,,,,,,,,,,,,,,,,,,,,,,,,,,,,,,,,,,,,
7,,,6459,,,,,,,,,,,,,,,,,,,,,,,,,,,,,,,,,,,,0.5647517442703247,,,,,,,,,,,,,,,,,,,,,,,,,,,,,,,,,,,,
7,,,6464,,,,,,,,,,,,,,,,,,,,,,,,,,,,,,,,,,,,0.572616696357727,,,,,,,,,,,,,,,,,,,,,,,,,,,,,,,,,,,,
7,,,6469,,,,,,,,,,,,,,,,,,,,,,,,,,,,,,,,,,,,0.633682906627655,,,,,,,,,,,,,,,,,,,,,,,,,,,,,,,,,,,,
7,,,6474,,,,,,,,,,,,,,,,,,,,,,,,,,,,,,,,,,,,0.49802300333976746,,,,,,,,,,,,,,,,,,,,,,,,,,,,,,,,,,,,
7,,,6479,,,,,,,,,,,,,,,,,,,,,,,,,,,,,,,,,,,,0.6504331827163696,,,,,,,,,,,,,,,,,,,,,,,,,,,,,,,,,,,,
7,,,6484,,,,,,,,,,,,,,,,,,,,,,,,,,,,,,,,,,,,0.6925534009933472,,,,,,,,,,,,,,,,,,,,,,,,,,,,,,,,,,,,
7,,,6489,,,,,,,,,,,,,,,,,,,,,,,,,,,,,,,,,,,,0.4983988404273987,,,,,,,,,,,,,,,,,,,,,,,,,,,,,,,,,,,,
7,,,6494,,,,,,,,,,,,,,,,,,,,,,,,,,,,,,,,,,,,0.5721721649169922,,,,,,,,,,,,,,,,,,,,,,,,,,,,,,,,,,,,
7,,,6499,,,,,,,,,,,,,,,,,,,,,,,,,,,,,,,,,,,,0.5550902485847473,,,,,,,,,,,,,,,,,,,,,,,,,,,,,,,,,,,,
7,,,6504,,,,,,,,,,,,,,,,,,,,,,,,,,,,,,,,,,,,0.5594274401664734,,,,,,,,,,,,,,,,,,,,,,,,,,,,,,,,,,,,
7,,,6509,,,,,,,,,,,,,,,,,,,,,,,,,,,,,,,,,,,,0.7039703130722046,,,,,,,,,,,,,,,,,,,,,,,,,,,,,,,,,,,,
7,,,6514,,,,,,,,,,,,,,,,,,,,,,,,,,,,,,,,,,,,0.5183305144309998,,,,,,,,,,,,,,,,,,,,,,,,,,,,,,,,,,,,
7,,,6519,,,,,,,,,,,,,,,,,,,,,,,,,,,,,,,,,,,,0.48202431201934814,,,,,,,,,,,,,,,,,,,,,,,,,,,,,,,,,,,,
7,,,6524,,,,,,,,,,,,,,,,,,,,,,,,,,,,,,,,,,,,0.6471494436264038,,,,,,,,,,,,,,,,,,,,,,,,,,,,,,,,,,,,
7,,,6529,,,,,,,,,,,,,,,,,,,,,,,,,,,,,,,,,,,,0.5964033603668213,,,,,,,,,,,,,,,,,,,,,,,,,,,,,,,,,,,,
7,,,6534,,,,,,,,,,,,,,,,,,,,,,,,,,,,,,,,,,,,0.6568061113357544,,,,,,,,,,,,,,,,,,,,,,,,,,,,,,,,,,,,
7,,,6539,,,,,,,,,,,,,,,,,,,,,,,,,,,,,,,,,,,,0.5463516116142273,,,,,,,,,,,,,,,,,,,,,,,,,,,,,,,,,,,,
7,,,6544,,,,,,,,,,,,,,,,,,,,,,,,,,,,,,,,,,,,0.7607971429824829,,,,,,,,,,,,,,,,,,,,,,,,,,,,,,,,,,,,
7,,,6549,,,,,,,,,,,,,,,,,,,,,,,,,,,,,,,,,,,,0.5118298530578613,,,,,,,,,,,,,,,,,,,,,,,,,,,,,,,,,,,,
7,,,6554,,,,,,,,,,,,,,,,,,,,,,,,,,,,,,,,,,,,0.5943662524223328,,,,,,,,,,,,,,,,,,,,,,,,,,,,,,,,,,,,
7,,,6559,,,,,,,,,,,,,,,,,,,,,,,,,,,,,,,,,,,,0.5783666968345642,,,,,,,,,,,,,,,,,,,,,,,,,,,,,,,,,,,,
7,,,6564,,,,,,,,,,,,,,,,,,,,,,,,,,,,,,,,,,,,0.5364588499069214,,,,,,,,,,,,,,,,,,,,,,,,,,,,,,,,,,,,
7,,,6569,,,,,,,,,,,,,,,,,,,,,,,,,,,,,,,,,,,,0.46190595626831055,,,,,,,,,,,,,,,,,,,,,,,,,,,,,,,,,,,,
7,,,6574,,,,,,,,,,,,,,,,,,,,,,,,,,,,,,,,,,,,0.6767491102218628,,,,,,,,,,,,,,,,,,,,,,,,,,,,,,,,,,,,
7,,,6579,,,,,,,,,,,,,,,,,,,,,,,,,,,,,,,,,,,,0.5098426938056946,,,,,,,,,,,,,,,,,,,,,,,,,,,,,,,,,,,,
7,,,6584,,,,,,,,,,,,,,,,,,,,,,,,,,,,,,,,,,,,0.48410505056381226,,,,,,,,,,,,,,,,,,,,,,,,,,,,,,,,,,,,
7,,,6589,,,,,,,,,,,,,,,,,,,,,,,,,,,,,,,,,,,,0.6362075805664062,,,,,,,,,,,,,,,,,,,,,,,,,,,,,,,,,,,,
7,,,6594,,,,,,,,,,,,,,,,,,,,,,,,,,,,,,,,,,,,0.6674955487251282,,,,,,,,,,,,,,,,,,,,,,,,,,,,,,,,,,,,
7,,,6599,,,,,,,,,,,,,,,,,,,,,,,,,,,,,,,,,,,,0.7968085408210754,,,,,,,,,,,,,,,,,,,,,,,,,,,,,,,,,,,,
7,,,6604,,,,,,,,,,,,,,,,,,,,,,,,,,,,,,,,,,,,0.5089176893234253,,,,,,,,,,,,,,,,,,,,,,,,,,,,,,,,,,,,
7,,,6609,,,,,,,,,,,,,,,,,,,,,,,,,,,,,,,,,,,,0.6828985810279846,,,,,,,,,,,,,,,,,,,,,,,,,,,,,,,,,,,,
7,,,6614,,,,,,,,,,,,,,,,,,,,,,,,,,,,,,,,,,,,0.5434126853942871,,,,,,,,,,,,,,,,,,,,,,,,,,,,,,,,,,,,
7,,,6619,,,,,,,,,,,,,,,,,,,,,,,,,,,,,,,,,,,,0.6370046138763428,,,,,,,,,,,,,,,,,,,,,,,,,,,,,,,,,,,,
7,,,6624,,,,,,,,,,,,,,,,,,,,,,,,,,,,,,,,,,,,0.6078295707702637,,,,,,,,,,,,,,,,,,,,,,,,,,,,,,,,,,,,
7,,,6629,,,,,,,,,,,,,,,,,,,,,,,,,,,,,,,,,,,,0.5742077827453613,,,,,,,,,,,,,,,,,,,,,,,,,,,,,,,,,,,,
7,,,6634,,,,,,,,,,,,,,,,,,,,,,,,,,,,,,,,,,,,0.6756948232650757,,,,,,,,,,,,,,,,,,,,,,,,,,,,,,,,,,,,
7,,,6639,,,,,,,,,,,,,,,,,,,,,,,,,,,,,,,,,,,,0.7163531184196472,,,,,,,,,,,,,,,,,,,,,,,,,,,,,,,,,,,,
7,,,6644,,,,,,,,,,,,,,,,,,,,,,,,,,,,,,,,,,,,0.5488629937171936,,,,,,,,,,,,,,,,,,,,,,,,,,,,,,,,,,,,
7,,,6649,,,,,,,,,,,,,,,,,,,,,,,,,,,,,,,,,,,,0.4311072826385498,,,,,,,,,,,,,,,,,,,,,,,,,,,,,,,,,,,,
7,,,6654,,,,,,,,,,,,,,,,,,,,,,,,,,,,,,,,,,,,0.6998336315155029,,,,,,,,,,,,,,,,,,,,,,,,,,,,,,,,,,,,
7,,,6659,,,,,,,,,,,,,,,,,,,,,,,,,,,,,,,,,,,,0.5495198369026184,,,,,,,,,,,,,,,,,,,,,,,,,,,,,,,,,,,,
7,,,6664,,,,,,,,,,,,,,,,,,,,,,,,,,,,,,,,,,,,0.5781130790710449,,,,,,,,,,,,,,,,,,,,,,,,,,,,,,,,,,,,
7,,,6669,,,,,,,,,,,,,,,,,,,,,,,,,,,,,,,,,,,,0.4771665930747986,,,,,,,,,,,,,,,,,,,,,,,,,,,,,,,,,,,,
7,,,6674,,,,,,,,,,,,,,,,,,,,,,,,,,,,,,,,,,,,0.7428627014160156,,,,,,,,,,,,,,,,,,,,,,,,,,,,,,,,,,,,
7,,,6679,,,,,,,,,,,,,,,,,,,,,,,,,,,,,,,,,,,,0.39272937178611755,,,,,,,,,,,,,,,,,,,,,,,,,,,,,,,,,,,,
7,,,6684,,,,,,,,,,,,,,,,,,,,,,,,,,,,,,,,,,,,0.5511707067489624,,,,,,,,,,,,,,,,,,,,,,,,,,,,,,,,,,,,
7,,,6689,,,,,,,,,,,,,,,,,,,,,,,,,,,,,,,,,,,,0.6511590480804443,,,,,,,,,,,,,,,,,,,,,,,,,,,,,,,,,,,,
7,,,6694,,,,,,,,,,,,,,,,,,,,,,,,,,,,,,,,,,,,0.739128828048706,,,,,,,,,,,,,,,,,,,,,,,,,,,,,,,,,,,,
7,,,6699,,,,,,,,,,,,,,,,,,,,,,,,,,,,,,,,,,,,0.5165050625801086,,,,,,,,,,,,,,,,,,,,,,,,,,,,,,,,,,,,
7,,,6704,,,,,,,,,,,,,,,,,,,,,,,,,,,,,,,,,,,,0.6650627851486206,,,,,,,,,,,,,,,,,,,,,,,,,,,,,,,,,,,,
7,,,6709,,,,,,,,,,,,,,,,,,,,,,,,,,,,,,,,,,,,0.5135706067085266,,,,,,,,,,,,,,,,,,,,,,,,,,,,,,,,,,,,
7,,,6714,,,,,,,,,,,,,,,,,,,,,,,,,,,,,,,,,,,,0.4918040335178375,,,,,,,,,,,,,,,,,,,,,,,,,,,,,,,,,,,,
7,,,6719,,,,,,,,,,,,,,,,,,,,,,,,,,,,,,,,,,,,0.7266002297401428,,,,,,,,,,,,,,,,,,,,,,,,,,,,,,,,,,,,
7,,,6724,,,,,,,,,,,,,,,,,,,,,,,,,,,,,,,,,,,,0.6400516629219055,,,,,,,,,,,,,,,,,,,,,,,,,,,,,,,,,,,,
7,,,6729,,,,,,,,,,,,,,,,,,,,,,,,,,,,,,,,,,,,0.6221985220909119,,,,,,,,,,,,,,,,,,,,,,,,,,,,,,,,,,,,
7,,,6734,,,,,,,,,,,,,,,,,,,,,,,,,,,,,,,,,,,,0.6494219899177551,,,,,,,,,,,,,,,,,,,,,,,,,,,,,,,,,,,,
7,,,6739,,,,,,,,,,,,,,,,,,,,,,,,,,,,,,,,,,,,0.7104828953742981,,,,,,,,,,,,,,,,,,,,,,,,,,,,,,,,,,,,
7,,,6744,,,,,,,,,,,,,,,,,,,,,,,,,,,,,,,,,,,,0.4281495213508606,,,,,,,,,,,,,,,,,,,,,,,,,,,,,,,,,,,,
7,,,6749,,,,,,,,,,,,,,,,,,,,,,,,,,,,,,,,,,,,0.4791640043258667,,,,,,,,,,,,,,,,,,,,,,,,,,,,,,,,,,,,
7,,,6754,,,,,,,,,,,,,,,,,,,,,,,,,,,,,,,,,,,,0.4816667437553406,,,,,,,,,,,,,,,,,,,,,,,,,,,,,,,,,,,,
7,,,6759,,,,,,,,,,,,,,,,,,,,,,,,,,,,,,,,,,,,0.7459856271743774,,,,,,,,,,,,,,,,,,,,,,,,,,,,,,,,,,,,
7,,,6764,,,,,,,,,,,,,,,,,,,,,,,,,,,,,,,,,,,,0.6712185144424438,,,,,,,,,,,,,,,,,,,,,,,,,,,,,,,,,,,,
7,,,6769,,,,,,,,,,,,,,,,,,,,,,,,,,,,,,,,,,,,0.7690651416778564,,,,,,,,,,,,,,,,,,,,,,,,,,,,,,,,,,,,
7,,,6774,,,,,,,,,,,,,,,,,,,,,,,,,,,,,,,,,,,,0.4869718849658966,,,,,,,,,,,,,,,,,,,,,,,,,,,,,,,,,,,,
7,,,6779,,,,,,,,,,,,,,,,,,,,,,,,,,,,,,,,,,,,0.5584598183631897,,,,,,,,,,,,,,,,,,,,,,,,,,,,,,,,,,,,
7,,,6784,,,,,,,,,,,,,,,,,,,,,,,,,,,,,,,,,,,,0.5793876647949219,,,,,,,,,,,,,,,,,,,,,,,,,,,,,,,,,,,,
7,,,6789,,,,,,,,,,,,,,,,,,,,,,,,,,,,,,,,,,,,0.5115776658058167,,,,,,,,,,,,,,,,,,,,,,,,,,,,,,,,,,,,
7,,,6794,,,,,,,,,,,,,,,,,,,,,,,,,,,,,,,,,,,,0.6374828219413757,,,,,,,,,,,,,,,,,,,,,,,,,,,,,,,,,,,,
7,,,6799,,,,,,,,,,,,,,,,,,,,,,,,,,,,,,,,,,,,0.6385720372200012,,,,,,,,,,,,,,,,,,,,,,,,,,,,,,,,,,,,
7,,,6804,,,,,,,,,,,,,,,,,,,,,,,,,,,,,,,,,,,,0.5861736536026001,,,,,,,,,,,,,,,,,,,,,,,,,,,,,,,,,,,,
7,,,6809,,,,,,,,,,,,,,,,,,,,,,,,,,,,,,,,,,,,0.5328301191329956,,,,,,,,,,,,,,,,,,,,,,,,,,,,,,,,,,,,
7,,,6814,,,,,,,,,,,,,,,,,,,,,,,,,,,,,,,,,,,,0.5124315023422241,,,,,,,,,,,,,,,,,,,,,,,,,,,,,,,,,,,,
7,,,6819,,,,,,,,,,,,,,,,,,,,,,,,,,,,,,,,,,,,0.7572417855262756,,,,,,,,,,,,,,,,,,,,,,,,,,,,,,,,,,,,
7,,,6824,,,,,,,,,,,,,,,,,,,,,,,,,,,,,,,,,,,,0.5389211177825928,,,,,,,,,,,,,,,,,,,,,,,,,,,,,,,,,,,,
7,,,6829,,,,,,,,,,,,,,,,,,,,,,,,,,,,,,,,,,,,0.45066842436790466,,,,,,,,,,,,,,,,,,,,,,,,,,,,,,,,,,,,
7,,,6834,,,,,,,,,,,,,,,,,,,,,,,,,,,,,,,,,,,,0.4726446866989136,,,,,,,,,,,,,,,,,,,,,,,,,,,,,,,,,,,,
7,,,6839,,,,,,,,,,,,,,,,,,,,,,,,,,,,,,,,,,,,0.5895734429359436,,,,,,,,,,,,,,,,,,,,,,,,,,,,,,,,,,,,
7,,,6844,,,,,,,,,,,,,,,,,,,,,,,,,,,,,,,,,,,,0.4942256510257721,,,,,,,,,,,,,,,,,,,,,,,,,,,,,,,,,,,,
7,,,6849,,,,,,,,,,,,,,,,,,,,,,,,,,,,,,,,,,,,0.7059407830238342,,,,,,,,,,,,,,,,,,,,,,,,,,,,,,,,,,,,
7,,,6854,,,,,,,,,,,,,,,,,,,,,,,,,,,,,,,,,,,,0.7079495787620544,,,,,,,,,,,,,,,,,,,,,,,,,,,,,,,,,,,,
7,,,6859,,,,,,,,,,,,,,,,,,,,,,,,,,,,,,,,,,,,0.6654360890388489,,,,,,,,,,,,,,,,,,,,,,,,,,,,,,,,,,,,
7,,,6864,,,,,,,,,,,,,,,,,,,,,,,,,,,,,,,,,,,,0.5169891715049744,,,,,,,,,,,,,,,,,,,,,,,,,,,,,,,,,,,,
7,,,6869,,,,,,,,,,,,,,,,,,,,,,,,,,,,,,,,,,,,0.7355266809463501,,,,,,,,,,,,,,,,,,,,,,,,,,,,,,,,,,,,
7,,,6874,,,,,,,,,,,,,,,,,,,,,,,,,,,,,,,,,,,,0.4214624762535095,,,,,,,,,,,,,,,,,,,,,,,,,,,,,,,,,,,,
7,,,6879,,,,,,,,,,,,,,,,,,,,,,,,,,,,,,,,,,,,0.7088366746902466,,,,,,,,,,,,,,,,,,,,,,,,,,,,,,,,,,,,
7,,,6884,,,,,,,,,,,,,,,,,,,,,,,,,,,,,,,,,,,,0.6521198749542236,,,,,,,,,,,,,,,,,,,,,,,,,,,,,,,,,,,,
7,,,6889,,,,,,,,,,,,,,,,,,,,,,,,,,,,,,,,,,,,0.5330216884613037,,,,,,,,,,,,,,,,,,,,,,,,,,,,,,,,,,,,
7,,,6894,,,,,,,,,,,,,,,,,,,,,,,,,,,,,,,,,,,,0.45750749111175537,,,,,,,,,,,,,,,,,,,,,,,,,,,,,,,,,,,,
7,,,6899,,,,,,,,,,,,,,,,,,,,,,,,,,,,,,,,,,,,0.6470190286636353,,,,,,,,,,,,,,,,,,,,,,,,,,,,,,,,,,,,
7,,,6904,,,,,,,,,,,,,,,,,,,,,,,,,,,,,,,,,,,,0.5150592923164368,,,,,,,,,,,,,,,,,,,,,,,,,,,,,,,,,,,,
7,,,6909,,,,,,,,,,,,,,,,,,,,,,,,,,,,,,,,,,,,0.5082897543907166,,,,,,,,,,,,,,,,,,,,,,,,,,,,,,,,,,,,
7,,,6914,,,,,,,,,,,,,,,,,,,,,,,,,,,,,,,,,,,,0.7644481658935547,,,,,,,,,,,,,,,,,,,,,,,,,,,,,,,,,,,,
7,,,6919,,,,,,,,,,,,,,,,,,,,,,,,,,,,,,,,,,,,0.46455591917037964,,,,,,,,,,,,,,,,,,,,,,,,,,,,,,,,,,,,
7,,,6924,,,,,,,,,,,,,,,,,,,,,,,,,,,,,,,,,,,,0.5206108689308167,,,,,,,,,,,,,,,,,,,,,,,,,,,,,,,,,,,,
7,,,6929,,,,,,,,,,,,,,,,,,,,,,,,,,,,,,,,,,,,0.6572964787483215,,,,,,,,,,,,,,,,,,,,,,,,,,,,,,,,,,,,
7,,,6934,,,,,,,,,,,,,,,,,,,,,,,,,,,,,,,,,,,,0.5325360894203186,,,,,,,,,,,,,,,,,,,,,,,,,,,,,,,,,,,,
7,,,6939,,,,,,,,,,,,,,,,,,,,,,,,,,,,,,,,,,,,0.655314564704895,,,,,,,,,,,,,,,,,,,,,,,,,,,,,,,,,,,,
7,,,6944,,,,,,,,,,,,,,,,,,,,,,,,,,,,,,,,,,,,0.6981026530265808,,,,,,,,,,,,,,,,,,,,,,,,,,,,,,,,,,,,
7,,,6949,,,,,,,,,,,,,,,,,,,,,,,,,,,,,,,,,,,,0.6634773015975952,,,,,,,,,,,,,,,,,,,,,,,,,,,,,,,,,,,,
7,,,6954,,,,,,,,,,,,,,,,,,,,,,,,,,,,,,,,,,,,0.5555399656295776,,,,,,,,,,,,,,,,,,,,,,,,,,,,,,,,,,,,
7,,,6959,,,,,,,,,,,,,,,,,,,,,,,,,,,,,,,,,,,,0.45520246028900146,,,,,,,,,,,,,,,,,,,,,,,,,,,,,,,,,,,,
7,,,6964,,,,,,,,,,,,,,,,,,,,,,,,,,,,,,,,,,,,0.5023816823959351,,,,,,,,,,,,,,,,,,,,,,,,,,,,,,,,,,,,
7,,,6969,,,,,,,,,,,,,,,,,,,,,,,,,,,,,,,,,,,,0.7486813068389893,,,,,,,,,,,,,,,,,,,,,,,,,,,,,,,,,,,,
7,,,6974,,,,,,,,,,,,,,,,,,,,,,,,,,,,,,,,,,,,0.6830519437789917,,,,,,,,,,,,,,,,,,,,,,,,,,,,,,,,,,,,
7,,,6979,,,,,,,,,,,,,,,,,,,,,,,,,,,,,,,,,,,,0.6358444094657898,,,,,,,,,,,,,,,,,,,,,,,,,,,,,,,,,,,,
7,,,6984,,,,,,,,,,,,,,,,,,,,,,,,,,,,,,,,,,,,0.6312816143035889,,,,,,,,,,,,,,,,,,,,,,,,,,,,,,,,,,,,
7,,,6989,,,,,,,,,,,,,,,,,,,,,,,,,,,,,,,,,,,,0.7363994121551514,,,,,,,,,,,,,,,,,,,,,,,,,,,,,,,,,,,,
7,,,6994,,,,,,,,,,,,,,,,,,,,,,,,,,,,,,,,,,,,0.7173351645469666,,,,,,,,,,,,,,,,,,,,,,,,,,,,,,,,,,,,
7,,,6999,,,,,,,,,,,,,,,,,,,,,,,,,,,,,,,,,,,,0.6251552104949951,,,,,,,,,,,,,,,,,,,,,,,,,,,,,,,,,,,,
7,,,7004,,,,,,,,,,,,,,,,,,,,,,,,,,,,,,,,,,,,0.6129663586616516,,,,,,,,,,,,,,,,,,,,,,,,,,,,,,,,,,,,
7,,,7009,,,,,,,,,,,,,,,,,,,,,,,,,,,,,,,,,,,,0.4940352141857147,,,,,,,,,,,,,,,,,,,,,,,,,,,,,,,,,,,,
7,,,7014,,,,,,,,,,,,,,,,,,,,,,,,,,,,,,,,,,,,0.5548404455184937,,,,,,,,,,,,,,,,,,,,,,,,,,,,,,,,,,,,
7,,,7019,,,,,,,,,,,,,,,,,,,,,,,,,,,,,,,,,,,,0.4889970123767853,,,,,,,,,,,,,,,,,,,,,,,,,,,,,,,,,,,,
7,,,7024,,,,,,,,,,,,,,,,,,,,,,,,,,,,,,,,,,,,0.5795974731445312,,,,,,,,,,,,,,,,,,,,,,,,,,,,,,,,,,,,
7,,,7029,,,,,,,,,,,,,,,,,,,,,,,,,,,,,,,,,,,,0.4805157482624054,,,,,,,,,,,,,,,,,,,,,,,,,,,,,,,,,,,,
7,,,7034,,,,,,,,,,,,,,,,,,,,,,,,,,,,,,,,,,,,0.790729284286499,,,,,,,,,,,,,,,,,,,,,,,,,,,,,,,,,,,,
7,,,7039,,,,,,,,,,,,,,,,,,,,,,,,,,,,,,,,,,,,0.6685723066329956,,,,,,,,,,,,,,,,,,,,,,,,,,,,,,,,,,,,
7,,,7044,,,,,,,,,,,,,,,,,,,,,,,,,,,,,,,,,,,,0.7464825510978699,,,,,,,,,,,,,,,,,,,,,,,,,,,,,,,,,,,,
7,,,7049,,,,,,,,,,,,,,,,,,,,,,,,,,,,,,,,,,,,0.5067689418792725,,,,,,,,,,,,,,,,,,,,,,,,,,,,,,,,,,,,
7,,,7054,,,,,,,,,,,,,,,,,,,,,,,,,,,,,,,,,,,,0.665334165096283,,,,,,,,,,,,,,,,,,,,,,,,,,,,,,,,,,,,
7,,,7059,,,,,,,,,,,,,,,,,,,,,,,,,,,,,,,,,,,,0.6156425476074219,,,,,,,,,,,,,,,,,,,,,,,,,,,,,,,,,,,,
7,,,7064,,,,,,,,,,,,,,,,,,,,,,,,,,,,,,,,,,,,0.7010005116462708,,,,,,,,,,,,,,,,,,,,,,,,,,,,,,,,,,,,
7,,,7069,,,,,,,,,,,,,,,,,,,,,,,,,,,,,,,,,,,,0.6993941068649292,,,,,,,,,,,,,,,,,,,,,,,,,,,,,,,,,,,,
7,,,7074,,,,,,,,,,,,,,,,,,,,,,,,,,,,,,,,,,,,0.6307521462440491,,,,,,,,,,,,,,,,,,,,,,,,,,,,,,,,,,,,
7,,,7079,,,,,,,,,,,,,,,,,,,,,,,,,,,,,,,,,,,,0.5813302993774414,,,,,,,,,,,,,,,,,,,,,,,,,,,,,,,,,,,,
7,,,7084,,,,,,,,,,,,,,,,,,,,,,,,,,,,,,,,,,,,0.44563642144203186,,,,,,,,,,,,,,,,,,,,,,,,,,,,,,,,,,,,
7,,,7089,,,,,,,,,,,,,,,,,,,,,,,,,,,,,,,,,,,,0.4408714771270752,,,,,,,,,,,,,,,,,,,,,,,,,,,,,,,,,,,,
7,,,7094,,,,,,,,,,,,,,,,,,,,,,,,,,,,,,,,,,,,0.6144659519195557,,,,,,,,,,,,,,,,,,,,,,,,,,,,,,,,,,,,
7,,,7099,,,,,,,,,,,,,,,,,,,,,,,,,,,,,,,,,,,,0.5188390016555786,,,,,,,,,,,,,,,,,,,,,,,,,,,,,,,,,,,,
7,,,7104,,,,,,,,,,,,,,,,,,,,,,,,,,,,,,,,,,,,0.5909001231193542,,,,,,,,,,,,,,,,,,,,,,,,,,,,,,,,,,,,
7,,,7109,,,,,,,,,,,,,,,,,,,,,,,,,,,,,,,,,,,,0.715691864490509,,,,,,,,,,,,,,,,,,,,,,,,,,,,,,,,,,,,
7,,,7114,,,,,,,,,,,,,,,,,,,,,,,,,,,,,,,,,,,,0.5085484385490417,,,,,,,,,,,,,,,,,,,,,,,,,,,,,,,,,,,,
7,,,7119,,,,,,,,,,,,,,,,,,,,,,,,,,,,,,,,,,,,0.6821413040161133,,,,,,,,,,,,,,,,,,,,,,,,,,,,,,,,,,,,
7,,,7124,,,,,,,,,,,,,,,,,,,,,,,,,,,,,,,,,,,,0.5948711037635803,,,,,,,,,,,,,,,,,,,,,,,,,,,,,,,,,,,,
7,,,7129,,,,,,,,,,,,,,,,,,,,,,,,,,,,,,,,,,,,0.6014963388442993,,,,,,,,,,,,,,,,,,,,,,,,,,,,,,,,,,,,
7,,,7134,,,,,,,,,,,,,,,,,,,,,,,,,,,,,,,,,,,,0.6769676208496094,,,,,,,,,,,,,,,,,,,,,,,,,,,,,,,,,,,,
7,,,7139,,,,,,,,,,,,,,,,,,,,,,,,,,,,,,,,,,,,0.5376277565956116,,,,,,,,,,,,,,,,,,,,,,,,,,,,,,,,,,,,
7,,,7144,,,,,,,,,,,,,,,,,,,,,,,,,,,,,,,,,,,,0.5112932324409485,,,,,,,,,,,,,,,,,,,,,,,,,,,,,,,,,,,,
7,,,7149,,,,,,,,,,,,,,,,,,,,,,,,,,,,,,,,,,,,0.4401509761810303,,,,,,,,,,,,,,,,,,,,,,,,,,,,,,,,,,,,
7,,,7154,,,,,,,,,,,,,,,,,,,,,,,,,,,,,,,,,,,,0.461211621761322,,,,,,,,,,,,,,,,,,,,,,,,,,,,,,,,,,,,
7,,,7159,,,,,,,,,,,,,,,,,,,,,,,,,,,,,,,,,,,,0.61259526014328,,,,,,,,,,,,,,,,,,,,,,,,,,,,,,,,,,,,
7,,,7164,,,,,,,,,,,,,,,,,,,,,,,,,,,,,,,,,,,,0.47293826937675476,,,,,,,,,,,,,,,,,,,,,,,,,,,,,,,,,,,,
7,,,7169,,,,,,,,,,,,,,,,,,,,,,,,,,,,,,,,,,,,0.48925596475601196,,,,,,,,,,,,,,,,,,,,,,,,,,,,,,,,,,,,
7,,,7174,,,,,,,,,,,,,,,,,,,,,,,,,,,,,,,,,,,,0.5851520299911499,,,,,,,,,,,,,,,,,,,,,,,,,,,,,,,,,,,,
7,,,7179,,,,,,,,,,,,,,,,,,,,,,,,,,,,,,,,,,,,0.5017573237419128,,,,,,,,,,,,,,,,,,,,,,,,,,,,,,,,,,,,
7,,,7184,,,,,,,,,,,,,,,,,,,,,,,,,,,,,,,,,,,,0.6839413642883301,,,,,,,,,,,,,,,,,,,,,,,,,,,,,,,,,,,,
7,,,7189,,,,,,,,,,,,,,,,,,,,,,,,,,,,,,,,,,,,0.6237884163856506,,,,,,,,,,,,,,,,,,,,,,,,,,,,,,,,,,,,
7,,,7194,,,,,,,,,,,,,,,,,,,,,,,,,,,,,,,,,,,,0.48808741569519043,,,,,,,,,,,,,,,,,,,,,,,,,,,,,,,,,,,,
7,,,7199,,,,,,,,,,,,,,,,,,,,,,,,,,,,,,,,,,,,0.5939366221427917,,,,,,,,,,,,,,,,,,,,,,,,,,,,,,,,,,,,
7,,,7204,,,,,,,,,,,,,,,,,,,,,,,,,,,,,,,,,,,,0.6124444007873535,,,,,,,,,,,,,,,,,,,,,,,,,,,,,,,,,,,,
7,,,7209,,,,,,,,,,,,,,,,,,,,,,,,,,,,,,,,,,,,0.43285053968429565,,,,,,,,,,,,,,,,,,,,,,,,,,,,,,,,,,,,
7,,,7214,,,,,,,,,,,,,,,,,,,,,,,,,,,,,,,,,,,,0.6665430068969727,,,,,,,,,,,,,,,,,,,,,,,,,,,,,,,,,,,,
7,,,7219,,,,,,,,,,,,,,,,,,,,,,,,,,,,,,,,,,,,0.5345726013183594,,,,,,,,,,,,,,,,,,,,,,,,,,,,,,,,,,,,
7,,,7224,,,,,,,,,,,,,,,,,,,,,,,,,,,,,,,,,,,,0.5705582499504089,,,,,,,,,,,,,,,,,,,,,,,,,,,,,,,,,,,,
7,,,7229,,,,,,,,,,,,,,,,,,,,,,,,,,,,,,,,,,,,0.5531452894210815,,,,,,,,,,,,,,,,,,,,,,,,,,,,,,,,,,,,
7,,,7234,,,,,,,,,,,,,,,,,,,,,,,,,,,,,,,,,,,,0.631540834903717,,,,,,,,,,,,,,,,,,,,,,,,,,,,,,,,,,,,
7,,,7239,,,,,,,,,,,,,,,,,,,,,,,,,,,,,,,,,,,,0.724694550037384,,,,,,,,,,,,,,,,,,,,,,,,,,,,,,,,,,,,
7,,,7244,,,,,,,,,,,,,,,,,,,,,,,,,,,,,,,,,,,,0.6122971773147583,,,,,,,,,,,,,,,,,,,,,,,,,,,,,,,,,,,,
7,,,7249,,,,,,,,,,,,,,,,,,,,,,,,,,,,,,,,,,,,0.7176013588905334,,,,,,,,,,,,,,,,,,,,,,,,,,,,,,,,,,,,
7,,,7254,,,,,,,,,,,,,,,,,,,,,,,,,,,,,,,,,,,,0.7203066945075989,,,,,,,,,,,,,,,,,,,,,,,,,,,,,,,,,,,,
7,,,7259,,,,,,,,,,,,,,,,,,,,,,,,,,,,,,,,,,,,0.5135629177093506,,,,,,,,,,,,,,,,,,,,,,,,,,,,,,,,,,,,
7,,,7264,,,,,,,,,,,,,,,,,,,,,,,,,,,,,,,,,,,,0.5474954843521118,,,,,,,,,,,,,,,,,,,,,,,,,,,,,,,,,,,,
7,,,7269,,,,,,,,,,,,,,,,,,,,,,,,,,,,,,,,,,,,0.516576886177063,,,,,,,,,,,,,,,,,,,,,,,,,,,,,,,,,,,,
7,,,7274,,,,,,,,,,,,,,,,,,,,,,,,,,,,,,,,,,,,0.6590582132339478,,,,,,,,,,,,,,,,,,,,,,,,,,,,,,,,,,,,
7,,,7279,,,,,,,,,,,,,,,,,,,,,,,,,,,,,,,,,,,,0.713618278503418,,,,,,,,,,,,,,,,,,,,,,,,,,,,,,,,,,,,
7,,,7284,,,,,,,,,,,,,,,,,,,,,,,,,,,,,,,,,,,,0.7056868076324463,,,,,,,,,,,,,,,,,,,,,,,,,,,,,,,,,,,,
7,,,7289,,,,,,,,,,,,,,,,,,,,,,,,,,,,,,,,,,,,0.4819604754447937,,,,,,,,,,,,,,,,,,,,,,,,,,,,,,,,,,,,
7,,,7294,,,,,,,,,,,,,,,,,,,,,,,,,,,,,,,,,,,,0.45637789368629456,,,,,,,,,,,,,,,,,,,,,,,,,,,,,,,,,,,,
7,,,7299,,,,,,,,,,,,,,,,,,,,,,,,,,,,,,,,,,,,0.6821784973144531,,,,,,,,,,,,,,,,,,,,,,,,,,,,,,,,,,,,
7,,,7304,,,,,,,,,,,,,,,,,,,,,,,,,,,,,,,,,,,,0.634273886680603,,,,,,,,,,,,,,,,,,,,,,,,,,,,,,,,,,,,
7,,,7309,,,,,,,,,,,,,,,,,,,,,,,,,,,,,,,,,,,,0.6111321449279785,,,,,,,,,,,,,,,,,,,,,,,,,,,,,,,,,,,,
7,,,7314,,,,,,,,,,,,,,,,,,,,,,,,,,,,,,,,,,,,0.5291883945465088,,,,,,,,,,,,,,,,,,,,,,,,,,,,,,,,,,,,
7,,,7319,,,,,,,,,,,,,,,,,,,,,,,,,,,,,,,,,,,,0.5699877142906189,,,,,,,,,,,,,,,,,,,,,,,,,,,,,,,,,,,,
7,,,7324,,,,,,,,,,,,,,,,,,,,,,,,,,,,,,,,,,,,0.6905503869056702,,,,,,,,,,,,,,,,,,,,,,,,,,,,,,,,,,,,
7,,,7329,,,,,,,,,,,,,,,,,,,,,,,,,,,,,,,,,,,,0.6170638799667358,,,,,,,,,,,,,,,,,,,,,,,,,,,,,,,,,,,,
7,,,7334,,,,,,,,,,,,,,,,,,,,,,,,,,,,,,,,,,,,0.4728586673736572,,,,,,,,,,,,,,,,,,,,,,,,,,,,,,,,,,,,
7,,,7339,,,,,,,,,,,,,,,,,,,,,,,,,,,,,,,,,,,,0.5289948582649231,,,,,,,,,,,,,,,,,,,,,,,,,,,,,,,,,,,,
7,,,7344,,,,,,,,,,,,,,,,,,,,,,,,,,,,,,,,,,,,0.5331509113311768,,,,,,,,,,,,,,,,,,,,,,,,,,,,,,,,,,,,
7,,,7349,,,,,,,,,,,,,,,,,,,,,,,,,,,,,,,,,,,,0.4994601905345917,,,,,,,,,,,,,,,,,,,,,,,,,,,,,,,,,,,,
7,,,7354,,,,,,,,,,,,,,,,,,,,,,,,,,,,,,,,,,,,0.604759156703949,,,,,,,,,,,,,,,,,,,,,,,,,,,,,,,,,,,,
7,,,7359,,,,,,,,,,,,,,,,,,,,,,,,,,,,,,,,,,,,0.7414402961730957,,,,,,,,,,,,,,,,,,,,,,,,,,,,,,,,,,,,
7,,,7364,,,,,,,,,,,,,,,,,,,,,,,,,,,,,,,,,,,,0.5144492387771606,,,,,,,,,,,,,,,,,,,,,,,,,,,,,,,,,,,,
7,,,7367,,,,,,,,,,,,,,,,,,,,,,,,,,,,,,,,,,,,,0.7795733213424683,0.7404902577400208,0.6326515674591064,0.7179101705551147,0.7795733213424683,0.0,0.901274561882019,0.7818134427070618,0.9491400718688965,0.4860652685165405,0.0,0.8919954299926758,0.8148449063301086,0.9042733907699585,0.3508472442626953,0.0,0.8050467371940613,0.6875427961349487,0.825272798538208,0.21274393796920776,0.0,0.8829054236412048,0.8507905006408691,0.8634569644927979,0.27448776364326477,0.0,0.901274561882019,0.7818134427070618,0.9491400718688965,0.4860652685165405,0.8510539531707764,0.8510539531707764,0.7407256960868835,0.8510539531707764,0.8510539531707764,0.6084739565849304
7,,,7367,0.7583292722702026,0.7329816222190857,0.6247800588607788,0.7151811718940735,0.7583292722702026,0.0,0.8791512250900269,0.8195418119430542,0.9199537634849548,0.4146704077720642,0.0,0.8867663145065308,0.8206486105918884,0.8944519758224487,0.33005961775779724,0.0,0.7965679168701172,0.6958472728729248,0.8090575933456421,0.19764754176139832,0.0,0.8945143818855286,0.8217583298683167,0.8703259229660034,0.27412599325180054,0.0,0.8791512250900269,0.8195418119430542,0.9199537634849548,0.4146704077720642,0.8495523929595947,0.8495523929595947,0.73845374584198,0.8495523929595947,0.8495523929595947,,,,,,,,,,,,,,,,,,,,,,,,,,,,,,,,,,,,,
,1e-05,0.0001,7368,,,,,,,,,,,,,,,,,,,,,,,,,,,,,,,,,,,,,,,,,,,,,,,,,,,,,,,,,,,,,,,,,,,,,,,,
8,,,7369,,,,,,,,,,,,,,,,,,,,,,,,,,,,,,,,,,,,0.6365972757339478,,,,,,,,,,,,,,,,,,,,,,,,,,,,,,,,,,,,
8,,,7374,,,,,,,,,,,,,,,,,,,,,,,,,,,,,,,,,,,,0.46540045738220215,,,,,,,,,,,,,,,,,,,,,,,,,,,,,,,,,,,,
8,,,7379,,,,,,,,,,,,,,,,,,,,,,,,,,,,,,,,,,,,0.570069432258606,,,,,,,,,,,,,,,,,,,,,,,,,,,,,,,,,,,,
8,,,7384,,,,,,,,,,,,,,,,,,,,,,,,,,,,,,,,,,,,0.4437156021595001,,,,,,,,,,,,,,,,,,,,,,,,,,,,,,,,,,,,
8,,,7389,,,,,,,,,,,,,,,,,,,,,,,,,,,,,,,,,,,,0.6827794909477234,,,,,,,,,,,,,,,,,,,,,,,,,,,,,,,,,,,,
8,,,7394,,,,,,,,,,,,,,,,,,,,,,,,,,,,,,,,,,,,0.6987630128860474,,,,,,,,,,,,,,,,,,,,,,,,,,,,,,,,,,,,
8,,,7399,,,,,,,,,,,,,,,,,,,,,,,,,,,,,,,,,,,,0.5675618648529053,,,,,,,,,,,,,,,,,,,,,,,,,,,,,,,,,,,,
8,,,7404,,,,,,,,,,,,,,,,,,,,,,,,,,,,,,,,,,,,0.7047959566116333,,,,,,,,,,,,,,,,,,,,,,,,,,,,,,,,,,,,
8,,,7409,,,,,,,,,,,,,,,,,,,,,,,,,,,,,,,,,,,,0.745928943157196,,,,,,,,,,,,,,,,,,,,,,,,,,,,,,,,,,,,
8,,,7414,,,,,,,,,,,,,,,,,,,,,,,,,,,,,,,,,,,,0.5738975405693054,,,,,,,,,,,,,,,,,,,,,,,,,,,,,,,,,,,,
8,,,7419,,,,,,,,,,,,,,,,,,,,,,,,,,,,,,,,,,,,0.5890427827835083,,,,,,,,,,,,,,,,,,,,,,,,,,,,,,,,,,,,
8,,,7424,,,,,,,,,,,,,,,,,,,,,,,,,,,,,,,,,,,,0.7244981527328491,,,,,,,,,,,,,,,,,,,,,,,,,,,,,,,,,,,,
8,,,7429,,,,,,,,,,,,,,,,,,,,,,,,,,,,,,,,,,,,0.4740673005580902,,,,,,,,,,,,,,,,,,,,,,,,,,,,,,,,,,,,
8,,,7434,,,,,,,,,,,,,,,,,,,,,,,,,,,,,,,,,,,,0.7006793022155762,,,,,,,,,,,,,,,,,,,,,,,,,,,,,,,,,,,,
8,,,7439,,,,,,,,,,,,,,,,,,,,,,,,,,,,,,,,,,,,0.43421363830566406,,,,,,,,,,,,,,,,,,,,,,,,,,,,,,,,,,,,
8,,,7444,,,,,,,,,,,,,,,,,,,,,,,,,,,,,,,,,,,,0.6823787689208984,,,,,,,,,,,,,,,,,,,,,,,,,,,,,,,,,,,,
8,,,7449,,,,,,,,,,,,,,,,,,,,,,,,,,,,,,,,,,,,0.5318461656570435,,,,,,,,,,,,,,,,,,,,,,,,,,,,,,,,,,,,
8,,,7454,,,,,,,,,,,,,,,,,,,,,,,,,,,,,,,,,,,,0.497948557138443,,,,,,,,,,,,,,,,,,,,,,,,,,,,,,,,,,,,
8,,,7459,,,,,,,,,,,,,,,,,,,,,,,,,,,,,,,,,,,,0.7314028143882751,,,,,,,,,,,,,,,,,,,,,,,,,,,,,,,,,,,,
8,,,7464,,,,,,,,,,,,,,,,,,,,,,,,,,,,,,,,,,,,0.51310795545578,,,,,,,,,,,,,,,,,,,,,,,,,,,,,,,,,,,,
8,,,7469,,,,,,,,,,,,,,,,,,,,,,,,,,,,,,,,,,,,0.48310548067092896,,,,,,,,,,,,,,,,,,,,,,,,,,,,,,,,,,,,
8,,,7474,,,,,,,,,,,,,,,,,,,,,,,,,,,,,,,,,,,,0.508942723274231,,,,,,,,,,,,,,,,,,,,,,,,,,,,,,,,,,,,
8,,,7479,,,,,,,,,,,,,,,,,,,,,,,,,,,,,,,,,,,,0.49950164556503296,,,,,,,,,,,,,,,,,,,,,,,,,,,,,,,,,,,,
8,,,7484,,,,,,,,,,,,,,,,,,,,,,,,,,,,,,,,,,,,0.6745144128799438,,,,,,,,,,,,,,,,,,,,,,,,,,,,,,,,,,,,
8,,,7489,,,,,,,,,,,,,,,,,,,,,,,,,,,,,,,,,,,,0.5187455415725708,,,,,,,,,,,,,,,,,,,,,,,,,,,,,,,,,,,,
8,,,7494,,,,,,,,,,,,,,,,,,,,,,,,,,,,,,,,,,,,0.5485684275627136,,,,,,,,,,,,,,,,,,,,,,,,,,,,,,,,,,,,
8,,,7499,,,,,,,,,,,,,,,,,,,,,,,,,,,,,,,,,,,,0.5031047463417053,,,,,,,,,,,,,,,,,,,,,,,,,,,,,,,,,,,,
8,,,7504,,,,,,,,,,,,,,,,,,,,,,,,,,,,,,,,,,,,0.5173755288124084,,,,,,,,,,,,,,,,,,,,,,,,,,,,,,,,,,,,
8,,,7509,,,,,,,,,,,,,,,,,,,,,,,,,,,,,,,,,,,,0.661836564540863,,,,,,,,,,,,,,,,,,,,,,,,,,,,,,,,,,,,
8,,,7514,,,,,,,,,,,,,,,,,,,,,,,,,,,,,,,,,,,,0.5123235583305359,,,,,,,,,,,,,,,,,,,,,,,,,,,,,,,,,,,,
8,,,7519,,,,,,,,,,,,,,,,,,,,,,,,,,,,,,,,,,,,0.5755881071090698,,,,,,,,,,,,,,,,,,,,,,,,,,,,,,,,,,,,
8,,,7524,,,,,,,,,,,,,,,,,,,,,,,,,,,,,,,,,,,,0.516033411026001,,,,,,,,,,,,,,,,,,,,,,,,,,,,,,,,,,,,
8,,,7529,,,,,,,,,,,,,,,,,,,,,,,,,,,,,,,,,,,,0.6070523262023926,,,,,,,,,,,,,,,,,,,,,,,,,,,,,,,,,,,,
8,,,7534,,,,,,,,,,,,,,,,,,,,,,,,,,,,,,,,,,,,0.4573330283164978,,,,,,,,,,,,,,,,,,,,,,,,,,,,,,,,,,,,
8,,,7539,,,,,,,,,,,,,,,,,,,,,,,,,,,,,,,,,,,,0.613837718963623,,,,,,,,,,,,,,,,,,,,,,,,,,,,,,,,,,,,
8,,,7544,,,,,,,,,,,,,,,,,,,,,,,,,,,,,,,,,,,,0.601453423500061,,,,,,,,,,,,,,,,,,,,,,,,,,,,,,,,,,,,
8,,,7549,,,,,,,,,,,,,,,,,,,,,,,,,,,,,,,,,,,,0.521319568157196,,,,,,,,,,,,,,,,,,,,,,,,,,,,,,,,,,,,
8,,,7554,,,,,,,,,,,,,,,,,,,,,,,,,,,,,,,,,,,,0.5459884405136108,,,,,,,,,,,,,,,,,,,,,,,,,,,,,,,,,,,,
8,,,7559,,,,,,,,,,,,,,,,,,,,,,,,,,,,,,,,,,,,0.7205745577812195,,,,,,,,,,,,,,,,,,,,,,,,,,,,,,,,,,,,
8,,,7564,,,,,,,,,,,,,,,,,,,,,,,,,,,,,,,,,,,,0.5395984649658203,,,,,,,,,,,,,,,,,,,,,,,,,,,,,,,,,,,,
8,,,7569,,,,,,,,,,,,,,,,,,,,,,,,,,,,,,,,,,,,0.6557698845863342,,,,,,,,,,,,,,,,,,,,,,,,,,,,,,,,,,,,
8,,,7574,,,,,,,,,,,,,,,,,,,,,,,,,,,,,,,,,,,,0.529289960861206,,,,,,,,,,,,,,,,,,,,,,,,,,,,,,,,,,,,
8,,,7579,,,,,,,,,,,,,,,,,,,,,,,,,,,,,,,,,,,,0.5023183822631836,,,,,,,,,,,,,,,,,,,,,,,,,,,,,,,,,,,,
8,,,7584,,,,,,,,,,,,,,,,,,,,,,,,,,,,,,,,,,,,0.5343239903450012,,,,,,,,,,,,,,,,,,,,,,,,,,,,,,,,,,,,
8,,,7589,,,,,,,,,,,,,,,,,,,,,,,,,,,,,,,,,,,,0.5470328330993652,,,,,,,,,,,,,,,,,,,,,,,,,,,,,,,,,,,,
8,,,7594,,,,,,,,,,,,,,,,,,,,,,,,,,,,,,,,,,,,0.7334583401679993,,,,,,,,,,,,,,,,,,,,,,,,,,,,,,,,,,,,
8,,,7599,,,,,,,,,,,,,,,,,,,,,,,,,,,,,,,,,,,,0.5681068301200867,,,,,,,,,,,,,,,,,,,,,,,,,,,,,,,,,,,,
8,,,7604,,,,,,,,,,,,,,,,,,,,,,,,,,,,,,,,,,,,0.5323381423950195,,,,,,,,,,,,,,,,,,,,,,,,,,,,,,,,,,,,
8,,,7609,,,,,,,,,,,,,,,,,,,,,,,,,,,,,,,,,,,,0.660772442817688,,,,,,,,,,,,,,,,,,,,,,,,,,,,,,,,,,,,
8,,,7614,,,,,,,,,,,,,,,,,,,,,,,,,,,,,,,,,,,,0.5380920767784119,,,,,,,,,,,,,,,,,,,,,,,,,,,,,,,,,,,,
8,,,7619,,,,,,,,,,,,,,,,,,,,,,,,,,,,,,,,,,,,0.5363057255744934,,,,,,,,,,,,,,,,,,,,,,,,,,,,,,,,,,,,
8,,,7624,,,,,,,,,,,,,,,,,,,,,,,,,,,,,,,,,,,,0.6163045167922974,,,,,,,,,,,,,,,,,,,,,,,,,,,,,,,,,,,,
8,,,7629,,,,,,,,,,,,,,,,,,,,,,,,,,,,,,,,,,,,0.6746507287025452,,,,,,,,,,,,,,,,,,,,,,,,,,,,,,,,,,,,
8,,,7634,,,,,,,,,,,,,,,,,,,,,,,,,,,,,,,,,,,,0.6704785823822021,,,,,,,,,,,,,,,,,,,,,,,,,,,,,,,,,,,,
8,,,7639,,,,,,,,,,,,,,,,,,,,,,,,,,,,,,,,,,,,0.46999797224998474,,,,,,,,,,,,,,,,,,,,,,,,,,,,,,,,,,,,
8,,,7644,,,,,,,,,,,,,,,,,,,,,,,,,,,,,,,,,,,,0.5188243389129639,,,,,,,,,,,,,,,,,,,,,,,,,,,,,,,,,,,,
8,,,7649,,,,,,,,,,,,,,,,,,,,,,,,,,,,,,,,,,,,0.42192453145980835,,,,,,,,,,,,,,,,,,,,,,,,,,,,,,,,,,,,
8,,,7654,,,,,,,,,,,,,,,,,,,,,,,,,,,,,,,,,,,,0.6422638893127441,,,,,,,,,,,,,,,,,,,,,,,,,,,,,,,,,,,,
8,,,7659,,,,,,,,,,,,,,,,,,,,,,,,,,,,,,,,,,,,0.5456284284591675,,,,,,,,,,,,,,,,,,,,,,,,,,,,,,,,,,,,
8,,,7664,,,,,,,,,,,,,,,,,,,,,,,,,,,,,,,,,,,,0.4599968492984772,,,,,,,,,,,,,,,,,,,,,,,,,,,,,,,,,,,,
8,,,7669,,,,,,,,,,,,,,,,,,,,,,,,,,,,,,,,,,,,0.7086082696914673,,,,,,,,,,,,,,,,,,,,,,,,,,,,,,,,,,,,
8,,,7674,,,,,,,,,,,,,,,,,,,,,,,,,,,,,,,,,,,,0.48181048035621643,,,,,,,,,,,,,,,,,,,,,,,,,,,,,,,,,,,,
8,,,7679,,,,,,,,,,,,,,,,,,,,,,,,,,,,,,,,,,,,0.5313327312469482,,,,,,,,,,,,,,,,,,,,,,,,,,,,,,,,,,,,
8,,,7684,,,,,,,,,,,,,,,,,,,,,,,,,,,,,,,,,,,,0.5431758165359497,,,,,,,,,,,,,,,,,,,,,,,,,,,,,,,,,,,,
8,,,7689,,,,,,,,,,,,,,,,,,,,,,,,,,,,,,,,,,,,0.5063356757164001,,,,,,,,,,,,,,,,,,,,,,,,,,,,,,,,,,,,
8,,,7694,,,,,,,,,,,,,,,,,,,,,,,,,,,,,,,,,,,,0.6478951573371887,,,,,,,,,,,,,,,,,,,,,,,,,,,,,,,,,,,,
8,,,7699,,,,,,,,,,,,,,,,,,,,,,,,,,,,,,,,,,,,0.6763845682144165,,,,,,,,,,,,,,,,,,,,,,,,,,,,,,,,,,,,
8,,,7704,,,,,,,,,,,,,,,,,,,,,,,,,,,,,,,,,,,,0.7484092712402344,,,,,,,,,,,,,,,,,,,,,,,,,,,,,,,,,,,,
8,,,7709,,,,,,,,,,,,,,,,,,,,,,,,,,,,,,,,,,,,0.49960967898368835,,,,,,,,,,,,,,,,,,,,,,,,,,,,,,,,,,,,
8,,,7714,,,,,,,,,,,,,,,,,,,,,,,,,,,,,,,,,,,,0.5698947906494141,,,,,,,,,,,,,,,,,,,,,,,,,,,,,,,,,,,,
8,,,7719,,,,,,,,,,,,,,,,,,,,,,,,,,,,,,,,,,,,0.6912520527839661,,,,,,,,,,,,,,,,,,,,,,,,,,,,,,,,,,,,
8,,,7724,,,,,,,,,,,,,,,,,,,,,,,,,,,,,,,,,,,,0.7322871088981628,,,,,,,,,,,,,,,,,,,,,,,,,,,,,,,,,,,,
8,,,7729,,,,,,,,,,,,,,,,,,,,,,,,,,,,,,,,,,,,0.6227318048477173,,,,,,,,,,,,,,,,,,,,,,,,,,,,,,,,,,,,
8,,,7734,,,,,,,,,,,,,,,,,,,,,,,,,,,,,,,,,,,,0.6330327987670898,,,,,,,,,,,,,,,,,,,,,,,,,,,,,,,,,,,,
8,,,7739,,,,,,,,,,,,,,,,,,,,,,,,,,,,,,,,,,,,0.7380384802818298,,,,,,,,,,,,,,,,,,,,,,,,,,,,,,,,,,,,
8,,,7744,,,,,,,,,,,,,,,,,,,,,,,,,,,,,,,,,,,,0.7348974347114563,,,,,,,,,,,,,,,,,,,,,,,,,,,,,,,,,,,,
8,,,7749,,,,,,,,,,,,,,,,,,,,,,,,,,,,,,,,,,,,0.5540871620178223,,,,,,,,,,,,,,,,,,,,,,,,,,,,,,,,,,,,
8,,,7754,,,,,,,,,,,,,,,,,,,,,,,,,,,,,,,,,,,,0.4531180262565613,,,,,,,,,,,,,,,,,,,,,,,,,,,,,,,,,,,,
8,,,7759,,,,,,,,,,,,,,,,,,,,,,,,,,,,,,,,,,,,0.6649056673049927,,,,,,,,,,,,,,,,,,,,,,,,,,,,,,,,,,,,
8,,,7764,,,,,,,,,,,,,,,,,,,,,,,,,,,,,,,,,,,,0.6203743815422058,,,,,,,,,,,,,,,,,,,,,,,,,,,,,,,,,,,,
8,,,7769,,,,,,,,,,,,,,,,,,,,,,,,,,,,,,,,,,,,0.5093106031417847,,,,,,,,,,,,,,,,,,,,,,,,,,,,,,,,,,,,
8,,,7774,,,,,,,,,,,,,,,,,,,,,,,,,,,,,,,,,,,,0.4816546142101288,,,,,,,,,,,,,,,,,,,,,,,,,,,,,,,,,,,,
8,,,7779,,,,,,,,,,,,,,,,,,,,,,,,,,,,,,,,,,,,0.5047203898429871,,,,,,,,,,,,,,,,,,,,,,,,,,,,,,,,,,,,
8,,,7784,,,,,,,,,,,,,,,,,,,,,,,,,,,,,,,,,,,,0.6061435341835022,,,,,,,,,,,,,,,,,,,,,,,,,,,,,,,,,,,,
8,,,7789,,,,,,,,,,,,,,,,,,,,,,,,,,,,,,,,,,,,0.6957454085350037,,,,,,,,,,,,,,,,,,,,,,,,,,,,,,,,,,,,
8,,,7794,,,,,,,,,,,,,,,,,,,,,,,,,,,,,,,,,,,,0.562701940536499,,,,,,,,,,,,,,,,,,,,,,,,,,,,,,,,,,,,
8,,,7799,,,,,,,,,,,,,,,,,,,,,,,,,,,,,,,,,,,,0.4891357421875,,,,,,,,,,,,,,,,,,,,,,,,,,,,,,,,,,,,
8,,,7804,,,,,,,,,,,,,,,,,,,,,,,,,,,,,,,,,,,,0.46248167753219604,,,,,,,,,,,,,,,,,,,,,,,,,,,,,,,,,,,,
8,,,7809,,,,,,,,,,,,,,,,,,,,,,,,,,,,,,,,,,,,0.5848710536956787,,,,,,,,,,,,,,,,,,,,,,,,,,,,,,,,,,,,
8,,,7814,,,,,,,,,,,,,,,,,,,,,,,,,,,,,,,,,,,,0.6153774857521057,,,,,,,,,,,,,,,,,,,,,,,,,,,,,,,,,,,,
8,,,7819,,,,,,,,,,,,,,,,,,,,,,,,,,,,,,,,,,,,0.4365557134151459,,,,,,,,,,,,,,,,,,,,,,,,,,,,,,,,,,,,
8,,,7824,,,,,,,,,,,,,,,,,,,,,,,,,,,,,,,,,,,,0.6254139542579651,,,,,,,,,,,,,,,,,,,,,,,,,,,,,,,,,,,,
8,,,7829,,,,,,,,,,,,,,,,,,,,,,,,,,,,,,,,,,,,0.530871570110321,,,,,,,,,,,,,,,,,,,,,,,,,,,,,,,,,,,,
8,,,7834,,,,,,,,,,,,,,,,,,,,,,,,,,,,,,,,,,,,0.5867106318473816,,,,,,,,,,,,,,,,,,,,,,,,,,,,,,,,,,,,
8,,,7839,,,,,,,,,,,,,,,,,,,,,,,,,,,,,,,,,,,,0.5667611956596375,,,,,,,,,,,,,,,,,,,,,,,,,,,,,,,,,,,,
8,,,7844,,,,,,,,,,,,,,,,,,,,,,,,,,,,,,,,,,,,0.46081745624542236,,,,,,,,,,,,,,,,,,,,,,,,,,,,,,,,,,,,
8,,,7849,,,,,,,,,,,,,,,,,,,,,,,,,,,,,,,,,,,,0.7113940715789795,,,,,,,,,,,,,,,,,,,,,,,,,,,,,,,,,,,,
8,,,7854,,,,,,,,,,,,,,,,,,,,,,,,,,,,,,,,,,,,0.7232475876808167,,,,,,,,,,,,,,,,,,,,,,,,,,,,,,,,,,,,
8,,,7859,,,,,,,,,,,,,,,,,,,,,,,,,,,,,,,,,,,,0.5597435832023621,,,,,,,,,,,,,,,,,,,,,,,,,,,,,,,,,,,,
8,,,7864,,,,,,,,,,,,,,,,,,,,,,,,,,,,,,,,,,,,0.477253258228302,,,,,,,,,,,,,,,,,,,,,,,,,,,,,,,,,,,,
8,,,7869,,,,,,,,,,,,,,,,,,,,,,,,,,,,,,,,,,,,0.572574257850647,,,,,,,,,,,,,,,,,,,,,,,,,,,,,,,,,,,,
8,,,7874,,,,,,,,,,,,,,,,,,,,,,,,,,,,,,,,,,,,0.6409011483192444,,,,,,,,,,,,,,,,,,,,,,,,,,,,,,,,,,,,
8,,,7879,,,,,,,,,,,,,,,,,,,,,,,,,,,,,,,,,,,,0.5372121930122375,,,,,,,,,,,,,,,,,,,,,,,,,,,,,,,,,,,,
8,,,7884,,,,,,,,,,,,,,,,,,,,,,,,,,,,,,,,,,,,0.4641018211841583,,,,,,,,,,,,,,,,,,,,,,,,,,,,,,,,,,,,
8,,,7889,,,,,,,,,,,,,,,,,,,,,,,,,,,,,,,,,,,,0.5243297219276428,,,,,,,,,,,,,,,,,,,,,,,,,,,,,,,,,,,,
8,,,7894,,,,,,,,,,,,,,,,,,,,,,,,,,,,,,,,,,,,0.6341973543167114,,,,,,,,,,,,,,,,,,,,,,,,,,,,,,,,,,,,
8,,,7899,,,,,,,,,,,,,,,,,,,,,,,,,,,,,,,,,,,,0.6029442548751831,,,,,,,,,,,,,,,,,,,,,,,,,,,,,,,,,,,,
8,,,7904,,,,,,,,,,,,,,,,,,,,,,,,,,,,,,,,,,,,0.7462493777275085,,,,,,,,,,,,,,,,,,,,,,,,,,,,,,,,,,,,
8,,,7909,,,,,,,,,,,,,,,,,,,,,,,,,,,,,,,,,,,,0.6378756165504456,,,,,,,,,,,,,,,,,,,,,,,,,,,,,,,,,,,,
8,,,7914,,,,,,,,,,,,,,,,,,,,,,,,,,,,,,,,,,,,0.6729696393013,,,,,,,,,,,,,,,,,,,,,,,,,,,,,,,,,,,,
8,,,7919,,,,,,,,,,,,,,,,,,,,,,,,,,,,,,,,,,,,0.4679439961910248,,,,,,,,,,,,,,,,,,,,,,,,,,,,,,,,,,,,
8,,,7924,,,,,,,,,,,,,,,,,,,,,,,,,,,,,,,,,,,,0.4264117181301117,,,,,,,,,,,,,,,,,,,,,,,,,,,,,,,,,,,,
8,,,7929,,,,,,,,,,,,,,,,,,,,,,,,,,,,,,,,,,,,0.4303867220878601,,,,,,,,,,,,,,,,,,,,,,,,,,,,,,,,,,,,
8,,,7934,,,,,,,,,,,,,,,,,,,,,,,,,,,,,,,,,,,,0.4742088317871094,,,,,,,,,,,,,,,,,,,,,,,,,,,,,,,,,,,,
8,,,7939,,,,,,,,,,,,,,,,,,,,,,,,,,,,,,,,,,,,0.43745148181915283,,,,,,,,,,,,,,,,,,,,,,,,,,,,,,,,,,,,
8,,,7944,,,,,,,,,,,,,,,,,,,,,,,,,,,,,,,,,,,,0.631998598575592,,,,,,,,,,,,,,,,,,,,,,,,,,,,,,,,,,,,
8,,,7949,,,,,,,,,,,,,,,,,,,,,,,,,,,,,,,,,,,,0.7545749545097351,,,,,,,,,,,,,,,,,,,,,,,,,,,,,,,,,,,,
8,,,7954,,,,,,,,,,,,,,,,,,,,,,,,,,,,,,,,,,,,0.6443467140197754,,,,,,,,,,,,,,,,,,,,,,,,,,,,,,,,,,,,
8,,,7959,,,,,,,,,,,,,,,,,,,,,,,,,,,,,,,,,,,,0.5852658152580261,,,,,,,,,,,,,,,,,,,,,,,,,,,,,,,,,,,,
8,,,7964,,,,,,,,,,,,,,,,,,,,,,,,,,,,,,,,,,,,0.5762346982955933,,,,,,,,,,,,,,,,,,,,,,,,,,,,,,,,,,,,
8,,,7969,,,,,,,,,,,,,,,,,,,,,,,,,,,,,,,,,,,,0.5983281135559082,,,,,,,,,,,,,,,,,,,,,,,,,,,,,,,,,,,,
8,,,7974,,,,,,,,,,,,,,,,,,,,,,,,,,,,,,,,,,,,0.47344058752059937,,,,,,,,,,,,,,,,,,,,,,,,,,,,,,,,,,,,
8,,,7979,,,,,,,,,,,,,,,,,,,,,,,,,,,,,,,,,,,,0.5594907402992249,,,,,,,,,,,,,,,,,,,,,,,,,,,,,,,,,,,,
8,,,7984,,,,,,,,,,,,,,,,,,,,,,,,,,,,,,,,,,,,0.5384900569915771,,,,,,,,,,,,,,,,,,,,,,,,,,,,,,,,,,,,
8,,,7989,,,,,,,,,,,,,,,,,,,,,,,,,,,,,,,,,,,,0.4361172318458557,,,,,,,,,,,,,,,,,,,,,,,,,,,,,,,,,,,,
8,,,7994,,,,,,,,,,,,,,,,,,,,,,,,,,,,,,,,,,,,0.6351209282875061,,,,,,,,,,,,,,,,,,,,,,,,,,,,,,,,,,,,
8,,,7999,,,,,,,,,,,,,,,,,,,,,,,,,,,,,,,,,,,,0.5233794450759888,,,,,,,,,,,,,,,,,,,,,,,,,,,,,,,,,,,,
8,,,8004,,,,,,,,,,,,,,,,,,,,,,,,,,,,,,,,,,,,0.46442461013793945,,,,,,,,,,,,,,,,,,,,,,,,,,,,,,,,,,,,
8,,,8009,,,,,,,,,,,,,,,,,,,,,,,,,,,,,,,,,,,,0.45674437284469604,,,,,,,,,,,,,,,,,,,,,,,,,,,,,,,,,,,,
8,,,8014,,,,,,,,,,,,,,,,,,,,,,,,,,,,,,,,,,,,0.5297752022743225,,,,,,,,,,,,,,,,,,,,,,,,,,,,,,,,,,,,
8,,,8019,,,,,,,,,,,,,,,,,,,,,,,,,,,,,,,,,,,,0.5385473370552063,,,,,,,,,,,,,,,,,,,,,,,,,,,,,,,,,,,,
8,,,8024,,,,,,,,,,,,,,,,,,,,,,,,,,,,,,,,,,,,0.4964408874511719,,,,,,,,,,,,,,,,,,,,,,,,,,,,,,,,,,,,
8,,,8029,,,,,,,,,,,,,,,,,,,,,,,,,,,,,,,,,,,,0.7090151906013489,,,,,,,,,,,,,,,,,,,,,,,,,,,,,,,,,,,,
8,,,8034,,,,,,,,,,,,,,,,,,,,,,,,,,,,,,,,,,,,0.5305275321006775,,,,,,,,,,,,,,,,,,,,,,,,,,,,,,,,,,,,
8,,,8039,,,,,,,,,,,,,,,,,,,,,,,,,,,,,,,,,,,,0.5744094848632812,,,,,,,,,,,,,,,,,,,,,,,,,,,,,,,,,,,,
8,,,8044,,,,,,,,,,,,,,,,,,,,,,,,,,,,,,,,,,,,0.6484662294387817,,,,,,,,,,,,,,,,,,,,,,,,,,,,,,,,,,,,
8,,,8049,,,,,,,,,,,,,,,,,,,,,,,,,,,,,,,,,,,,0.7278376221656799,,,,,,,,,,,,,,,,,,,,,,,,,,,,,,,,,,,,
8,,,8054,,,,,,,,,,,,,,,,,,,,,,,,,,,,,,,,,,,,0.6640317440032959,,,,,,,,,,,,,,,,,,,,,,,,,,,,,,,,,,,,
8,,,8059,,,,,,,,,,,,,,,,,,,,,,,,,,,,,,,,,,,,0.48526281118392944,,,,,,,,,,,,,,,,,,,,,,,,,,,,,,,,,,,,
8,,,8064,,,,,,,,,,,,,,,,,,,,,,,,,,,,,,,,,,,,0.5044891834259033,,,,,,,,,,,,,,,,,,,,,,,,,,,,,,,,,,,,
8,,,8069,,,,,,,,,,,,,,,,,,,,,,,,,,,,,,,,,,,,0.4254094660282135,,,,,,,,,,,,,,,,,,,,,,,,,,,,,,,,,,,,
8,,,8074,,,,,,,,,,,,,,,,,,,,,,,,,,,,,,,,,,,,0.5258246064186096,,,,,,,,,,,,,,,,,,,,,,,,,,,,,,,,,,,,
8,,,8079,,,,,,,,,,,,,,,,,,,,,,,,,,,,,,,,,,,,0.6742413640022278,,,,,,,,,,,,,,,,,,,,,,,,,,,,,,,,,,,,
8,,,8084,,,,,,,,,,,,,,,,,,,,,,,,,,,,,,,,,,,,0.5210220217704773,,,,,,,,,,,,,,,,,,,,,,,,,,,,,,,,,,,,
8,,,8089,,,,,,,,,,,,,,,,,,,,,,,,,,,,,,,,,,,,0.6775050759315491,,,,,,,,,,,,,,,,,,,,,,,,,,,,,,,,,,,,
8,,,8094,,,,,,,,,,,,,,,,,,,,,,,,,,,,,,,,,,,,0.5143738985061646,,,,,,,,,,,,,,,,,,,,,,,,,,,,,,,,,,,,
8,,,8099,,,,,,,,,,,,,,,,,,,,,,,,,,,,,,,,,,,,0.6499496698379517,,,,,,,,,,,,,,,,,,,,,,,,,,,,,,,,,,,,
8,,,8104,,,,,,,,,,,,,,,,,,,,,,,,,,,,,,,,,,,,0.4100176990032196,,,,,,,,,,,,,,,,,,,,,,,,,,,,,,,,,,,,
8,,,8109,,,,,,,,,,,,,,,,,,,,,,,,,,,,,,,,,,,,0.5824781060218811,,,,,,,,,,,,,,,,,,,,,,,,,,,,,,,,,,,,
8,,,8114,,,,,,,,,,,,,,,,,,,,,,,,,,,,,,,,,,,,0.6178682446479797,,,,,,,,,,,,,,,,,,,,,,,,,,,,,,,,,,,,
8,,,8119,,,,,,,,,,,,,,,,,,,,,,,,,,,,,,,,,,,,0.5201139450073242,,,,,,,,,,,,,,,,,,,,,,,,,,,,,,,,,,,,
8,,,8124,,,,,,,,,,,,,,,,,,,,,,,,,,,,,,,,,,,,0.4494142532348633,,,,,,,,,,,,,,,,,,,,,,,,,,,,,,,,,,,,
8,,,8129,,,,,,,,,,,,,,,,,,,,,,,,,,,,,,,,,,,,0.6776812076568604,,,,,,,,,,,,,,,,,,,,,,,,,,,,,,,,,,,,
8,,,8134,,,,,,,,,,,,,,,,,,,,,,,,,,,,,,,,,,,,0.49144816398620605,,,,,,,,,,,,,,,,,,,,,,,,,,,,,,,,,,,,
8,,,8139,,,,,,,,,,,,,,,,,,,,,,,,,,,,,,,,,,,,0.6752678155899048,,,,,,,,,,,,,,,,,,,,,,,,,,,,,,,,,,,,
8,,,8144,,,,,,,,,,,,,,,,,,,,,,,,,,,,,,,,,,,,0.7304880619049072,,,,,,,,,,,,,,,,,,,,,,,,,,,,,,,,,,,,
8,,,8149,,,,,,,,,,,,,,,,,,,,,,,,,,,,,,,,,,,,0.6713303327560425,,,,,,,,,,,,,,,,,,,,,,,,,,,,,,,,,,,,
8,,,8154,,,,,,,,,,,,,,,,,,,,,,,,,,,,,,,,,,,,0.4992005228996277,,,,,,,,,,,,,,,,,,,,,,,,,,,,,,,,,,,,
8,,,8159,,,,,,,,,,,,,,,,,,,,,,,,,,,,,,,,,,,,0.5743768215179443,,,,,,,,,,,,,,,,,,,,,,,,,,,,,,,,,,,,
8,,,8164,,,,,,,,,,,,,,,,,,,,,,,,,,,,,,,,,,,,0.6667351722717285,,,,,,,,,,,,,,,,,,,,,,,,,,,,,,,,,,,,
8,,,8169,,,,,,,,,,,,,,,,,,,,,,,,,,,,,,,,,,,,0.4892839193344116,,,,,,,,,,,,,,,,,,,,,,,,,,,,,,,,,,,,
8,,,8174,,,,,,,,,,,,,,,,,,,,,,,,,,,,,,,,,,,,0.5189676284790039,,,,,,,,,,,,,,,,,,,,,,,,,,,,,,,,,,,,
8,,,8179,,,,,,,,,,,,,,,,,,,,,,,,,,,,,,,,,,,,0.5065587759017944,,,,,,,,,,,,,,,,,,,,,,,,,,,,,,,,,,,,
8,,,8184,,,,,,,,,,,,,,,,,,,,,,,,,,,,,,,,,,,,0.5060943365097046,,,,,,,,,,,,,,,,,,,,,,,,,,,,,,,,,,,,
8,,,8189,,,,,,,,,,,,,,,,,,,,,,,,,,,,,,,,,,,,0.6191961765289307,,,,,,,,,,,,,,,,,,,,,,,,,,,,,,,,,,,,
8,,,8194,,,,,,,,,,,,,,,,,,,,,,,,,,,,,,,,,,,,0.5969053506851196,,,,,,,,,,,,,,,,,,,,,,,,,,,,,,,,,,,,
8,,,8199,,,,,,,,,,,,,,,,,,,,,,,,,,,,,,,,,,,,0.6242291331291199,,,,,,,,,,,,,,,,,,,,,,,,,,,,,,,,,,,,
8,,,8204,,,,,,,,,,,,,,,,,,,,,,,,,,,,,,,,,,,,0.535916805267334,,,,,,,,,,,,,,,,,,,,,,,,,,,,,,,,,,,,
8,,,8209,,,,,,,,,,,,,,,,,,,,,,,,,,,,,,,,,,,,0.6048426032066345,,,,,,,,,,,,,,,,,,,,,,,,,,,,,,,,,,,,
8,,,8214,,,,,,,,,,,,,,,,,,,,,,,,,,,,,,,,,,,,0.5350525975227356,,,,,,,,,,,,,,,,,,,,,,,,,,,,,,,,,,,,
8,,,8219,,,,,,,,,,,,,,,,,,,,,,,,,,,,,,,,,,,,0.4471375346183777,,,,,,,,,,,,,,,,,,,,,,,,,,,,,,,,,,,,
8,,,8224,,,,,,,,,,,,,,,,,,,,,,,,,,,,,,,,,,,,0.5696160197257996,,,,,,,,,,,,,,,,,,,,,,,,,,,,,,,,,,,,
8,,,8229,,,,,,,,,,,,,,,,,,,,,,,,,,,,,,,,,,,,0.6165812015533447,,,,,,,,,,,,,,,,,,,,,,,,,,,,,,,,,,,,
8,,,8234,,,,,,,,,,,,,,,,,,,,,,,,,,,,,,,,,,,,0.6494108438491821,,,,,,,,,,,,,,,,,,,,,,,,,,,,,,,,,,,,
8,,,8239,,,,,,,,,,,,,,,,,,,,,,,,,,,,,,,,,,,,0.44016706943511963,,,,,,,,,,,,,,,,,,,,,,,,,,,,,,,,,,,,
8,,,8244,,,,,,,,,,,,,,,,,,,,,,,,,,,,,,,,,,,,0.6261882185935974,,,,,,,,,,,,,,,,,,,,,,,,,,,,,,,,,,,,
8,,,8249,,,,,,,,,,,,,,,,,,,,,,,,,,,,,,,,,,,,0.6231104731559753,,,,,,,,,,,,,,,,,,,,,,,,,,,,,,,,,,,,
8,,,8254,,,,,,,,,,,,,,,,,,,,,,,,,,,,,,,,,,,,0.49817657470703125,,,,,,,,,,,,,,,,,,,,,,,,,,,,,,,,,,,,
8,,,8259,,,,,,,,,,,,,,,,,,,,,,,,,,,,,,,,,,,,0.6120650768280029,,,,,,,,,,,,,,,,,,,,,,,,,,,,,,,,,,,,
8,,,8264,,,,,,,,,,,,,,,,,,,,,,,,,,,,,,,,,,,,0.6642096042633057,,,,,,,,,,,,,,,,,,,,,,,,,,,,,,,,,,,,
8,,,8269,,,,,,,,,,,,,,,,,,,,,,,,,,,,,,,,,,,,0.6320273876190186,,,,,,,,,,,,,,,,,,,,,,,,,,,,,,,,,,,,
8,,,8274,,,,,,,,,,,,,,,,,,,,,,,,,,,,,,,,,,,,0.6833695769309998,,,,,,,,,,,,,,,,,,,,,,,,,,,,,,,,,,,,
8,,,8279,,,,,,,,,,,,,,,,,,,,,,,,,,,,,,,,,,,,0.5857497453689575,,,,,,,,,,,,,,,,,,,,,,,,,,,,,,,,,,,,
8,,,8284,,,,,,,,,,,,,,,,,,,,,,,,,,,,,,,,,,,,0.7438790798187256,,,,,,,,,,,,,,,,,,,,,,,,,,,,,,,,,,,,
8,,,8288,,,,,,,,,,,,,,,,,,,,,,,,,,,,,,,,,,,,,0.7835205793380737,0.7454267740249634,0.6405255198478699,0.727467954158783,0.7835205793380737,0.0,0.8952773809432983,0.7992452383041382,0.9255390763282776,0.514020562171936,0.0,0.8932654857635498,0.8226629495620728,0.9152318835258484,0.3505469560623169,0.0,0.8071180582046509,0.6987488865852356,0.8437120318412781,0.21252314746379852,0.0,0.8912625908851624,0.8474944233894348,0.9051517844200134,0.26596295833587646,0.0,0.8952773809432983,0.7992452383041382,0.9255390763282776,0.514020562171936,0.8537483811378479,0.8537483811378479,0.7448176145553589,0.8537483811378479,0.8537483811378479,0.6076230406761169
8,,,8288,0.7612819671630859,0.7379065752029419,0.63189697265625,0.7207590341567993,0.7612819671630859,0.0,0.8798852562904358,0.8264538049697876,0.9301357865333557,0.4086528718471527,0.0,0.8884492516517639,0.8249056339263916,0.9048619866371155,0.3334096074104309,0.0,0.7992880940437317,0.7019909024238586,0.8262538313865662,0.20005491375923157,0.0,0.8971815705299377,0.8233631253242493,0.8809252977371216,0.28156620264053345,0.0,0.8798852562904358,0.8264538049697876,0.9301357865333557,0.4086528718471527,0.8527089357376099,0.8527089357376099,0.7432367205619812,0.8527089357376099,0.8527089357376099,,,,,,,,,,,,,,,,,,,,,,,,,,,,,,,,,,,,,
,1e-05,0.0001,8289,,,,,,,,,,,,,,,,,,,,,,,,,,,,,,,,,,,,,,,,,,,,,,,,,,,,,,,,,,,,,,,,,,,,,,,,
9,,,8289,,,,,,,,,,,,,,,,,,,,,,,,,,,,,,,,,,,,0.6878865957260132,,,,,,,,,,,,,,,,,,,,,,,,,,,,,,,,,,,,
9,,,8294,,,,,,,,,,,,,,,,,,,,,,,,,,,,,,,,,,,,0.5369898080825806,,,,,,,,,,,,,,,,,,,,,,,,,,,,,,,,,,,,
9,,,8299,,,,,,,,,,,,,,,,,,,,,,,,,,,,,,,,,,,,0.7084048986434937,,,,,,,,,,,,,,,,,,,,,,,,,,,,,,,,,,,,
9,,,8304,,,,,,,,,,,,,,,,,,,,,,,,,,,,,,,,,,,,0.7321400046348572,,,,,,,,,,,,,,,,,,,,,,,,,,,,,,,,,,,,
9,,,8309,,,,,,,,,,,,,,,,,,,,,,,,,,,,,,,,,,,,0.4861026108264923,,,,,,,,,,,,,,,,,,,,,,,,,,,,,,,,,,,,
9,,,8314,,,,,,,,,,,,,,,,,,,,,,,,,,,,,,,,,,,,0.5726636648178101,,,,,,,,,,,,,,,,,,,,,,,,,,,,,,,,,,,,
9,,,8319,,,,,,,,,,,,,,,,,,,,,,,,,,,,,,,,,,,,0.5914310812950134,,,,,,,,,,,,,,,,,,,,,,,,,,,,,,,,,,,,
9,,,8324,,,,,,,,,,,,,,,,,,,,,,,,,,,,,,,,,,,,0.6751483082771301,,,,,,,,,,,,,,,,,,,,,,,,,,,,,,,,,,,,
9,,,8329,,,,,,,,,,,,,,,,,,,,,,,,,,,,,,,,,,,,0.5794668793678284,,,,,,,,,,,,,,,,,,,,,,,,,,,,,,,,,,,,
9,,,8334,,,,,,,,,,,,,,,,,,,,,,,,,,,,,,,,,,,,0.5049530267715454,,,,,,,,,,,,,,,,,,,,,,,,,,,,,,,,,,,,
9,,,8339,,,,,,,,,,,,,,,,,,,,,,,,,,,,,,,,,,,,0.5601425766944885,,,,,,,,,,,,,,,,,,,,,,,,,,,,,,,,,,,,
9,,,8344,,,,,,,,,,,,,,,,,,,,,,,,,,,,,,,,,,,,0.5665072202682495,,,,,,,,,,,,,,,,,,,,,,,,,,,,,,,,,,,,
9,,,8349,,,,,,,,,,,,,,,,,,,,,,,,,,,,,,,,,,,,0.5677914619445801,,,,,,,,,,,,,,,,,,,,,,,,,,,,,,,,,,,,
9,,,8354,,,,,,,,,,,,,,,,,,,,,,,,,,,,,,,,,,,,0.7007125616073608,,,,,,,,,,,,,,,,,,,,,,,,,,,,,,,,,,,,
9,,,8359,,,,,,,,,,,,,,,,,,,,,,,,,,,,,,,,,,,,0.4593462646007538,,,,,,,,,,,,,,,,,,,,,,,,,,,,,,,,,,,,
9,,,8364,,,,,,,,,,,,,,,,,,,,,,,,,,,,,,,,,,,,0.515437126159668,,,,,,,,,,,,,,,,,,,,,,,,,,,,,,,,,,,,
9,,,8369,,,,,,,,,,,,,,,,,,,,,,,,,,,,,,,,,,,,0.5100723505020142,,,,,,,,,,,,,,,,,,,,,,,,,,,,,,,,,,,,
9,,,8374,,,,,,,,,,,,,,,,,,,,,,,,,,,,,,,,,,,,0.39308494329452515,,,,,,,,,,,,,,,,,,,,,,,,,,,,,,,,,,,,
9,,,8379,,,,,,,,,,,,,,,,,,,,,,,,,,,,,,,,,,,,0.5042709708213806,,,,,,,,,,,,,,,,,,,,,,,,,,,,,,,,,,,,
9,,,8384,,,,,,,,,,,,,,,,,,,,,,,,,,,,,,,,,,,,0.5123481154441833,,,,,,,,,,,,,,,,,,,,,,,,,,,,,,,,,,,,
9,,,8389,,,,,,,,,,,,,,,,,,,,,,,,,,,,,,,,,,,,0.4521443247795105,,,,,,,,,,,,,,,,,,,,,,,,,,,,,,,,,,,,
9,,,8394,,,,,,,,,,,,,,,,,,,,,,,,,,,,,,,,,,,,0.5114704370498657,,,,,,,,,,,,,,,,,,,,,,,,,,,,,,,,,,,,
9,,,8399,,,,,,,,,,,,,,,,,,,,,,,,,,,,,,,,,,,,0.45218488574028015,,,,,,,,,,,,,,,,,,,,,,,,,,,,,,,,,,,,
9,,,8404,,,,,,,,,,,,,,,,,,,,,,,,,,,,,,,,,,,,0.5978559255599976,,,,,,,,,,,,,,,,,,,,,,,,,,,,,,,,,,,,
9,,,8409,,,,,,,,,,,,,,,,,,,,,,,,,,,,,,,,,,,,0.45289912819862366,,,,,,,,,,,,,,,,,,,,,,,,,,,,,,,,,,,,
9,,,8414,,,,,,,,,,,,,,,,,,,,,,,,,,,,,,,,,,,,0.5083964467048645,,,,,,,,,,,,,,,,,,,,,,,,,,,,,,,,,,,,
9,,,8419,,,,,,,,,,,,,,,,,,,,,,,,,,,,,,,,,,,,0.6313631534576416,,,,,,,,,,,,,,,,,,,,,,,,,,,,,,,,,,,,
9,,,8424,,,,,,,,,,,,,,,,,,,,,,,,,,,,,,,,,,,,0.6125985383987427,,,,,,,,,,,,,,,,,,,,,,,,,,,,,,,,,,,,
9,,,8429,,,,,,,,,,,,,,,,,,,,,,,,,,,,,,,,,,,,0.5255297422409058,,,,,,,,,,,,,,,,,,,,,,,,,,,,,,,,,,,,
9,,,8434,,,,,,,,,,,,,,,,,,,,,,,,,,,,,,,,,,,,0.6692243814468384,,,,,,,,,,,,,,,,,,,,,,,,,,,,,,,,,,,,
9,,,8439,,,,,,,,,,,,,,,,,,,,,,,,,,,,,,,,,,,,0.5657598376274109,,,,,,,,,,,,,,,,,,,,,,,,,,,,,,,,,,,,
9,,,8444,,,,,,,,,,,,,,,,,,,,,,,,,,,,,,,,,,,,0.6724801659584045,,,,,,,,,,,,,,,,,,,,,,,,,,,,,,,,,,,,
9,,,8449,,,,,,,,,,,,,,,,,,,,,,,,,,,,,,,,,,,,0.681560218334198,,,,,,,,,,,,,,,,,,,,,,,,,,,,,,,,,,,,
9,,,8454,,,,,,,,,,,,,,,,,,,,,,,,,,,,,,,,,,,,0.5462189316749573,,,,,,,,,,,,,,,,,,,,,,,,,,,,,,,,,,,,
9,,,8459,,,,,,,,,,,,,,,,,,,,,,,,,,,,,,,,,,,,0.4856898784637451,,,,,,,,,,,,,,,,,,,,,,,,,,,,,,,,,,,,
9,,,8464,,,,,,,,,,,,,,,,,,,,,,,,,,,,,,,,,,,,0.5028392672538757,,,,,,,,,,,,,,,,,,,,,,,,,,,,,,,,,,,,
9,,,8469,,,,,,,,,,,,,,,,,,,,,,,,,,,,,,,,,,,,0.500330924987793,,,,,,,,,,,,,,,,,,,,,,,,,,,,,,,,,,,,
9,,,8474,,,,,,,,,,,,,,,,,,,,,,,,,,,,,,,,,,,,0.6453070640563965,,,,,,,,,,,,,,,,,,,,,,,,,,,,,,,,,,,,
9,,,8479,,,,,,,,,,,,,,,,,,,,,,,,,,,,,,,,,,,,0.46789202094078064,,,,,,,,,,,,,,,,,,,,,,,,,,,,,,,,,,,,
9,,,8484,,,,,,,,,,,,,,,,,,,,,,,,,,,,,,,,,,,,0.5105969905853271,,,,,,,,,,,,,,,,,,,,,,,,,,,,,,,,,,,,
9,,,8489,,,,,,,,,,,,,,,,,,,,,,,,,,,,,,,,,,,,0.6975562572479248,,,,,,,,,,,,,,,,,,,,,,,,,,,,,,,,,,,,
9,,,8494,,,,,,,,,,,,,,,,,,,,,,,,,,,,,,,,,,,,0.5088390111923218,,,,,,,,,,,,,,,,,,,,,,,,,,,,,,,,,,,,
9,,,8499,,,,,,,,,,,,,,,,,,,,,,,,,,,,,,,,,,,,0.529819667339325,,,,,,,,,,,,,,,,,,,,,,,,,,,,,,,,,,,,
9,,,8504,,,,,,,,,,,,,,,,,,,,,,,,,,,,,,,,,,,,0.5298902988433838,,,,,,,,,,,,,,,,,,,,,,,,,,,,,,,,,,,,
9,,,8509,,,,,,,,,,,,,,,,,,,,,,,,,,,,,,,,,,,,0.7495352029800415,,,,,,,,,,,,,,,,,,,,,,,,,,,,,,,,,,,,
9,,,8514,,,,,,,,,,,,,,,,,,,,,,,,,,,,,,,,,,,,0.5222184062004089,,,,,,,,,,,,,,,,,,,,,,,,,,,,,,,,,,,,
9,,,8519,,,,,,,,,,,,,,,,,,,,,,,,,,,,,,,,,,,,0.5110998749732971,,,,,,,,,,,,,,,,,,,,,,,,,,,,,,,,,,,,
9,,,8524,,,,,,,,,,,,,,,,,,,,,,,,,,,,,,,,,,,,0.7411739826202393,,,,,,,,,,,,,,,,,,,,,,,,,,,,,,,,,,,,
9,,,8529,,,,,,,,,,,,,,,,,,,,,,,,,,,,,,,,,,,,0.500318706035614,,,,,,,,,,,,,,,,,,,,,,,,,,,,,,,,,,,,
9,,,8534,,,,,,,,,,,,,,,,,,,,,,,,,,,,,,,,,,,,0.521215558052063,,,,,,,,,,,,,,,,,,,,,,,,,,,,,,,,,,,,
9,,,8539,,,,,,,,,,,,,,,,,,,,,,,,,,,,,,,,,,,,0.4630252718925476,,,,,,,,,,,,,,,,,,,,,,,,,,,,,,,,,,,,
9,,,8544,,,,,,,,,,,,,,,,,,,,,,,,,,,,,,,,,,,,0.4870363473892212,,,,,,,,,,,,,,,,,,,,,,,,,,,,,,,,,,,,
9,,,8549,,,,,,,,,,,,,,,,,,,,,,,,,,,,,,,,,,,,0.4766698181629181,,,,,,,,,,,,,,,,,,,,,,,,,,,,,,,,,,,,
9,,,8554,,,,,,,,,,,,,,,,,,,,,,,,,,,,,,,,,,,,0.5895609855651855,,,,,,,,,,,,,,,,,,,,,,,,,,,,,,,,,,,,
9,,,8559,,,,,,,,,,,,,,,,,,,,,,,,,,,,,,,,,,,,0.6811513304710388,,,,,,,,,,,,,,,,,,,,,,,,,,,,,,,,,,,,
9,,,8564,,,,,,,,,,,,,,,,,,,,,,,,,,,,,,,,,,,,0.7093254327774048,,,,,,,,,,,,,,,,,,,,,,,,,,,,,,,,,,,,
9,,,8569,,,,,,,,,,,,,,,,,,,,,,,,,,,,,,,,,,,,0.4953555166721344,,,,,,,,,,,,,,,,,,,,,,,,,,,,,,,,,,,,
9,,,8574,,,,,,,,,,,,,,,,,,,,,,,,,,,,,,,,,,,,0.5112277269363403,,,,,,,,,,,,,,,,,,,,,,,,,,,,,,,,,,,,
9,,,8579,,,,,,,,,,,,,,,,,,,,,,,,,,,,,,,,,,,,0.3980378806591034,,,,,,,,,,,,,,,,,,,,,,,,,,,,,,,,,,,,
9,,,8584,,,,,,,,,,,,,,,,,,,,,,,,,,,,,,,,,,,,0.41113194823265076,,,,,,,,,,,,,,,,,,,,,,,,,,,,,,,,,,,,
9,,,8589,,,,,,,,,,,,,,,,,,,,,,,,,,,,,,,,,,,,0.7570763230323792,,,,,,,,,,,,,,,,,,,,,,,,,,,,,,,,,,,,
9,,,8594,,,,,,,,,,,,,,,,,,,,,,,,,,,,,,,,,,,,0.6222631335258484,,,,,,,,,,,,,,,,,,,,,,,,,,,,,,,,,,,,
9,,,8599,,,,,,,,,,,,,,,,,,,,,,,,,,,,,,,,,,,,0.6271780133247375,,,,,,,,,,,,,,,,,,,,,,,,,,,,,,,,,,,,
9,,,8604,,,,,,,,,,,,,,,,,,,,,,,,,,,,,,,,,,,,0.5420499444007874,,,,,,,,,,,,,,,,,,,,,,,,,,,,,,,,,,,,
9,,,8609,,,,,,,,,,,,,,,,,,,,,,,,,,,,,,,,,,,,0.540594220161438,,,,,,,,,,,,,,,,,,,,,,,,,,,,,,,,,,,,
9,,,8614,,,,,,,,,,,,,,,,,,,,,,,,,,,,,,,,,,,,0.5015358924865723,,,,,,,,,,,,,,,,,,,,,,,,,,,,,,,,,,,,
9,,,8619,,,,,,,,,,,,,,,,,,,,,,,,,,,,,,,,,,,,0.4587693214416504,,,,,,,,,,,,,,,,,,,,,,,,,,,,,,,,,,,,
9,,,8624,,,,,,,,,,,,,,,,,,,,,,,,,,,,,,,,,,,,0.6457364559173584,,,,,,,,,,,,,,,,,,,,,,,,,,,,,,,,,,,,
9,,,8629,,,,,,,,,,,,,,,,,,,,,,,,,,,,,,,,,,,,0.5355145931243896,,,,,,,,,,,,,,,,,,,,,,,,,,,,,,,,,,,,
9,,,8634,,,,,,,,,,,,,,,,,,,,,,,,,,,,,,,,,,,,0.4521941542625427,,,,,,,,,,,,,,,,,,,,,,,,,,,,,,,,,,,,
9,,,8639,,,,,,,,,,,,,,,,,,,,,,,,,,,,,,,,,,,,0.49190962314605713,,,,,,,,,,,,,,,,,,,,,,,,,,,,,,,,,,,,
9,,,8644,,,,,,,,,,,,,,,,,,,,,,,,,,,,,,,,,,,,0.684594452381134,,,,,,,,,,,,,,,,,,,,,,,,,,,,,,,,,,,,
9,,,8649,,,,,,,,,,,,,,,,,,,,,,,,,,,,,,,,,,,,0.5078474879264832,,,,,,,,,,,,,,,,,,,,,,,,,,,,,,,,,,,,
9,,,8654,,,,,,,,,,,,,,,,,,,,,,,,,,,,,,,,,,,,0.6763839721679688,,,,,,,,,,,,,,,,,,,,,,,,,,,,,,,,,,,,
9,,,8659,,,,,,,,,,,,,,,,,,,,,,,,,,,,,,,,,,,,0.769382894039154,,,,,,,,,,,,,,,,,,,,,,,,,,,,,,,,,,,,
9,,,8664,,,,,,,,,,,,,,,,,,,,,,,,,,,,,,,,,,,,0.6270163059234619,,,,,,,,,,,,,,,,,,,,,,,,,,,,,,,,,,,,
9,,,8669,,,,,,,,,,,,,,,,,,,,,,,,,,,,,,,,,,,,0.7069679498672485,,,,,,,,,,,,,,,,,,,,,,,,,,,,,,,,,,,,
9,,,8674,,,,,,,,,,,,,,,,,,,,,,,,,,,,,,,,,,,,0.722160279750824,,,,,,,,,,,,,,,,,,,,,,,,,,,,,,,,,,,,
9,,,8679,,,,,,,,,,,,,,,,,,,,,,,,,,,,,,,,,,,,0.49752822518348694,,,,,,,,,,,,,,,,,,,,,,,,,,,,,,,,,,,,
9,,,8684,,,,,,,,,,,,,,,,,,,,,,,,,,,,,,,,,,,,0.5029938817024231,,,,,,,,,,,,,,,,,,,,,,,,,,,,,,,,,,,,
9,,,8689,,,,,,,,,,,,,,,,,,,,,,,,,,,,,,,,,,,,0.4948509633541107,,,,,,,,,,,,,,,,,,,,,,,,,,,,,,,,,,,,
9,,,8694,,,,,,,,,,,,,,,,,,,,,,,,,,,,,,,,,,,,0.6654449701309204,,,,,,,,,,,,,,,,,,,,,,,,,,,,,,,,,,,,
9,,,8699,,,,,,,,,,,,,,,,,,,,,,,,,,,,,,,,,,,,0.5415804386138916,,,,,,,,,,,,,,,,,,,,,,,,,,,,,,,,,,,,
9,,,8704,,,,,,,,,,,,,,,,,,,,,,,,,,,,,,,,,,,,0.4579773247241974,,,,,,,,,,,,,,,,,,,,,,,,,,,,,,,,,,,,
9,,,8709,,,,,,,,,,,,,,,,,,,,,,,,,,,,,,,,,,,,0.41996634006500244,,,,,,,,,,,,,,,,,,,,,,,,,,,,,,,,,,,,
9,,,8714,,,,,,,,,,,,,,,,,,,,,,,,,,,,,,,,,,,,0.4363640546798706,,,,,,,,,,,,,,,,,,,,,,,,,,,,,,,,,,,,
9,,,8719,,,,,,,,,,,,,,,,,,,,,,,,,,,,,,,,,,,,0.4918465316295624,,,,,,,,,,,,,,,,,,,,,,,,,,,,,,,,,,,,
9,,,8724,,,,,,,,,,,,,,,,,,,,,,,,,,,,,,,,,,,,0.6501819491386414,,,,,,,,,,,,,,,,,,,,,,,,,,,,,,,,,,,,
9,,,8729,,,,,,,,,,,,,,,,,,,,,,,,,,,,,,,,,,,,0.5723171234130859,,,,,,,,,,,,,,,,,,,,,,,,,,,,,,,,,,,,
9,,,8734,,,,,,,,,,,,,,,,,,,,,,,,,,,,,,,,,,,,0.6767043471336365,,,,,,,,,,,,,,,,,,,,,,,,,,,,,,,,,,,,
9,,,8739,,,,,,,,,,,,,,,,,,,,,,,,,,,,,,,,,,,,0.4956081211566925,,,,,,,,,,,,,,,,,,,,,,,,,,,,,,,,,,,,
9,,,8744,,,,,,,,,,,,,,,,,,,,,,,,,,,,,,,,,,,,0.6872240900993347,,,,,,,,,,,,,,,,,,,,,,,,,,,,,,,,,,,,
9,,,8749,,,,,,,,,,,,,,,,,,,,,,,,,,,,,,,,,,,,0.5510219931602478,,,,,,,,,,,,,,,,,,,,,,,,,,,,,,,,,,,,
9,,,8754,,,,,,,,,,,,,,,,,,,,,,,,,,,,,,,,,,,,0.7333523035049438,,,,,,,,,,,,,,,,,,,,,,,,,,,,,,,,,,,,
9,,,8759,,,,,,,,,,,,,,,,,,,,,,,,,,,,,,,,,,,,0.7045212984085083,,,,,,,,,,,,,,,,,,,,,,,,,,,,,,,,,,,,
9,,,8764,,,,,,,,,,,,,,,,,,,,,,,,,,,,,,,,,,,,0.6600673794746399,,,,,,,,,,,,,,,,,,,,,,,,,,,,,,,,,,,,
9,,,8769,,,,,,,,,,,,,,,,,,,,,,,,,,,,,,,,,,,,0.674742579460144,,,,,,,,,,,,,,,,,,,,,,,,,,,,,,,,,,,,
9,,,8774,,,,,,,,,,,,,,,,,,,,,,,,,,,,,,,,,,,,0.7033251523971558,,,,,,,,,,,,,,,,,,,,,,,,,,,,,,,,,,,,
9,,,8779,,,,,,,,,,,,,,,,,,,,,,,,,,,,,,,,,,,,0.6287840604782104,,,,,,,,,,,,,,,,,,,,,,,,,,,,,,,,,,,,
9,,,8784,,,,,,,,,,,,,,,,,,,,,,,,,,,,,,,,,,,,0.5852800011634827,,,,,,,,,,,,,,,,,,,,,,,,,,,,,,,,,,,,
9,,,8789,,,,,,,,,,,,,,,,,,,,,,,,,,,,,,,,,,,,0.4233444333076477,,,,,,,,,,,,,,,,,,,,,,,,,,,,,,,,,,,,
9,,,8794,,,,,,,,,,,,,,,,,,,,,,,,,,,,,,,,,,,,0.47206592559814453,,,,,,,,,,,,,,,,,,,,,,,,,,,,,,,,,,,,
9,,,8799,,,,,,,,,,,,,,,,,,,,,,,,,,,,,,,,,,,,0.5322577953338623,,,,,,,,,,,,,,,,,,,,,,,,,,,,,,,,,,,,
9,,,8804,,,,,,,,,,,,,,,,,,,,,,,,,,,,,,,,,,,,0.5444326996803284,,,,,,,,,,,,,,,,,,,,,,,,,,,,,,,,,,,,
9,,,8809,,,,,,,,,,,,,,,,,,,,,,,,,,,,,,,,,,,,0.6220718026161194,,,,,,,,,,,,,,,,,,,,,,,,,,,,,,,,,,,,
9,,,8814,,,,,,,,,,,,,,,,,,,,,,,,,,,,,,,,,,,,0.5859577655792236,,,,,,,,,,,,,,,,,,,,,,,,,,,,,,,,,,,,
9,,,8819,,,,,,,,,,,,,,,,,,,,,,,,,,,,,,,,,,,,0.6395173668861389,,,,,,,,,,,,,,,,,,,,,,,,,,,,,,,,,,,,
9,,,8824,,,,,,,,,,,,,,,,,,,,,,,,,,,,,,,,,,,,0.5578226447105408,,,,,,,,,,,,,,,,,,,,,,,,,,,,,,,,,,,,
9,,,8829,,,,,,,,,,,,,,,,,,,,,,,,,,,,,,,,,,,,0.5099561214447021,,,,,,,,,,,,,,,,,,,,,,,,,,,,,,,,,,,,
9,,,8834,,,,,,,,,,,,,,,,,,,,,,,,,,,,,,,,,,,,0.656353235244751,,,,,,,,,,,,,,,,,,,,,,,,,,,,,,,,,,,,
9,,,8839,,,,,,,,,,,,,,,,,,,,,,,,,,,,,,,,,,,,0.5369629263877869,,,,,,,,,,,,,,,,,,,,,,,,,,,,,,,,,,,,
9,,,8844,,,,,,,,,,,,,,,,,,,,,,,,,,,,,,,,,,,,0.723007321357727,,,,,,,,,,,,,,,,,,,,,,,,,,,,,,,,,,,,
9,,,8849,,,,,,,,,,,,,,,,,,,,,,,,,,,,,,,,,,,,0.47329866886138916,,,,,,,,,,,,,,,,,,,,,,,,,,,,,,,,,,,,
9,,,8854,,,,,,,,,,,,,,,,,,,,,,,,,,,,,,,,,,,,0.5209980607032776,,,,,,,,,,,,,,,,,,,,,,,,,,,,,,,,,,,,
9,,,8859,,,,,,,,,,,,,,,,,,,,,,,,,,,,,,,,,,,,0.6317335367202759,,,,,,,,,,,,,,,,,,,,,,,,,,,,,,,,,,,,
9,,,8864,,,,,,,,,,,,,,,,,,,,,,,,,,,,,,,,,,,,0.6496912837028503,,,,,,,,,,,,,,,,,,,,,,,,,,,,,,,,,,,,
9,,,8869,,,,,,,,,,,,,,,,,,,,,,,,,,,,,,,,,,,,0.6251453161239624,,,,,,,,,,,,,,,,,,,,,,,,,,,,,,,,,,,,
9,,,8874,,,,,,,,,,,,,,,,,,,,,,,,,,,,,,,,,,,,0.6948612928390503,,,,,,,,,,,,,,,,,,,,,,,,,,,,,,,,,,,,
9,,,8879,,,,,,,,,,,,,,,,,,,,,,,,,,,,,,,,,,,,0.47993963956832886,,,,,,,,,,,,,,,,,,,,,,,,,,,,,,,,,,,,
9,,,8884,,,,,,,,,,,,,,,,,,,,,,,,,,,,,,,,,,,,0.5220468640327454,,,,,,,,,,,,,,,,,,,,,,,,,,,,,,,,,,,,
9,,,8889,,,,,,,,,,,,,,,,,,,,,,,,,,,,,,,,,,,,0.6577523350715637,,,,,,,,,,,,,,,,,,,,,,,,,,,,,,,,,,,,
9,,,8894,,,,,,,,,,,,,,,,,,,,,,,,,,,,,,,,,,,,0.7742490172386169,,,,,,,,,,,,,,,,,,,,,,,,,,,,,,,,,,,,
9,,,8899,,,,,,,,,,,,,,,,,,,,,,,,,,,,,,,,,,,,0.5131757855415344,,,,,,,,,,,,,,,,,,,,,,,,,,,,,,,,,,,,
9,,,8904,,,,,,,,,,,,,,,,,,,,,,,,,,,,,,,,,,,,0.6499871015548706,,,,,,,,,,,,,,,,,,,,,,,,,,,,,,,,,,,,
9,,,8909,,,,,,,,,,,,,,,,,,,,,,,,,,,,,,,,,,,,0.5918734073638916,,,,,,,,,,,,,,,,,,,,,,,,,,,,,,,,,,,,
9,,,8914,,,,,,,,,,,,,,,,,,,,,,,,,,,,,,,,,,,,0.5589321255683899,,,,,,,,,,,,,,,,,,,,,,,,,,,,,,,,,,,,
9,,,8919,,,,,,,,,,,,,,,,,,,,,,,,,,,,,,,,,,,,0.494095116853714,,,,,,,,,,,,,,,,,,,,,,,,,,,,,,,,,,,,
9,,,8924,,,,,,,,,,,,,,,,,,,,,,,,,,,,,,,,,,,,0.6051406264305115,,,,,,,,,,,,,,,,,,,,,,,,,,,,,,,,,,,,
9,,,8929,,,,,,,,,,,,,,,,,,,,,,,,,,,,,,,,,,,,0.638465940952301,,,,,,,,,,,,,,,,,,,,,,,,,,,,,,,,,,,,
9,,,8934,,,,,,,,,,,,,,,,,,,,,,,,,,,,,,,,,,,,0.5490207672119141,,,,,,,,,,,,,,,,,,,,,,,,,,,,,,,,,,,,
9,,,8939,,,,,,,,,,,,,,,,,,,,,,,,,,,,,,,,,,,,0.6492859721183777,,,,,,,,,,,,,,,,,,,,,,,,,,,,,,,,,,,,
9,,,8944,,,,,,,,,,,,,,,,,,,,,,,,,,,,,,,,,,,,0.5946063995361328,,,,,,,,,,,,,,,,,,,,,,,,,,,,,,,,,,,,
9,,,8949,,,,,,,,,,,,,,,,,,,,,,,,,,,,,,,,,,,,0.619269847869873,,,,,,,,,,,,,,,,,,,,,,,,,,,,,,,,,,,,
9,,,8954,,,,,,,,,,,,,,,,,,,,,,,,,,,,,,,,,,,,0.5601016283035278,,,,,,,,,,,,,,,,,,,,,,,,,,,,,,,,,,,,
9,,,8959,,,,,,,,,,,,,,,,,,,,,,,,,,,,,,,,,,,,0.5084852576255798,,,,,,,,,,,,,,,,,,,,,,,,,,,,,,,,,,,,
9,,,8964,,,,,,,,,,,,,,,,,,,,,,,,,,,,,,,,,,,,0.7349898815155029,,,,,,,,,,,,,,,,,,,,,,,,,,,,,,,,,,,,
9,,,8969,,,,,,,,,,,,,,,,,,,,,,,,,,,,,,,,,,,,0.6533595323562622,,,,,,,,,,,,,,,,,,,,,,,,,,,,,,,,,,,,
9,,,8974,,,,,,,,,,,,,,,,,,,,,,,,,,,,,,,,,,,,0.6710954904556274,,,,,,,,,,,,,,,,,,,,,,,,,,,,,,,,,,,,
9,,,8979,,,,,,,,,,,,,,,,,,,,,,,,,,,,,,,,,,,,0.4484197199344635,,,,,,,,,,,,,,,,,,,,,,,,,,,,,,,,,,,,
9,,,8984,,,,,,,,,,,,,,,,,,,,,,,,,,,,,,,,,,,,0.6642186641693115,,,,,,,,,,,,,,,,,,,,,,,,,,,,,,,,,,,,
9,,,8989,,,,,,,,,,,,,,,,,,,,,,,,,,,,,,,,,,,,0.5154538750648499,,,,,,,,,,,,,,,,,,,,,,,,,,,,,,,,,,,,
9,,,8994,,,,,,,,,,,,,,,,,,,,,,,,,,,,,,,,,,,,0.6006443500518799,,,,,,,,,,,,,,,,,,,,,,,,,,,,,,,,,,,,
9,,,8999,,,,,,,,,,,,,,,,,,,,,,,,,,,,,,,,,,,,0.4641723036766052,,,,,,,,,,,,,,,,,,,,,,,,,,,,,,,,,,,,
9,,,9004,,,,,,,,,,,,,,,,,,,,,,,,,,,,,,,,,,,,0.4974633753299713,,,,,,,,,,,,,,,,,,,,,,,,,,,,,,,,,,,,
9,,,9009,,,,,,,,,,,,,,,,,,,,,,,,,,,,,,,,,,,,0.5157215595245361,,,,,,,,,,,,,,,,,,,,,,,,,,,,,,,,,,,,
9,,,9014,,,,,,,,,,,,,,,,,,,,,,,,,,,,,,,,,,,,0.7293553352355957,,,,,,,,,,,,,,,,,,,,,,,,,,,,,,,,,,,,
9,,,9019,,,,,,,,,,,,,,,,,,,,,,,,,,,,,,,,,,,,0.5695839524269104,,,,,,,,,,,,,,,,,,,,,,,,,,,,,,,,,,,,
9,,,9024,,,,,,,,,,,,,,,,,,,,,,,,,,,,,,,,,,,,0.7036921977996826,,,,,,,,,,,,,,,,,,,,,,,,,,,,,,,,,,,,
9,,,9029,,,,,,,,,,,,,,,,,,,,,,,,,,,,,,,,,,,,0.5287076234817505,,,,,,,,,,,,,,,,,,,,,,,,,,,,,,,,,,,,
9,,,9034,,,,,,,,,,,,,,,,,,,,,,,,,,,,,,,,,,,,0.5530639886856079,,,,,,,,,,,,,,,,,,,,,,,,,,,,,,,,,,,,
9,,,9039,,,,,,,,,,,,,,,,,,,,,,,,,,,,,,,,,,,,0.6055652499198914,,,,,,,,,,,,,,,,,,,,,,,,,,,,,,,,,,,,
9,,,9044,,,,,,,,,,,,,,,,,,,,,,,,,,,,,,,,,,,,0.5397748947143555,,,,,,,,,,,,,,,,,,,,,,,,,,,,,,,,,,,,
9,,,9049,,,,,,,,,,,,,,,,,,,,,,,,,,,,,,,,,,,,0.5280333161354065,,,,,,,,,,,,,,,,,,,,,,,,,,,,,,,,,,,,
9,,,9054,,,,,,,,,,,,,,,,,,,,,,,,,,,,,,,,,,,,0.7229165434837341,,,,,,,,,,,,,,,,,,,,,,,,,,,,,,,,,,,,
9,,,9059,,,,,,,,,,,,,,,,,,,,,,,,,,,,,,,,,,,,0.5847856998443604,,,,,,,,,,,,,,,,,,,,,,,,,,,,,,,,,,,,
9,,,9064,,,,,,,,,,,,,,,,,,,,,,,,,,,,,,,,,,,,0.42921382188796997,,,,,,,,,,,,,,,,,,,,,,,,,,,,,,,,,,,,
9,,,9069,,,,,,,,,,,,,,,,,,,,,,,,,,,,,,,,,,,,0.49233460426330566,,,,,,,,,,,,,,,,,,,,,,,,,,,,,,,,,,,,
9,,,9074,,,,,,,,,,,,,,,,,,,,,,,,,,,,,,,,,,,,0.6600945591926575,,,,,,,,,,,,,,,,,,,,,,,,,,,,,,,,,,,,
9,,,9079,,,,,,,,,,,,,,,,,,,,,,,,,,,,,,,,,,,,0.49923020601272583,,,,,,,,,,,,,,,,,,,,,,,,,,,,,,,,,,,,
9,,,9084,,,,,,,,,,,,,,,,,,,,,,,,,,,,,,,,,,,,0.660918653011322,,,,,,,,,,,,,,,,,,,,,,,,,,,,,,,,,,,,
9,,,9089,,,,,,,,,,,,,,,,,,,,,,,,,,,,,,,,,,,,0.7105443477630615,,,,,,,,,,,,,,,,,,,,,,,,,,,,,,,,,,,,
9,,,9094,,,,,,,,,,,,,,,,,,,,,,,,,,,,,,,,,,,,0.5600510835647583,,,,,,,,,,,,,,,,,,,,,,,,,,,,,,,,,,,,
9,,,9099,,,,,,,,,,,,,,,,,,,,,,,,,,,,,,,,,,,,0.6209813356399536,,,,,,,,,,,,,,,,,,,,,,,,,,,,,,,,,,,,
9,,,9104,,,,,,,,,,,,,,,,,,,,,,,,,,,,,,,,,,,,0.5135478973388672,,,,,,,,,,,,,,,,,,,,,,,,,,,,,,,,,,,,
9,,,9109,,,,,,,,,,,,,,,,,,,,,,,,,,,,,,,,,,,,0.7809194326400757,,,,,,,,,,,,,,,,,,,,,,,,,,,,,,,,,,,,
9,,,9114,,,,,,,,,,,,,,,,,,,,,,,,,,,,,,,,,,,,0.6734805703163147,,,,,,,,,,,,,,,,,,,,,,,,,,,,,,,,,,,,
9,,,9119,,,,,,,,,,,,,,,,,,,,,,,,,,,,,,,,,,,,0.6965531706809998,,,,,,,,,,,,,,,,,,,,,,,,,,,,,,,,,,,,
9,,,9124,,,,,,,,,,,,,,,,,,,,,,,,,,,,,,,,,,,,0.49376463890075684,,,,,,,,,,,,,,,,,,,,,,,,,,,,,,,,,,,,
9,,,9129,,,,,,,,,,,,,,,,,,,,,,,,,,,,,,,,,,,,0.538835883140564,,,,,,,,,,,,,,,,,,,,,,,,,,,,,,,,,,,,
9,,,9134,,,,,,,,,,,,,,,,,,,,,,,,,,,,,,,,,,,,0.5323259830474854,,,,,,,,,,,,,,,,,,,,,,,,,,,,,,,,,,,,
9,,,9139,,,,,,,,,,,,,,,,,,,,,,,,,,,,,,,,,,,,0.49653854966163635,,,,,,,,,,,,,,,,,,,,,,,,,,,,,,,,,,,,
9,,,9144,,,,,,,,,,,,,,,,,,,,,,,,,,,,,,,,,,,,0.606939435005188,,,,,,,,,,,,,,,,,,,,,,,,,,,,,,,,,,,,
9,,,9149,,,,,,,,,,,,,,,,,,,,,,,,,,,,,,,,,,,,0.5229538083076477,,,,,,,,,,,,,,,,,,,,,,,,,,,,,,,,,,,,
9,,,9154,,,,,,,,,,,,,,,,,,,,,,,,,,,,,,,,,,,,0.5690054893493652,,,,,,,,,,,,,,,,,,,,,,,,,,,,,,,,,,,,
9,,,9159,,,,,,,,,,,,,,,,,,,,,,,,,,,,,,,,,,,,0.6011539101600647,,,,,,,,,,,,,,,,,,,,,,,,,,,,,,,,,,,,
9,,,9164,,,,,,,,,,,,,,,,,,,,,,,,,,,,,,,,,,,,0.5373827219009399,,,,,,,,,,,,,,,,,,,,,,,,,,,,,,,,,,,,
9,,,9169,,,,,,,,,,,,,,,,,,,,,,,,,,,,,,,,,,,,0.5112168788909912,,,,,,,,,,,,,,,,,,,,,,,,,,,,,,,,,,,,
9,,,9174,,,,,,,,,,,,,,,,,,,,,,,,,,,,,,,,,,,,0.6504486203193665,,,,,,,,,,,,,,,,,,,,,,,,,,,,,,,,,,,,
9,,,9179,,,,,,,,,,,,,,,,,,,,,,,,,,,,,,,,,,,,0.5484228134155273,,,,,,,,,,,,,,,,,,,,,,,,,,,,,,,,,,,,
9,,,9184,,,,,,,,,,,,,,,,,,,,,,,,,,,,,,,,,,,,0.6197589635848999,,,,,,,,,,,,,,,,,,,,,,,,,,,,,,,,,,,,
9,,,9189,,,,,,,,,,,,,,,,,,,,,,,,,,,,,,,,,,,,0.4744826555252075,,,,,,,,,,,,,,,,,,,,,,,,,,,,,,,,,,,,
9,,,9194,,,,,,,,,,,,,,,,,,,,,,,,,,,,,,,,,,,,0.530274510383606,,,,,,,,,,,,,,,,,,,,,,,,,,,,,,,,,,,,
9,,,9199,,,,,,,,,,,,,,,,,,,,,,,,,,,,,,,,,,,,0.4498787224292755,,,,,,,,,,,,,,,,,,,,,,,,,,,,,,,,,,,,
9,,,9204,,,,,,,,,,,,,,,,,,,,,,,,,,,,,,,,,,,,0.6063331365585327,,,,,,,,,,,,,,,,,,,,,,,,,,,,,,,,,,,,
9,,,9209,,,,,,,,,,,,,,,,,,,,,,,,,,,,,,,,,,,,0.5825390815734863,,,,,,,,,,,,,,,,,,,,,,,,,,,,,,,,,,,,
9,,,9209,,,,,,,,,,,,,,,,,,,,,,,,,,,,,,,,,,,,,0.7815035581588745,0.7492137551307678,0.6452232599258423,0.7287896275520325,0.7815035581588745,0.0,0.8627154231071472,0.8575778007507324,0.937811553478241,0.46790939569473267,0.0,0.8902086615562439,0.8318689465522766,0.9190993309020996,0.3556782007217407,0.0,0.8021407723426819,0.7121367454528809,0.8503087759017944,0.2163069248199463,0.0,0.9195120930671692,0.8076567649841309,0.9011192321777344,0.28687041997909546,0.0,0.8627154231071472,0.8575778007507324,0.937811553478241,0.46790939569473267,0.8557767271995544,0.8557767271995544,0.7479105591773987,0.8557767271995544,0.8557767271995544,0.5966979265213013
9,,,9209,0.758582353591919,0.7373296022415161,0.6291918158531189,0.7224862575531006,0.758582353591919,0.0,0.8816537857055664,0.8283190727233887,0.9046292901039124,0.4197274446487427,0.0,0.8897832036018372,0.8268653154373169,0.892136812210083,0.340533047914505,0.0,0.8014498353004456,0.7048340439796448,0.8052771091461182,0.2052062749862671,0.0,0.8980638980865479,0.8254166841506958,0.8799846768379211,0.2864798605442047,0.0,0.8816537857055664,0.8283190727233887,0.9046292901039124,0.4197274446487427,0.8539478778839111,0.8539478778839111,0.7451211810112,0.8539478778839111,0.8539478778839111,,,,,,,,,,,,,,,,,,,,,,,,,,,,,,,,,,,,,
,1e-05,0.0001,9210,,,,,,,,,,,,,,,,,,,,,,,,,,,,,,,,,,,,,,,,,,,,,,,,,,,,,,,,,,,,,,,,,,,,,,,,
10,,,9214,,,,,,,,,,,,,,,,,,,,,,,,,,,,,,,,,,,,0.4413967430591583,,,,,,,,,,,,,,,,,,,,,,,,,,,,,,,,,,,,
10,,,9219,,,,,,,,,,,,,,,,,,,,,,,,,,,,,,,,,,,,0.7106077671051025,,,,,,,,,,,,,,,,,,,,,,,,,,,,,,,,,,,,
10,,,9224,,,,,,,,,,,,,,,,,,,,,,,,,,,,,,,,,,,,0.6386973261833191,,,,,,,,,,,,,,,,,,,,,,,,,,,,,,,,,,,,
10,,,9229,,,,,,,,,,,,,,,,,,,,,,,,,,,,,,,,,,,,0.6260628700256348,,,,,,,,,,,,,,,,,,,,,,,,,,,,,,,,,,,,
10,,,9234,,,,,,,,,,,,,,,,,,,,,,,,,,,,,,,,,,,,0.4972333014011383,,,,,,,,,,,,,,,,,,,,,,,,,,,,,,,,,,,,
10,,,9239,,,,,,,,,,,,,,,,,,,,,,,,,,,,,,,,,,,,0.6638278365135193,,,,,,,,,,,,,,,,,,,,,,,,,,,,,,,,,,,,
10,,,9244,,,,,,,,,,,,,,,,,,,,,,,,,,,,,,,,,,,,0.5034342408180237,,,,,,,,,,,,,,,,,,,,,,,,,,,,,,,,,,,,
10,,,9249,,,,,,,,,,,,,,,,,,,,,,,,,,,,,,,,,,,,0.43596938252449036,,,,,,,,,,,,,,,,,,,,,,,,,,,,,,,,,,,,
10,,,9254,,,,,,,,,,,,,,,,,,,,,,,,,,,,,,,,,,,,0.56545090675354,,,,,,,,,,,,,,,,,,,,,,,,,,,,,,,,,,,,
10,,,9259,,,,,,,,,,,,,,,,,,,,,,,,,,,,,,,,,,,,0.4855000972747803,,,,,,,,,,,,,,,,,,,,,,,,,,,,,,,,,,,,
10,,,9264,,,,,,,,,,,,,,,,,,,,,,,,,,,,,,,,,,,,0.683168888092041,,,,,,,,,,,,,,,,,,,,,,,,,,,,,,,,,,,,
10,,,9269,,,,,,,,,,,,,,,,,,,,,,,,,,,,,,,,,,,,0.6506378650665283,,,,,,,,,,,,,,,,,,,,,,,,,,,,,,,,,,,,
10,,,9274,,,,,,,,,,,,,,,,,,,,,,,,,,,,,,,,,,,,0.55861896276474,,,,,,,,,,,,,,,,,,,,,,,,,,,,,,,,,,,,
10,,,9279,,,,,,,,,,,,,,,,,,,,,,,,,,,,,,,,,,,,0.68712317943573,,,,,,,,,,,,,,,,,,,,,,,,,,,,,,,,,,,,
10,,,9284,,,,,,,,,,,,,,,,,,,,,,,,,,,,,,,,,,,,0.6963487267494202,,,,,,,,,,,,,,,,,,,,,,,,,,,,,,,,,,,,
10,,,9289,,,,,,,,,,,,,,,,,,,,,,,,,,,,,,,,,,,,0.4899594187736511,,,,,,,,,,,,,,,,,,,,,,,,,,,,,,,,,,,,
10,,,9294,,,,,,,,,,,,,,,,,,,,,,,,,,,,,,,,,,,,0.6118189096450806,,,,,,,,,,,,,,,,,,,,,,,,,,,,,,,,,,,,
10,,,9299,,,,,,,,,,,,,,,,,,,,,,,,,,,,,,,,,,,,0.5152872800827026,,,,,,,,,,,,,,,,,,,,,,,,,,,,,,,,,,,,
10,,,9304,,,,,,,,,,,,,,,,,,,,,,,,,,,,,,,,,,,,0.530857264995575,,,,,,,,,,,,,,,,,,,,,,,,,,,,,,,,,,,,
10,,,9309,,,,,,,,,,,,,,,,,,,,,,,,,,,,,,,,,,,,0.5053497552871704,,,,,,,,,,,,,,,,,,,,,,,,,,,,,,,,,,,,
10,,,9314,,,,,,,,,,,,,,,,,,,,,,,,,,,,,,,,,,,,0.7058404684066772,,,,,,,,,,,,,,,,,,,,,,,,,,,,,,,,,,,,
10,,,9319,,,,,,,,,,,,,,,,,,,,,,,,,,,,,,,,,,,,0.5160561800003052,,,,,,,,,,,,,,,,,,,,,,,,,,,,,,,,,,,,
10,,,9324,,,,,,,,,,,,,,,,,,,,,,,,,,,,,,,,,,,,0.4398697018623352,,,,,,,,,,,,,,,,,,,,,,,,,,,,,,,,,,,,
10,,,9329,,,,,,,,,,,,,,,,,,,,,,,,,,,,,,,,,,,,0.5983932018280029,,,,,,,,,,,,,,,,,,,,,,,,,,,,,,,,,,,,
10,,,9334,,,,,,,,,,,,,,,,,,,,,,,,,,,,,,,,,,,,0.6927387118339539,,,,,,,,,,,,,,,,,,,,,,,,,,,,,,,,,,,,
10,,,9339,,,,,,,,,,,,,,,,,,,,,,,,,,,,,,,,,,,,0.5959213376045227,,,,,,,,,,,,,,,,,,,,,,,,,,,,,,,,,,,,
10,,,9344,,,,,,,,,,,,,,,,,,,,,,,,,,,,,,,,,,,,0.6406426429748535,,,,,,,,,,,,,,,,,,,,,,,,,,,,,,,,,,,,
10,,,9349,,,,,,,,,,,,,,,,,,,,,,,,,,,,,,,,,,,,0.4510810971260071,,,,,,,,,,,,,,,,,,,,,,,,,,,,,,,,,,,,
10,,,9354,,,,,,,,,,,,,,,,,,,,,,,,,,,,,,,,,,,,0.6661560535430908,,,,,,,,,,,,,,,,,,,,,,,,,,,,,,,,,,,,
10,,,9359,,,,,,,,,,,,,,,,,,,,,,,,,,,,,,,,,,,,0.5438945889472961,,,,,,,,,,,,,,,,,,,,,,,,,,,,,,,,,,,,
10,,,9364,,,,,,,,,,,,,,,,,,,,,,,,,,,,,,,,,,,,0.4909260869026184,,,,,,,,,,,,,,,,,,,,,,,,,,,,,,,,,,,,
10,,,9369,,,,,,,,,,,,,,,,,,,,,,,,,,,,,,,,,,,,0.5590970516204834,,,,,,,,,,,,,,,,,,,,,,,,,,,,,,,,,,,,
10,,,9374,,,,,,,,,,,,,,,,,,,,,,,,,,,,,,,,,,,,0.6957733035087585,,,,,,,,,,,,,,,,,,,,,,,,,,,,,,,,,,,,
10,,,9379,,,,,,,,,,,,,,,,,,,,,,,,,,,,,,,,,,,,0.5323217511177063,,,,,,,,,,,,,,,,,,,,,,,,,,,,,,,,,,,,
10,,,9384,,,,,,,,,,,,,,,,,,,,,,,,,,,,,,,,,,,,0.6146888732910156,,,,,,,,,,,,,,,,,,,,,,,,,,,,,,,,,,,,
10,,,9389,,,,,,,,,,,,,,,,,,,,,,,,,,,,,,,,,,,,0.6651721000671387,,,,,,,,,,,,,,,,,,,,,,,,,,,,,,,,,,,,
10,,,9394,,,,,,,,,,,,,,,,,,,,,,,,,,,,,,,,,,,,0.6930282711982727,,,,,,,,,,,,,,,,,,,,,,,,,,,,,,,,,,,,
10,,,9399,,,,,,,,,,,,,,,,,,,,,,,,,,,,,,,,,,,,0.7286678552627563,,,,,,,,,,,,,,,,,,,,,,,,,,,,,,,,,,,,
10,,,9404,,,,,,,,,,,,,,,,,,,,,,,,,,,,,,,,,,,,0.7016708254814148,,,,,,,,,,,,,,,,,,,,,,,,,,,,,,,,,,,,
10,,,9409,,,,,,,,,,,,,,,,,,,,,,,,,,,,,,,,,,,,0.5403186082839966,,,,,,,,,,,,,,,,,,,,,,,,,,,,,,,,,,,,
10,,,9414,,,,,,,,,,,,,,,,,,,,,,,,,,,,,,,,,,,,0.4965284466743469,,,,,,,,,,,,,,,,,,,,,,,,,,,,,,,,,,,,
10,,,9419,,,,,,,,,,,,,,,,,,,,,,,,,,,,,,,,,,,,0.5657094120979309,,,,,,,,,,,,,,,,,,,,,,,,,,,,,,,,,,,,
10,,,9424,,,,,,,,,,,,,,,,,,,,,,,,,,,,,,,,,,,,0.5047058463096619,,,,,,,,,,,,,,,,,,,,,,,,,,,,,,,,,,,,
10,,,9429,,,,,,,,,,,,,,,,,,,,,,,,,,,,,,,,,,,,0.6868470907211304,,,,,,,,,,,,,,,,,,,,,,,,,,,,,,,,,,,,
10,,,9434,,,,,,,,,,,,,,,,,,,,,,,,,,,,,,,,,,,,0.6311947107315063,,,,,,,,,,,,,,,,,,,,,,,,,,,,,,,,,,,,
10,,,9439,,,,,,,,,,,,,,,,,,,,,,,,,,,,,,,,,,,,0.6791963577270508,,,,,,,,,,,,,,,,,,,,,,,,,,,,,,,,,,,,
10,,,9444,,,,,,,,,,,,,,,,,,,,,,,,,,,,,,,,,,,,0.7694293260574341,,,,,,,,,,,,,,,,,,,,,,,,,,,,,,,,,,,,
10,,,9449,,,,,,,,,,,,,,,,,,,,,,,,,,,,,,,,,,,,0.6769564747810364,,,,,,,,,,,,,,,,,,,,,,,,,,,,,,,,,,,,
10,,,9454,,,,,,,,,,,,,,,,,,,,,,,,,,,,,,,,,,,,0.4497222900390625,,,,,,,,,,,,,,,,,,,,,,,,,,,,,,,,,,,,
10,,,9459,,,,,,,,,,,,,,,,,,,,,,,,,,,,,,,,,,,,0.6265542507171631,,,,,,,,,,,,,,,,,,,,,,,,,,,,,,,,,,,,
10,,,9464,,,,,,,,,,,,,,,,,,,,,,,,,,,,,,,,,,,,0.6311474442481995,,,,,,,,,,,,,,,,,,,,,,,,,,,,,,,,,,,,
10,,,9469,,,,,,,,,,,,,,,,,,,,,,,,,,,,,,,,,,,,0.7049439549446106,,,,,,,,,,,,,,,,,,,,,,,,,,,,,,,,,,,,
10,,,9474,,,,,,,,,,,,,,,,,,,,,,,,,,,,,,,,,,,,0.7395619750022888,,,,,,,,,,,,,,,,,,,,,,,,,,,,,,,,,,,,
10,,,9479,,,,,,,,,,,,,,,,,,,,,,,,,,,,,,,,,,,,0.7232533693313599,,,,,,,,,,,,,,,,,,,,,,,,,,,,,,,,,,,,
10,,,9484,,,,,,,,,,,,,,,,,,,,,,,,,,,,,,,,,,,,0.4643756151199341,,,,,,,,,,,,,,,,,,,,,,,,,,,,,,,,,,,,
10,,,9489,,,,,,,,,,,,,,,,,,,,,,,,,,,,,,,,,,,,0.5126399993896484,,,,,,,,,,,,,,,,,,,,,,,,,,,,,,,,,,,,
10,,,9494,,,,,,,,,,,,,,,,,,,,,,,,,,,,,,,,,,,,0.5152620673179626,,,,,,,,,,,,,,,,,,,,,,,,,,,,,,,,,,,,
10,,,9499,,,,,,,,,,,,,,,,,,,,,,,,,,,,,,,,,,,,0.4549383819103241,,,,,,,,,,,,,,,,,,,,,,,,,,,,,,,,,,,,
10,,,9504,,,,,,,,,,,,,,,,,,,,,,,,,,,,,,,,,,,,0.7097394466400146,,,,,,,,,,,,,,,,,,,,,,,,,,,,,,,,,,,,
10,,,9509,,,,,,,,,,,,,,,,,,,,,,,,,,,,,,,,,,,,0.5770817399024963,,,,,,,,,,,,,,,,,,,,,,,,,,,,,,,,,,,,
10,,,9514,,,,,,,,,,,,,,,,,,,,,,,,,,,,,,,,,,,,0.5173593759536743,,,,,,,,,,,,,,,,,,,,,,,,,,,,,,,,,,,,
10,,,9519,,,,,,,,,,,,,,,,,,,,,,,,,,,,,,,,,,,,0.47091060876846313,,,,,,,,,,,,,,,,,,,,,,,,,,,,,,,,,,,,
10,,,9524,,,,,,,,,,,,,,,,,,,,,,,,,,,,,,,,,,,,0.5092132687568665,,,,,,,,,,,,,,,,,,,,,,,,,,,,,,,,,,,,
10,,,9529,,,,,,,,,,,,,,,,,,,,,,,,,,,,,,,,,,,,0.7261267304420471,,,,,,,,,,,,,,,,,,,,,,,,,,,,,,,,,,,,
10,,,9534,,,,,,,,,,,,,,,,,,,,,,,,,,,,,,,,,,,,0.48903265595436096,,,,,,,,,,,,,,,,,,,,,,,,,,,,,,,,,,,,
10,,,9539,,,,,,,,,,,,,,,,,,,,,,,,,,,,,,,,,,,,0.4893646538257599,,,,,,,,,,,,,,,,,,,,,,,,,,,,,,,,,,,,
10,,,9544,,,,,,,,,,,,,,,,,,,,,,,,,,,,,,,,,,,,0.5284183025360107,,,,,,,,,,,,,,,,,,,,,,,,,,,,,,,,,,,,
10,,,9549,,,,,,,,,,,,,,,,,,,,,,,,,,,,,,,,,,,,0.5731093883514404,,,,,,,,,,,,,,,,,,,,,,,,,,,,,,,,,,,,
10,,,9554,,,,,,,,,,,,,,,,,,,,,,,,,,,,,,,,,,,,0.5297155976295471,,,,,,,,,,,,,,,,,,,,,,,,,,,,,,,,,,,,
10,,,9559,,,,,,,,,,,,,,,,,,,,,,,,,,,,,,,,,,,,0.413303405046463,,,,,,,,,,,,,,,,,,,,,,,,,,,,,,,,,,,,
10,,,9564,,,,,,,,,,,,,,,,,,,,,,,,,,,,,,,,,,,,0.54475998878479,,,,,,,,,,,,,,,,,,,,,,,,,,,,,,,,,,,,
10,,,9569,,,,,,,,,,,,,,,,,,,,,,,,,,,,,,,,,,,,0.682986319065094,,,,,,,,,,,,,,,,,,,,,,,,,,,,,,,,,,,,
10,,,9574,,,,,,,,,,,,,,,,,,,,,,,,,,,,,,,,,,,,0.5011796951293945,,,,,,,,,,,,,,,,,,,,,,,,,,,,,,,,,,,,
10,,,9579,,,,,,,,,,,,,,,,,,,,,,,,,,,,,,,,,,,,0.689465343952179,,,,,,,,,,,,,,,,,,,,,,,,,,,,,,,,,,,,
10,,,9584,,,,,,,,,,,,,,,,,,,,,,,,,,,,,,,,,,,,0.6535361409187317,,,,,,,,,,,,,,,,,,,,,,,,,,,,,,,,,,,,
10,,,9589,,,,,,,,,,,,,,,,,,,,,,,,,,,,,,,,,,,,0.4712623357772827,,,,,,,,,,,,,,,,,,,,,,,,,,,,,,,,,,,,
10,,,9594,,,,,,,,,,,,,,,,,,,,,,,,,,,,,,,,,,,,0.6942052841186523,,,,,,,,,,,,,,,,,,,,,,,,,,,,,,,,,,,,
10,,,9599,,,,,,,,,,,,,,,,,,,,,,,,,,,,,,,,,,,,0.6255987286567688,,,,,,,,,,,,,,,,,,,,,,,,,,,,,,,,,,,,
10,,,9604,,,,,,,,,,,,,,,,,,,,,,,,,,,,,,,,,,,,0.6304397583007812,,,,,,,,,,,,,,,,,,,,,,,,,,,,,,,,,,,,
10,,,9609,,,,,,,,,,,,,,,,,,,,,,,,,,,,,,,,,,,,0.6851239800453186,,,,,,,,,,,,,,,,,,,,,,,,,,,,,,,,,,,,
10,,,9614,,,,,,,,,,,,,,,,,,,,,,,,,,,,,,,,,,,,0.507457971572876,,,,,,,,,,,,,,,,,,,,,,,,,,,,,,,,,,,,
10,,,9619,,,,,,,,,,,,,,,,,,,,,,,,,,,,,,,,,,,,0.571489155292511,,,,,,,,,,,,,,,,,,,,,,,,,,,,,,,,,,,,
10,,,9624,,,,,,,,,,,,,,,,,,,,,,,,,,,,,,,,,,,,0.5853078961372375,,,,,,,,,,,,,,,,,,,,,,,,,,,,,,,,,,,,
10,,,9629,,,,,,,,,,,,,,,,,,,,,,,,,,,,,,,,,,,,0.4964408278465271,,,,,,,,,,,,,,,,,,,,,,,,,,,,,,,,,,,,
10,,,9634,,,,,,,,,,,,,,,,,,,,,,,,,,,,,,,,,,,,0.6936072707176208,,,,,,,,,,,,,,,,,,,,,,,,,,,,,,,,,,,,
10,,,9639,,,,,,,,,,,,,,,,,,,,,,,,,,,,,,,,,,,,0.782521665096283,,,,,,,,,,,,,,,,,,,,,,,,,,,,,,,,,,,,
10,,,9644,,,,,,,,,,,,,,,,,,,,,,,,,,,,,,,,,,,,0.4620034992694855,,,,,,,,,,,,,,,,,,,,,,,,,,,,,,,,,,,,
10,,,9649,,,,,,,,,,,,,,,,,,,,,,,,,,,,,,,,,,,,0.46724557876586914,,,,,,,,,,,,,,,,,,,,,,,,,,,,,,,,,,,,
10,,,9654,,,,,,,,,,,,,,,,,,,,,,,,,,,,,,,,,,,,0.7125462293624878,,,,,,,,,,,,,,,,,,,,,,,,,,,,,,,,,,,,
10,,,9659,,,,,,,,,,,,,,,,,,,,,,,,,,,,,,,,,,,,0.5484380125999451,,,,,,,,,,,,,,,,,,,,,,,,,,,,,,,,,,,,
10,,,9664,,,,,,,,,,,,,,,,,,,,,,,,,,,,,,,,,,,,0.7427870035171509,,,,,,,,,,,,,,,,,,,,,,,,,,,,,,,,,,,,
10,,,9669,,,,,,,,,,,,,,,,,,,,,,,,,,,,,,,,,,,,0.5096573233604431,,,,,,,,,,,,,,,,,,,,,,,,,,,,,,,,,,,,
10,,,9674,,,,,,,,,,,,,,,,,,,,,,,,,,,,,,,,,,,,0.7412104606628418,,,,,,,,,,,,,,,,,,,,,,,,,,,,,,,,,,,,
10,,,9679,,,,,,,,,,,,,,,,,,,,,,,,,,,,,,,,,,,,0.4644567668437958,,,,,,,,,,,,,,,,,,,,,,,,,,,,,,,,,,,,
10,,,9684,,,,,,,,,,,,,,,,,,,,,,,,,,,,,,,,,,,,0.497413694858551,,,,,,,,,,,,,,,,,,,,,,,,,,,,,,,,,,,,
10,,,9689,,,,,,,,,,,,,,,,,,,,,,,,,,,,,,,,,,,,0.5167490243911743,,,,,,,,,,,,,,,,,,,,,,,,,,,,,,,,,,,,
10,,,9694,,,,,,,,,,,,,,,,,,,,,,,,,,,,,,,,,,,,0.5763946771621704,,,,,,,,,,,,,,,,,,,,,,,,,,,,,,,,,,,,
10,,,9699,,,,,,,,,,,,,,,,,,,,,,,,,,,,,,,,,,,,0.5786443948745728,,,,,,,,,,,,,,,,,,,,,,,,,,,,,,,,,,,,
10,,,9704,,,,,,,,,,,,,,,,,,,,,,,,,,,,,,,,,,,,0.5002376437187195,,,,,,,,,,,,,,,,,,,,,,,,,,,,,,,,,,,,
10,,,9709,,,,,,,,,,,,,,,,,,,,,,,,,,,,,,,,,,,,0.5320620536804199,,,,,,,,,,,,,,,,,,,,,,,,,,,,,,,,,,,,
10,,,9714,,,,,,,,,,,,,,,,,,,,,,,,,,,,,,,,,,,,0.4559567868709564,,,,,,,,,,,,,,,,,,,,,,,,,,,,,,,,,,,,
10,,,9719,,,,,,,,,,,,,,,,,,,,,,,,,,,,,,,,,,,,0.564155101776123,,,,,,,,,,,,,,,,,,,,,,,,,,,,,,,,,,,,
10,,,9724,,,,,,,,,,,,,,,,,,,,,,,,,,,,,,,,,,,,0.4787496030330658,,,,,,,,,,,,,,,,,,,,,,,,,,,,,,,,,,,,
10,,,9729,,,,,,,,,,,,,,,,,,,,,,,,,,,,,,,,,,,,0.498654842376709,,,,,,,,,,,,,,,,,,,,,,,,,,,,,,,,,,,,
10,,,9734,,,,,,,,,,,,,,,,,,,,,,,,,,,,,,,,,,,,0.7102949619293213,,,,,,,,,,,,,,,,,,,,,,,,,,,,,,,,,,,,
10,,,9739,,,,,,,,,,,,,,,,,,,,,,,,,,,,,,,,,,,,0.46320247650146484,,,,,,,,,,,,,,,,,,,,,,,,,,,,,,,,,,,,
10,,,9744,,,,,,,,,,,,,,,,,,,,,,,,,,,,,,,,,,,,0.4696901738643646,,,,,,,,,,,,,,,,,,,,,,,,,,,,,,,,,,,,
10,,,9749,,,,,,,,,,,,,,,,,,,,,,,,,,,,,,,,,,,,0.4935675263404846,,,,,,,,,,,,,,,,,,,,,,,,,,,,,,,,,,,,
10,,,9754,,,,,,,,,,,,,,,,,,,,,,,,,,,,,,,,,,,,0.5477174520492554,,,,,,,,,,,,,,,,,,,,,,,,,,,,,,,,,,,,
10,,,9759,,,,,,,,,,,,,,,,,,,,,,,,,,,,,,,,,,,,0.5171908140182495,,,,,,,,,,,,,,,,,,,,,,,,,,,,,,,,,,,,
10,,,9764,,,,,,,,,,,,,,,,,,,,,,,,,,,,,,,,,,,,0.5181839466094971,,,,,,,,,,,,,,,,,,,,,,,,,,,,,,,,,,,,
10,,,9769,,,,,,,,,,,,,,,,,,,,,,,,,,,,,,,,,,,,0.5583648085594177,,,,,,,,,,,,,,,,,,,,,,,,,,,,,,,,,,,,
10,,,9774,,,,,,,,,,,,,,,,,,,,,,,,,,,,,,,,,,,,0.6457526087760925,,,,,,,,,,,,,,,,,,,,,,,,,,,,,,,,,,,,
10,,,9779,,,,,,,,,,,,,,,,,,,,,,,,,,,,,,,,,,,,0.6815310716629028,,,,,,,,,,,,,,,,,,,,,,,,,,,,,,,,,,,,
10,,,9784,,,,,,,,,,,,,,,,,,,,,,,,,,,,,,,,,,,,0.5664231181144714,,,,,,,,,,,,,,,,,,,,,,,,,,,,,,,,,,,,
10,,,9789,,,,,,,,,,,,,,,,,,,,,,,,,,,,,,,,,,,,0.47243764996528625,,,,,,,,,,,,,,,,,,,,,,,,,,,,,,,,,,,,
10,,,9794,,,,,,,,,,,,,,,,,,,,,,,,,,,,,,,,,,,,0.5201014280319214,,,,,,,,,,,,,,,,,,,,,,,,,,,,,,,,,,,,
10,,,9799,,,,,,,,,,,,,,,,,,,,,,,,,,,,,,,,,,,,0.5581083297729492,,,,,,,,,,,,,,,,,,,,,,,,,,,,,,,,,,,,
10,,,9804,,,,,,,,,,,,,,,,,,,,,,,,,,,,,,,,,,,,0.47161242365837097,,,,,,,,,,,,,,,,,,,,,,,,,,,,,,,,,,,,
10,,,9809,,,,,,,,,,,,,,,,,,,,,,,,,,,,,,,,,,,,0.5860685706138611,,,,,,,,,,,,,,,,,,,,,,,,,,,,,,,,,,,,
10,,,9814,,,,,,,,,,,,,,,,,,,,,,,,,,,,,,,,,,,,0.3923966884613037,,,,,,,,,,,,,,,,,,,,,,,,,,,,,,,,,,,,
10,,,9819,,,,,,,,,,,,,,,,,,,,,,,,,,,,,,,,,,,,0.6869216561317444,,,,,,,,,,,,,,,,,,,,,,,,,,,,,,,,,,,,
10,,,9824,,,,,,,,,,,,,,,,,,,,,,,,,,,,,,,,,,,,0.5708709955215454,,,,,,,,,,,,,,,,,,,,,,,,,,,,,,,,,,,,
10,,,9829,,,,,,,,,,,,,,,,,,,,,,,,,,,,,,,,,,,,0.46611976623535156,,,,,,,,,,,,,,,,,,,,,,,,,,,,,,,,,,,,
10,,,9834,,,,,,,,,,,,,,,,,,,,,,,,,,,,,,,,,,,,0.5252304673194885,,,,,,,,,,,,,,,,,,,,,,,,,,,,,,,,,,,,
10,,,9839,,,,,,,,,,,,,,,,,,,,,,,,,,,,,,,,,,,,0.7840439677238464,,,,,,,,,,,,,,,,,,,,,,,,,,,,,,,,,,,,
10,,,9844,,,,,,,,,,,,,,,,,,,,,,,,,,,,,,,,,,,,0.4703133702278137,,,,,,,,,,,,,,,,,,,,,,,,,,,,,,,,,,,,
10,,,9849,,,,,,,,,,,,,,,,,,,,,,,,,,,,,,,,,,,,0.4302932322025299,,,,,,,,,,,,,,,,,,,,,,,,,,,,,,,,,,,,
10,,,9854,,,,,,,,,,,,,,,,,,,,,,,,,,,,,,,,,,,,0.5158746838569641,,,,,,,,,,,,,,,,,,,,,,,,,,,,,,,,,,,,
10,,,9859,,,,,,,,,,,,,,,,,,,,,,,,,,,,,,,,,,,,0.5039688348770142,,,,,,,,,,,,,,,,,,,,,,,,,,,,,,,,,,,,
10,,,9864,,,,,,,,,,,,,,,,,,,,,,,,,,,,,,,,,,,,0.6041840314865112,,,,,,,,,,,,,,,,,,,,,,,,,,,,,,,,,,,,
10,,,9869,,,,,,,,,,,,,,,,,,,,,,,,,,,,,,,,,,,,0.45184826850891113,,,,,,,,,,,,,,,,,,,,,,,,,,,,,,,,,,,,
10,,,9874,,,,,,,,,,,,,,,,,,,,,,,,,,,,,,,,,,,,0.5443050861358643,,,,,,,,,,,,,,,,,,,,,,,,,,,,,,,,,,,,
10,,,9879,,,,,,,,,,,,,,,,,,,,,,,,,,,,,,,,,,,,0.6620973944664001,,,,,,,,,,,,,,,,,,,,,,,,,,,,,,,,,,,,
10,,,9884,,,,,,,,,,,,,,,,,,,,,,,,,,,,,,,,,,,,0.5985510945320129,,,,,,,,,,,,,,,,,,,,,,,,,,,,,,,,,,,,
10,,,9889,,,,,,,,,,,,,,,,,,,,,,,,,,,,,,,,,,,,0.6330639719963074,,,,,,,,,,,,,,,,,,,,,,,,,,,,,,,,,,,,
10,,,9894,,,,,,,,,,,,,,,,,,,,,,,,,,,,,,,,,,,,0.6343042850494385,,,,,,,,,,,,,,,,,,,,,,,,,,,,,,,,,,,,
10,,,9899,,,,,,,,,,,,,,,,,,,,,,,,,,,,,,,,,,,,0.5352649688720703,,,,,,,,,,,,,,,,,,,,,,,,,,,,,,,,,,,,
10,,,9904,,,,,,,,,,,,,,,,,,,,,,,,,,,,,,,,,,,,0.5228000283241272,,,,,,,,,,,,,,,,,,,,,,,,,,,,,,,,,,,,
10,,,9909,,,,,,,,,,,,,,,,,,,,,,,,,,,,,,,,,,,,0.6719810366630554,,,,,,,,,,,,,,,,,,,,,,,,,,,,,,,,,,,,
10,,,9914,,,,,,,,,,,,,,,,,,,,,,,,,,,,,,,,,,,,0.6072918176651001,,,,,,,,,,,,,,,,,,,,,,,,,,,,,,,,,,,,
10,,,9919,,,,,,,,,,,,,,,,,,,,,,,,,,,,,,,,,,,,0.4740235209465027,,,,,,,,,,,,,,,,,,,,,,,,,,,,,,,,,,,,
10,,,9924,,,,,,,,,,,,,,,,,,,,,,,,,,,,,,,,,,,,0.7330849170684814,,,,,,,,,,,,,,,,,,,,,,,,,,,,,,,,,,,,
10,,,9929,,,,,,,,,,,,,,,,,,,,,,,,,,,,,,,,,,,,0.5336549282073975,,,,,,,,,,,,,,,,,,,,,,,,,,,,,,,,,,,,
10,,,9934,,,,,,,,,,,,,,,,,,,,,,,,,,,,,,,,,,,,0.6307722926139832,,,,,,,,,,,,,,,,,,,,,,,,,,,,,,,,,,,,
10,,,9939,,,,,,,,,,,,,,,,,,,,,,,,,,,,,,,,,,,,0.521887481212616,,,,,,,,,,,,,,,,,,,,,,,,,,,,,,,,,,,,
10,,,9944,,,,,,,,,,,,,,,,,,,,,,,,,,,,,,,,,,,,0.6686391234397888,,,,,,,,,,,,,,,,,,,,,,,,,,,,,,,,,,,,
10,,,9949,,,,,,,,,,,,,,,,,,,,,,,,,,,,,,,,,,,,0.7232409715652466,,,,,,,,,,,,,,,,,,,,,,,,,,,,,,,,,,,,
10,,,9954,,,,,,,,,,,,,,,,,,,,,,,,,,,,,,,,,,,,0.45052996277809143,,,,,,,,,,,,,,,,,,,,,,,,,,,,,,,,,,,,
10,,,9959,,,,,,,,,,,,,,,,,,,,,,,,,,,,,,,,,,,,0.6333664655685425,,,,,,,,,,,,,,,,,,,,,,,,,,,,,,,,,,,,
10,,,9964,,,,,,,,,,,,,,,,,,,,,,,,,,,,,,,,,,,,0.6616390943527222,,,,,,,,,,,,,,,,,,,,,,,,,,,,,,,,,,,,
10,,,9969,,,,,,,,,,,,,,,,,,,,,,,,,,,,,,,,,,,,0.6483680009841919,,,,,,,,,,,,,,,,,,,,,,,,,,,,,,,,,,,,
10,,,9974,,,,,,,,,,,,,,,,,,,,,,,,,,,,,,,,,,,,0.6909891366958618,,,,,,,,,,,,,,,,,,,,,,,,,,,,,,,,,,,,
10,,,9979,,,,,,,,,,,,,,,,,,,,,,,,,,,,,,,,,,,,0.5007789134979248,,,,,,,,,,,,,,,,,,,,,,,,,,,,,,,,,,,,
10,,,9984,,,,,,,,,,,,,,,,,,,,,,,,,,,,,,,,,,,,0.7436174750328064,,,,,,,,,,,,,,,,,,,,,,,,,,,,,,,,,,,,
10,,,9989,,,,,,,,,,,,,,,,,,,,,,,,,,,,,,,,,,,,0.5370306372642517,,,,,,,,,,,,,,,,,,,,,,,,,,,,,,,,,,,,
10,,,9994,,,,,,,,,,,,,,,,,,,,,,,,,,,,,,,,,,,,0.4799492061138153,,,,,,,,,,,,,,,,,,,,,,,,,,,,,,,,,,,,
10,,,9999,,,,,,,,,,,,,,,,,,,,,,,,,,,,,,,,,,,,0.539361834526062,,,,,,,,,,,,,,,,,,,,,,,,,,,,,,,,,,,,
10,,,10004,,,,,,,,,,,,,,,,,,,,,,,,,,,,,,,,,,,,0.41322678327560425,,,,,,,,,,,,,,,,,,,,,,,,,,,,,,,,,,,,
10,,,10009,,,,,,,,,,,,,,,,,,,,,,,,,,,,,,,,,,,,0.4975423812866211,,,,,,,,,,,,,,,,,,,,,,,,,,,,,,,,,,,,
10,,,10014,,,,,,,,,,,,,,,,,,,,,,,,,,,,,,,,,,,,0.8092637658119202,,,,,,,,,,,,,,,,,,,,,,,,,,,,,,,,,,,,
10,,,10019,,,,,,,,,,,,,,,,,,,,,,,,,,,,,,,,,,,,0.5977694392204285,,,,,,,,,,,,,,,,,,,,,,,,,,,,,,,,,,,,
10,,,10024,,,,,,,,,,,,,,,,,,,,,,,,,,,,,,,,,,,,0.5925571918487549,,,,,,,,,,,,,,,,,,,,,,,,,,,,,,,,,,,,
10,,,10029,,,,,,,,,,,,,,,,,,,,,,,,,,,,,,,,,,,,0.7192766070365906,,,,,,,,,,,,,,,,,,,,,,,,,,,,,,,,,,,,
10,,,10034,,,,,,,,,,,,,,,,,,,,,,,,,,,,,,,,,,,,0.6307982206344604,,,,,,,,,,,,,,,,,,,,,,,,,,,,,,,,,,,,
10,,,10039,,,,,,,,,,,,,,,,,,,,,,,,,,,,,,,,,,,,0.5118075609207153,,,,,,,,,,,,,,,,,,,,,,,,,,,,,,,,,,,,
10,,,10044,,,,,,,,,,,,,,,,,,,,,,,,,,,,,,,,,,,,0.428470641374588,,,,,,,,,,,,,,,,,,,,,,,,,,,,,,,,,,,,
10,,,10049,,,,,,,,,,,,,,,,,,,,,,,,,,,,,,,,,,,,0.678296685218811,,,,,,,,,,,,,,,,,,,,,,,,,,,,,,,,,,,,
10,,,10054,,,,,,,,,,,,,,,,,,,,,,,,,,,,,,,,,,,,0.412294864654541,,,,,,,,,,,,,,,,,,,,,,,,,,,,,,,,,,,,
10,,,10059,,,,,,,,,,,,,,,,,,,,,,,,,,,,,,,,,,,,0.5097864866256714,,,,,,,,,,,,,,,,,,,,,,,,,,,,,,,,,,,,
10,,,10064,,,,,,,,,,,,,,,,,,,,,,,,,,,,,,,,,,,,0.480988085269928,,,,,,,,,,,,,,,,,,,,,,,,,,,,,,,,,,,,
10,,,10069,,,,,,,,,,,,,,,,,,,,,,,,,,,,,,,,,,,,0.6785765290260315,,,,,,,,,,,,,,,,,,,,,,,,,,,,,,,,,,,,
10,,,10074,,,,,,,,,,,,,,,,,,,,,,,,,,,,,,,,,,,,0.6637542247772217,,,,,,,,,,,,,,,,,,,,,,,,,,,,,,,,,,,,
10,,,10079,,,,,,,,,,,,,,,,,,,,,,,,,,,,,,,,,,,,0.6704124212265015,,,,,,,,,,,,,,,,,,,,,,,,,,,,,,,,,,,,
10,,,10084,,,,,,,,,,,,,,,,,,,,,,,,,,,,,,,,,,,,0.5399420261383057,,,,,,,,,,,,,,,,,,,,,,,,,,,,,,,,,,,,
10,,,10089,,,,,,,,,,,,,,,,,,,,,,,,,,,,,,,,,,,,0.4725283086299896,,,,,,,,,,,,,,,,,,,,,,,,,,,,,,,,,,,,
10,,,10094,,,,,,,,,,,,,,,,,,,,,,,,,,,,,,,,,,,,0.6729080677032471,,,,,,,,,,,,,,,,,,,,,,,,,,,,,,,,,,,,
10,,,10099,,,,,,,,,,,,,,,,,,,,,,,,,,,,,,,,,,,,0.46553975343704224,,,,,,,,,,,,,,,,,,,,,,,,,,,,,,,,,,,,
10,,,10104,,,,,,,,,,,,,,,,,,,,,,,,,,,,,,,,,,,,0.5959610939025879,,,,,,,,,,,,,,,,,,,,,,,,,,,,,,,,,,,,
10,,,10109,,,,,,,,,,,,,,,,,,,,,,,,,,,,,,,,,,,,0.6677665114402771,,,,,,,,,,,,,,,,,,,,,,,,,,,,,,,,,,,,
10,,,10114,,,,,,,,,,,,,,,,,,,,,,,,,,,,,,,,,,,,0.4837970733642578,,,,,,,,,,,,,,,,,,,,,,,,,,,,,,,,,,,,
10,,,10119,,,,,,,,,,,,,,,,,,,,,,,,,,,,,,,,,,,,0.5016182065010071,,,,,,,,,,,,,,,,,,,,,,,,,,,,,,,,,,,,
10,,,10124,,,,,,,,,,,,,,,,,,,,,,,,,,,,,,,,,,,,0.7003844380378723,,,,,,,,,,,,,,,,,,,,,,,,,,,,,,,,,,,,
10,,,10129,,,,,,,,,,,,,,,,,,,,,,,,,,,,,,,,,,,,0.47831398248672485,,,,,,,,,,,,,,,,,,,,,,,,,,,,,,,,,,,,
10,,,10130,,,,,,,,,,,,,,,,,,,,,,,,,,,,,,,,,,,,,0.7829446792602539,0.7502554655075073,0.6451531648635864,0.7314668893814087,0.7829446792602539,0.0,0.8769997358322144,0.8404547572135925,0.9206153750419617,0.493708997964859,0.0,0.8938047289848328,0.8317103385925293,0.9123693704605103,0.363137423992157,0.0,0.8079990744590759,0.7119042277336121,0.8388595581054688,0.22184967994689941,0.0,0.9112663865089417,0.8231460452079773,0.904269814491272,0.28718531131744385,0.0,0.8769997358322144,0.8404547572135925,0.9206153750419617,0.493708997964859,0.857727587223053,0.857727587223053,0.7508957982063293,0.857727587223053,0.857727587223053,0.5961827039718628
10,,,10130,0.7628371715545654,0.7420719861984253,0.6356172561645508,0.7272692322731018,0.7628371715545654,0.0,0.8833414912223816,0.8317294716835022,0.9141725301742554,0.42210498452186584,0.0,0.8914684057235718,0.829822838306427,0.9011232852935791,0.3458733856678009,0.0,0.80418860912323,0.7091428637504578,0.8200404047966003,0.20909729599952698,0.0,0.8997461795806885,0.8279249668121338,0.8884413838386536,0.2929644286632538,0.0,0.8833414912223816,0.8317294716835022,0.9141725301742554,0.42210498452186584,0.8564997911453247,0.8564997911453247,0.7490158677101135,0.8564997911453247,0.8564997911453247,,,,,,,,,,,,,,,,,,,,,,,,,,,,,,,,,,,,,
,1e-05,0.0001,10131,,,,,,,,,,,,,,,,,,,,,,,,,,,,,,,,,,,,,,,,,,,,,,,,,,,,,,,,,,,,,,,,,,,,,,,,
11,,,10134,,,,,,,,,,,,,,,,,,,,,,,,,,,,,,,,,,,,0.5599062442779541,,,,,,,,,,,,,,,,,,,,,,,,,,,,,,,,,,,,
11,,,10139,,,,,,,,,,,,,,,,,,,,,,,,,,,,,,,,,,,,0.5285307168960571,,,,,,,,,,,,,,,,,,,,,,,,,,,,,,,,,,,,
11,,,10144,,,,,,,,,,,,,,,,,,,,,,,,,,,,,,,,,,,,0.4759209156036377,,,,,,,,,,,,,,,,,,,,,,,,,,,,,,,,,,,,
11,,,10149,,,,,,,,,,,,,,,,,,,,,,,,,,,,,,,,,,,,0.5891209840774536,,,,,,,,,,,,,,,,,,,,,,,,,,,,,,,,,,,,
11,,,10154,,,,,,,,,,,,,,,,,,,,,,,,,,,,,,,,,,,,0.519362211227417,,,,,,,,,,,,,,,,,,,,,,,,,,,,,,,,,,,,
11,,,10159,,,,,,,,,,,,,,,,,,,,,,,,,,,,,,,,,,,,0.5383386015892029,,,,,,,,,,,,,,,,,,,,,,,,,,,,,,,,,,,,
11,,,10164,,,,,,,,,,,,,,,,,,,,,,,,,,,,,,,,,,,,0.6291770935058594,,,,,,,,,,,,,,,,,,,,,,,,,,,,,,,,,,,,
11,,,10169,,,,,,,,,,,,,,,,,,,,,,,,,,,,,,,,,,,,0.5993819832801819,,,,,,,,,,,,,,,,,,,,,,,,,,,,,,,,,,,,
11,,,10174,,,,,,,,,,,,,,,,,,,,,,,,,,,,,,,,,,,,0.6436336636543274,,,,,,,,,,,,,,,,,,,,,,,,,,,,,,,,,,,,
11,,,10179,,,,,,,,,,,,,,,,,,,,,,,,,,,,,,,,,,,,0.6241130828857422,,,,,,,,,,,,,,,,,,,,,,,,,,,,,,,,,,,,
11,,,10184,,,,,,,,,,,,,,,,,,,,,,,,,,,,,,,,,,,,0.40820303559303284,,,,,,,,,,,,,,,,,,,,,,,,,,,,,,,,,,,,
11,,,10189,,,,,,,,,,,,,,,,,,,,,,,,,,,,,,,,,,,,0.6690361499786377,,,,,,,,,,,,,,,,,,,,,,,,,,,,,,,,,,,,
11,,,10194,,,,,,,,,,,,,,,,,,,,,,,,,,,,,,,,,,,,0.6667659878730774,,,,,,,,,,,,,,,,,,,,,,,,,,,,,,,,,,,,
11,,,10199,,,,,,,,,,,,,,,,,,,,,,,,,,,,,,,,,,,,0.6682752370834351,,,,,,,,,,,,,,,,,,,,,,,,,,,,,,,,,,,,
11,,,10204,,,,,,,,,,,,,,,,,,,,,,,,,,,,,,,,,,,,0.6253213286399841,,,,,,,,,,,,,,,,,,,,,,,,,,,,,,,,,,,,
11,,,10209,,,,,,,,,,,,,,,,,,,,,,,,,,,,,,,,,,,,0.6054270267486572,,,,,,,,,,,,,,,,,,,,,,,,,,,,,,,,,,,,
11,,,10214,,,,,,,,,,,,,,,,,,,,,,,,,,,,,,,,,,,,0.45638707280158997,,,,,,,,,,,,,,,,,,,,,,,,,,,,,,,,,,,,
11,,,10219,,,,,,,,,,,,,,,,,,,,,,,,,,,,,,,,,,,,0.685955822467804,,,,,,,,,,,,,,,,,,,,,,,,,,,,,,,,,,,,
11,,,10224,,,,,,,,,,,,,,,,,,,,,,,,,,,,,,,,,,,,0.5960935950279236,,,,,,,,,,,,,,,,,,,,,,,,,,,,,,,,,,,,
11,,,10229,,,,,,,,,,,,,,,,,,,,,,,,,,,,,,,,,,,,0.6594495177268982,,,,,,,,,,,,,,,,,,,,,,,,,,,,,,,,,,,,
11,,,10234,,,,,,,,,,,,,,,,,,,,,,,,,,,,,,,,,,,,0.4641258120536804,,,,,,,,,,,,,,,,,,,,,,,,,,,,,,,,,,,,
11,,,10239,,,,,,,,,,,,,,,,,,,,,,,,,,,,,,,,,,,,0.7868714332580566,,,,,,,,,,,,,,,,,,,,,,,,,,,,,,,,,,,,
11,,,10244,,,,,,,,,,,,,,,,,,,,,,,,,,,,,,,,,,,,0.5004782676696777,,,,,,,,,,,,,,,,,,,,,,,,,,,,,,,,,,,,
11,,,10249,,,,,,,,,,,,,,,,,,,,,,,,,,,,,,,,,,,,0.7094529867172241,,,,,,,,,,,,,,,,,,,,,,,,,,,,,,,,,,,,
11,,,10254,,,,,,,,,,,,,,,,,,,,,,,,,,,,,,,,,,,,0.5712965726852417,,,,,,,,,,,,,,,,,,,,,,,,,,,,,,,,,,,,
11,,,10259,,,,,,,,,,,,,,,,,,,,,,,,,,,,,,,,,,,,0.5340853929519653,,,,,,,,,,,,,,,,,,,,,,,,,,,,,,,,,,,,
11,,,10264,,,,,,,,,,,,,,,,,,,,,,,,,,,,,,,,,,,,0.42759427428245544,,,,,,,,,,,,,,,,,,,,,,,,,,,,,,,,,,,,
11,,,10269,,,,,,,,,,,,,,,,,,,,,,,,,,,,,,,,,,,,0.655792772769928,,,,,,,,,,,,,,,,,,,,,,,,,,,,,,,,,,,,
11,,,10274,,,,,,,,,,,,,,,,,,,,,,,,,,,,,,,,,,,,0.7373656630516052,,,,,,,,,,,,,,,,,,,,,,,,,,,,,,,,,,,,
11,,,10279,,,,,,,,,,,,,,,,,,,,,,,,,,,,,,,,,,,,0.5978177785873413,,,,,,,,,,,,,,,,,,,,,,,,,,,,,,,,,,,,
11,,,10284,,,,,,,,,,,,,,,,,,,,,,,,,,,,,,,,,,,,0.5927013754844666,,,,,,,,,,,,,,,,,,,,,,,,,,,,,,,,,,,,
11,,,10289,,,,,,,,,,,,,,,,,,,,,,,,,,,,,,,,,,,,0.43287336826324463,,,,,,,,,,,,,,,,,,,,,,,,,,,,,,,,,,,,
11,,,10294,,,,,,,,,,,,,,,,,,,,,,,,,,,,,,,,,,,,0.6503375172615051,,,,,,,,,,,,,,,,,,,,,,,,,,,,,,,,,,,,
11,,,10299,,,,,,,,,,,,,,,,,,,,,,,,,,,,,,,,,,,,0.42175573110580444,,,,,,,,,,,,,,,,,,,,,,,,,,,,,,,,,,,,
11,,,10304,,,,,,,,,,,,,,,,,,,,,,,,,,,,,,,,,,,,0.532966136932373,,,,,,,,,,,,,,,,,,,,,,,,,,,,,,,,,,,,
11,,,10309,,,,,,,,,,,,,,,,,,,,,,,,,,,,,,,,,,,,0.5229986906051636,,,,,,,,,,,,,,,,,,,,,,,,,,,,,,,,,,,,
11,,,10314,,,,,,,,,,,,,,,,,,,,,,,,,,,,,,,,,,,,0.47328609228134155,,,,,,,,,,,,,,,,,,,,,,,,,,,,,,,,,,,,
11,,,10319,,,,,,,,,,,,,,,,,,,,,,,,,,,,,,,,,,,,0.5356087684631348,,,,,,,,,,,,,,,,,,,,,,,,,,,,,,,,,,,,
11,,,10324,,,,,,,,,,,,,,,,,,,,,,,,,,,,,,,,,,,,0.5158309936523438,,,,,,,,,,,,,,,,,,,,,,,,,,,,,,,,,,,,
11,,,10329,,,,,,,,,,,,,,,,,,,,,,,,,,,,,,,,,,,,0.7130659818649292,,,,,,,,,,,,,,,,,,,,,,,,,,,,,,,,,,,,
11,,,10334,,,,,,,,,,,,,,,,,,,,,,,,,,,,,,,,,,,,0.5161761045455933,,,,,,,,,,,,,,,,,,,,,,,,,,,,,,,,,,,,
11,,,10339,,,,,,,,,,,,,,,,,,,,,,,,,,,,,,,,,,,,0.6465054750442505,,,,,,,,,,,,,,,,,,,,,,,,,,,,,,,,,,,,
11,,,10344,,,,,,,,,,,,,,,,,,,,,,,,,,,,,,,,,,,,0.4855443239212036,,,,,,,,,,,,,,,,,,,,,,,,,,,,,,,,,,,,
11,,,10349,,,,,,,,,,,,,,,,,,,,,,,,,,,,,,,,,,,,0.49523019790649414,,,,,,,,,,,,,,,,,,,,,,,,,,,,,,,,,,,,
11,,,10354,,,,,,,,,,,,,,,,,,,,,,,,,,,,,,,,,,,,0.5035199522972107,,,,,,,,,,,,,,,,,,,,,,,,,,,,,,,,,,,,
11,,,10359,,,,,,,,,,,,,,,,,,,,,,,,,,,,,,,,,,,,0.5485683679580688,,,,,,,,,,,,,,,,,,,,,,,,,,,,,,,,,,,,
11,,,10364,,,,,,,,,,,,,,,,,,,,,,,,,,,,,,,,,,,,0.5576035380363464,,,,,,,,,,,,,,,,,,,,,,,,,,,,,,,,,,,,
11,,,10369,,,,,,,,,,,,,,,,,,,,,,,,,,,,,,,,,,,,0.6333781480789185,,,,,,,,,,,,,,,,,,,,,,,,,,,,,,,,,,,,
11,,,10374,,,,,,,,,,,,,,,,,,,,,,,,,,,,,,,,,,,,0.5126278400421143,,,,,,,,,,,,,,,,,,,,,,,,,,,,,,,,,,,,
11,,,10379,,,,,,,,,,,,,,,,,,,,,,,,,,,,,,,,,,,,0.5635243654251099,,,,,,,,,,,,,,,,,,,,,,,,,,,,,,,,,,,,
11,,,10384,,,,,,,,,,,,,,,,,,,,,,,,,,,,,,,,,,,,0.6563620567321777,,,,,,,,,,,,,,,,,,,,,,,,,,,,,,,,,,,,
11,,,10389,,,,,,,,,,,,,,,,,,,,,,,,,,,,,,,,,,,,0.680546224117279,,,,,,,,,,,,,,,,,,,,,,,,,,,,,,,,,,,,
11,,,10394,,,,,,,,,,,,,,,,,,,,,,,,,,,,,,,,,,,,0.5477999448776245,,,,,,,,,,,,,,,,,,,,,,,,,,,,,,,,,,,,
11,,,10399,,,,,,,,,,,,,,,,,,,,,,,,,,,,,,,,,,,,0.6648569107055664,,,,,,,,,,,,,,,,,,,,,,,,,,,,,,,,,,,,
11,,,10404,,,,,,,,,,,,,,,,,,,,,,,,,,,,,,,,,,,,0.4674609899520874,,,,,,,,,,,,,,,,,,,,,,,,,,,,,,,,,,,,
11,,,10409,,,,,,,,,,,,,,,,,,,,,,,,,,,,,,,,,,,,0.7500261068344116,,,,,,,,,,,,,,,,,,,,,,,,,,,,,,,,,,,,
11,,,10414,,,,,,,,,,,,,,,,,,,,,,,,,,,,,,,,,,,,0.4610086679458618,,,,,,,,,,,,,,,,,,,,,,,,,,,,,,,,,,,,
11,,,10419,,,,,,,,,,,,,,,,,,,,,,,,,,,,,,,,,,,,0.6933820247650146,,,,,,,,,,,,,,,,,,,,,,,,,,,,,,,,,,,,
11,,,10424,,,,,,,,,,,,,,,,,,,,,,,,,,,,,,,,,,,,0.5455850958824158,,,,,,,,,,,,,,,,,,,,,,,,,,,,,,,,,,,,
11,,,10429,,,,,,,,,,,,,,,,,,,,,,,,,,,,,,,,,,,,0.645774781703949,,,,,,,,,,,,,,,,,,,,,,,,,,,,,,,,,,,,
11,,,10434,,,,,,,,,,,,,,,,,,,,,,,,,,,,,,,,,,,,0.5142475366592407,,,,,,,,,,,,,,,,,,,,,,,,,,,,,,,,,,,,
11,,,10439,,,,,,,,,,,,,,,,,,,,,,,,,,,,,,,,,,,,0.528572678565979,,,,,,,,,,,,,,,,,,,,,,,,,,,,,,,,,,,,
11,,,10444,,,,,,,,,,,,,,,,,,,,,,,,,,,,,,,,,,,,0.5473030209541321,,,,,,,,,,,,,,,,,,,,,,,,,,,,,,,,,,,,
11,,,10449,,,,,,,,,,,,,,,,,,,,,,,,,,,,,,,,,,,,0.5887070894241333,,,,,,,,,,,,,,,,,,,,,,,,,,,,,,,,,,,,
11,,,10454,,,,,,,,,,,,,,,,,,,,,,,,,,,,,,,,,,,,0.6329604387283325,,,,,,,,,,,,,,,,,,,,,,,,,,,,,,,,,,,,
11,,,10459,,,,,,,,,,,,,,,,,,,,,,,,,,,,,,,,,,,,0.6433802843093872,,,,,,,,,,,,,,,,,,,,,,,,,,,,,,,,,,,,
11,,,10464,,,,,,,,,,,,,,,,,,,,,,,,,,,,,,,,,,,,0.6415271162986755,,,,,,,,,,,,,,,,,,,,,,,,,,,,,,,,,,,,
11,,,10469,,,,,,,,,,,,,,,,,,,,,,,,,,,,,,,,,,,,0.49697375297546387,,,,,,,,,,,,,,,,,,,,,,,,,,,,,,,,,,,,
11,,,10474,,,,,,,,,,,,,,,,,,,,,,,,,,,,,,,,,,,,0.4720369577407837,,,,,,,,,,,,,,,,,,,,,,,,,,,,,,,,,,,,
11,,,10479,,,,,,,,,,,,,,,,,,,,,,,,,,,,,,,,,,,,0.5994240641593933,,,,,,,,,,,,,,,,,,,,,,,,,,,,,,,,,,,,
11,,,10484,,,,,,,,,,,,,,,,,,,,,,,,,,,,,,,,,,,,0.5816090106964111,,,,,,,,,,,,,,,,,,,,,,,,,,,,,,,,,,,,
11,,,10489,,,,,,,,,,,,,,,,,,,,,,,,,,,,,,,,,,,,0.4559877812862396,,,,,,,,,,,,,,,,,,,,,,,,,,,,,,,,,,,,
11,,,10494,,,,,,,,,,,,,,,,,,,,,,,,,,,,,,,,,,,,0.6828718781471252,,,,,,,,,,,,,,,,,,,,,,,,,,,,,,,,,,,,
11,,,10499,,,,,,,,,,,,,,,,,,,,,,,,,,,,,,,,,,,,0.5358051061630249,,,,,,,,,,,,,,,,,,,,,,,,,,,,,,,,,,,,
11,,,10504,,,,,,,,,,,,,,,,,,,,,,,,,,,,,,,,,,,,0.6493431329727173,,,,,,,,,,,,,,,,,,,,,,,,,,,,,,,,,,,,
11,,,10509,,,,,,,,,,,,,,,,,,,,,,,,,,,,,,,,,,,,0.690287172794342,,,,,,,,,,,,,,,,,,,,,,,,,,,,,,,,,,,,
11,,,10514,,,,,,,,,,,,,,,,,,,,,,,,,,,,,,,,,,,,0.45604991912841797,,,,,,,,,,,,,,,,,,,,,,,,,,,,,,,,,,,,
11,,,10519,,,,,,,,,,,,,,,,,,,,,,,,,,,,,,,,,,,,0.6861989498138428,,,,,,,,,,,,,,,,,,,,,,,,,,,,,,,,,,,,
11,,,10524,,,,,,,,,,,,,,,,,,,,,,,,,,,,,,,,,,,,0.5940890312194824,,,,,,,,,,,,,,,,,,,,,,,,,,,,,,,,,,,,
11,,,10529,,,,,,,,,,,,,,,,,,,,,,,,,,,,,,,,,,,,0.46339890360832214,,,,,,,,,,,,,,,,,,,,,,,,,,,,,,,,,,,,
11,,,10534,,,,,,,,,,,,,,,,,,,,,,,,,,,,,,,,,,,,0.4880291223526001,,,,,,,,,,,,,,,,,,,,,,,,,,,,,,,,,,,,
11,,,10539,,,,,,,,,,,,,,,,,,,,,,,,,,,,,,,,,,,,0.5098205804824829,,,,,,,,,,,,,,,,,,,,,,,,,,,,,,,,,,,,
11,,,10544,,,,,,,,,,,,,,,,,,,,,,,,,,,,,,,,,,,,0.7185311317443848,,,,,,,,,,,,,,,,,,,,,,,,,,,,,,,,,,,,
11,,,10549,,,,,,,,,,,,,,,,,,,,,,,,,,,,,,,,,,,,0.6237396597862244,,,,,,,,,,,,,,,,,,,,,,,,,,,,,,,,,,,,
11,,,10554,,,,,,,,,,,,,,,,,,,,,,,,,,,,,,,,,,,,0.644070565700531,,,,,,,,,,,,,,,,,,,,,,,,,,,,,,,,,,,,
11,,,10559,,,,,,,,,,,,,,,,,,,,,,,,,,,,,,,,,,,,0.6439902782440186,,,,,,,,,,,,,,,,,,,,,,,,,,,,,,,,,,,,
11,,,10564,,,,,,,,,,,,,,,,,,,,,,,,,,,,,,,,,,,,0.481547474861145,,,,,,,,,,,,,,,,,,,,,,,,,,,,,,,,,,,,
11,,,10569,,,,,,,,,,,,,,,,,,,,,,,,,,,,,,,,,,,,0.5358496904373169,,,,,,,,,,,,,,,,,,,,,,,,,,,,,,,,,,,,
11,,,10574,,,,,,,,,,,,,,,,,,,,,,,,,,,,,,,,,,,,0.685275673866272,,,,,,,,,,,,,,,,,,,,,,,,,,,,,,,,,,,,
11,,,10579,,,,,,,,,,,,,,,,,,,,,,,,,,,,,,,,,,,,0.6817770004272461,,,,,,,,,,,,,,,,,,,,,,,,,,,,,,,,,,,,
11,,,10584,,,,,,,,,,,,,,,,,,,,,,,,,,,,,,,,,,,,0.5457655191421509,,,,,,,,,,,,,,,,,,,,,,,,,,,,,,,,,,,,
11,,,10589,,,,,,,,,,,,,,,,,,,,,,,,,,,,,,,,,,,,0.5066301226615906,,,,,,,,,,,,,,,,,,,,,,,,,,,,,,,,,,,,
11,,,10594,,,,,,,,,,,,,,,,,,,,,,,,,,,,,,,,,,,,0.504219114780426,,,,,,,,,,,,,,,,,,,,,,,,,,,,,,,,,,,,
11,,,10599,,,,,,,,,,,,,,,,,,,,,,,,,,,,,,,,,,,,0.7395732402801514,,,,,,,,,,,,,,,,,,,,,,,,,,,,,,,,,,,,
11,,,10604,,,,,,,,,,,,,,,,,,,,,,,,,,,,,,,,,,,,0.6186075806617737,,,,,,,,,,,,,,,,,,,,,,,,,,,,,,,,,,,,
11,,,10609,,,,,,,,,,,,,,,,,,,,,,,,,,,,,,,,,,,,0.49637436866760254,,,,,,,,,,,,,,,,,,,,,,,,,,,,,,,,,,,,
11,,,10614,,,,,,,,,,,,,,,,,,,,,,,,,,,,,,,,,,,,0.502535879611969,,,,,,,,,,,,,,,,,,,,,,,,,,,,,,,,,,,,
11,,,10619,,,,,,,,,,,,,,,,,,,,,,,,,,,,,,,,,,,,0.4702366590499878,,,,,,,,,,,,,,,,,,,,,,,,,,,,,,,,,,,,
11,,,10624,,,,,,,,,,,,,,,,,,,,,,,,,,,,,,,,,,,,0.6289239525794983,,,,,,,,,,,,,,,,,,,,,,,,,,,,,,,,,,,,
11,,,10629,,,,,,,,,,,,,,,,,,,,,,,,,,,,,,,,,,,,0.6753701567649841,,,,,,,,,,,,,,,,,,,,,,,,,,,,,,,,,,,,
11,,,10634,,,,,,,,,,,,,,,,,,,,,,,,,,,,,,,,,,,,0.49664899706840515,,,,,,,,,,,,,,,,,,,,,,,,,,,,,,,,,,,,
11,,,10639,,,,,,,,,,,,,,,,,,,,,,,,,,,,,,,,,,,,0.5223398804664612,,,,,,,,,,,,,,,,,,,,,,,,,,,,,,,,,,,,
11,,,10644,,,,,,,,,,,,,,,,,,,,,,,,,,,,,,,,,,,,0.609626293182373,,,,,,,,,,,,,,,,,,,,,,,,,,,,,,,,,,,,
11,,,10649,,,,,,,,,,,,,,,,,,,,,,,,,,,,,,,,,,,,0.6623409390449524,,,,,,,,,,,,,,,,,,,,,,,,,,,,,,,,,,,,
11,,,10654,,,,,,,,,,,,,,,,,,,,,,,,,,,,,,,,,,,,0.46380990743637085,,,,,,,,,,,,,,,,,,,,,,,,,,,,,,,,,,,,
11,,,10659,,,,,,,,,,,,,,,,,,,,,,,,,,,,,,,,,,,,0.4710886776447296,,,,,,,,,,,,,,,,,,,,,,,,,,,,,,,,,,,,
11,,,10664,,,,,,,,,,,,,,,,,,,,,,,,,,,,,,,,,,,,0.4742685854434967,,,,,,,,,,,,,,,,,,,,,,,,,,,,,,,,,,,,
11,,,10669,,,,,,,,,,,,,,,,,,,,,,,,,,,,,,,,,,,,0.4932831823825836,,,,,,,,,,,,,,,,,,,,,,,,,,,,,,,,,,,,
11,,,10674,,,,,,,,,,,,,,,,,,,,,,,,,,,,,,,,,,,,0.671768844127655,,,,,,,,,,,,,,,,,,,,,,,,,,,,,,,,,,,,
11,,,10679,,,,,,,,,,,,,,,,,,,,,,,,,,,,,,,,,,,,0.7056070566177368,,,,,,,,,,,,,,,,,,,,,,,,,,,,,,,,,,,,
11,,,10684,,,,,,,,,,,,,,,,,,,,,,,,,,,,,,,,,,,,0.7023289799690247,,,,,,,,,,,,,,,,,,,,,,,,,,,,,,,,,,,,
11,,,10689,,,,,,,,,,,,,,,,,,,,,,,,,,,,,,,,,,,,0.457690566778183,,,,,,,,,,,,,,,,,,,,,,,,,,,,,,,,,,,,
11,,,10694,,,,,,,,,,,,,,,,,,,,,,,,,,,,,,,,,,,,0.7777975797653198,,,,,,,,,,,,,,,,,,,,,,,,,,,,,,,,,,,,
11,,,10699,,,,,,,,,,,,,,,,,,,,,,,,,,,,,,,,,,,,0.5492258667945862,,,,,,,,,,,,,,,,,,,,,,,,,,,,,,,,,,,,
11,,,10704,,,,,,,,,,,,,,,,,,,,,,,,,,,,,,,,,,,,0.5225825309753418,,,,,,,,,,,,,,,,,,,,,,,,,,,,,,,,,,,,
11,,,10709,,,,,,,,,,,,,,,,,,,,,,,,,,,,,,,,,,,,0.5137905478477478,,,,,,,,,,,,,,,,,,,,,,,,,,,,,,,,,,,,
11,,,10714,,,,,,,,,,,,,,,,,,,,,,,,,,,,,,,,,,,,0.5061101913452148,,,,,,,,,,,,,,,,,,,,,,,,,,,,,,,,,,,,
11,,,10719,,,,,,,,,,,,,,,,,,,,,,,,,,,,,,,,,,,,0.41371607780456543,,,,,,,,,,,,,,,,,,,,,,,,,,,,,,,,,,,,
11,,,10724,,,,,,,,,,,,,,,,,,,,,,,,,,,,,,,,,,,,0.648098886013031,,,,,,,,,,,,,,,,,,,,,,,,,,,,,,,,,,,,
11,,,10729,,,,,,,,,,,,,,,,,,,,,,,,,,,,,,,,,,,,0.4740576148033142,,,,,,,,,,,,,,,,,,,,,,,,,,,,,,,,,,,,
11,,,10734,,,,,,,,,,,,,,,,,,,,,,,,,,,,,,,,,,,,0.6221405267715454,,,,,,,,,,,,,,,,,,,,,,,,,,,,,,,,,,,,
11,,,10739,,,,,,,,,,,,,,,,,,,,,,,,,,,,,,,,,,,,0.48186707496643066,,,,,,,,,,,,,,,,,,,,,,,,,,,,,,,,,,,,
11,,,10744,,,,,,,,,,,,,,,,,,,,,,,,,,,,,,,,,,,,0.6390931606292725,,,,,,,,,,,,,,,,,,,,,,,,,,,,,,,,,,,,
11,,,10749,,,,,,,,,,,,,,,,,,,,,,,,,,,,,,,,,,,,0.6435019969940186,,,,,,,,,,,,,,,,,,,,,,,,,,,,,,,,,,,,
11,,,10754,,,,,,,,,,,,,,,,,,,,,,,,,,,,,,,,,,,,0.6466293931007385,,,,,,,,,,,,,,,,,,,,,,,,,,,,,,,,,,,,
11,,,10759,,,,,,,,,,,,,,,,,,,,,,,,,,,,,,,,,,,,0.442609965801239,,,,,,,,,,,,,,,,,,,,,,,,,,,,,,,,,,,,
11,,,10764,,,,,,,,,,,,,,,,,,,,,,,,,,,,,,,,,,,,0.49830055236816406,,,,,,,,,,,,,,,,,,,,,,,,,,,,,,,,,,,,
11,,,10769,,,,,,,,,,,,,,,,,,,,,,,,,,,,,,,,,,,,0.6663292646408081,,,,,,,,,,,,,,,,,,,,,,,,,,,,,,,,,,,,
11,,,10774,,,,,,,,,,,,,,,,,,,,,,,,,,,,,,,,,,,,0.6669438481330872,,,,,,,,,,,,,,,,,,,,,,,,,,,,,,,,,,,,
11,,,10779,,,,,,,,,,,,,,,,,,,,,,,,,,,,,,,,,,,,0.5435595512390137,,,,,,,,,,,,,,,,,,,,,,,,,,,,,,,,,,,,
11,,,10784,,,,,,,,,,,,,,,,,,,,,,,,,,,,,,,,,,,,0.7357453107833862,,,,,,,,,,,,,,,,,,,,,,,,,,,,,,,,,,,,
11,,,10789,,,,,,,,,,,,,,,,,,,,,,,,,,,,,,,,,,,,0.674871027469635,,,,,,,,,,,,,,,,,,,,,,,,,,,,,,,,,,,,
11,,,10794,,,,,,,,,,,,,,,,,,,,,,,,,,,,,,,,,,,,0.680779218673706,,,,,,,,,,,,,,,,,,,,,,,,,,,,,,,,,,,,
11,,,10799,,,,,,,,,,,,,,,,,,,,,,,,,,,,,,,,,,,,0.5154291391372681,,,,,,,,,,,,,,,,,,,,,,,,,,,,,,,,,,,,
11,,,10804,,,,,,,,,,,,,,,,,,,,,,,,,,,,,,,,,,,,0.5337830781936646,,,,,,,,,,,,,,,,,,,,,,,,,,,,,,,,,,,,
11,,,10809,,,,,,,,,,,,,,,,,,,,,,,,,,,,,,,,,,,,0.6847549676895142,,,,,,,,,,,,,,,,,,,,,,,,,,,,,,,,,,,,
11,,,10814,,,,,,,,,,,,,,,,,,,,,,,,,,,,,,,,,,,,0.4606396555900574,,,,,,,,,,,,,,,,,,,,,,,,,,,,,,,,,,,,
11,,,10819,,,,,,,,,,,,,,,,,,,,,,,,,,,,,,,,,,,,0.5624700784683228,,,,,,,,,,,,,,,,,,,,,,,,,,,,,,,,,,,,
11,,,10824,,,,,,,,,,,,,,,,,,,,,,,,,,,,,,,,,,,,0.7599793672561646,,,,,,,,,,,,,,,,,,,,,,,,,,,,,,,,,,,,
11,,,10829,,,,,,,,,,,,,,,,,,,,,,,,,,,,,,,,,,,,0.5441907048225403,,,,,,,,,,,,,,,,,,,,,,,,,,,,,,,,,,,,
11,,,10834,,,,,,,,,,,,,,,,,,,,,,,,,,,,,,,,,,,,0.5838640332221985,,,,,,,,,,,,,,,,,,,,,,,,,,,,,,,,,,,,
11,,,10839,,,,,,,,,,,,,,,,,,,,,,,,,,,,,,,,,,,,0.705298662185669,,,,,,,,,,,,,,,,,,,,,,,,,,,,,,,,,,,,
11,,,10844,,,,,,,,,,,,,,,,,,,,,,,,,,,,,,,,,,,,0.5384791493415833,,,,,,,,,,,,,,,,,,,,,,,,,,,,,,,,,,,,
11,,,10849,,,,,,,,,,,,,,,,,,,,,,,,,,,,,,,,,,,,0.5155296325683594,,,,,,,,,,,,,,,,,,,,,,,,,,,,,,,,,,,,
11,,,10854,,,,,,,,,,,,,,,,,,,,,,,,,,,,,,,,,,,,0.4905737042427063,,,,,,,,,,,,,,,,,,,,,,,,,,,,,,,,,,,,
11,,,10859,,,,,,,,,,,,,,,,,,,,,,,,,,,,,,,,,,,,0.6228407025337219,,,,,,,,,,,,,,,,,,,,,,,,,,,,,,,,,,,,
11,,,10864,,,,,,,,,,,,,,,,,,,,,,,,,,,,,,,,,,,,0.6843180656433105,,,,,,,,,,,,,,,,,,,,,,,,,,,,,,,,,,,,
11,,,10869,,,,,,,,,,,,,,,,,,,,,,,,,,,,,,,,,,,,0.518422544002533,,,,,,,,,,,,,,,,,,,,,,,,,,,,,,,,,,,,
11,,,10874,,,,,,,,,,,,,,,,,,,,,,,,,,,,,,,,,,,,0.6043215394020081,,,,,,,,,,,,,,,,,,,,,,,,,,,,,,,,,,,,
11,,,10879,,,,,,,,,,,,,,,,,,,,,,,,,,,,,,,,,,,,0.48430490493774414,,,,,,,,,,,,,,,,,,,,,,,,,,,,,,,,,,,,
11,,,10884,,,,,,,,,,,,,,,,,,,,,,,,,,,,,,,,,,,,0.6834400296211243,,,,,,,,,,,,,,,,,,,,,,,,,,,,,,,,,,,,
11,,,10889,,,,,,,,,,,,,,,,,,,,,,,,,,,,,,,,,,,,0.4958128035068512,,,,,,,,,,,,,,,,,,,,,,,,,,,,,,,,,,,,
11,,,10894,,,,,,,,,,,,,,,,,,,,,,,,,,,,,,,,,,,,0.41147667169570923,,,,,,,,,,,,,,,,,,,,,,,,,,,,,,,,,,,,
11,,,10899,,,,,,,,,,,,,,,,,,,,,,,,,,,,,,,,,,,,0.7470941543579102,,,,,,,,,,,,,,,,,,,,,,,,,,,,,,,,,,,,
11,,,10904,,,,,,,,,,,,,,,,,,,,,,,,,,,,,,,,,,,,0.5406614542007446,,,,,,,,,,,,,,,,,,,,,,,,,,,,,,,,,,,,
11,,,10909,,,,,,,,,,,,,,,,,,,,,,,,,,,,,,,,,,,,0.8332047462463379,,,,,,,,,,,,,,,,,,,,,,,,,,,,,,,,,,,,
11,,,10914,,,,,,,,,,,,,,,,,,,,,,,,,,,,,,,,,,,,0.547385036945343,,,,,,,,,,,,,,,,,,,,,,,,,,,,,,,,,,,,
11,,,10919,,,,,,,,,,,,,,,,,,,,,,,,,,,,,,,,,,,,0.5259151458740234,,,,,,,,,,,,,,,,,,,,,,,,,,,,,,,,,,,,
11,,,10924,,,,,,,,,,,,,,,,,,,,,,,,,,,,,,,,,,,,0.63502436876297,,,,,,,,,,,,,,,,,,,,,,,,,,,,,,,,,,,,
11,,,10929,,,,,,,,,,,,,,,,,,,,,,,,,,,,,,,,,,,,0.5501156449317932,,,,,,,,,,,,,,,,,,,,,,,,,,,,,,,,,,,,
11,,,10934,,,,,,,,,,,,,,,,,,,,,,,,,,,,,,,,,,,,0.6665676236152649,,,,,,,,,,,,,,,,,,,,,,,,,,,,,,,,,,,,
11,,,10939,,,,,,,,,,,,,,,,,,,,,,,,,,,,,,,,,,,,0.5590887665748596,,,,,,,,,,,,,,,,,,,,,,,,,,,,,,,,,,,,
11,,,10944,,,,,,,,,,,,,,,,,,,,,,,,,,,,,,,,,,,,0.5599103569984436,,,,,,,,,,,,,,,,,,,,,,,,,,,,,,,,,,,,
11,,,10949,,,,,,,,,,,,,,,,,,,,,,,,,,,,,,,,,,,,0.4729965925216675,,,,,,,,,,,,,,,,,,,,,,,,,,,,,,,,,,,,
11,,,10954,,,,,,,,,,,,,,,,,,,,,,,,,,,,,,,,,,,,0.5583581924438477,,,,,,,,,,,,,,,,,,,,,,,,,,,,,,,,,,,,
11,,,10959,,,,,,,,,,,,,,,,,,,,,,,,,,,,,,,,,,,,0.45639359951019287,,,,,,,,,,,,,,,,,,,,,,,,,,,,,,,,,,,,
11,,,10964,,,,,,,,,,,,,,,,,,,,,,,,,,,,,,,,,,,,0.47825321555137634,,,,,,,,,,,,,,,,,,,,,,,,,,,,,,,,,,,,
11,,,10969,,,,,,,,,,,,,,,,,,,,,,,,,,,,,,,,,,,,0.5453082323074341,,,,,,,,,,,,,,,,,,,,,,,,,,,,,,,,,,,,
11,,,10974,,,,,,,,,,,,,,,,,,,,,,,,,,,,,,,,,,,,0.6250910758972168,,,,,,,,,,,,,,,,,,,,,,,,,,,,,,,,,,,,
11,,,10979,,,,,,,,,,,,,,,,,,,,,,,,,,,,,,,,,,,,0.5733712911605835,,,,,,,,,,,,,,,,,,,,,,,,,,,,,,,,,,,,
11,,,10984,,,,,,,,,,,,,,,,,,,,,,,,,,,,,,,,,,,,0.5052831172943115,,,,,,,,,,,,,,,,,,,,,,,,,,,,,,,,,,,,
11,,,10989,,,,,,,,,,,,,,,,,,,,,,,,,,,,,,,,,,,,0.4776448905467987,,,,,,,,,,,,,,,,,,,,,,,,,,,,,,,,,,,,
11,,,10994,,,,,,,,,,,,,,,,,,,,,,,,,,,,,,,,,,,,0.6257592439651489,,,,,,,,,,,,,,,,,,,,,,,,,,,,,,,,,,,,
11,,,10999,,,,,,,,,,,,,,,,,,,,,,,,,,,,,,,,,,,,0.5795052647590637,,,,,,,,,,,,,,,,,,,,,,,,,,,,,,,,,,,,
11,,,11004,,,,,,,,,,,,,,,,,,,,,,,,,,,,,,,,,,,,0.7443997859954834,,,,,,,,,,,,,,,,,,,,,,,,,,,,,,,,,,,,
11,,,11009,,,,,,,,,,,,,,,,,,,,,,,,,,,,,,,,,,,,0.5490037202835083,,,,,,,,,,,,,,,,,,,,,,,,,,,,,,,,,,,,
11,,,11014,,,,,,,,,,,,,,,,,,,,,,,,,,,,,,,,,,,,0.7715488076210022,,,,,,,,,,,,,,,,,,,,,,,,,,,,,,,,,,,,
11,,,11019,,,,,,,,,,,,,,,,,,,,,,,,,,,,,,,,,,,,0.6812894940376282,,,,,,,,,,,,,,,,,,,,,,,,,,,,,,,,,,,,
11,,,11024,,,,,,,,,,,,,,,,,,,,,,,,,,,,,,,,,,,,0.6652281284332275,,,,,,,,,,,,,,,,,,,,,,,,,,,,,,,,,,,,
11,,,11029,,,,,,,,,,,,,,,,,,,,,,,,,,,,,,,,,,,,0.6972933411598206,,,,,,,,,,,,,,,,,,,,,,,,,,,,,,,,,,,,
11,,,11034,,,,,,,,,,,,,,,,,,,,,,,,,,,,,,,,,,,,0.4624776244163513,,,,,,,,,,,,,,,,,,,,,,,,,,,,,,,,,,,,
11,,,11039,,,,,,,,,,,,,,,,,,,,,,,,,,,,,,,,,,,,0.4396078884601593,,,,,,,,,,,,,,,,,,,,,,,,,,,,,,,,,,,,
11,,,11044,,,,,,,,,,,,,,,,,,,,,,,,,,,,,,,,,,,,0.6069111824035645,,,,,,,,,,,,,,,,,,,,,,,,,,,,,,,,,,,,
11,,,11049,,,,,,,,,,,,,,,,,,,,,,,,,,,,,,,,,,,,0.5356864333152771,,,,,,,,,,,,,,,,,,,,,,,,,,,,,,,,,,,,
11,,,11051,,,,,,,,,,,,,,,,,,,,,,,,,,,,,,,,,,,,,0.7845549583435059,0.751002311706543,0.6453284025192261,0.7272038459777832,0.7845549583435059,0.0,0.878061830997467,0.8481693863868713,0.9469457864761353,0.46504276990890503,0.0,0.8967463374137878,0.8354713916778564,0.9049926400184631,0.36679893732070923,0.0,0.8128197193145752,0.7174330949783325,0.8264716863632202,0.22458896040916443,0.0,0.9162434339523315,0.8231479525566101,0.8665990829467773,0.30282488465309143,0.0,0.878061830997467,0.8481693863868713,0.9469457864761353,0.46504276990890503,0.8614808320999146,0.8614808320999146,0.7566678524017334,0.8614808320999146,0.8614808320999146,0.5898181200027466
11,,,11051,0.7633380889892578,0.743749737739563,0.6378774642944336,0.7297031283378601,0.7633380889892578,0.0,0.8841734528541565,0.8343710899353027,0.913784384727478,0.42102351784706116,0.0,0.8924530744552612,0.8316899538040161,0.903151273727417,0.3477047383785248,0.0,0.8057925701141357,0.7118743062019348,0.8234055042266846,0.21043741703033447,0.0,0.9008892178535461,0.82902592420578,0.8927627801895142,0.2961346507072449,0.0,0.8841734528541565,0.8343710899353027,0.913784384727478,0.42102351784706116,0.8579347133636475,0.8579347133636475,0.7512134313583374,0.8579347133636475,0.8579347133636475,,,,,,,,,,,,,,,,,,,,,,,,,,,,,,,,,,,,,
,1e-05,0.0001,11052,,,,,,,,,,,,,,,,,,,,,,,,,,,,,,,,,,,,,,,,,,,,,,,,,,,,,,,,,,,,,,,,,,,,,,,,
12,,,11054,,,,,,,,,,,,,,,,,,,,,,,,,,,,,,,,,,,,0.5723652243614197,,,,,,,,,,,,,,,,,,,,,,,,,,,,,,,,,,,,
12,,,11059,,,,,,,,,,,,,,,,,,,,,,,,,,,,,,,,,,,,0.4887959659099579,,,,,,,,,,,,,,,,,,,,,,,,,,,,,,,,,,,,
12,,,11064,,,,,,,,,,,,,,,,,,,,,,,,,,,,,,,,,,,,0.6642372608184814,,,,,,,,,,,,,,,,,,,,,,,,,,,,,,,,,,,,
12,,,11069,,,,,,,,,,,,,,,,,,,,,,,,,,,,,,,,,,,,0.7098244428634644,,,,,,,,,,,,,,,,,,,,,,,,,,,,,,,,,,,,
12,,,11074,,,,,,,,,,,,,,,,,,,,,,,,,,,,,,,,,,,,0.7298725843429565,,,,,,,,,,,,,,,,,,,,,,,,,,,,,,,,,,,,
12,,,11079,,,,,,,,,,,,,,,,,,,,,,,,,,,,,,,,,,,,0.45870256423950195,,,,,,,,,,,,,,,,,,,,,,,,,,,,,,,,,,,,
12,,,11084,,,,,,,,,,,,,,,,,,,,,,,,,,,,,,,,,,,,0.4688272476196289,,,,,,,,,,,,,,,,,,,,,,,,,,,,,,,,,,,,
12,,,11089,,,,,,,,,,,,,,,,,,,,,,,,,,,,,,,,,,,,0.489301860332489,,,,,,,,,,,,,,,,,,,,,,,,,,,,,,,,,,,,
12,,,11094,,,,,,,,,,,,,,,,,,,,,,,,,,,,,,,,,,,,0.6714785695075989,,,,,,,,,,,,,,,,,,,,,,,,,,,,,,,,,,,,
12,,,11099,,,,,,,,,,,,,,,,,,,,,,,,,,,,,,,,,,,,0.6195012927055359,,,,,,,,,,,,,,,,,,,,,,,,,,,,,,,,,,,,
12,,,11104,,,,,,,,,,,,,,,,,,,,,,,,,,,,,,,,,,,,0.5808298587799072,,,,,,,,,,,,,,,,,,,,,,,,,,,,,,,,,,,,
12,,,11109,,,,,,,,,,,,,,,,,,,,,,,,,,,,,,,,,,,,0.4151470363140106,,,,,,,,,,,,,,,,,,,,,,,,,,,,,,,,,,,,
12,,,11114,,,,,,,,,,,,,,,,,,,,,,,,,,,,,,,,,,,,0.47666633129119873,,,,,,,,,,,,,,,,,,,,,,,,,,,,,,,,,,,,
12,,,11119,,,,,,,,,,,,,,,,,,,,,,,,,,,,,,,,,,,,0.7217920422554016,,,,,,,,,,,,,,,,,,,,,,,,,,,,,,,,,,,,
12,,,11124,,,,,,,,,,,,,,,,,,,,,,,,,,,,,,,,,,,,0.48422491550445557,,,,,,,,,,,,,,,,,,,,,,,,,,,,,,,,,,,,
12,,,11129,,,,,,,,,,,,,,,,,,,,,,,,,,,,,,,,,,,,0.7241506576538086,,,,,,,,,,,,,,,,,,,,,,,,,,,,,,,,,,,,
12,,,11134,,,,,,,,,,,,,,,,,,,,,,,,,,,,,,,,,,,,0.5849913954734802,,,,,,,,,,,,,,,,,,,,,,,,,,,,,,,,,,,,
12,,,11139,,,,,,,,,,,,,,,,,,,,,,,,,,,,,,,,,,,,0.5330027937889099,,,,,,,,,,,,,,,,,,,,,,,,,,,,,,,,,,,,
12,,,11144,,,,,,,,,,,,,,,,,,,,,,,,,,,,,,,,,,,,0.6874532103538513,,,,,,,,,,,,,,,,,,,,,,,,,,,,,,,,,,,,
12,,,11149,,,,,,,,,,,,,,,,,,,,,,,,,,,,,,,,,,,,0.6156374216079712,,,,,,,,,,,,,,,,,,,,,,,,,,,,,,,,,,,,
12,,,11154,,,,,,,,,,,,,,,,,,,,,,,,,,,,,,,,,,,,0.46627917885780334,,,,,,,,,,,,,,,,,,,,,,,,,,,,,,,,,,,,
12,,,11159,,,,,,,,,,,,,,,,,,,,,,,,,,,,,,,,,,,,0.5722036957740784,,,,,,,,,,,,,,,,,,,,,,,,,,,,,,,,,,,,
12,,,11164,,,,,,,,,,,,,,,,,,,,,,,,,,,,,,,,,,,,0.4671766459941864,,,,,,,,,,,,,,,,,,,,,,,,,,,,,,,,,,,,
12,,,11169,,,,,,,,,,,,,,,,,,,,,,,,,,,,,,,,,,,,0.5846959948539734,,,,,,,,,,,,,,,,,,,,,,,,,,,,,,,,,,,,
12,,,11174,,,,,,,,,,,,,,,,,,,,,,,,,,,,,,,,,,,,0.6606928110122681,,,,,,,,,,,,,,,,,,,,,,,,,,,,,,,,,,,,
12,,,11179,,,,,,,,,,,,,,,,,,,,,,,,,,,,,,,,,,,,0.475251704454422,,,,,,,,,,,,,,,,,,,,,,,,,,,,,,,,,,,,
12,,,11184,,,,,,,,,,,,,,,,,,,,,,,,,,,,,,,,,,,,0.4597105085849762,,,,,,,,,,,,,,,,,,,,,,,,,,,,,,,,,,,,
12,,,11189,,,,,,,,,,,,,,,,,,,,,,,,,,,,,,,,,,,,0.5052566528320312,,,,,,,,,,,,,,,,,,,,,,,,,,,,,,,,,,,,
12,,,11194,,,,,,,,,,,,,,,,,,,,,,,,,,,,,,,,,,,,0.706696629524231,,,,,,,,,,,,,,,,,,,,,,,,,,,,,,,,,,,,
12,,,11199,,,,,,,,,,,,,,,,,,,,,,,,,,,,,,,,,,,,0.6949925422668457,,,,,,,,,,,,,,,,,,,,,,,,,,,,,,,,,,,,
12,,,11204,,,,,,,,,,,,,,,,,,,,,,,,,,,,,,,,,,,,0.5736186504364014,,,,,,,,,,,,,,,,,,,,,,,,,,,,,,,,,,,,
12,,,11209,,,,,,,,,,,,,,,,,,,,,,,,,,,,,,,,,,,,0.5161579251289368,,,,,,,,,,,,,,,,,,,,,,,,,,,,,,,,,,,,
12,,,11214,,,,,,,,,,,,,,,,,,,,,,,,,,,,,,,,,,,,0.48188507556915283,,,,,,,,,,,,,,,,,,,,,,,,,,,,,,,,,,,,
12,,,11219,,,,,,,,,,,,,,,,,,,,,,,,,,,,,,,,,,,,0.6065515875816345,,,,,,,,,,,,,,,,,,,,,,,,,,,,,,,,,,,,
12,,,11224,,,,,,,,,,,,,,,,,,,,,,,,,,,,,,,,,,,,0.3934571146965027,,,,,,,,,,,,,,,,,,,,,,,,,,,,,,,,,,,,
12,,,11229,,,,,,,,,,,,,,,,,,,,,,,,,,,,,,,,,,,,0.5234683156013489,,,,,,,,,,,,,,,,,,,,,,,,,,,,,,,,,,,,
12,,,11234,,,,,,,,,,,,,,,,,,,,,,,,,,,,,,,,,,,,0.5729483366012573,,,,,,,,,,,,,,,,,,,,,,,,,,,,,,,,,,,,
12,,,11239,,,,,,,,,,,,,,,,,,,,,,,,,,,,,,,,,,,,0.5210002660751343,,,,,,,,,,,,,,,,,,,,,,,,,,,,,,,,,,,,
12,,,11244,,,,,,,,,,,,,,,,,,,,,,,,,,,,,,,,,,,,0.5300756096839905,,,,,,,,,,,,,,,,,,,,,,,,,,,,,,,,,,,,
12,,,11249,,,,,,,,,,,,,,,,,,,,,,,,,,,,,,,,,,,,0.655099630355835,,,,,,,,,,,,,,,,,,,,,,,,,,,,,,,,,,,,
12,,,11254,,,,,,,,,,,,,,,,,,,,,,,,,,,,,,,,,,,,0.5275558829307556,,,,,,,,,,,,,,,,,,,,,,,,,,,,,,,,,,,,
12,,,11259,,,,,,,,,,,,,,,,,,,,,,,,,,,,,,,,,,,,0.609624981880188,,,,,,,,,,,,,,,,,,,,,,,,,,,,,,,,,,,,
12,,,11264,,,,,,,,,,,,,,,,,,,,,,,,,,,,,,,,,,,,0.5557554364204407,,,,,,,,,,,,,,,,,,,,,,,,,,,,,,,,,,,,
12,,,11269,,,,,,,,,,,,,,,,,,,,,,,,,,,,,,,,,,,,0.5104265809059143,,,,,,,,,,,,,,,,,,,,,,,,,,,,,,,,,,,,
12,,,11274,,,,,,,,,,,,,,,,,,,,,,,,,,,,,,,,,,,,0.6597414612770081,,,,,,,,,,,,,,,,,,,,,,,,,,,,,,,,,,,,
12,,,11279,,,,,,,,,,,,,,,,,,,,,,,,,,,,,,,,,,,,0.4540095329284668,,,,,,,,,,,,,,,,,,,,,,,,,,,,,,,,,,,,
12,,,11284,,,,,,,,,,,,,,,,,,,,,,,,,,,,,,,,,,,,0.5552598834037781,,,,,,,,,,,,,,,,,,,,,,,,,,,,,,,,,,,,
12,,,11289,,,,,,,,,,,,,,,,,,,,,,,,,,,,,,,,,,,,0.5595824718475342,,,,,,,,,,,,,,,,,,,,,,,,,,,,,,,,,,,,
12,,,11294,,,,,,,,,,,,,,,,,,,,,,,,,,,,,,,,,,,,0.45713579654693604,,,,,,,,,,,,,,,,,,,,,,,,,,,,,,,,,,,,
12,,,11299,,,,,,,,,,,,,,,,,,,,,,,,,,,,,,,,,,,,0.7164260149002075,,,,,,,,,,,,,,,,,,,,,,,,,,,,,,,,,,,,
12,,,11304,,,,,,,,,,,,,,,,,,,,,,,,,,,,,,,,,,,,0.3874897062778473,,,,,,,,,,,,,,,,,,,,,,,,,,,,,,,,,,,,
12,,,11309,,,,,,,,,,,,,,,,,,,,,,,,,,,,,,,,,,,,0.4383530914783478,,,,,,,,,,,,,,,,,,,,,,,,,,,,,,,,,,,,
12,,,11314,,,,,,,,,,,,,,,,,,,,,,,,,,,,,,,,,,,,0.3727564215660095,,,,,,,,,,,,,,,,,,,,,,,,,,,,,,,,,,,,
12,,,11319,,,,,,,,,,,,,,,,,,,,,,,,,,,,,,,,,,,,0.47462233901023865,,,,,,,,,,,,,,,,,,,,,,,,,,,,,,,,,,,,
12,,,11324,,,,,,,,,,,,,,,,,,,,,,,,,,,,,,,,,,,,0.5074625015258789,,,,,,,,,,,,,,,,,,,,,,,,,,,,,,,,,,,,
12,,,11329,,,,,,,,,,,,,,,,,,,,,,,,,,,,,,,,,,,,0.6424426436424255,,,,,,,,,,,,,,,,,,,,,,,,,,,,,,,,,,,,
12,,,11334,,,,,,,,,,,,,,,,,,,,,,,,,,,,,,,,,,,,0.6674311757087708,,,,,,,,,,,,,,,,,,,,,,,,,,,,,,,,,,,,
12,,,11339,,,,,,,,,,,,,,,,,,,,,,,,,,,,,,,,,,,,0.490202397108078,,,,,,,,,,,,,,,,,,,,,,,,,,,,,,,,,,,,
12,,,11344,,,,,,,,,,,,,,,,,,,,,,,,,,,,,,,,,,,,0.5403977036476135,,,,,,,,,,,,,,,,,,,,,,,,,,,,,,,,,,,,
12,,,11349,,,,,,,,,,,,,,,,,,,,,,,,,,,,,,,,,,,,0.49471697211265564,,,,,,,,,,,,,,,,,,,,,,,,,,,,,,,,,,,,
12,,,11354,,,,,,,,,,,,,,,,,,,,,,,,,,,,,,,,,,,,0.7124683260917664,,,,,,,,,,,,,,,,,,,,,,,,,,,,,,,,,,,,
12,,,11359,,,,,,,,,,,,,,,,,,,,,,,,,,,,,,,,,,,,0.639468789100647,,,,,,,,,,,,,,,,,,,,,,,,,,,,,,,,,,,,
12,,,11364,,,,,,,,,,,,,,,,,,,,,,,,,,,,,,,,,,,,0.4495893716812134,,,,,,,,,,,,,,,,,,,,,,,,,,,,,,,,,,,,
12,,,11369,,,,,,,,,,,,,,,,,,,,,,,,,,,,,,,,,,,,0.46371006965637207,,,,,,,,,,,,,,,,,,,,,,,,,,,,,,,,,,,,
12,,,11374,,,,,,,,,,,,,,,,,,,,,,,,,,,,,,,,,,,,0.5037664771080017,,,,,,,,,,,,,,,,,,,,,,,,,,,,,,,,,,,,
12,,,11379,,,,,,,,,,,,,,,,,,,,,,,,,,,,,,,,,,,,0.44510218501091003,,,,,,,,,,,,,,,,,,,,,,,,,,,,,,,,,,,,
12,,,11384,,,,,,,,,,,,,,,,,,,,,,,,,,,,,,,,,,,,0.5285863876342773,,,,,,,,,,,,,,,,,,,,,,,,,,,,,,,,,,,,
12,,,11389,,,,,,,,,,,,,,,,,,,,,,,,,,,,,,,,,,,,0.5601937770843506,,,,,,,,,,,,,,,,,,,,,,,,,,,,,,,,,,,,
12,,,11394,,,,,,,,,,,,,,,,,,,,,,,,,,,,,,,,,,,,0.5508831143379211,,,,,,,,,,,,,,,,,,,,,,,,,,,,,,,,,,,,
12,,,11399,,,,,,,,,,,,,,,,,,,,,,,,,,,,,,,,,,,,0.7435605525970459,,,,,,,,,,,,,,,,,,,,,,,,,,,,,,,,,,,,
12,,,11404,,,,,,,,,,,,,,,,,,,,,,,,,,,,,,,,,,,,0.5055316090583801,,,,,,,,,,,,,,,,,,,,,,,,,,,,,,,,,,,,
12,,,11409,,,,,,,,,,,,,,,,,,,,,,,,,,,,,,,,,,,,0.5681977272033691,,,,,,,,,,,,,,,,,,,,,,,,,,,,,,,,,,,,
12,,,11414,,,,,,,,,,,,,,,,,,,,,,,,,,,,,,,,,,,,0.6196520328521729,,,,,,,,,,,,,,,,,,,,,,,,,,,,,,,,,,,,
12,,,11419,,,,,,,,,,,,,,,,,,,,,,,,,,,,,,,,,,,,0.7295835614204407,,,,,,,,,,,,,,,,,,,,,,,,,,,,,,,,,,,,
12,,,11424,,,,,,,,,,,,,,,,,,,,,,,,,,,,,,,,,,,,0.6919644474983215,,,,,,,,,,,,,,,,,,,,,,,,,,,,,,,,,,,,
12,,,11429,,,,,,,,,,,,,,,,,,,,,,,,,,,,,,,,,,,,0.5097097754478455,,,,,,,,,,,,,,,,,,,,,,,,,,,,,,,,,,,,
12,,,11434,,,,,,,,,,,,,,,,,,,,,,,,,,,,,,,,,,,,0.5436409711837769,,,,,,,,,,,,,,,,,,,,,,,,,,,,,,,,,,,,
12,,,11439,,,,,,,,,,,,,,,,,,,,,,,,,,,,,,,,,,,,0.665012001991272,,,,,,,,,,,,,,,,,,,,,,,,,,,,,,,,,,,,
12,,,11444,,,,,,,,,,,,,,,,,,,,,,,,,,,,,,,,,,,,0.43384185433387756,,,,,,,,,,,,,,,,,,,,,,,,,,,,,,,,,,,,
12,,,11449,,,,,,,,,,,,,,,,,,,,,,,,,,,,,,,,,,,,0.4643028974533081,,,,,,,,,,,,,,,,,,,,,,,,,,,,,,,,,,,,
12,,,11454,,,,,,,,,,,,,,,,,,,,,,,,,,,,,,,,,,,,0.6559597849845886,,,,,,,,,,,,,,,,,,,,,,,,,,,,,,,,,,,,
12,,,11459,,,,,,,,,,,,,,,,,,,,,,,,,,,,,,,,,,,,0.6105750203132629,,,,,,,,,,,,,,,,,,,,,,,,,,,,,,,,,,,,
12,,,11464,,,,,,,,,,,,,,,,,,,,,,,,,,,,,,,,,,,,0.37718436121940613,,,,,,,,,,,,,,,,,,,,,,,,,,,,,,,,,,,,
12,,,11469,,,,,,,,,,,,,,,,,,,,,,,,,,,,,,,,,,,,0.5015392303466797,,,,,,,,,,,,,,,,,,,,,,,,,,,,,,,,,,,,
12,,,11474,,,,,,,,,,,,,,,,,,,,,,,,,,,,,,,,,,,,0.5970954298973083,,,,,,,,,,,,,,,,,,,,,,,,,,,,,,,,,,,,
12,,,11479,,,,,,,,,,,,,,,,,,,,,,,,,,,,,,,,,,,,0.5292534828186035,,,,,,,,,,,,,,,,,,,,,,,,,,,,,,,,,,,,
12,,,11484,,,,,,,,,,,,,,,,,,,,,,,,,,,,,,,,,,,,0.7176103591918945,,,,,,,,,,,,,,,,,,,,,,,,,,,,,,,,,,,,
12,,,11489,,,,,,,,,,,,,,,,,,,,,,,,,,,,,,,,,,,,0.6580098867416382,,,,,,,,,,,,,,,,,,,,,,,,,,,,,,,,,,,,
12,,,11494,,,,,,,,,,,,,,,,,,,,,,,,,,,,,,,,,,,,0.68541419506073,,,,,,,,,,,,,,,,,,,,,,,,,,,,,,,,,,,,
12,,,11499,,,,,,,,,,,,,,,,,,,,,,,,,,,,,,,,,,,,0.6788615584373474,,,,,,,,,,,,,,,,,,,,,,,,,,,,,,,,,,,,
12,,,11504,,,,,,,,,,,,,,,,,,,,,,,,,,,,,,,,,,,,0.6364673972129822,,,,,,,,,,,,,,,,,,,,,,,,,,,,,,,,,,,,
12,,,11509,,,,,,,,,,,,,,,,,,,,,,,,,,,,,,,,,,,,0.48707544803619385,,,,,,,,,,,,,,,,,,,,,,,,,,,,,,,,,,,,
12,,,11514,,,,,,,,,,,,,,,,,,,,,,,,,,,,,,,,,,,,0.4990790784358978,,,,,,,,,,,,,,,,,,,,,,,,,,,,,,,,,,,,
12,,,11519,,,,,,,,,,,,,,,,,,,,,,,,,,,,,,,,,,,,0.4783480763435364,,,,,,,,,,,,,,,,,,,,,,,,,,,,,,,,,,,,
12,,,11524,,,,,,,,,,,,,,,,,,,,,,,,,,,,,,,,,,,,0.5371277332305908,,,,,,,,,,,,,,,,,,,,,,,,,,,,,,,,,,,,
12,,,11529,,,,,,,,,,,,,,,,,,,,,,,,,,,,,,,,,,,,0.5570452809333801,,,,,,,,,,,,,,,,,,,,,,,,,,,,,,,,,,,,
12,,,11534,,,,,,,,,,,,,,,,,,,,,,,,,,,,,,,,,,,,0.7139009237289429,,,,,,,,,,,,,,,,,,,,,,,,,,,,,,,,,,,,
12,,,11539,,,,,,,,,,,,,,,,,,,,,,,,,,,,,,,,,,,,0.7247171998023987,,,,,,,,,,,,,,,,,,,,,,,,,,,,,,,,,,,,
12,,,11544,,,,,,,,,,,,,,,,,,,,,,,,,,,,,,,,,,,,0.5755682587623596,,,,,,,,,,,,,,,,,,,,,,,,,,,,,,,,,,,,
12,,,11549,,,,,,,,,,,,,,,,,,,,,,,,,,,,,,,,,,,,0.5392288565635681,,,,,,,,,,,,,,,,,,,,,,,,,,,,,,,,,,,,
12,,,11554,,,,,,,,,,,,,,,,,,,,,,,,,,,,,,,,,,,,0.6045053005218506,,,,,,,,,,,,,,,,,,,,,,,,,,,,,,,,,,,,
12,,,11559,,,,,,,,,,,,,,,,,,,,,,,,,,,,,,,,,,,,0.5676949620246887,,,,,,,,,,,,,,,,,,,,,,,,,,,,,,,,,,,,
12,,,11564,,,,,,,,,,,,,,,,,,,,,,,,,,,,,,,,,,,,0.5063204169273376,,,,,,,,,,,,,,,,,,,,,,,,,,,,,,,,,,,,
12,,,11569,,,,,,,,,,,,,,,,,,,,,,,,,,,,,,,,,,,,0.6338517069816589,,,,,,,,,,,,,,,,,,,,,,,,,,,,,,,,,,,,
12,,,11574,,,,,,,,,,,,,,,,,,,,,,,,,,,,,,,,,,,,0.5286333560943604,,,,,,,,,,,,,,,,,,,,,,,,,,,,,,,,,,,,
12,,,11579,,,,,,,,,,,,,,,,,,,,,,,,,,,,,,,,,,,,0.48583322763442993,,,,,,,,,,,,,,,,,,,,,,,,,,,,,,,,,,,,
12,,,11584,,,,,,,,,,,,,,,,,,,,,,,,,,,,,,,,,,,,0.5050246119499207,,,,,,,,,,,,,,,,,,,,,,,,,,,,,,,,,,,,
12,,,11589,,,,,,,,,,,,,,,,,,,,,,,,,,,,,,,,,,,,0.45455116033554077,,,,,,,,,,,,,,,,,,,,,,,,,,,,,,,,,,,,
12,,,11594,,,,,,,,,,,,,,,,,,,,,,,,,,,,,,,,,,,,0.603008508682251,,,,,,,,,,,,,,,,,,,,,,,,,,,,,,,,,,,,
12,,,11599,,,,,,,,,,,,,,,,,,,,,,,,,,,,,,,,,,,,0.6041650772094727,,,,,,,,,,,,,,,,,,,,,,,,,,,,,,,,,,,,
12,,,11604,,,,,,,,,,,,,,,,,,,,,,,,,,,,,,,,,,,,0.44658222794532776,,,,,,,,,,,,,,,,,,,,,,,,,,,,,,,,,,,,
12,,,11609,,,,,,,,,,,,,,,,,,,,,,,,,,,,,,,,,,,,0.46595755219459534,,,,,,,,,,,,,,,,,,,,,,,,,,,,,,,,,,,,
12,,,11614,,,,,,,,,,,,,,,,,,,,,,,,,,,,,,,,,,,,0.5406947135925293,,,,,,,,,,,,,,,,,,,,,,,,,,,,,,,,,,,,
12,,,11619,,,,,,,,,,,,,,,,,,,,,,,,,,,,,,,,,,,,0.6772783994674683,,,,,,,,,,,,,,,,,,,,,,,,,,,,,,,,,,,,
12,,,11624,,,,,,,,,,,,,,,,,,,,,,,,,,,,,,,,,,,,0.47306564450263977,,,,,,,,,,,,,,,,,,,,,,,,,,,,,,,,,,,,
12,,,11629,,,,,,,,,,,,,,,,,,,,,,,,,,,,,,,,,,,,0.6935073733329773,,,,,,,,,,,,,,,,,,,,,,,,,,,,,,,,,,,,
12,,,11634,,,,,,,,,,,,,,,,,,,,,,,,,,,,,,,,,,,,0.5855043530464172,,,,,,,,,,,,,,,,,,,,,,,,,,,,,,,,,,,,
12,,,11639,,,,,,,,,,,,,,,,,,,,,,,,,,,,,,,,,,,,0.5525572299957275,,,,,,,,,,,,,,,,,,,,,,,,,,,,,,,,,,,,
12,,,11644,,,,,,,,,,,,,,,,,,,,,,,,,,,,,,,,,,,,0.5739570260047913,,,,,,,,,,,,,,,,,,,,,,,,,,,,,,,,,,,,
12,,,11649,,,,,,,,,,,,,,,,,,,,,,,,,,,,,,,,,,,,0.47185757756233215,,,,,,,,,,,,,,,,,,,,,,,,,,,,,,,,,,,,
12,,,11654,,,,,,,,,,,,,,,,,,,,,,,,,,,,,,,,,,,,0.5681151747703552,,,,,,,,,,,,,,,,,,,,,,,,,,,,,,,,,,,,
12,,,11659,,,,,,,,,,,,,,,,,,,,,,,,,,,,,,,,,,,,0.5278336405754089,,,,,,,,,,,,,,,,,,,,,,,,,,,,,,,,,,,,
12,,,11664,,,,,,,,,,,,,,,,,,,,,,,,,,,,,,,,,,,,0.6559484004974365,,,,,,,,,,,,,,,,,,,,,,,,,,,,,,,,,,,,
12,,,11669,,,,,,,,,,,,,,,,,,,,,,,,,,,,,,,,,,,,0.5324646234512329,,,,,,,,,,,,,,,,,,,,,,,,,,,,,,,,,,,,
12,,,11674,,,,,,,,,,,,,,,,,,,,,,,,,,,,,,,,,,,,0.4352566599845886,,,,,,,,,,,,,,,,,,,,,,,,,,,,,,,,,,,,
12,,,11679,,,,,,,,,,,,,,,,,,,,,,,,,,,,,,,,,,,,0.4395046532154083,,,,,,,,,,,,,,,,,,,,,,,,,,,,,,,,,,,,
12,,,11684,,,,,,,,,,,,,,,,,,,,,,,,,,,,,,,,,,,,0.5577138662338257,,,,,,,,,,,,,,,,,,,,,,,,,,,,,,,,,,,,
12,,,11689,,,,,,,,,,,,,,,,,,,,,,,,,,,,,,,,,,,,0.5354180932044983,,,,,,,,,,,,,,,,,,,,,,,,,,,,,,,,,,,,
12,,,11694,,,,,,,,,,,,,,,,,,,,,,,,,,,,,,,,,,,,0.3196772336959839,,,,,,,,,,,,,,,,,,,,,,,,,,,,,,,,,,,,
12,,,11699,,,,,,,,,,,,,,,,,,,,,,,,,,,,,,,,,,,,0.39927756786346436,,,,,,,,,,,,,,,,,,,,,,,,,,,,,,,,,,,,
12,,,11704,,,,,,,,,,,,,,,,,,,,,,,,,,,,,,,,,,,,0.4431374669075012,,,,,,,,,,,,,,,,,,,,,,,,,,,,,,,,,,,,
12,,,11709,,,,,,,,,,,,,,,,,,,,,,,,,,,,,,,,,,,,0.2999972105026245,,,,,,,,,,,,,,,,,,,,,,,,,,,,,,,,,,,,
12,,,11714,,,,,,,,,,,,,,,,,,,,,,,,,,,,,,,,,,,,0.28509289026260376,,,,,,,,,,,,,,,,,,,,,,,,,,,,,,,,,,,,
12,,,11719,,,,,,,,,,,,,,,,,,,,,,,,,,,,,,,,,,,,0.4511756896972656,,,,,,,,,,,,,,,,,,,,,,,,,,,,,,,,,,,,
12,,,11724,,,,,,,,,,,,,,,,,,,,,,,,,,,,,,,,,,,,0.4980969727039337,,,,,,,,,,,,,,,,,,,,,,,,,,,,,,,,,,,,
12,,,11729,,,,,,,,,,,,,,,,,,,,,,,,,,,,,,,,,,,,0.3688085079193115,,,,,,,,,,,,,,,,,,,,,,,,,,,,,,,,,,,,
12,,,11734,,,,,,,,,,,,,,,,,,,,,,,,,,,,,,,,,,,,0.46761903166770935,,,,,,,,,,,,,,,,,,,,,,,,,,,,,,,,,,,,
12,,,11739,,,,,,,,,,,,,,,,,,,,,,,,,,,,,,,,,,,,0.49514710903167725,,,,,,,,,,,,,,,,,,,,,,,,,,,,,,,,,,,,
12,,,11744,,,,,,,,,,,,,,,,,,,,,,,,,,,,,,,,,,,,0.4433848559856415,,,,,,,,,,,,,,,,,,,,,,,,,,,,,,,,,,,,
12,,,11749,,,,,,,,,,,,,,,,,,,,,,,,,,,,,,,,,,,,0.4004746675491333,,,,,,,,,,,,,,,,,,,,,,,,,,,,,,,,,,,,
12,,,11754,,,,,,,,,,,,,,,,,,,,,,,,,,,,,,,,,,,,0.22751359641551971,,,,,,,,,,,,,,,,,,,,,,,,,,,,,,,,,,,,
12,,,11759,,,,,,,,,,,,,,,,,,,,,,,,,,,,,,,,,,,,0.2576989233493805,,,,,,,,,,,,,,,,,,,,,,,,,,,,,,,,,,,,
12,,,11764,,,,,,,,,,,,,,,,,,,,,,,,,,,,,,,,,,,,0.2901182174682617,,,,,,,,,,,,,,,,,,,,,,,,,,,,,,,,,,,,
12,,,11769,,,,,,,,,,,,,,,,,,,,,,,,,,,,,,,,,,,,0.32470160722732544,,,,,,,,,,,,,,,,,,,,,,,,,,,,,,,,,,,,
12,,,11774,,,,,,,,,,,,,,,,,,,,,,,,,,,,,,,,,,,,0.3078407049179077,,,,,,,,,,,,,,,,,,,,,,,,,,,,,,,,,,,,
12,,,11779,,,,,,,,,,,,,,,,,,,,,,,,,,,,,,,,,,,,0.4756561815738678,,,,,,,,,,,,,,,,,,,,,,,,,,,,,,,,,,,,
12,,,11784,,,,,,,,,,,,,,,,,,,,,,,,,,,,,,,,,,,,0.3289095163345337,,,,,,,,,,,,,,,,,,,,,,,,,,,,,,,,,,,,
12,,,11789,,,,,,,,,,,,,,,,,,,,,,,,,,,,,,,,,,,,0.45355063676834106,,,,,,,,,,,,,,,,,,,,,,,,,,,,,,,,,,,,
12,,,11794,,,,,,,,,,,,,,,,,,,,,,,,,,,,,,,,,,,,0.44918113946914673,,,,,,,,,,,,,,,,,,,,,,,,,,,,,,,,,,,,
12,,,11799,,,,,,,,,,,,,,,,,,,,,,,,,,,,,,,,,,,,0.5417894721031189,,,,,,,,,,,,,,,,,,,,,,,,,,,,,,,,,,,,
12,,,11804,,,,,,,,,,,,,,,,,,,,,,,,,,,,,,,,,,,,0.3022992014884949,,,,,,,,,,,,,,,,,,,,,,,,,,,,,,,,,,,,
12,,,11809,,,,,,,,,,,,,,,,,,,,,,,,,,,,,,,,,,,,0.4885026216506958,,,,,,,,,,,,,,,,,,,,,,,,,,,,,,,,,,,,
12,,,11814,,,,,,,,,,,,,,,,,,,,,,,,,,,,,,,,,,,,0.3057553768157959,,,,,,,,,,,,,,,,,,,,,,,,,,,,,,,,,,,,
12,,,11819,,,,,,,,,,,,,,,,,,,,,,,,,,,,,,,,,,,,0.2712906002998352,,,,,,,,,,,,,,,,,,,,,,,,,,,,,,,,,,,,
12,,,11824,,,,,,,,,,,,,,,,,,,,,,,,,,,,,,,,,,,,0.329912006855011,,,,,,,,,,,,,,,,,,,,,,,,,,,,,,,,,,,,
12,,,11829,,,,,,,,,,,,,,,,,,,,,,,,,,,,,,,,,,,,0.2791782021522522,,,,,,,,,,,,,,,,,,,,,,,,,,,,,,,,,,,,
12,,,11834,,,,,,,,,,,,,,,,,,,,,,,,,,,,,,,,,,,,0.3438754081726074,,,,,,,,,,,,,,,,,,,,,,,,,,,,,,,,,,,,
12,,,11839,,,,,,,,,,,,,,,,,,,,,,,,,,,,,,,,,,,,0.47523611783981323,,,,,,,,,,,,,,,,,,,,,,,,,,,,,,,,,,,,
12,,,11844,,,,,,,,,,,,,,,,,,,,,,,,,,,,,,,,,,,,0.5174866914749146,,,,,,,,,,,,,,,,,,,,,,,,,,,,,,,,,,,,
12,,,11849,,,,,,,,,,,,,,,,,,,,,,,,,,,,,,,,,,,,0.47066831588745117,,,,,,,,,,,,,,,,,,,,,,,,,,,,,,,,,,,,
12,,,11854,,,,,,,,,,,,,,,,,,,,,,,,,,,,,,,,,,,,0.32811492681503296,,,,,,,,,,,,,,,,,,,,,,,,,,,,,,,,,,,,
12,,,11859,,,,,,,,,,,,,,,,,,,,,,,,,,,,,,,,,,,,0.3704034388065338,,,,,,,,,,,,,,,,,,,,,,,,,,,,,,,,,,,,
12,,,11864,,,,,,,,,,,,,,,,,,,,,,,,,,,,,,,,,,,,0.31347405910491943,,,,,,,,,,,,,,,,,,,,,,,,,,,,,,,,,,,,
12,,,11869,,,,,,,,,,,,,,,,,,,,,,,,,,,,,,,,,,,,0.46109697222709656,,,,,,,,,,,,,,,,,,,,,,,,,,,,,,,,,,,,
12,,,11874,,,,,,,,,,,,,,,,,,,,,,,,,,,,,,,,,,,,0.4939556121826172,,,,,,,,,,,,,,,,,,,,,,,,,,,,,,,,,,,,
12,,,11879,,,,,,,,,,,,,,,,,,,,,,,,,,,,,,,,,,,,0.5737897157669067,,,,,,,,,,,,,,,,,,,,,,,,,,,,,,,,,,,,
12,,,11884,,,,,,,,,,,,,,,,,,,,,,,,,,,,,,,,,,,,0.2924630045890808,,,,,,,,,,,,,,,,,,,,,,,,,,,,,,,,,,,,
12,,,11889,,,,,,,,,,,,,,,,,,,,,,,,,,,,,,,,,,,,0.2703534662723541,,,,,,,,,,,,,,,,,,,,,,,,,,,,,,,,,,,,
12,,,11894,,,,,,,,,,,,,,,,,,,,,,,,,,,,,,,,,,,,0.47112131118774414,,,,,,,,,,,,,,,,,,,,,,,,,,,,,,,,,,,,
12,,,11899,,,,,,,,,,,,,,,,,,,,,,,,,,,,,,,,,,,,0.3687075078487396,,,,,,,,,,,,,,,,,,,,,,,,,,,,,,,,,,,,
12,,,11904,,,,,,,,,,,,,,,,,,,,,,,,,,,,,,,,,,,,0.22717614471912384,,,,,,,,,,,,,,,,,,,,,,,,,,,,,,,,,,,,
12,,,11909,,,,,,,,,,,,,,,,,,,,,,,,,,,,,,,,,,,,0.3291918635368347,,,,,,,,,,,,,,,,,,,,,,,,,,,,,,,,,,,,
12,,,11914,,,,,,,,,,,,,,,,,,,,,,,,,,,,,,,,,,,,0.2474592924118042,,,,,,,,,,,,,,,,,,,,,,,,,,,,,,,,,,,,
12,,,11919,,,,,,,,,,,,,,,,,,,,,,,,,,,,,,,,,,,,0.48470765352249146,,,,,,,,,,,,,,,,,,,,,,,,,,,,,,,,,,,,
12,,,11924,,,,,,,,,,,,,,,,,,,,,,,,,,,,,,,,,,,,0.31665289402008057,,,,,,,,,,,,,,,,,,,,,,,,,,,,,,,,,,,,
12,,,11929,,,,,,,,,,,,,,,,,,,,,,,,,,,,,,,,,,,,0.28508904576301575,,,,,,,,,,,,,,,,,,,,,,,,,,,,,,,,,,,,
12,,,11934,,,,,,,,,,,,,,,,,,,,,,,,,,,,,,,,,,,,0.551100492477417,,,,,,,,,,,,,,,,,,,,,,,,,,,,,,,,,,,,
12,,,11939,,,,,,,,,,,,,,,,,,,,,,,,,,,,,,,,,,,,0.3514476716518402,,,,,,,,,,,,,,,,,,,,,,,,,,,,,,,,,,,,
12,,,11944,,,,,,,,,,,,,,,,,,,,,,,,,,,,,,,,,,,,0.22964318096637726,,,,,,,,,,,,,,,,,,,,,,,,,,,,,,,,,,,,
12,,,11949,,,,,,,,,,,,,,,,,,,,,,,,,,,,,,,,,,,,0.3313770890235901,,,,,,,,,,,,,,,,,,,,,,,,,,,,,,,,,,,,
12,,,11954,,,,,,,,,,,,,,,,,,,,,,,,,,,,,,,,,,,,0.30196964740753174,,,,,,,,,,,,,,,,,,,,,,,,,,,,,,,,,,,,
12,,,11959,,,,,,,,,,,,,,,,,,,,,,,,,,,,,,,,,,,,0.381193071603775,,,,,,,,,,,,,,,,,,,,,,,,,,,,,,,,,,,,
12,,,11964,,,,,,,,,,,,,,,,,,,,,,,,,,,,,,,,,,,,0.26472529768943787,,,,,,,,,,,,,,,,,,,,,,,,,,,,,,,,,,,,
12,,,11969,,,,,,,,,,,,,,,,,,,,,,,,,,,,,,,,,,,,0.527921736240387,,,,,,,,,,,,,,,,,,,,,,,,,,,,,,,,,,,,
12,,,11972,,,,,,,,,,,,,,,,,,,,,,,,,,,,,,,,,,,,,0.7990055084228516,0.7392627596855164,0.6318346261978149,0.7078956365585327,0.7990055084228516,0.0,0.8404809832572937,0.8677605986595154,0.956439197063446,0.5313411355018616,0.0,0.884501576423645,0.8304417133331299,0.8998247981071472,0.34228283166885376,0.0,0.7929205894470215,0.7100473046302795,0.81789231300354,0.20647841691970825,0.0,0.9333882331848145,0.7962002754211426,0.8495382070541382,0.2524557113647461,0.0,0.8404809832572937,0.8677605986595154,0.956439197063446,0.5313411355018616,0.8483793139457703,0.8483793139457703,0.7366828918457031,0.8483793139457703,0.8483793139457703,0.3925408124923706
12,,,11972,0.7653261423110962,0.7452521324157715,0.6402904987335205,0.7308728098869324,0.7653261423110962,0.0,0.8841164708137512,0.8298183679580688,0.9239639639854431,0.4234059751033783,0.0,0.8911959528923035,0.8290966153144836,0.9119161367416382,0.3487997353076935,0.0,0.8037452697753906,0.708082914352417,0.838093638420105,0.21124012768268585,0.0,0.8983898162841797,0.8283762335777283,0.9001784324645996,0.2965467572212219,0.0,0.8841164708137512,0.8298183679580688,0.9239639639854431,0.4234059751033783,0.8565318584442139,0.8565318584442139,0.7490648031234741,0.8565318584442139,0.8565318584442139,,,,,,,,,,,,,,,,,,,,,,,,,,,,,,,,,,,,,
,1e-05,0.0001,11973,,,,,,,,,,,,,,,,,,,,,,,,,,,,,,,,,,,,,,,,,,,,,,,,,,,,,,,,,,,,,,,,,,,,,,,,
13,,,11974,,,,,,,,,,,,,,,,,,,,,,,,,,,,,,,,,,,,0.29537197947502136,,,,,,,,,,,,,,,,,,,,,,,,,,,,,,,,,,,,
13,,,11979,,,,,,,,,,,,,,,,,,,,,,,,,,,,,,,,,,,,0.3042759299278259,,,,,,,,,,,,,,,,,,,,,,,,,,,,,,,,,,,,
13,,,11984,,,,,,,,,,,,,,,,,,,,,,,,,,,,,,,,,,,,0.3272508382797241,,,,,,,,,,,,,,,,,,,,,,,,,,,,,,,,,,,,
13,,,11989,,,,,,,,,,,,,,,,,,,,,,,,,,,,,,,,,,,,0.2525888681411743,,,,,,,,,,,,,,,,,,,,,,,,,,,,,,,,,,,,
13,,,11994,,,,,,,,,,,,,,,,,,,,,,,,,,,,,,,,,,,,0.297953724861145,,,,,,,,,,,,,,,,,,,,,,,,,,,,,,,,,,,,
13,,,11999,,,,,,,,,,,,,,,,,,,,,,,,,,,,,,,,,,,,0.40867576003074646,,,,,,,,,,,,,,,,,,,,,,,,,,,,,,,,,,,,
13,,,12004,,,,,,,,,,,,,,,,,,,,,,,,,,,,,,,,,,,,0.23260647058486938,,,,,,,,,,,,,,,,,,,,,,,,,,,,,,,,,,,,
13,,,12009,,,,,,,,,,,,,,,,,,,,,,,,,,,,,,,,,,,,0.30393993854522705,,,,,,,,,,,,,,,,,,,,,,,,,,,,,,,,,,,,
13,,,12014,,,,,,,,,,,,,,,,,,,,,,,,,,,,,,,,,,,,0.5087608695030212,,,,,,,,,,,,,,,,,,,,,,,,,,,,,,,,,,,,
13,,,12019,,,,,,,,,,,,,,,,,,,,,,,,,,,,,,,,,,,,0.18738260865211487,,,,,,,,,,,,,,,,,,,,,,,,,,,,,,,,,,,,
13,,,12024,,,,,,,,,,,,,,,,,,,,,,,,,,,,,,,,,,,,0.3006936013698578,,,,,,,,,,,,,,,,,,,,,,,,,,,,,,,,,,,,
13,,,12029,,,,,,,,,,,,,,,,,,,,,,,,,,,,,,,,,,,,0.2821648120880127,,,,,,,,,,,,,,,,,,,,,,,,,,,,,,,,,,,,
13,,,12034,,,,,,,,,,,,,,,,,,,,,,,,,,,,,,,,,,,,0.2834458351135254,,,,,,,,,,,,,,,,,,,,,,,,,,,,,,,,,,,,
13,,,12039,,,,,,,,,,,,,,,,,,,,,,,,,,,,,,,,,,,,0.2876955270767212,,,,,,,,,,,,,,,,,,,,,,,,,,,,,,,,,,,,
13,,,12044,,,,,,,,,,,,,,,,,,,,,,,,,,,,,,,,,,,,0.44616270065307617,,,,,,,,,,,,,,,,,,,,,,,,,,,,,,,,,,,,
13,,,12049,,,,,,,,,,,,,,,,,,,,,,,,,,,,,,,,,,,,0.37095898389816284,,,,,,,,,,,,,,,,,,,,,,,,,,,,,,,,,,,,
13,,,12054,,,,,,,,,,,,,,,,,,,,,,,,,,,,,,,,,,,,0.49591588973999023,,,,,,,,,,,,,,,,,,,,,,,,,,,,,,,,,,,,
13,,,12059,,,,,,,,,,,,,,,,,,,,,,,,,,,,,,,,,,,,0.23512783646583557,,,,,,,,,,,,,,,,,,,,,,,,,,,,,,,,,,,,
13,,,12064,,,,,,,,,,,,,,,,,,,,,,,,,,,,,,,,,,,,0.4960007071495056,,,,,,,,,,,,,,,,,,,,,,,,,,,,,,,,,,,,
13,,,12069,,,,,,,,,,,,,,,,,,,,,,,,,,,,,,,,,,,,0.2754247486591339,,,,,,,,,,,,,,,,,,,,,,,,,,,,,,,,,,,,
13,,,12074,,,,,,,,,,,,,,,,,,,,,,,,,,,,,,,,,,,,0.23267564177513123,,,,,,,,,,,,,,,,,,,,,,,,,,,,,,,,,,,,
13,,,12079,,,,,,,,,,,,,,,,,,,,,,,,,,,,,,,,,,,,0.2973734736442566,,,,,,,,,,,,,,,,,,,,,,,,,,,,,,,,,,,,
13,,,12084,,,,,,,,,,,,,,,,,,,,,,,,,,,,,,,,,,,,0.4914392828941345,,,,,,,,,,,,,,,,,,,,,,,,,,,,,,,,,,,,
13,,,12089,,,,,,,,,,,,,,,,,,,,,,,,,,,,,,,,,,,,0.30562078952789307,,,,,,,,,,,,,,,,,,,,,,,,,,,,,,,,,,,,
13,,,12094,,,,,,,,,,,,,,,,,,,,,,,,,,,,,,,,,,,,0.2739986181259155,,,,,,,,,,,,,,,,,,,,,,,,,,,,,,,,,,,,
13,,,12099,,,,,,,,,,,,,,,,,,,,,,,,,,,,,,,,,,,,0.3379341959953308,,,,,,,,,,,,,,,,,,,,,,,,,,,,,,,,,,,,
13,,,12104,,,,,,,,,,,,,,,,,,,,,,,,,,,,,,,,,,,,0.44481998682022095,,,,,,,,,,,,,,,,,,,,,,,,,,,,,,,,,,,,
13,,,12109,,,,,,,,,,,,,,,,,,,,,,,,,,,,,,,,,,,,0.2773076891899109,,,,,,,,,,,,,,,,,,,,,,,,,,,,,,,,,,,,
13,,,12114,,,,,,,,,,,,,,,,,,,,,,,,,,,,,,,,,,,,0.3089020550251007,,,,,,,,,,,,,,,,,,,,,,,,,,,,,,,,,,,,
13,,,12119,,,,,,,,,,,,,,,,,,,,,,,,,,,,,,,,,,,,0.3151513636112213,,,,,,,,,,,,,,,,,,,,,,,,,,,,,,,,,,,,
13,,,12124,,,,,,,,,,,,,,,,,,,,,,,,,,,,,,,,,,,,0.3607580363750458,,,,,,,,,,,,,,,,,,,,,,,,,,,,,,,,,,,,
13,,,12129,,,,,,,,,,,,,,,,,,,,,,,,,,,,,,,,,,,,0.5882596969604492,,,,,,,,,,,,,,,,,,,,,,,,,,,,,,,,,,,,
13,,,12134,,,,,,,,,,,,,,,,,,,,,,,,,,,,,,,,,,,,0.26569539308547974,,,,,,,,,,,,,,,,,,,,,,,,,,,,,,,,,,,,
13,,,12139,,,,,,,,,,,,,,,,,,,,,,,,,,,,,,,,,,,,0.34375637769699097,,,,,,,,,,,,,,,,,,,,,,,,,,,,,,,,,,,,
13,,,12144,,,,,,,,,,,,,,,,,,,,,,,,,,,,,,,,,,,,0.28995412588119507,,,,,,,,,,,,,,,,,,,,,,,,,,,,,,,,,,,,
13,,,12149,,,,,,,,,,,,,,,,,,,,,,,,,,,,,,,,,,,,0.2509094476699829,,,,,,,,,,,,,,,,,,,,,,,,,,,,,,,,,,,,
13,,,12154,,,,,,,,,,,,,,,,,,,,,,,,,,,,,,,,,,,,0.42002615332603455,,,,,,,,,,,,,,,,,,,,,,,,,,,,,,,,,,,,
13,,,12159,,,,,,,,,,,,,,,,,,,,,,,,,,,,,,,,,,,,0.23324891924858093,,,,,,,,,,,,,,,,,,,,,,,,,,,,,,,,,,,,
13,,,12164,,,,,,,,,,,,,,,,,,,,,,,,,,,,,,,,,,,,0.2534382939338684,,,,,,,,,,,,,,,,,,,,,,,,,,,,,,,,,,,,
13,,,12169,,,,,,,,,,,,,,,,,,,,,,,,,,,,,,,,,,,,0.3221522569656372,,,,,,,,,,,,,,,,,,,,,,,,,,,,,,,,,,,,
13,,,12174,,,,,,,,,,,,,,,,,,,,,,,,,,,,,,,,,,,,0.4378504753112793,,,,,,,,,,,,,,,,,,,,,,,,,,,,,,,,,,,,
13,,,12179,,,,,,,,,,,,,,,,,,,,,,,,,,,,,,,,,,,,0.43905746936798096,,,,,,,,,,,,,,,,,,,,,,,,,,,,,,,,,,,,
13,,,12184,,,,,,,,,,,,,,,,,,,,,,,,,,,,,,,,,,,,0.37295055389404297,,,,,,,,,,,,,,,,,,,,,,,,,,,,,,,,,,,,
13,,,12189,,,,,,,,,,,,,,,,,,,,,,,,,,,,,,,,,,,,0.23493251204490662,,,,,,,,,,,,,,,,,,,,,,,,,,,,,,,,,,,,
13,,,12194,,,,,,,,,,,,,,,,,,,,,,,,,,,,,,,,,,,,0.3602347671985626,,,,,,,,,,,,,,,,,,,,,,,,,,,,,,,,,,,,
13,,,12199,,,,,,,,,,,,,,,,,,,,,,,,,,,,,,,,,,,,0.507338285446167,,,,,,,,,,,,,,,,,,,,,,,,,,,,,,,,,,,,
13,,,12204,,,,,,,,,,,,,,,,,,,,,,,,,,,,,,,,,,,,0.48847460746765137,,,,,,,,,,,,,,,,,,,,,,,,,,,,,,,,,,,,
13,,,12209,,,,,,,,,,,,,,,,,,,,,,,,,,,,,,,,,,,,0.2887187600135803,,,,,,,,,,,,,,,,,,,,,,,,,,,,,,,,,,,,
13,,,12214,,,,,,,,,,,,,,,,,,,,,,,,,,,,,,,,,,,,0.36665230989456177,,,,,,,,,,,,,,,,,,,,,,,,,,,,,,,,,,,,
13,,,12219,,,,,,,,,,,,,,,,,,,,,,,,,,,,,,,,,,,,0.2367897927761078,,,,,,,,,,,,,,,,,,,,,,,,,,,,,,,,,,,,
13,,,12224,,,,,,,,,,,,,,,,,,,,,,,,,,,,,,,,,,,,0.4539836645126343,,,,,,,,,,,,,,,,,,,,,,,,,,,,,,,,,,,,
13,,,12229,,,,,,,,,,,,,,,,,,,,,,,,,,,,,,,,,,,,0.42567405104637146,,,,,,,,,,,,,,,,,,,,,,,,,,,,,,,,,,,,
13,,,12234,,,,,,,,,,,,,,,,,,,,,,,,,,,,,,,,,,,,0.4099593758583069,,,,,,,,,,,,,,,,,,,,,,,,,,,,,,,,,,,,
13,,,12239,,,,,,,,,,,,,,,,,,,,,,,,,,,,,,,,,,,,0.31829845905303955,,,,,,,,,,,,,,,,,,,,,,,,,,,,,,,,,,,,
13,,,12244,,,,,,,,,,,,,,,,,,,,,,,,,,,,,,,,,,,,0.29863542318344116,,,,,,,,,,,,,,,,,,,,,,,,,,,,,,,,,,,,
13,,,12249,,,,,,,,,,,,,,,,,,,,,,,,,,,,,,,,,,,,0.4122360944747925,,,,,,,,,,,,,,,,,,,,,,,,,,,,,,,,,,,,
13,,,12254,,,,,,,,,,,,,,,,,,,,,,,,,,,,,,,,,,,,0.40881776809692383,,,,,,,,,,,,,,,,,,,,,,,,,,,,,,,,,,,,
13,,,12259,,,,,,,,,,,,,,,,,,,,,,,,,,,,,,,,,,,,0.3782239258289337,,,,,,,,,,,,,,,,,,,,,,,,,,,,,,,,,,,,
13,,,12264,,,,,,,,,,,,,,,,,,,,,,,,,,,,,,,,,,,,0.4459172785282135,,,,,,,,,,,,,,,,,,,,,,,,,,,,,,,,,,,,
13,,,12269,,,,,,,,,,,,,,,,,,,,,,,,,,,,,,,,,,,,0.2382502257823944,,,,,,,,,,,,,,,,,,,,,,,,,,,,,,,,,,,,
13,,,12274,,,,,,,,,,,,,,,,,,,,,,,,,,,,,,,,,,,,0.46401992440223694,,,,,,,,,,,,,,,,,,,,,,,,,,,,,,,,,,,,
13,,,12279,,,,,,,,,,,,,,,,,,,,,,,,,,,,,,,,,,,,0.4090864658355713,,,,,,,,,,,,,,,,,,,,,,,,,,,,,,,,,,,,
13,,,12284,,,,,,,,,,,,,,,,,,,,,,,,,,,,,,,,,,,,0.24923253059387207,,,,,,,,,,,,,,,,,,,,,,,,,,,,,,,,,,,,
13,,,12289,,,,,,,,,,,,,,,,,,,,,,,,,,,,,,,,,,,,0.2075033187866211,,,,,,,,,,,,,,,,,,,,,,,,,,,,,,,,,,,,
13,,,12294,,,,,,,,,,,,,,,,,,,,,,,,,,,,,,,,,,,,0.3552619218826294,,,,,,,,,,,,,,,,,,,,,,,,,,,,,,,,,,,,
13,,,12299,,,,,,,,,,,,,,,,,,,,,,,,,,,,,,,,,,,,0.5154998302459717,,,,,,,,,,,,,,,,,,,,,,,,,,,,,,,,,,,,
13,,,12304,,,,,,,,,,,,,,,,,,,,,,,,,,,,,,,,,,,,0.3496197462081909,,,,,,,,,,,,,,,,,,,,,,,,,,,,,,,,,,,,
13,,,12309,,,,,,,,,,,,,,,,,,,,,,,,,,,,,,,,,,,,0.4089524745941162,,,,,,,,,,,,,,,,,,,,,,,,,,,,,,,,,,,,
13,,,12314,,,,,,,,,,,,,,,,,,,,,,,,,,,,,,,,,,,,0.4508312940597534,,,,,,,,,,,,,,,,,,,,,,,,,,,,,,,,,,,,
13,,,12319,,,,,,,,,,,,,,,,,,,,,,,,,,,,,,,,,,,,0.33446255326271057,,,,,,,,,,,,,,,,,,,,,,,,,,,,,,,,,,,,
13,,,12324,,,,,,,,,,,,,,,,,,,,,,,,,,,,,,,,,,,,0.3415616750717163,,,,,,,,,,,,,,,,,,,,,,,,,,,,,,,,,,,,
13,,,12329,,,,,,,,,,,,,,,,,,,,,,,,,,,,,,,,,,,,0.38220876455307007,,,,,,,,,,,,,,,,,,,,,,,,,,,,,,,,,,,,
13,,,12334,,,,,,,,,,,,,,,,,,,,,,,,,,,,,,,,,,,,0.35381531715393066,,,,,,,,,,,,,,,,,,,,,,,,,,,,,,,,,,,,
13,,,12339,,,,,,,,,,,,,,,,,,,,,,,,,,,,,,,,,,,,0.39074206352233887,,,,,,,,,,,,,,,,,,,,,,,,,,,,,,,,,,,,
13,,,12344,,,,,,,,,,,,,,,,,,,,,,,,,,,,,,,,,,,,0.23058363795280457,,,,,,,,,,,,,,,,,,,,,,,,,,,,,,,,,,,,
13,,,12349,,,,,,,,,,,,,,,,,,,,,,,,,,,,,,,,,,,,0.5360369682312012,,,,,,,,,,,,,,,,,,,,,,,,,,,,,,,,,,,,
13,,,12354,,,,,,,,,,,,,,,,,,,,,,,,,,,,,,,,,,,,0.4410300850868225,,,,,,,,,,,,,,,,,,,,,,,,,,,,,,,,,,,,
13,,,12359,,,,,,,,,,,,,,,,,,,,,,,,,,,,,,,,,,,,0.27650371193885803,,,,,,,,,,,,,,,,,,,,,,,,,,,,,,,,,,,,
13,,,12364,,,,,,,,,,,,,,,,,,,,,,,,,,,,,,,,,,,,0.5197910070419312,,,,,,,,,,,,,,,,,,,,,,,,,,,,,,,,,,,,
13,,,12369,,,,,,,,,,,,,,,,,,,,,,,,,,,,,,,,,,,,0.4089481830596924,,,,,,,,,,,,,,,,,,,,,,,,,,,,,,,,,,,,
13,,,12374,,,,,,,,,,,,,,,,,,,,,,,,,,,,,,,,,,,,0.3700483441352844,,,,,,,,,,,,,,,,,,,,,,,,,,,,,,,,,,,,
13,,,12379,,,,,,,,,,,,,,,,,,,,,,,,,,,,,,,,,,,,0.2641018033027649,,,,,,,,,,,,,,,,,,,,,,,,,,,,,,,,,,,,
13,,,12384,,,,,,,,,,,,,,,,,,,,,,,,,,,,,,,,,,,,0.493660032749176,,,,,,,,,,,,,,,,,,,,,,,,,,,,,,,,,,,,
13,,,12389,,,,,,,,,,,,,,,,,,,,,,,,,,,,,,,,,,,,0.30353039503097534,,,,,,,,,,,,,,,,,,,,,,,,,,,,,,,,,,,,
13,,,12394,,,,,,,,,,,,,,,,,,,,,,,,,,,,,,,,,,,,0.49374037981033325,,,,,,,,,,,,,,,,,,,,,,,,,,,,,,,,,,,,
13,,,12399,,,,,,,,,,,,,,,,,,,,,,,,,,,,,,,,,,,,0.4989740252494812,,,,,,,,,,,,,,,,,,,,,,,,,,,,,,,,,,,,
13,,,12404,,,,,,,,,,,,,,,,,,,,,,,,,,,,,,,,,,,,0.36853229999542236,,,,,,,,,,,,,,,,,,,,,,,,,,,,,,,,,,,,
13,,,12409,,,,,,,,,,,,,,,,,,,,,,,,,,,,,,,,,,,,0.2226325422525406,,,,,,,,,,,,,,,,,,,,,,,,,,,,,,,,,,,,
13,,,12414,,,,,,,,,,,,,,,,,,,,,,,,,,,,,,,,,,,,0.32089507579803467,,,,,,,,,,,,,,,,,,,,,,,,,,,,,,,,,,,,
13,,,12419,,,,,,,,,,,,,,,,,,,,,,,,,,,,,,,,,,,,0.4459037482738495,,,,,,,,,,,,,,,,,,,,,,,,,,,,,,,,,,,,
13,,,12424,,,,,,,,,,,,,,,,,,,,,,,,,,,,,,,,,,,,0.3578948378562927,,,,,,,,,,,,,,,,,,,,,,,,,,,,,,,,,,,,
13,,,12429,,,,,,,,,,,,,,,,,,,,,,,,,,,,,,,,,,,,0.2409558743238449,,,,,,,,,,,,,,,,,,,,,,,,,,,,,,,,,,,,
13,,,12434,,,,,,,,,,,,,,,,,,,,,,,,,,,,,,,,,,,,0.46773630380630493,,,,,,,,,,,,,,,,,,,,,,,,,,,,,,,,,,,,
13,,,12439,,,,,,,,,,,,,,,,,,,,,,,,,,,,,,,,,,,,0.2986711859703064,,,,,,,,,,,,,,,,,,,,,,,,,,,,,,,,,,,,
13,,,12444,,,,,,,,,,,,,,,,,,,,,,,,,,,,,,,,,,,,0.2886416018009186,,,,,,,,,,,,,,,,,,,,,,,,,,,,,,,,,,,,
13,,,12449,,,,,,,,,,,,,,,,,,,,,,,,,,,,,,,,,,,,0.20426218211650848,,,,,,,,,,,,,,,,,,,,,,,,,,,,,,,,,,,,
13,,,12454,,,,,,,,,,,,,,,,,,,,,,,,,,,,,,,,,,,,0.32864898443222046,,,,,,,,,,,,,,,,,,,,,,,,,,,,,,,,,,,,
13,,,12459,,,,,,,,,,,,,,,,,,,,,,,,,,,,,,,,,,,,0.512984573841095,,,,,,,,,,,,,,,,,,,,,,,,,,,,,,,,,,,,
13,,,12464,,,,,,,,,,,,,,,,,,,,,,,,,,,,,,,,,,,,0.3630690276622772,,,,,,,,,,,,,,,,,,,,,,,,,,,,,,,,,,,,
13,,,12469,,,,,,,,,,,,,,,,,,,,,,,,,,,,,,,,,,,,0.2177758812904358,,,,,,,,,,,,,,,,,,,,,,,,,,,,,,,,,,,,
13,,,12474,,,,,,,,,,,,,,,,,,,,,,,,,,,,,,,,,,,,0.29612910747528076,,,,,,,,,,,,,,,,,,,,,,,,,,,,,,,,,,,,
13,,,12479,,,,,,,,,,,,,,,,,,,,,,,,,,,,,,,,,,,,0.20983445644378662,,,,,,,,,,,,,,,,,,,,,,,,,,,,,,,,,,,,
13,,,12484,,,,,,,,,,,,,,,,,,,,,,,,,,,,,,,,,,,,0.3103751242160797,,,,,,,,,,,,,,,,,,,,,,,,,,,,,,,,,,,,
13,,,12489,,,,,,,,,,,,,,,,,,,,,,,,,,,,,,,,,,,,0.31281232833862305,,,,,,,,,,,,,,,,,,,,,,,,,,,,,,,,,,,,
13,,,12494,,,,,,,,,,,,,,,,,,,,,,,,,,,,,,,,,,,,0.4977181851863861,,,,,,,,,,,,,,,,,,,,,,,,,,,,,,,,,,,,
13,,,12499,,,,,,,,,,,,,,,,,,,,,,,,,,,,,,,,,,,,0.2568648159503937,,,,,,,,,,,,,,,,,,,,,,,,,,,,,,,,,,,,
13,,,12504,,,,,,,,,,,,,,,,,,,,,,,,,,,,,,,,,,,,0.3415532112121582,,,,,,,,,,,,,,,,,,,,,,,,,,,,,,,,,,,,
13,,,12509,,,,,,,,,,,,,,,,,,,,,,,,,,,,,,,,,,,,0.34737229347229004,,,,,,,,,,,,,,,,,,,,,,,,,,,,,,,,,,,,
13,,,12514,,,,,,,,,,,,,,,,,,,,,,,,,,,,,,,,,,,,0.4864591062068939,,,,,,,,,,,,,,,,,,,,,,,,,,,,,,,,,,,,
13,,,12519,,,,,,,,,,,,,,,,,,,,,,,,,,,,,,,,,,,,0.3347684144973755,,,,,,,,,,,,,,,,,,,,,,,,,,,,,,,,,,,,
13,,,12524,,,,,,,,,,,,,,,,,,,,,,,,,,,,,,,,,,,,0.41348135471343994,,,,,,,,,,,,,,,,,,,,,,,,,,,,,,,,,,,,
13,,,12529,,,,,,,,,,,,,,,,,,,,,,,,,,,,,,,,,,,,0.2871967554092407,,,,,,,,,,,,,,,,,,,,,,,,,,,,,,,,,,,,
13,,,12534,,,,,,,,,,,,,,,,,,,,,,,,,,,,,,,,,,,,0.2898297905921936,,,,,,,,,,,,,,,,,,,,,,,,,,,,,,,,,,,,
13,,,12539,,,,,,,,,,,,,,,,,,,,,,,,,,,,,,,,,,,,0.5379684567451477,,,,,,,,,,,,,,,,,,,,,,,,,,,,,,,,,,,,
13,,,12544,,,,,,,,,,,,,,,,,,,,,,,,,,,,,,,,,,,,0.2527323365211487,,,,,,,,,,,,,,,,,,,,,,,,,,,,,,,,,,,,
13,,,12549,,,,,,,,,,,,,,,,,,,,,,,,,,,,,,,,,,,,0.42229127883911133,,,,,,,,,,,,,,,,,,,,,,,,,,,,,,,,,,,,
13,,,12554,,,,,,,,,,,,,,,,,,,,,,,,,,,,,,,,,,,,0.404758483171463,,,,,,,,,,,,,,,,,,,,,,,,,,,,,,,,,,,,
13,,,12559,,,,,,,,,,,,,,,,,,,,,,,,,,,,,,,,,,,,0.296670138835907,,,,,,,,,,,,,,,,,,,,,,,,,,,,,,,,,,,,
13,,,12564,,,,,,,,,,,,,,,,,,,,,,,,,,,,,,,,,,,,0.45552876591682434,,,,,,,,,,,,,,,,,,,,,,,,,,,,,,,,,,,,
13,,,12569,,,,,,,,,,,,,,,,,,,,,,,,,,,,,,,,,,,,0.31736481189727783,,,,,,,,,,,,,,,,,,,,,,,,,,,,,,,,,,,,
13,,,12574,,,,,,,,,,,,,,,,,,,,,,,,,,,,,,,,,,,,0.311631977558136,,,,,,,,,,,,,,,,,,,,,,,,,,,,,,,,,,,,
13,,,12579,,,,,,,,,,,,,,,,,,,,,,,,,,,,,,,,,,,,0.38799038529396057,,,,,,,,,,,,,,,,,,,,,,,,,,,,,,,,,,,,
13,,,12584,,,,,,,,,,,,,,,,,,,,,,,,,,,,,,,,,,,,0.365051805973053,,,,,,,,,,,,,,,,,,,,,,,,,,,,,,,,,,,,
13,,,12589,,,,,,,,,,,,,,,,,,,,,,,,,,,,,,,,,,,,0.3023408353328705,,,,,,,,,,,,,,,,,,,,,,,,,,,,,,,,,,,,
13,,,12594,,,,,,,,,,,,,,,,,,,,,,,,,,,,,,,,,,,,0.5356099009513855,,,,,,,,,,,,,,,,,,,,,,,,,,,,,,,,,,,,
13,,,12599,,,,,,,,,,,,,,,,,,,,,,,,,,,,,,,,,,,,0.3660867214202881,,,,,,,,,,,,,,,,,,,,,,,,,,,,,,,,,,,,
13,,,12604,,,,,,,,,,,,,,,,,,,,,,,,,,,,,,,,,,,,0.4451943635940552,,,,,,,,,,,,,,,,,,,,,,,,,,,,,,,,,,,,
13,,,12609,,,,,,,,,,,,,,,,,,,,,,,,,,,,,,,,,,,,0.41037052869796753,,,,,,,,,,,,,,,,,,,,,,,,,,,,,,,,,,,,
13,,,12614,,,,,,,,,,,,,,,,,,,,,,,,,,,,,,,,,,,,0.2296086549758911,,,,,,,,,,,,,,,,,,,,,,,,,,,,,,,,,,,,
13,,,12619,,,,,,,,,,,,,,,,,,,,,,,,,,,,,,,,,,,,0.3913348615169525,,,,,,,,,,,,,,,,,,,,,,,,,,,,,,,,,,,,
13,,,12624,,,,,,,,,,,,,,,,,,,,,,,,,,,,,,,,,,,,0.3659864664077759,,,,,,,,,,,,,,,,,,,,,,,,,,,,,,,,,,,,
13,,,12629,,,,,,,,,,,,,,,,,,,,,,,,,,,,,,,,,,,,0.2889362871646881,,,,,,,,,,,,,,,,,,,,,,,,,,,,,,,,,,,,
13,,,12634,,,,,,,,,,,,,,,,,,,,,,,,,,,,,,,,,,,,0.4665408134460449,,,,,,,,,,,,,,,,,,,,,,,,,,,,,,,,,,,,
13,,,12639,,,,,,,,,,,,,,,,,,,,,,,,,,,,,,,,,,,,0.26017075777053833,,,,,,,,,,,,,,,,,,,,,,,,,,,,,,,,,,,,
13,,,12644,,,,,,,,,,,,,,,,,,,,,,,,,,,,,,,,,,,,0.32647138833999634,,,,,,,,,,,,,,,,,,,,,,,,,,,,,,,,,,,,
13,,,12649,,,,,,,,,,,,,,,,,,,,,,,,,,,,,,,,,,,,0.47412654757499695,,,,,,,,,,,,,,,,,,,,,,,,,,,,,,,,,,,,
13,,,12654,,,,,,,,,,,,,,,,,,,,,,,,,,,,,,,,,,,,0.4207714796066284,,,,,,,,,,,,,,,,,,,,,,,,,,,,,,,,,,,,
13,,,12659,,,,,,,,,,,,,,,,,,,,,,,,,,,,,,,,,,,,0.46298733353614807,,,,,,,,,,,,,,,,,,,,,,,,,,,,,,,,,,,,
13,,,12664,,,,,,,,,,,,,,,,,,,,,,,,,,,,,,,,,,,,0.3181680738925934,,,,,,,,,,,,,,,,,,,,,,,,,,,,,,,,,,,,
13,,,12669,,,,,,,,,,,,,,,,,,,,,,,,,,,,,,,,,,,,0.31212013959884644,,,,,,,,,,,,,,,,,,,,,,,,,,,,,,,,,,,,
13,,,12674,,,,,,,,,,,,,,,,,,,,,,,,,,,,,,,,,,,,0.3991532325744629,,,,,,,,,,,,,,,,,,,,,,,,,,,,,,,,,,,,
13,,,12679,,,,,,,,,,,,,,,,,,,,,,,,,,,,,,,,,,,,0.29819610714912415,,,,,,,,,,,,,,,,,,,,,,,,,,,,,,,,,,,,
13,,,12684,,,,,,,,,,,,,,,,,,,,,,,,,,,,,,,,,,,,0.40983328223228455,,,,,,,,,,,,,,,,,,,,,,,,,,,,,,,,,,,,
13,,,12689,,,,,,,,,,,,,,,,,,,,,,,,,,,,,,,,,,,,0.2679465413093567,,,,,,,,,,,,,,,,,,,,,,,,,,,,,,,,,,,,
13,,,12694,,,,,,,,,,,,,,,,,,,,,,,,,,,,,,,,,,,,0.45204541087150574,,,,,,,,,,,,,,,,,,,,,,,,,,,,,,,,,,,,
13,,,12699,,,,,,,,,,,,,,,,,,,,,,,,,,,,,,,,,,,,0.30916932225227356,,,,,,,,,,,,,,,,,,,,,,,,,,,,,,,,,,,,
13,,,12704,,,,,,,,,,,,,,,,,,,,,,,,,,,,,,,,,,,,0.4687076807022095,,,,,,,,,,,,,,,,,,,,,,,,,,,,,,,,,,,,
13,,,12709,,,,,,,,,,,,,,,,,,,,,,,,,,,,,,,,,,,,0.4194173216819763,,,,,,,,,,,,,,,,,,,,,,,,,,,,,,,,,,,,
13,,,12714,,,,,,,,,,,,,,,,,,,,,,,,,,,,,,,,,,,,0.43871498107910156,,,,,,,,,,,,,,,,,,,,,,,,,,,,,,,,,,,,
13,,,12719,,,,,,,,,,,,,,,,,,,,,,,,,,,,,,,,,,,,0.34526097774505615,,,,,,,,,,,,,,,,,,,,,,,,,,,,,,,,,,,,
13,,,12724,,,,,,,,,,,,,,,,,,,,,,,,,,,,,,,,,,,,0.36155998706817627,,,,,,,,,,,,,,,,,,,,,,,,,,,,,,,,,,,,
13,,,12729,,,,,,,,,,,,,,,,,,,,,,,,,,,,,,,,,,,,0.3873834013938904,,,,,,,,,,,,,,,,,,,,,,,,,,,,,,,,,,,,
13,,,12734,,,,,,,,,,,,,,,,,,,,,,,,,,,,,,,,,,,,0.341239869594574,,,,,,,,,,,,,,,,,,,,,,,,,,,,,,,,,,,,
13,,,12739,,,,,,,,,,,,,,,,,,,,,,,,,,,,,,,,,,,,0.4771566689014435,,,,,,,,,,,,,,,,,,,,,,,,,,,,,,,,,,,,
13,,,12744,,,,,,,,,,,,,,,,,,,,,,,,,,,,,,,,,,,,0.4103385806083679,,,,,,,,,,,,,,,,,,,,,,,,,,,,,,,,,,,,
13,,,12749,,,,,,,,,,,,,,,,,,,,,,,,,,,,,,,,,,,,0.4251275658607483,,,,,,,,,,,,,,,,,,,,,,,,,,,,,,,,,,,,
13,,,12754,,,,,,,,,,,,,,,,,,,,,,,,,,,,,,,,,,,,0.33109843730926514,,,,,,,,,,,,,,,,,,,,,,,,,,,,,,,,,,,,
13,,,12759,,,,,,,,,,,,,,,,,,,,,,,,,,,,,,,,,,,,0.36545005440711975,,,,,,,,,,,,,,,,,,,,,,,,,,,,,,,,,,,,
13,,,12764,,,,,,,,,,,,,,,,,,,,,,,,,,,,,,,,,,,,0.23961831629276276,,,,,,,,,,,,,,,,,,,,,,,,,,,,,,,,,,,,
13,,,12769,,,,,,,,,,,,,,,,,,,,,,,,,,,,,,,,,,,,0.14785338938236237,,,,,,,,,,,,,,,,,,,,,,,,,,,,,,,,,,,,
13,,,12774,,,,,,,,,,,,,,,,,,,,,,,,,,,,,,,,,,,,0.41175854206085205,,,,,,,,,,,,,,,,,,,,,,,,,,,,,,,,,,,,
13,,,12779,,,,,,,,,,,,,,,,,,,,,,,,,,,,,,,,,,,,0.3685764968395233,,,,,,,,,,,,,,,,,,,,,,,,,,,,,,,,,,,,
13,,,12784,,,,,,,,,,,,,,,,,,,,,,,,,,,,,,,,,,,,0.429243803024292,,,,,,,,,,,,,,,,,,,,,,,,,,,,,,,,,,,,
13,,,12789,,,,,,,,,,,,,,,,,,,,,,,,,,,,,,,,,,,,0.41545236110687256,,,,,,,,,,,,,,,,,,,,,,,,,,,,,,,,,,,,
13,,,12794,,,,,,,,,,,,,,,,,,,,,,,,,,,,,,,,,,,,0.44880154728889465,,,,,,,,,,,,,,,,,,,,,,,,,,,,,,,,,,,,
13,,,12799,,,,,,,,,,,,,,,,,,,,,,,,,,,,,,,,,,,,0.3705333173274994,,,,,,,,,,,,,,,,,,,,,,,,,,,,,,,,,,,,
13,,,12804,,,,,,,,,,,,,,,,,,,,,,,,,,,,,,,,,,,,0.36461567878723145,,,,,,,,,,,,,,,,,,,,,,,,,,,,,,,,,,,,
13,,,12809,,,,,,,,,,,,,,,,,,,,,,,,,,,,,,,,,,,,0.39077305793762207,,,,,,,,,,,,,,,,,,,,,,,,,,,,,,,,,,,,
13,,,12814,,,,,,,,,,,,,,,,,,,,,,,,,,,,,,,,,,,,0.3249717950820923,,,,,,,,,,,,,,,,,,,,,,,,,,,,,,,,,,,,
13,,,12819,,,,,,,,,,,,,,,,,,,,,,,,,,,,,,,,,,,,0.4071463644504547,,,,,,,,,,,,,,,,,,,,,,,,,,,,,,,,,,,,
13,,,12824,,,,,,,,,,,,,,,,,,,,,,,,,,,,,,,,,,,,0.4333074986934662,,,,,,,,,,,,,,,,,,,,,,,,,,,,,,,,,,,,
13,,,12829,,,,,,,,,,,,,,,,,,,,,,,,,,,,,,,,,,,,0.3551456332206726,,,,,,,,,,,,,,,,,,,,,,,,,,,,,,,,,,,,
13,,,12834,,,,,,,,,,,,,,,,,,,,,,,,,,,,,,,,,,,,0.3532651960849762,,,,,,,,,,,,,,,,,,,,,,,,,,,,,,,,,,,,
13,,,12839,,,,,,,,,,,,,,,,,,,,,,,,,,,,,,,,,,,,0.4400908350944519,,,,,,,,,,,,,,,,,,,,,,,,,,,,,,,,,,,,
13,,,12844,,,,,,,,,,,,,,,,,,,,,,,,,,,,,,,,,,,,0.4983941316604614,,,,,,,,,,,,,,,,,,,,,,,,,,,,,,,,,,,,
13,,,12849,,,,,,,,,,,,,,,,,,,,,,,,,,,,,,,,,,,,0.5185123682022095,,,,,,,,,,,,,,,,,,,,,,,,,,,,,,,,,,,,
13,,,12854,,,,,,,,,,,,,,,,,,,,,,,,,,,,,,,,,,,,0.26989540457725525,,,,,,,,,,,,,,,,,,,,,,,,,,,,,,,,,,,,
13,,,12859,,,,,,,,,,,,,,,,,,,,,,,,,,,,,,,,,,,,0.3320366144180298,,,,,,,,,,,,,,,,,,,,,,,,,,,,,,,,,,,,
13,,,12864,,,,,,,,,,,,,,,,,,,,,,,,,,,,,,,,,,,,0.47412240505218506,,,,,,,,,,,,,,,,,,,,,,,,,,,,,,,,,,,,
13,,,12869,,,,,,,,,,,,,,,,,,,,,,,,,,,,,,,,,,,,0.3357866108417511,,,,,,,,,,,,,,,,,,,,,,,,,,,,,,,,,,,,
13,,,12874,,,,,,,,,,,,,,,,,,,,,,,,,,,,,,,,,,,,0.5152440071105957,,,,,,,,,,,,,,,,,,,,,,,,,,,,,,,,,,,,
13,,,12879,,,,,,,,,,,,,,,,,,,,,,,,,,,,,,,,,,,,0.39225703477859497,,,,,,,,,,,,,,,,,,,,,,,,,,,,,,,,,,,,
13,,,12884,,,,,,,,,,,,,,,,,,,,,,,,,,,,,,,,,,,,0.2606388330459595,,,,,,,,,,,,,,,,,,,,,,,,,,,,,,,,,,,,
13,,,12889,,,,,,,,,,,,,,,,,,,,,,,,,,,,,,,,,,,,0.32894980907440186,,,,,,,,,,,,,,,,,,,,,,,,,,,,,,,,,,,,
13,,,12893,,,,,,,,,,,,,,,,,,,,,,,,,,,,,,,,,,,,,0.7831192016601562,0.7547334432601929,0.6506160497665405,0.7359419465065002,0.7831192016601562,0.0,0.8674353957176208,0.8644682765007019,0.9304782748222351,0.47009482979774475,0.0,0.8939966559410095,0.8377217054367065,0.9164901375770569,0.3707253336906433,0.0,0.8083128333091736,0.720758318901062,0.8458530306816101,0.22754010558128357,0.0,0.9222359657287598,0.8125805258750916,0.9029163122177124,0.3060351014137268,0.0,0.8674353957176208,0.8644682765007019,0.9304782748222351,0.47009482979774475,0.8608621954917908,0.8608621954917908,0.7557138204574585,0.8608621954917908,0.8608621954917908,0.38837578892707825
13,,,12893,0.7657119035720825,0.7474900484085083,0.6435312032699585,0.734061598777771,0.7657119035720825,0.0,0.8846818804740906,0.832648754119873,0.9272140860557556,0.4183028042316437,0.0,0.8921312689781189,0.8304123878479004,0.9166936278343201,0.3507227897644043,0.0,0.8052681088447571,0.7100045084953308,0.8461998105049133,0.21265241503715515,0.0,0.8997073769569397,0.8281880021095276,0.9064092636108398,0.30194178223609924,0.0,0.8846818804740906,0.832648754119873,0.9272140860557556,0.4183028042316437,0.8579052686691284,0.8579052686691284,0.7511681914329529,0.8579052686691284,0.8579052686691284,,,,,,,,,,,,,,,,,,,,,,,,,,,,,,,,,,,,,
,1e-05,0.0001,12894,,,,,,,,,,,,,,,,,,,,,,,,,,,,,,,,,,,,,,,,,,,,,,,,,,,,,,,,,,,,,,,,,,,,,,,,
14,,,12894,,,,,,,,,,,,,,,,,,,,,,,,,,,,,,,,,,,,0.31426534056663513,,,,,,,,,,,,,,,,,,,,,,,,,,,,,,,,,,,,
14,,,12899,,,,,,,,,,,,,,,,,,,,,,,,,,,,,,,,,,,,0.35550129413604736,,,,,,,,,,,,,,,,,,,,,,,,,,,,,,,,,,,,
14,,,12904,,,,,,,,,,,,,,,,,,,,,,,,,,,,,,,,,,,,0.323783814907074,,,,,,,,,,,,,,,,,,,,,,,,,,,,,,,,,,,,
14,,,12909,,,,,,,,,,,,,,,,,,,,,,,,,,,,,,,,,,,,0.4892086684703827,,,,,,,,,,,,,,,,,,,,,,,,,,,,,,,,,,,,
14,,,12914,,,,,,,,,,,,,,,,,,,,,,,,,,,,,,,,,,,,0.2979314923286438,,,,,,,,,,,,,,,,,,,,,,,,,,,,,,,,,,,,
14,,,12919,,,,,,,,,,,,,,,,,,,,,,,,,,,,,,,,,,,,0.44730788469314575,,,,,,,,,,,,,,,,,,,,,,,,,,,,,,,,,,,,
14,,,12924,,,,,,,,,,,,,,,,,,,,,,,,,,,,,,,,,,,,0.3979848027229309,,,,,,,,,,,,,,,,,,,,,,,,,,,,,,,,,,,,
14,,,12929,,,,,,,,,,,,,,,,,,,,,,,,,,,,,,,,,,,,0.3851698040962219,,,,,,,,,,,,,,,,,,,,,,,,,,,,,,,,,,,,
14,,,12934,,,,,,,,,,,,,,,,,,,,,,,,,,,,,,,,,,,,0.39072906970977783,,,,,,,,,,,,,,,,,,,,,,,,,,,,,,,,,,,,
14,,,12939,,,,,,,,,,,,,,,,,,,,,,,,,,,,,,,,,,,,0.3224521577358246,,,,,,,,,,,,,,,,,,,,,,,,,,,,,,,,,,,,
14,,,12944,,,,,,,,,,,,,,,,,,,,,,,,,,,,,,,,,,,,0.2113204300403595,,,,,,,,,,,,,,,,,,,,,,,,,,,,,,,,,,,,
14,,,12949,,,,,,,,,,,,,,,,,,,,,,,,,,,,,,,,,,,,0.5536247491836548,,,,,,,,,,,,,,,,,,,,,,,,,,,,,,,,,,,,
14,,,12954,,,,,,,,,,,,,,,,,,,,,,,,,,,,,,,,,,,,0.2669718563556671,,,,,,,,,,,,,,,,,,,,,,,,,,,,,,,,,,,,
14,,,12959,,,,,,,,,,,,,,,,,,,,,,,,,,,,,,,,,,,,0.274422287940979,,,,,,,,,,,,,,,,,,,,,,,,,,,,,,,,,,,,
14,,,12964,,,,,,,,,,,,,,,,,,,,,,,,,,,,,,,,,,,,0.441148579120636,,,,,,,,,,,,,,,,,,,,,,,,,,,,,,,,,,,,
14,,,12969,,,,,,,,,,,,,,,,,,,,,,,,,,,,,,,,,,,,0.346958726644516,,,,,,,,,,,,,,,,,,,,,,,,,,,,,,,,,,,,
14,,,12974,,,,,,,,,,,,,,,,,,,,,,,,,,,,,,,,,,,,0.2934854030609131,,,,,,,,,,,,,,,,,,,,,,,,,,,,,,,,,,,,
14,,,12979,,,,,,,,,,,,,,,,,,,,,,,,,,,,,,,,,,,,0.5565029382705688,,,,,,,,,,,,,,,,,,,,,,,,,,,,,,,,,,,,
14,,,12984,,,,,,,,,,,,,,,,,,,,,,,,,,,,,,,,,,,,0.3189813792705536,,,,,,,,,,,,,,,,,,,,,,,,,,,,,,,,,,,,
14,,,12989,,,,,,,,,,,,,,,,,,,,,,,,,,,,,,,,,,,,0.2587684690952301,,,,,,,,,,,,,,,,,,,,,,,,,,,,,,,,,,,,
14,,,12994,,,,,,,,,,,,,,,,,,,,,,,,,,,,,,,,,,,,0.30467551946640015,,,,,,,,,,,,,,,,,,,,,,,,,,,,,,,,,,,,
14,,,12999,,,,,,,,,,,,,,,,,,,,,,,,,,,,,,,,,,,,0.25892171263694763,,,,,,,,,,,,,,,,,,,,,,,,,,,,,,,,,,,,
14,,,13004,,,,,,,,,,,,,,,,,,,,,,,,,,,,,,,,,,,,0.24591124057769775,,,,,,,,,,,,,,,,,,,,,,,,,,,,,,,,,,,,
14,,,13009,,,,,,,,,,,,,,,,,,,,,,,,,,,,,,,,,,,,0.2965739369392395,,,,,,,,,,,,,,,,,,,,,,,,,,,,,,,,,,,,
14,,,13014,,,,,,,,,,,,,,,,,,,,,,,,,,,,,,,,,,,,0.33721089363098145,,,,,,,,,,,,,,,,,,,,,,,,,,,,,,,,,,,,
14,,,13019,,,,,,,,,,,,,,,,,,,,,,,,,,,,,,,,,,,,0.3773111402988434,,,,,,,,,,,,,,,,,,,,,,,,,,,,,,,,,,,,
14,,,13024,,,,,,,,,,,,,,,,,,,,,,,,,,,,,,,,,,,,0.24121037125587463,,,,,,,,,,,,,,,,,,,,,,,,,,,,,,,,,,,,
14,,,13029,,,,,,,,,,,,,,,,,,,,,,,,,,,,,,,,,,,,0.2487885057926178,,,,,,,,,,,,,,,,,,,,,,,,,,,,,,,,,,,,
14,,,13034,,,,,,,,,,,,,,,,,,,,,,,,,,,,,,,,,,,,0.35341644287109375,,,,,,,,,,,,,,,,,,,,,,,,,,,,,,,,,,,,
14,,,13039,,,,,,,,,,,,,,,,,,,,,,,,,,,,,,,,,,,,0.26553237438201904,,,,,,,,,,,,,,,,,,,,,,,,,,,,,,,,,,,,
14,,,13044,,,,,,,,,,,,,,,,,,,,,,,,,,,,,,,,,,,,0.3993610143661499,,,,,,,,,,,,,,,,,,,,,,,,,,,,,,,,,,,,
14,,,13049,,,,,,,,,,,,,,,,,,,,,,,,,,,,,,,,,,,,0.3501717150211334,,,,,,,,,,,,,,,,,,,,,,,,,,,,,,,,,,,,
14,,,13054,,,,,,,,,,,,,,,,,,,,,,,,,,,,,,,,,,,,0.2866739332675934,,,,,,,,,,,,,,,,,,,,,,,,,,,,,,,,,,,,
14,,,13059,,,,,,,,,,,,,,,,,,,,,,,,,,,,,,,,,,,,0.31566426157951355,,,,,,,,,,,,,,,,,,,,,,,,,,,,,,,,,,,,
14,,,13064,,,,,,,,,,,,,,,,,,,,,,,,,,,,,,,,,,,,0.4727686643600464,,,,,,,,,,,,,,,,,,,,,,,,,,,,,,,,,,,,
14,,,13069,,,,,,,,,,,,,,,,,,,,,,,,,,,,,,,,,,,,0.2933289110660553,,,,,,,,,,,,,,,,,,,,,,,,,,,,,,,,,,,,
14,,,13074,,,,,,,,,,,,,,,,,,,,,,,,,,,,,,,,,,,,0.21885862946510315,,,,,,,,,,,,,,,,,,,,,,,,,,,,,,,,,,,,
14,,,13079,,,,,,,,,,,,,,,,,,,,,,,,,,,,,,,,,,,,0.26785239577293396,,,,,,,,,,,,,,,,,,,,,,,,,,,,,,,,,,,,
14,,,13084,,,,,,,,,,,,,,,,,,,,,,,,,,,,,,,,,,,,0.2570643126964569,,,,,,,,,,,,,,,,,,,,,,,,,,,,,,,,,,,,
14,,,13089,,,,,,,,,,,,,,,,,,,,,,,,,,,,,,,,,,,,0.48317891359329224,,,,,,,,,,,,,,,,,,,,,,,,,,,,,,,,,,,,
14,,,13094,,,,,,,,,,,,,,,,,,,,,,,,,,,,,,,,,,,,0.4828961491584778,,,,,,,,,,,,,,,,,,,,,,,,,,,,,,,,,,,,
14,,,13099,,,,,,,,,,,,,,,,,,,,,,,,,,,,,,,,,,,,0.3488970398902893,,,,,,,,,,,,,,,,,,,,,,,,,,,,,,,,,,,,
14,,,13104,,,,,,,,,,,,,,,,,,,,,,,,,,,,,,,,,,,,0.2902314364910126,,,,,,,,,,,,,,,,,,,,,,,,,,,,,,,,,,,,
14,,,13109,,,,,,,,,,,,,,,,,,,,,,,,,,,,,,,,,,,,0.32423245906829834,,,,,,,,,,,,,,,,,,,,,,,,,,,,,,,,,,,,
14,,,13114,,,,,,,,,,,,,,,,,,,,,,,,,,,,,,,,,,,,0.2919965982437134,,,,,,,,,,,,,,,,,,,,,,,,,,,,,,,,,,,,
14,,,13119,,,,,,,,,,,,,,,,,,,,,,,,,,,,,,,,,,,,0.37896671891212463,,,,,,,,,,,,,,,,,,,,,,,,,,,,,,,,,,,,
14,,,13124,,,,,,,,,,,,,,,,,,,,,,,,,,,,,,,,,,,,0.49945420026779175,,,,,,,,,,,,,,,,,,,,,,,,,,,,,,,,,,,,
14,,,13129,,,,,,,,,,,,,,,,,,,,,,,,,,,,,,,,,,,,0.30985864996910095,,,,,,,,,,,,,,,,,,,,,,,,,,,,,,,,,,,,
14,,,13134,,,,,,,,,,,,,,,,,,,,,,,,,,,,,,,,,,,,0.3217669725418091,,,,,,,,,,,,,,,,,,,,,,,,,,,,,,,,,,,,
14,,,13139,,,,,,,,,,,,,,,,,,,,,,,,,,,,,,,,,,,,0.31549447774887085,,,,,,,,,,,,,,,,,,,,,,,,,,,,,,,,,,,,
14,,,13144,,,,,,,,,,,,,,,,,,,,,,,,,,,,,,,,,,,,0.2838159203529358,,,,,,,,,,,,,,,,,,,,,,,,,,,,,,,,,,,,
14,,,13149,,,,,,,,,,,,,,,,,,,,,,,,,,,,,,,,,,,,0.23783214390277863,,,,,,,,,,,,,,,,,,,,,,,,,,,,,,,,,,,,
14,,,13154,,,,,,,,,,,,,,,,,,,,,,,,,,,,,,,,,,,,0.46367132663726807,,,,,,,,,,,,,,,,,,,,,,,,,,,,,,,,,,,,
14,,,13159,,,,,,,,,,,,,,,,,,,,,,,,,,,,,,,,,,,,0.27469825744628906,,,,,,,,,,,,,,,,,,,,,,,,,,,,,,,,,,,,
14,,,13164,,,,,,,,,,,,,,,,,,,,,,,,,,,,,,,,,,,,0.48872071504592896,,,,,,,,,,,,,,,,,,,,,,,,,,,,,,,,,,,,
14,,,13169,,,,,,,,,,,,,,,,,,,,,,,,,,,,,,,,,,,,0.32805806398391724,,,,,,,,,,,,,,,,,,,,,,,,,,,,,,,,,,,,
14,,,13174,,,,,,,,,,,,,,,,,,,,,,,,,,,,,,,,,,,,0.3588326871395111,,,,,,,,,,,,,,,,,,,,,,,,,,,,,,,,,,,,
14,,,13179,,,,,,,,,,,,,,,,,,,,,,,,,,,,,,,,,,,,0.44552522897720337,,,,,,,,,,,,,,,,,,,,,,,,,,,,,,,,,,,,
14,,,13184,,,,,,,,,,,,,,,,,,,,,,,,,,,,,,,,,,,,0.37985390424728394,,,,,,,,,,,,,,,,,,,,,,,,,,,,,,,,,,,,
14,,,13189,,,,,,,,,,,,,,,,,,,,,,,,,,,,,,,,,,,,0.2940291166305542,,,,,,,,,,,,,,,,,,,,,,,,,,,,,,,,,,,,
14,,,13194,,,,,,,,,,,,,,,,,,,,,,,,,,,,,,,,,,,,0.31529873609542847,,,,,,,,,,,,,,,,,,,,,,,,,,,,,,,,,,,,
14,,,13199,,,,,,,,,,,,,,,,,,,,,,,,,,,,,,,,,,,,0.5436243414878845,,,,,,,,,,,,,,,,,,,,,,,,,,,,,,,,,,,,
14,,,13204,,,,,,,,,,,,,,,,,,,,,,,,,,,,,,,,,,,,0.32165777683258057,,,,,,,,,,,,,,,,,,,,,,,,,,,,,,,,,,,,
14,,,13209,,,,,,,,,,,,,,,,,,,,,,,,,,,,,,,,,,,,0.3697534203529358,,,,,,,,,,,,,,,,,,,,,,,,,,,,,,,,,,,,
14,,,13214,,,,,,,,,,,,,,,,,,,,,,,,,,,,,,,,,,,,0.5106514096260071,,,,,,,,,,,,,,,,,,,,,,,,,,,,,,,,,,,,
14,,,13219,,,,,,,,,,,,,,,,,,,,,,,,,,,,,,,,,,,,0.4477902352809906,,,,,,,,,,,,,,,,,,,,,,,,,,,,,,,,,,,,
14,,,13224,,,,,,,,,,,,,,,,,,,,,,,,,,,,,,,,,,,,0.29101768136024475,,,,,,,,,,,,,,,,,,,,,,,,,,,,,,,,,,,,
14,,,13229,,,,,,,,,,,,,,,,,,,,,,,,,,,,,,,,,,,,0.37205198407173157,,,,,,,,,,,,,,,,,,,,,,,,,,,,,,,,,,,,
14,,,13234,,,,,,,,,,,,,,,,,,,,,,,,,,,,,,,,,,,,0.4501989483833313,,,,,,,,,,,,,,,,,,,,,,,,,,,,,,,,,,,,
14,,,13239,,,,,,,,,,,,,,,,,,,,,,,,,,,,,,,,,,,,0.34647029638290405,,,,,,,,,,,,,,,,,,,,,,,,,,,,,,,,,,,,
14,,,13244,,,,,,,,,,,,,,,,,,,,,,,,,,,,,,,,,,,,0.3240320682525635,,,,,,,,,,,,,,,,,,,,,,,,,,,,,,,,,,,,
14,,,13249,,,,,,,,,,,,,,,,,,,,,,,,,,,,,,,,,,,,0.3094150424003601,,,,,,,,,,,,,,,,,,,,,,,,,,,,,,,,,,,,
14,,,13254,,,,,,,,,,,,,,,,,,,,,,,,,,,,,,,,,,,,0.37256890535354614,,,,,,,,,,,,,,,,,,,,,,,,,,,,,,,,,,,,
14,,,13259,,,,,,,,,,,,,,,,,,,,,,,,,,,,,,,,,,,,0.33509472012519836,,,,,,,,,,,,,,,,,,,,,,,,,,,,,,,,,,,,
14,,,13264,,,,,,,,,,,,,,,,,,,,,,,,,,,,,,,,,,,,0.31961363554000854,,,,,,,,,,,,,,,,,,,,,,,,,,,,,,,,,,,,
14,,,13269,,,,,,,,,,,,,,,,,,,,,,,,,,,,,,,,,,,,0.4802106022834778,,,,,,,,,,,,,,,,,,,,,,,,,,,,,,,,,,,,
14,,,13274,,,,,,,,,,,,,,,,,,,,,,,,,,,,,,,,,,,,0.25099635124206543,,,,,,,,,,,,,,,,,,,,,,,,,,,,,,,,,,,,
14,,,13279,,,,,,,,,,,,,,,,,,,,,,,,,,,,,,,,,,,,0.27957797050476074,,,,,,,,,,,,,,,,,,,,,,,,,,,,,,,,,,,,
14,,,13284,,,,,,,,,,,,,,,,,,,,,,,,,,,,,,,,,,,,0.2946060597896576,,,,,,,,,,,,,,,,,,,,,,,,,,,,,,,,,,,,
14,,,13289,,,,,,,,,,,,,,,,,,,,,,,,,,,,,,,,,,,,0.2967399060726166,,,,,,,,,,,,,,,,,,,,,,,,,,,,,,,,,,,,
14,,,13294,,,,,,,,,,,,,,,,,,,,,,,,,,,,,,,,,,,,0.21253269910812378,,,,,,,,,,,,,,,,,,,,,,,,,,,,,,,,,,,,
14,,,13299,,,,,,,,,,,,,,,,,,,,,,,,,,,,,,,,,,,,0.2743101716041565,,,,,,,,,,,,,,,,,,,,,,,,,,,,,,,,,,,,
14,,,13304,,,,,,,,,,,,,,,,,,,,,,,,,,,,,,,,,,,,0.4686320424079895,,,,,,,,,,,,,,,,,,,,,,,,,,,,,,,,,,,,
14,,,13309,,,,,,,,,,,,,,,,,,,,,,,,,,,,,,,,,,,,0.22512878477573395,,,,,,,,,,,,,,,,,,,,,,,,,,,,,,,,,,,,
14,,,13314,,,,,,,,,,,,,,,,,,,,,,,,,,,,,,,,,,,,0.25874844193458557,,,,,,,,,,,,,,,,,,,,,,,,,,,,,,,,,,,,
14,,,13319,,,,,,,,,,,,,,,,,,,,,,,,,,,,,,,,,,,,0.3074800968170166,,,,,,,,,,,,,,,,,,,,,,,,,,,,,,,,,,,,
14,,,13324,,,,,,,,,,,,,,,,,,,,,,,,,,,,,,,,,,,,0.2903425991535187,,,,,,,,,,,,,,,,,,,,,,,,,,,,,,,,,,,,
14,,,13329,,,,,,,,,,,,,,,,,,,,,,,,,,,,,,,,,,,,0.34893929958343506,,,,,,,,,,,,,,,,,,,,,,,,,,,,,,,,,,,,
14,,,13334,,,,,,,,,,,,,,,,,,,,,,,,,,,,,,,,,,,,0.36574220657348633,,,,,,,,,,,,,,,,,,,,,,,,,,,,,,,,,,,,
14,,,13339,,,,,,,,,,,,,,,,,,,,,,,,,,,,,,,,,,,,0.39734500646591187,,,,,,,,,,,,,,,,,,,,,,,,,,,,,,,,,,,,
14,,,13344,,,,,,,,,,,,,,,,,,,,,,,,,,,,,,,,,,,,0.34679874777793884,,,,,,,,,,,,,,,,,,,,,,,,,,,,,,,,,,,,
14,,,13349,,,,,,,,,,,,,,,,,,,,,,,,,,,,,,,,,,,,0.3449002504348755,,,,,,,,,,,,,,,,,,,,,,,,,,,,,,,,,,,,
14,,,13354,,,,,,,,,,,,,,,,,,,,,,,,,,,,,,,,,,,,0.3954058289527893,,,,,,,,,,,,,,,,,,,,,,,,,,,,,,,,,,,,
14,,,13359,,,,,,,,,,,,,,,,,,,,,,,,,,,,,,,,,,,,0.46769261360168457,,,,,,,,,,,,,,,,,,,,,,,,,,,,,,,,,,,,
14,,,13364,,,,,,,,,,,,,,,,,,,,,,,,,,,,,,,,,,,,0.5388244390487671,,,,,,,,,,,,,,,,,,,,,,,,,,,,,,,,,,,,
14,,,13369,,,,,,,,,,,,,,,,,,,,,,,,,,,,,,,,,,,,0.4702507555484772,,,,,,,,,,,,,,,,,,,,,,,,,,,,,,,,,,,,
14,,,13374,,,,,,,,,,,,,,,,,,,,,,,,,,,,,,,,,,,,0.493958979845047,,,,,,,,,,,,,,,,,,,,,,,,,,,,,,,,,,,,
14,,,13379,,,,,,,,,,,,,,,,,,,,,,,,,,,,,,,,,,,,0.28405994176864624,,,,,,,,,,,,,,,,,,,,,,,,,,,,,,,,,,,,
14,,,13384,,,,,,,,,,,,,,,,,,,,,,,,,,,,,,,,,,,,0.5478030443191528,,,,,,,,,,,,,,,,,,,,,,,,,,,,,,,,,,,,
14,,,13389,,,,,,,,,,,,,,,,,,,,,,,,,,,,,,,,,,,,0.4369822144508362,,,,,,,,,,,,,,,,,,,,,,,,,,,,,,,,,,,,
14,,,13394,,,,,,,,,,,,,,,,,,,,,,,,,,,,,,,,,,,,0.24455702304840088,,,,,,,,,,,,,,,,,,,,,,,,,,,,,,,,,,,,
14,,,13399,,,,,,,,,,,,,,,,,,,,,,,,,,,,,,,,,,,,0.31985318660736084,,,,,,,,,,,,,,,,,,,,,,,,,,,,,,,,,,,,
14,,,13404,,,,,,,,,,,,,,,,,,,,,,,,,,,,,,,,,,,,0.33616238832473755,,,,,,,,,,,,,,,,,,,,,,,,,,,,,,,,,,,,
14,,,13409,,,,,,,,,,,,,,,,,,,,,,,,,,,,,,,,,,,,0.4516516923904419,,,,,,,,,,,,,,,,,,,,,,,,,,,,,,,,,,,,
14,,,13414,,,,,,,,,,,,,,,,,,,,,,,,,,,,,,,,,,,,0.4979119300842285,,,,,,,,,,,,,,,,,,,,,,,,,,,,,,,,,,,,
14,,,13419,,,,,,,,,,,,,,,,,,,,,,,,,,,,,,,,,,,,0.2733951807022095,,,,,,,,,,,,,,,,,,,,,,,,,,,,,,,,,,,,
14,,,13424,,,,,,,,,,,,,,,,,,,,,,,,,,,,,,,,,,,,0.30315321683883667,,,,,,,,,,,,,,,,,,,,,,,,,,,,,,,,,,,,
14,,,13429,,,,,,,,,,,,,,,,,,,,,,,,,,,,,,,,,,,,0.26102322340011597,,,,,,,,,,,,,,,,,,,,,,,,,,,,,,,,,,,,
14,,,13434,,,,,,,,,,,,,,,,,,,,,,,,,,,,,,,,,,,,0.25875598192214966,,,,,,,,,,,,,,,,,,,,,,,,,,,,,,,,,,,,
14,,,13439,,,,,,,,,,,,,,,,,,,,,,,,,,,,,,,,,,,,0.2816050052642822,,,,,,,,,,,,,,,,,,,,,,,,,,,,,,,,,,,,
14,,,13444,,,,,,,,,,,,,,,,,,,,,,,,,,,,,,,,,,,,0.31234970688819885,,,,,,,,,,,,,,,,,,,,,,,,,,,,,,,,,,,,
14,,,13449,,,,,,,,,,,,,,,,,,,,,,,,,,,,,,,,,,,,0.3190414011478424,,,,,,,,,,,,,,,,,,,,,,,,,,,,,,,,,,,,
14,,,13454,,,,,,,,,,,,,,,,,,,,,,,,,,,,,,,,,,,,0.40068763494491577,,,,,,,,,,,,,,,,,,,,,,,,,,,,,,,,,,,,
14,,,13459,,,,,,,,,,,,,,,,,,,,,,,,,,,,,,,,,,,,0.2886289656162262,,,,,,,,,,,,,,,,,,,,,,,,,,,,,,,,,,,,
14,,,13464,,,,,,,,,,,,,,,,,,,,,,,,,,,,,,,,,,,,0.44323593378067017,,,,,,,,,,,,,,,,,,,,,,,,,,,,,,,,,,,,
14,,,13469,,,,,,,,,,,,,,,,,,,,,,,,,,,,,,,,,,,,0.30318528413772583,,,,,,,,,,,,,,,,,,,,,,,,,,,,,,,,,,,,
14,,,13474,,,,,,,,,,,,,,,,,,,,,,,,,,,,,,,,,,,,0.42840275168418884,,,,,,,,,,,,,,,,,,,,,,,,,,,,,,,,,,,,
14,,,13479,,,,,,,,,,,,,,,,,,,,,,,,,,,,,,,,,,,,0.42683303356170654,,,,,,,,,,,,,,,,,,,,,,,,,,,,,,,,,,,,
14,,,13484,,,,,,,,,,,,,,,,,,,,,,,,,,,,,,,,,,,,0.3727821111679077,,,,,,,,,,,,,,,,,,,,,,,,,,,,,,,,,,,,
14,,,13489,,,,,,,,,,,,,,,,,,,,,,,,,,,,,,,,,,,,0.310500830411911,,,,,,,,,,,,,,,,,,,,,,,,,,,,,,,,,,,,
14,,,13494,,,,,,,,,,,,,,,,,,,,,,,,,,,,,,,,,,,,0.37192419171333313,,,,,,,,,,,,,,,,,,,,,,,,,,,,,,,,,,,,
14,,,13499,,,,,,,,,,,,,,,,,,,,,,,,,,,,,,,,,,,,0.400918573141098,,,,,,,,,,,,,,,,,,,,,,,,,,,,,,,,,,,,
14,,,13504,,,,,,,,,,,,,,,,,,,,,,,,,,,,,,,,,,,,0.4075894355773926,,,,,,,,,,,,,,,,,,,,,,,,,,,,,,,,,,,,
14,,,13509,,,,,,,,,,,,,,,,,,,,,,,,,,,,,,,,,,,,0.5009558796882629,,,,,,,,,,,,,,,,,,,,,,,,,,,,,,,,,,,,
14,,,13514,,,,,,,,,,,,,,,,,,,,,,,,,,,,,,,,,,,,0.39837411046028137,,,,,,,,,,,,,,,,,,,,,,,,,,,,,,,,,,,,
14,,,13519,,,,,,,,,,,,,,,,,,,,,,,,,,,,,,,,,,,,0.28869885206222534,,,,,,,,,,,,,,,,,,,,,,,,,,,,,,,,,,,,
14,,,13524,,,,,,,,,,,,,,,,,,,,,,,,,,,,,,,,,,,,0.4201313555240631,,,,,,,,,,,,,,,,,,,,,,,,,,,,,,,,,,,,
14,,,13529,,,,,,,,,,,,,,,,,,,,,,,,,,,,,,,,,,,,0.32652467489242554,,,,,,,,,,,,,,,,,,,,,,,,,,,,,,,,,,,,
14,,,13534,,,,,,,,,,,,,,,,,,,,,,,,,,,,,,,,,,,,0.5097114443778992,,,,,,,,,,,,,,,,,,,,,,,,,,,,,,,,,,,,
14,,,13539,,,,,,,,,,,,,,,,,,,,,,,,,,,,,,,,,,,,0.5217629671096802,,,,,,,,,,,,,,,,,,,,,,,,,,,,,,,,,,,,
14,,,13544,,,,,,,,,,,,,,,,,,,,,,,,,,,,,,,,,,,,0.44953545928001404,,,,,,,,,,,,,,,,,,,,,,,,,,,,,,,,,,,,
14,,,13549,,,,,,,,,,,,,,,,,,,,,,,,,,,,,,,,,,,,0.4806888699531555,,,,,,,,,,,,,,,,,,,,,,,,,,,,,,,,,,,,
14,,,13554,,,,,,,,,,,,,,,,,,,,,,,,,,,,,,,,,,,,0.2707233130931854,,,,,,,,,,,,,,,,,,,,,,,,,,,,,,,,,,,,
14,,,13559,,,,,,,,,,,,,,,,,,,,,,,,,,,,,,,,,,,,0.5066089034080505,,,,,,,,,,,,,,,,,,,,,,,,,,,,,,,,,,,,
14,,,13564,,,,,,,,,,,,,,,,,,,,,,,,,,,,,,,,,,,,0.46881160140037537,,,,,,,,,,,,,,,,,,,,,,,,,,,,,,,,,,,,
14,,,13569,,,,,,,,,,,,,,,,,,,,,,,,,,,,,,,,,,,,0.5261569619178772,,,,,,,,,,,,,,,,,,,,,,,,,,,,,,,,,,,,
14,,,13574,,,,,,,,,,,,,,,,,,,,,,,,,,,,,,,,,,,,0.4896373152732849,,,,,,,,,,,,,,,,,,,,,,,,,,,,,,,,,,,,
14,,,13579,,,,,,,,,,,,,,,,,,,,,,,,,,,,,,,,,,,,0.46506017446517944,,,,,,,,,,,,,,,,,,,,,,,,,,,,,,,,,,,,
14,,,13584,,,,,,,,,,,,,,,,,,,,,,,,,,,,,,,,,,,,0.3519306778907776,,,,,,,,,,,,,,,,,,,,,,,,,,,,,,,,,,,,
14,,,13589,,,,,,,,,,,,,,,,,,,,,,,,,,,,,,,,,,,,0.4705914556980133,,,,,,,,,,,,,,,,,,,,,,,,,,,,,,,,,,,,
14,,,13594,,,,,,,,,,,,,,,,,,,,,,,,,,,,,,,,,,,,0.3325258791446686,,,,,,,,,,,,,,,,,,,,,,,,,,,,,,,,,,,,
14,,,13599,,,,,,,,,,,,,,,,,,,,,,,,,,,,,,,,,,,,0.38610562682151794,,,,,,,,,,,,,,,,,,,,,,,,,,,,,,,,,,,,
14,,,13604,,,,,,,,,,,,,,,,,,,,,,,,,,,,,,,,,,,,0.29301732778549194,,,,,,,,,,,,,,,,,,,,,,,,,,,,,,,,,,,,
14,,,13609,,,,,,,,,,,,,,,,,,,,,,,,,,,,,,,,,,,,0.3386671245098114,,,,,,,,,,,,,,,,,,,,,,,,,,,,,,,,,,,,
14,,,13614,,,,,,,,,,,,,,,,,,,,,,,,,,,,,,,,,,,,0.34537917375564575,,,,,,,,,,,,,,,,,,,,,,,,,,,,,,,,,,,,
14,,,13619,,,,,,,,,,,,,,,,,,,,,,,,,,,,,,,,,,,,0.32933443784713745,,,,,,,,,,,,,,,,,,,,,,,,,,,,,,,,,,,,
14,,,13624,,,,,,,,,,,,,,,,,,,,,,,,,,,,,,,,,,,,0.4477202296257019,,,,,,,,,,,,,,,,,,,,,,,,,,,,,,,,,,,,
14,,,13629,,,,,,,,,,,,,,,,,,,,,,,,,,,,,,,,,,,,0.25168609619140625,,,,,,,,,,,,,,,,,,,,,,,,,,,,,,,,,,,,
14,,,13634,,,,,,,,,,,,,,,,,,,,,,,,,,,,,,,,,,,,0.4223969578742981,,,,,,,,,,,,,,,,,,,,,,,,,,,,,,,,,,,,
14,,,13639,,,,,,,,,,,,,,,,,,,,,,,,,,,,,,,,,,,,0.2679356336593628,,,,,,,,,,,,,,,,,,,,,,,,,,,,,,,,,,,,
14,,,13644,,,,,,,,,,,,,,,,,,,,,,,,,,,,,,,,,,,,0.3975171148777008,,,,,,,,,,,,,,,,,,,,,,,,,,,,,,,,,,,,
14,,,13649,,,,,,,,,,,,,,,,,,,,,,,,,,,,,,,,,,,,0.23630207777023315,,,,,,,,,,,,,,,,,,,,,,,,,,,,,,,,,,,,
14,,,13654,,,,,,,,,,,,,,,,,,,,,,,,,,,,,,,,,,,,0.3637698292732239,,,,,,,,,,,,,,,,,,,,,,,,,,,,,,,,,,,,
14,,,13659,,,,,,,,,,,,,,,,,,,,,,,,,,,,,,,,,,,,0.3151245415210724,,,,,,,,,,,,,,,,,,,,,,,,,,,,,,,,,,,,
14,,,13664,,,,,,,,,,,,,,,,,,,,,,,,,,,,,,,,,,,,0.26098138093948364,,,,,,,,,,,,,,,,,,,,,,,,,,,,,,,,,,,,
14,,,13669,,,,,,,,,,,,,,,,,,,,,,,,,,,,,,,,,,,,0.3144599199295044,,,,,,,,,,,,,,,,,,,,,,,,,,,,,,,,,,,,
14,,,13674,,,,,,,,,,,,,,,,,,,,,,,,,,,,,,,,,,,,0.24462628364562988,,,,,,,,,,,,,,,,,,,,,,,,,,,,,,,,,,,,
14,,,13679,,,,,,,,,,,,,,,,,,,,,,,,,,,,,,,,,,,,0.3048557639122009,,,,,,,,,,,,,,,,,,,,,,,,,,,,,,,,,,,,
14,,,13684,,,,,,,,,,,,,,,,,,,,,,,,,,,,,,,,,,,,0.29220515489578247,,,,,,,,,,,,,,,,,,,,,,,,,,,,,,,,,,,,
14,,,13689,,,,,,,,,,,,,,,,,,,,,,,,,,,,,,,,,,,,0.27441486716270447,,,,,,,,,,,,,,,,,,,,,,,,,,,,,,,,,,,,
14,,,13694,,,,,,,,,,,,,,,,,,,,,,,,,,,,,,,,,,,,0.38763803243637085,,,,,,,,,,,,,,,,,,,,,,,,,,,,,,,,,,,,
14,,,13699,,,,,,,,,,,,,,,,,,,,,,,,,,,,,,,,,,,,0.2926284074783325,,,,,,,,,,,,,,,,,,,,,,,,,,,,,,,,,,,,
14,,,13704,,,,,,,,,,,,,,,,,,,,,,,,,,,,,,,,,,,,0.20264242589473724,,,,,,,,,,,,,,,,,,,,,,,,,,,,,,,,,,,,
14,,,13709,,,,,,,,,,,,,,,,,,,,,,,,,,,,,,,,,,,,0.4143030345439911,,,,,,,,,,,,,,,,,,,,,,,,,,,,,,,,,,,,
14,,,13714,,,,,,,,,,,,,,,,,,,,,,,,,,,,,,,,,,,,0.38553768396377563,,,,,,,,,,,,,,,,,,,,,,,,,,,,,,,,,,,,
14,,,13719,,,,,,,,,,,,,,,,,,,,,,,,,,,,,,,,,,,,0.2396092414855957,,,,,,,,,,,,,,,,,,,,,,,,,,,,,,,,,,,,
14,,,13724,,,,,,,,,,,,,,,,,,,,,,,,,,,,,,,,,,,,0.5196240544319153,,,,,,,,,,,,,,,,,,,,,,,,,,,,,,,,,,,,
14,,,13729,,,,,,,,,,,,,,,,,,,,,,,,,,,,,,,,,,,,0.4948635697364807,,,,,,,,,,,,,,,,,,,,,,,,,,,,,,,,,,,,
14,,,13734,,,,,,,,,,,,,,,,,,,,,,,,,,,,,,,,,,,,0.35258638858795166,,,,,,,,,,,,,,,,,,,,,,,,,,,,,,,,,,,,
14,,,13739,,,,,,,,,,,,,,,,,,,,,,,,,,,,,,,,,,,,0.5195461511611938,,,,,,,,,,,,,,,,,,,,,,,,,,,,,,,,,,,,
14,,,13744,,,,,,,,,,,,,,,,,,,,,,,,,,,,,,,,,,,,0.3449190557003021,,,,,,,,,,,,,,,,,,,,,,,,,,,,,,,,,,,,
14,,,13749,,,,,,,,,,,,,,,,,,,,,,,,,,,,,,,,,,,,0.3577362298965454,,,,,,,,,,,,,,,,,,,,,,,,,,,,,,,,,,,,
14,,,13754,,,,,,,,,,,,,,,,,,,,,,,,,,,,,,,,,,,,0.3192567527294159,,,,,,,,,,,,,,,,,,,,,,,,,,,,,,,,,,,,
14,,,13759,,,,,,,,,,,,,,,,,,,,,,,,,,,,,,,,,,,,0.3197556436061859,,,,,,,,,,,,,,,,,,,,,,,,,,,,,,,,,,,,
14,,,13764,,,,,,,,,,,,,,,,,,,,,,,,,,,,,,,,,,,,0.5141632556915283,,,,,,,,,,,,,,,,,,,,,,,,,,,,,,,,,,,,
14,,,13769,,,,,,,,,,,,,,,,,,,,,,,,,,,,,,,,,,,,0.2901713252067566,,,,,,,,,,,,,,,,,,,,,,,,,,,,,,,,,,,,
14,,,13774,,,,,,,,,,,,,,,,,,,,,,,,,,,,,,,,,,,,0.4380992650985718,,,,,,,,,,,,,,,,,,,,,,,,,,,,,,,,,,,,
14,,,13779,,,,,,,,,,,,,,,,,,,,,,,,,,,,,,,,,,,,0.36017102003097534,,,,,,,,,,,,,,,,,,,,,,,,,,,,,,,,,,,,
14,,,13784,,,,,,,,,,,,,,,,,,,,,,,,,,,,,,,,,,,,0.2847614586353302,,,,,,,,,,,,,,,,,,,,,,,,,,,,,,,,,,,,
14,,,13789,,,,,,,,,,,,,,,,,,,,,,,,,,,,,,,,,,,,0.2726980447769165,,,,,,,,,,,,,,,,,,,,,,,,,,,,,,,,,,,,
14,,,13794,,,,,,,,,,,,,,,,,,,,,,,,,,,,,,,,,,,,0.3060084879398346,,,,,,,,,,,,,,,,,,,,,,,,,,,,,,,,,,,,
14,,,13799,,,,,,,,,,,,,,,,,,,,,,,,,,,,,,,,,,,,0.24687781929969788,,,,,,,,,,,,,,,,,,,,,,,,,,,,,,,,,,,,
14,,,13804,,,,,,,,,,,,,,,,,,,,,,,,,,,,,,,,,,,,0.26248884201049805,,,,,,,,,,,,,,,,,,,,,,,,,,,,,,,,,,,,
14,,,13809,,,,,,,,,,,,,,,,,,,,,,,,,,,,,,,,,,,,0.37998878955841064,,,,,,,,,,,,,,,,,,,,,,,,,,,,,,,,,,,,
14,,,13814,,,,,,,,,,,,,,,,,,,,,,,,,,,,,,,,,,,,0.3882821798324585,,,,,,,,,,,,,,,,,,,,,,,,,,,,,,,,,,,,
14,,,13814,,,,,,,,,,,,,,,,,,,,,,,,,,,,,,,,,,,,,0.7934452295303345,0.751491129398346,0.6471942663192749,0.7309204339981079,0.7934452295303345,0.0,0.8899307250976562,0.828829288482666,0.9197521209716797,0.5352689027786255,0.0,0.8988255858421326,0.8372460603713989,0.9080609679222107,0.3618319034576416,0.0,0.8162428736686707,0.7200543880462646,0.8316040635108948,0.22087593376636505,0.0,0.9079000353813171,0.8458354473114014,0.896663248538971,0.27328312397003174,0.0,0.8899307250976562,0.828829288482666,0.9197521209716797,0.5352689027786255,0.8617308139801025,0.8617308139801025,0.7570536732673645,0.8617308139801025,0.8617308139801025,0.3830602467060089
14,,,13814,0.7707763910293579,0.7504699230194092,0.6463941335678101,0.7357161045074463,0.7707763910293579,0.0,0.8864507079124451,0.8353434801101685,0.9280779957771301,0.4332333207130432,0.0,0.8941814303398132,0.8334512114524841,0.9152429103851318,0.3590039908885956,0.0,0.80861496925354,0.7144589424133301,0.8437307476997375,0.21877199411392212,0.0,0.9020482897758484,0.8315675258636475,0.902758002281189,0.3064905107021332,0.0,0.8864507079124451,0.8353434801101685,0.9280779957771301,0.4332333207130432,0.8602365255355835,0.8602365255355835,0.7547500133514404,0.8602365255355835,0.8602365255355835,,,,,,,,,,,,,,,,,,,,,,,,,,,,,,,,,,,,,
,1e-05,0.0001,13815,,,,,,,,,,,,,,,,,,,,,,,,,,,,,,,,,,,,,,,,,,,,,,,,,,,,,,,,,,,,,,,,,,,,,,,,
15,,,13819,,,,,,,,,,,,,,,,,,,,,,,,,,,,,,,,,,,,0.3688957095146179,,,,,,,,,,,,,,,,,,,,,,,,,,,,,,,,,,,,
15,,,13824,,,,,,,,,,,,,,,,,,,,,,,,,,,,,,,,,,,,0.46157073974609375,,,,,,,,,,,,,,,,,,,,,,,,,,,,,,,,,,,,
15,,,13829,,,,,,,,,,,,,,,,,,,,,,,,,,,,,,,,,,,,0.31546980142593384,,,,,,,,,,,,,,,,,,,,,,,,,,,,,,,,,,,,
15,,,13834,,,,,,,,,,,,,,,,,,,,,,,,,,,,,,,,,,,,0.5123192667961121,,,,,,,,,,,,,,,,,,,,,,,,,,,,,,,,,,,,
15,,,13839,,,,,,,,,,,,,,,,,,,,,,,,,,,,,,,,,,,,0.4019503891468048,,,,,,,,,,,,,,,,,,,,,,,,,,,,,,,,,,,,
15,,,13844,,,,,,,,,,,,,,,,,,,,,,,,,,,,,,,,,,,,0.5111479759216309,,,,,,,,,,,,,,,,,,,,,,,,,,,,,,,,,,,,
15,,,13849,,,,,,,,,,,,,,,,,,,,,,,,,,,,,,,,,,,,0.24374839663505554,,,,,,,,,,,,,,,,,,,,,,,,,,,,,,,,,,,,
15,,,13854,,,,,,,,,,,,,,,,,,,,,,,,,,,,,,,,,,,,0.2479861080646515,,,,,,,,,,,,,,,,,,,,,,,,,,,,,,,,,,,,
15,,,13859,,,,,,,,,,,,,,,,,,,,,,,,,,,,,,,,,,,,0.21776756644248962,,,,,,,,,,,,,,,,,,,,,,,,,,,,,,,,,,,,
15,,,13864,,,,,,,,,,,,,,,,,,,,,,,,,,,,,,,,,,,,0.24429696798324585,,,,,,,,,,,,,,,,,,,,,,,,,,,,,,,,,,,,
15,,,13869,,,,,,,,,,,,,,,,,,,,,,,,,,,,,,,,,,,,0.3013034462928772,,,,,,,,,,,,,,,,,,,,,,,,,,,,,,,,,,,,
15,,,13874,,,,,,,,,,,,,,,,,,,,,,,,,,,,,,,,,,,,0.36371737718582153,,,,,,,,,,,,,,,,,,,,,,,,,,,,,,,,,,,,
15,,,13879,,,,,,,,,,,,,,,,,,,,,,,,,,,,,,,,,,,,0.45431315898895264,,,,,,,,,,,,,,,,,,,,,,,,,,,,,,,,,,,,
15,,,13884,,,,,,,,,,,,,,,,,,,,,,,,,,,,,,,,,,,,0.42669805884361267,,,,,,,,,,,,,,,,,,,,,,,,,,,,,,,,,,,,
15,,,13889,,,,,,,,,,,,,,,,,,,,,,,,,,,,,,,,,,,,0.23432548344135284,,,,,,,,,,,,,,,,,,,,,,,,,,,,,,,,,,,,
15,,,13894,,,,,,,,,,,,,,,,,,,,,,,,,,,,,,,,,,,,0.28447455167770386,,,,,,,,,,,,,,,,,,,,,,,,,,,,,,,,,,,,
15,,,13899,,,,,,,,,,,,,,,,,,,,,,,,,,,,,,,,,,,,0.36675897240638733,,,,,,,,,,,,,,,,,,,,,,,,,,,,,,,,,,,,
15,,,13904,,,,,,,,,,,,,,,,,,,,,,,,,,,,,,,,,,,,0.2426047921180725,,,,,,,,,,,,,,,,,,,,,,,,,,,,,,,,,,,,
15,,,13909,,,,,,,,,,,,,,,,,,,,,,,,,,,,,,,,,,,,0.3725093603134155,,,,,,,,,,,,,,,,,,,,,,,,,,,,,,,,,,,,
15,,,13914,,,,,,,,,,,,,,,,,,,,,,,,,,,,,,,,,,,,0.47688835859298706,,,,,,,,,,,,,,,,,,,,,,,,,,,,,,,,,,,,
15,,,13919,,,,,,,,,,,,,,,,,,,,,,,,,,,,,,,,,,,,0.4045272469520569,,,,,,,,,,,,,,,,,,,,,,,,,,,,,,,,,,,,
15,,,13924,,,,,,,,,,,,,,,,,,,,,,,,,,,,,,,,,,,,0.4745033085346222,,,,,,,,,,,,,,,,,,,,,,,,,,,,,,,,,,,,
15,,,13929,,,,,,,,,,,,,,,,,,,,,,,,,,,,,,,,,,,,0.35489749908447266,,,,,,,,,,,,,,,,,,,,,,,,,,,,,,,,,,,,
15,,,13934,,,,,,,,,,,,,,,,,,,,,,,,,,,,,,,,,,,,0.30562615394592285,,,,,,,,,,,,,,,,,,,,,,,,,,,,,,,,,,,,
15,,,13939,,,,,,,,,,,,,,,,,,,,,,,,,,,,,,,,,,,,0.3800746202468872,,,,,,,,,,,,,,,,,,,,,,,,,,,,,,,,,,,,
15,,,13944,,,,,,,,,,,,,,,,,,,,,,,,,,,,,,,,,,,,0.38685381412506104,,,,,,,,,,,,,,,,,,,,,,,,,,,,,,,,,,,,
15,,,13949,,,,,,,,,,,,,,,,,,,,,,,,,,,,,,,,,,,,0.43162891268730164,,,,,,,,,,,,,,,,,,,,,,,,,,,,,,,,,,,,
15,,,13954,,,,,,,,,,,,,,,,,,,,,,,,,,,,,,,,,,,,0.4559558629989624,,,,,,,,,,,,,,,,,,,,,,,,,,,,,,,,,,,,
15,,,13959,,,,,,,,,,,,,,,,,,,,,,,,,,,,,,,,,,,,0.22800083458423615,,,,,,,,,,,,,,,,,,,,,,,,,,,,,,,,,,,,
15,,,13964,,,,,,,,,,,,,,,,,,,,,,,,,,,,,,,,,,,,0.28910261392593384,,,,,,,,,,,,,,,,,,,,,,,,,,,,,,,,,,,,
15,,,13969,,,,,,,,,,,,,,,,,,,,,,,,,,,,,,,,,,,,0.2438686192035675,,,,,,,,,,,,,,,,,,,,,,,,,,,,,,,,,,,,
15,,,13974,,,,,,,,,,,,,,,,,,,,,,,,,,,,,,,,,,,,0.28507179021835327,,,,,,,,,,,,,,,,,,,,,,,,,,,,,,,,,,,,
15,,,13979,,,,,,,,,,,,,,,,,,,,,,,,,,,,,,,,,,,,0.2704402208328247,,,,,,,,,,,,,,,,,,,,,,,,,,,,,,,,,,,,
15,,,13984,,,,,,,,,,,,,,,,,,,,,,,,,,,,,,,,,,,,0.4327765107154846,,,,,,,,,,,,,,,,,,,,,,,,,,,,,,,,,,,,
15,,,13989,,,,,,,,,,,,,,,,,,,,,,,,,,,,,,,,,,,,0.3079872727394104,,,,,,,,,,,,,,,,,,,,,,,,,,,,,,,,,,,,
15,,,13994,,,,,,,,,,,,,,,,,,,,,,,,,,,,,,,,,,,,0.32058823108673096,,,,,,,,,,,,,,,,,,,,,,,,,,,,,,,,,,,,
15,,,13999,,,,,,,,,,,,,,,,,,,,,,,,,,,,,,,,,,,,0.5215429067611694,,,,,,,,,,,,,,,,,,,,,,,,,,,,,,,,,,,,
15,,,14004,,,,,,,,,,,,,,,,,,,,,,,,,,,,,,,,,,,,0.43026867508888245,,,,,,,,,,,,,,,,,,,,,,,,,,,,,,,,,,,,
15,,,14009,,,,,,,,,,,,,,,,,,,,,,,,,,,,,,,,,,,,0.2344229370355606,,,,,,,,,,,,,,,,,,,,,,,,,,,,,,,,,,,,
15,,,14014,,,,,,,,,,,,,,,,,,,,,,,,,,,,,,,,,,,,0.24098700284957886,,,,,,,,,,,,,,,,,,,,,,,,,,,,,,,,,,,,
15,,,14019,,,,,,,,,,,,,,,,,,,,,,,,,,,,,,,,,,,,0.34383636713027954,,,,,,,,,,,,,,,,,,,,,,,,,,,,,,,,,,,,
15,,,14024,,,,,,,,,,,,,,,,,,,,,,,,,,,,,,,,,,,,0.4120706021785736,,,,,,,,,,,,,,,,,,,,,,,,,,,,,,,,,,,,
15,,,14029,,,,,,,,,,,,,,,,,,,,,,,,,,,,,,,,,,,,0.4822480082511902,,,,,,,,,,,,,,,,,,,,,,,,,,,,,,,,,,,,
15,,,14034,,,,,,,,,,,,,,,,,,,,,,,,,,,,,,,,,,,,0.32341936230659485,,,,,,,,,,,,,,,,,,,,,,,,,,,,,,,,,,,,
15,,,14039,,,,,,,,,,,,,,,,,,,,,,,,,,,,,,,,,,,,0.23116393387317657,,,,,,,,,,,,,,,,,,,,,,,,,,,,,,,,,,,,
15,,,14044,,,,,,,,,,,,,,,,,,,,,,,,,,,,,,,,,,,,0.4706496596336365,,,,,,,,,,,,,,,,,,,,,,,,,,,,,,,,,,,,
15,,,14049,,,,,,,,,,,,,,,,,,,,,,,,,,,,,,,,,,,,0.3168299198150635,,,,,,,,,,,,,,,,,,,,,,,,,,,,,,,,,,,,
15,,,14054,,,,,,,,,,,,,,,,,,,,,,,,,,,,,,,,,,,,0.38490912318229675,,,,,,,,,,,,,,,,,,,,,,,,,,,,,,,,,,,,
15,,,14059,,,,,,,,,,,,,,,,,,,,,,,,,,,,,,,,,,,,0.3268478214740753,,,,,,,,,,,,,,,,,,,,,,,,,,,,,,,,,,,,
15,,,14064,,,,,,,,,,,,,,,,,,,,,,,,,,,,,,,,,,,,0.28969138860702515,,,,,,,,,,,,,,,,,,,,,,,,,,,,,,,,,,,,
15,,,14069,,,,,,,,,,,,,,,,,,,,,,,,,,,,,,,,,,,,0.27935531735420227,,,,,,,,,,,,,,,,,,,,,,,,,,,,,,,,,,,,
15,,,14074,,,,,,,,,,,,,,,,,,,,,,,,,,,,,,,,,,,,0.4316128194332123,,,,,,,,,,,,,,,,,,,,,,,,,,,,,,,,,,,,
15,,,14079,,,,,,,,,,,,,,,,,,,,,,,,,,,,,,,,,,,,0.3273739218711853,,,,,,,,,,,,,,,,,,,,,,,,,,,,,,,,,,,,
15,,,14084,,,,,,,,,,,,,,,,,,,,,,,,,,,,,,,,,,,,0.29269978404045105,,,,,,,,,,,,,,,,,,,,,,,,,,,,,,,,,,,,
15,,,14089,,,,,,,,,,,,,,,,,,,,,,,,,,,,,,,,,,,,0.29839080572128296,,,,,,,,,,,,,,,,,,,,,,,,,,,,,,,,,,,,
15,,,14094,,,,,,,,,,,,,,,,,,,,,,,,,,,,,,,,,,,,0.2747263014316559,,,,,,,,,,,,,,,,,,,,,,,,,,,,,,,,,,,,
15,,,14099,,,,,,,,,,,,,,,,,,,,,,,,,,,,,,,,,,,,0.24220946431159973,,,,,,,,,,,,,,,,,,,,,,,,,,,,,,,,,,,,
15,,,14104,,,,,,,,,,,,,,,,,,,,,,,,,,,,,,,,,,,,0.29915961623191833,,,,,,,,,,,,,,,,,,,,,,,,,,,,,,,,,,,,
15,,,14109,,,,,,,,,,,,,,,,,,,,,,,,,,,,,,,,,,,,0.5083561539649963,,,,,,,,,,,,,,,,,,,,,,,,,,,,,,,,,,,,
15,,,14114,,,,,,,,,,,,,,,,,,,,,,,,,,,,,,,,,,,,0.22437834739685059,,,,,,,,,,,,,,,,,,,,,,,,,,,,,,,,,,,,
15,,,14119,,,,,,,,,,,,,,,,,,,,,,,,,,,,,,,,,,,,0.42322808504104614,,,,,,,,,,,,,,,,,,,,,,,,,,,,,,,,,,,,
15,,,14124,,,,,,,,,,,,,,,,,,,,,,,,,,,,,,,,,,,,0.48745059967041016,,,,,,,,,,,,,,,,,,,,,,,,,,,,,,,,,,,,
15,,,14129,,,,,,,,,,,,,,,,,,,,,,,,,,,,,,,,,,,,0.2600621283054352,,,,,,,,,,,,,,,,,,,,,,,,,,,,,,,,,,,,
15,,,14134,,,,,,,,,,,,,,,,,,,,,,,,,,,,,,,,,,,,0.23681694269180298,,,,,,,,,,,,,,,,,,,,,,,,,,,,,,,,,,,,
15,,,14139,,,,,,,,,,,,,,,,,,,,,,,,,,,,,,,,,,,,0.23477359116077423,,,,,,,,,,,,,,,,,,,,,,,,,,,,,,,,,,,,
15,,,14144,,,,,,,,,,,,,,,,,,,,,,,,,,,,,,,,,,,,0.48306506872177124,,,,,,,,,,,,,,,,,,,,,,,,,,,,,,,,,,,,
15,,,14149,,,,,,,,,,,,,,,,,,,,,,,,,,,,,,,,,,,,0.3477005362510681,,,,,,,,,,,,,,,,,,,,,,,,,,,,,,,,,,,,
15,,,14154,,,,,,,,,,,,,,,,,,,,,,,,,,,,,,,,,,,,0.2985706031322479,,,,,,,,,,,,,,,,,,,,,,,,,,,,,,,,,,,,
15,,,14159,,,,,,,,,,,,,,,,,,,,,,,,,,,,,,,,,,,,0.46268516778945923,,,,,,,,,,,,,,,,,,,,,,,,,,,,,,,,,,,,
15,,,14164,,,,,,,,,,,,,,,,,,,,,,,,,,,,,,,,,,,,0.3176897466182709,,,,,,,,,,,,,,,,,,,,,,,,,,,,,,,,,,,,
15,,,14169,,,,,,,,,,,,,,,,,,,,,,,,,,,,,,,,,,,,0.337668776512146,,,,,,,,,,,,,,,,,,,,,,,,,,,,,,,,,,,,
15,,,14174,,,,,,,,,,,,,,,,,,,,,,,,,,,,,,,,,,,,0.29179590940475464,,,,,,,,,,,,,,,,,,,,,,,,,,,,,,,,,,,,
15,,,14179,,,,,,,,,,,,,,,,,,,,,,,,,,,,,,,,,,,,0.40842515230178833,,,,,,,,,,,,,,,,,,,,,,,,,,,,,,,,,,,,
15,,,14184,,,,,,,,,,,,,,,,,,,,,,,,,,,,,,,,,,,,0.3206889033317566,,,,,,,,,,,,,,,,,,,,,,,,,,,,,,,,,,,,
15,,,14189,,,,,,,,,,,,,,,,,,,,,,,,,,,,,,,,,,,,0.24009817838668823,,,,,,,,,,,,,,,,,,,,,,,,,,,,,,,,,,,,
15,,,14194,,,,,,,,,,,,,,,,,,,,,,,,,,,,,,,,,,,,0.27705588936805725,,,,,,,,,,,,,,,,,,,,,,,,,,,,,,,,,,,,
15,,,14199,,,,,,,,,,,,,,,,,,,,,,,,,,,,,,,,,,,,0.23699720203876495,,,,,,,,,,,,,,,,,,,,,,,,,,,,,,,,,,,,
15,,,14204,,,,,,,,,,,,,,,,,,,,,,,,,,,,,,,,,,,,0.3589775860309601,,,,,,,,,,,,,,,,,,,,,,,,,,,,,,,,,,,,
15,,,14209,,,,,,,,,,,,,,,,,,,,,,,,,,,,,,,,,,,,0.42302775382995605,,,,,,,,,,,,,,,,,,,,,,,,,,,,,,,,,,,,
15,,,14214,,,,,,,,,,,,,,,,,,,,,,,,,,,,,,,,,,,,0.24848054349422455,,,,,,,,,,,,,,,,,,,,,,,,,,,,,,,,,,,,
15,,,14219,,,,,,,,,,,,,,,,,,,,,,,,,,,,,,,,,,,,0.3357679843902588,,,,,,,,,,,,,,,,,,,,,,,,,,,,,,,,,,,,
15,,,14224,,,,,,,,,,,,,,,,,,,,,,,,,,,,,,,,,,,,0.31267744302749634,,,,,,,,,,,,,,,,,,,,,,,,,,,,,,,,,,,,
15,,,14229,,,,,,,,,,,,,,,,,,,,,,,,,,,,,,,,,,,,0.28537166118621826,,,,,,,,,,,,,,,,,,,,,,,,,,,,,,,,,,,,
15,,,14234,,,,,,,,,,,,,,,,,,,,,,,,,,,,,,,,,,,,0.3858409821987152,,,,,,,,,,,,,,,,,,,,,,,,,,,,,,,,,,,,
15,,,14239,,,,,,,,,,,,,,,,,,,,,,,,,,,,,,,,,,,,0.3687989115715027,,,,,,,,,,,,,,,,,,,,,,,,,,,,,,,,,,,,
15,,,14244,,,,,,,,,,,,,,,,,,,,,,,,,,,,,,,,,,,,0.4274621903896332,,,,,,,,,,,,,,,,,,,,,,,,,,,,,,,,,,,,
15,,,14249,,,,,,,,,,,,,,,,,,,,,,,,,,,,,,,,,,,,0.2685791850090027,,,,,,,,,,,,,,,,,,,,,,,,,,,,,,,,,,,,
15,,,14254,,,,,,,,,,,,,,,,,,,,,,,,,,,,,,,,,,,,0.32442498207092285,,,,,,,,,,,,,,,,,,,,,,,,,,,,,,,,,,,,
15,,,14259,,,,,,,,,,,,,,,,,,,,,,,,,,,,,,,,,,,,0.32202601432800293,,,,,,,,,,,,,,,,,,,,,,,,,,,,,,,,,,,,
15,,,14264,,,,,,,,,,,,,,,,,,,,,,,,,,,,,,,,,,,,0.28331583738327026,,,,,,,,,,,,,,,,,,,,,,,,,,,,,,,,,,,,
15,,,14269,,,,,,,,,,,,,,,,,,,,,,,,,,,,,,,,,,,,0.38157206773757935,,,,,,,,,,,,,,,,,,,,,,,,,,,,,,,,,,,,
15,,,14274,,,,,,,,,,,,,,,,,,,,,,,,,,,,,,,,,,,,0.2162211835384369,,,,,,,,,,,,,,,,,,,,,,,,,,,,,,,,,,,,
15,,,14279,,,,,,,,,,,,,,,,,,,,,,,,,,,,,,,,,,,,0.3871086835861206,,,,,,,,,,,,,,,,,,,,,,,,,,,,,,,,,,,,
15,,,14284,,,,,,,,,,,,,,,,,,,,,,,,,,,,,,,,,,,,0.5308077931404114,,,,,,,,,,,,,,,,,,,,,,,,,,,,,,,,,,,,
15,,,14289,,,,,,,,,,,,,,,,,,,,,,,,,,,,,,,,,,,,0.3709961473941803,,,,,,,,,,,,,,,,,,,,,,,,,,,,,,,,,,,,
15,,,14294,,,,,,,,,,,,,,,,,,,,,,,,,,,,,,,,,,,,0.2490333616733551,,,,,,,,,,,,,,,,,,,,,,,,,,,,,,,,,,,,
15,,,14299,,,,,,,,,,,,,,,,,,,,,,,,,,,,,,,,,,,,0.537708044052124,,,,,,,,,,,,,,,,,,,,,,,,,,,,,,,,,,,,
15,,,14304,,,,,,,,,,,,,,,,,,,,,,,,,,,,,,,,,,,,0.29443567991256714,,,,,,,,,,,,,,,,,,,,,,,,,,,,,,,,,,,,
15,,,14309,,,,,,,,,,,,,,,,,,,,,,,,,,,,,,,,,,,,0.3622409403324127,,,,,,,,,,,,,,,,,,,,,,,,,,,,,,,,,,,,
15,,,14314,,,,,,,,,,,,,,,,,,,,,,,,,,,,,,,,,,,,0.2935251295566559,,,,,,,,,,,,,,,,,,,,,,,,,,,,,,,,,,,,
15,,,14319,,,,,,,,,,,,,,,,,,,,,,,,,,,,,,,,,,,,0.30614158511161804,,,,,,,,,,,,,,,,,,,,,,,,,,,,,,,,,,,,
15,,,14324,,,,,,,,,,,,,,,,,,,,,,,,,,,,,,,,,,,,0.45118990540504456,,,,,,,,,,,,,,,,,,,,,,,,,,,,,,,,,,,,
15,,,14329,,,,,,,,,,,,,,,,,,,,,,,,,,,,,,,,,,,,0.2644492983818054,,,,,,,,,,,,,,,,,,,,,,,,,,,,,,,,,,,,
15,,,14334,,,,,,,,,,,,,,,,,,,,,,,,,,,,,,,,,,,,0.46281248331069946,,,,,,,,,,,,,,,,,,,,,,,,,,,,,,,,,,,,
15,,,14339,,,,,,,,,,,,,,,,,,,,,,,,,,,,,,,,,,,,0.31310006976127625,,,,,,,,,,,,,,,,,,,,,,,,,,,,,,,,,,,,
15,,,14344,,,,,,,,,,,,,,,,,,,,,,,,,,,,,,,,,,,,0.4766140580177307,,,,,,,,,,,,,,,,,,,,,,,,,,,,,,,,,,,,
15,,,14349,,,,,,,,,,,,,,,,,,,,,,,,,,,,,,,,,,,,0.5158520340919495,,,,,,,,,,,,,,,,,,,,,,,,,,,,,,,,,,,,
15,,,14354,,,,,,,,,,,,,,,,,,,,,,,,,,,,,,,,,,,,0.5173035860061646,,,,,,,,,,,,,,,,,,,,,,,,,,,,,,,,,,,,
15,,,14359,,,,,,,,,,,,,,,,,,,,,,,,,,,,,,,,,,,,0.4544651508331299,,,,,,,,,,,,,,,,,,,,,,,,,,,,,,,,,,,,
15,,,14364,,,,,,,,,,,,,,,,,,,,,,,,,,,,,,,,,,,,0.3265376091003418,,,,,,,,,,,,,,,,,,,,,,,,,,,,,,,,,,,,
15,,,14369,,,,,,,,,,,,,,,,,,,,,,,,,,,,,,,,,,,,0.35268792510032654,,,,,,,,,,,,,,,,,,,,,,,,,,,,,,,,,,,,
15,,,14374,,,,,,,,,,,,,,,,,,,,,,,,,,,,,,,,,,,,0.37616875767707825,,,,,,,,,,,,,,,,,,,,,,,,,,,,,,,,,,,,
15,,,14379,,,,,,,,,,,,,,,,,,,,,,,,,,,,,,,,,,,,0.24374787509441376,,,,,,,,,,,,,,,,,,,,,,,,,,,,,,,,,,,,
15,,,14384,,,,,,,,,,,,,,,,,,,,,,,,,,,,,,,,,,,,0.22527344524860382,,,,,,,,,,,,,,,,,,,,,,,,,,,,,,,,,,,,
15,,,14389,,,,,,,,,,,,,,,,,,,,,,,,,,,,,,,,,,,,0.24144601821899414,,,,,,,,,,,,,,,,,,,,,,,,,,,,,,,,,,,,
15,,,14394,,,,,,,,,,,,,,,,,,,,,,,,,,,,,,,,,,,,0.4130472242832184,,,,,,,,,,,,,,,,,,,,,,,,,,,,,,,,,,,,
15,,,14399,,,,,,,,,,,,,,,,,,,,,,,,,,,,,,,,,,,,0.4987402558326721,,,,,,,,,,,,,,,,,,,,,,,,,,,,,,,,,,,,
15,,,14404,,,,,,,,,,,,,,,,,,,,,,,,,,,,,,,,,,,,0.3520601987838745,,,,,,,,,,,,,,,,,,,,,,,,,,,,,,,,,,,,
15,,,14409,,,,,,,,,,,,,,,,,,,,,,,,,,,,,,,,,,,,0.41237080097198486,,,,,,,,,,,,,,,,,,,,,,,,,,,,,,,,,,,,
15,,,14414,,,,,,,,,,,,,,,,,,,,,,,,,,,,,,,,,,,,0.41492605209350586,,,,,,,,,,,,,,,,,,,,,,,,,,,,,,,,,,,,
15,,,14419,,,,,,,,,,,,,,,,,,,,,,,,,,,,,,,,,,,,0.44055867195129395,,,,,,,,,,,,,,,,,,,,,,,,,,,,,,,,,,,,
15,,,14424,,,,,,,,,,,,,,,,,,,,,,,,,,,,,,,,,,,,0.30472511053085327,,,,,,,,,,,,,,,,,,,,,,,,,,,,,,,,,,,,
15,,,14429,,,,,,,,,,,,,,,,,,,,,,,,,,,,,,,,,,,,0.2585628628730774,,,,,,,,,,,,,,,,,,,,,,,,,,,,,,,,,,,,
15,,,14434,,,,,,,,,,,,,,,,,,,,,,,,,,,,,,,,,,,,0.39542222023010254,,,,,,,,,,,,,,,,,,,,,,,,,,,,,,,,,,,,
15,,,14439,,,,,,,,,,,,,,,,,,,,,,,,,,,,,,,,,,,,0.4551655948162079,,,,,,,,,,,,,,,,,,,,,,,,,,,,,,,,,,,,
15,,,14444,,,,,,,,,,,,,,,,,,,,,,,,,,,,,,,,,,,,0.5123963356018066,,,,,,,,,,,,,,,,,,,,,,,,,,,,,,,,,,,,
15,,,14449,,,,,,,,,,,,,,,,,,,,,,,,,,,,,,,,,,,,0.27150049805641174,,,,,,,,,,,,,,,,,,,,,,,,,,,,,,,,,,,,
15,,,14454,,,,,,,,,,,,,,,,,,,,,,,,,,,,,,,,,,,,0.28480422496795654,,,,,,,,,,,,,,,,,,,,,,,,,,,,,,,,,,,,
15,,,14459,,,,,,,,,,,,,,,,,,,,,,,,,,,,,,,,,,,,0.3217911124229431,,,,,,,,,,,,,,,,,,,,,,,,,,,,,,,,,,,,
15,,,14464,,,,,,,,,,,,,,,,,,,,,,,,,,,,,,,,,,,,0.3335005044937134,,,,,,,,,,,,,,,,,,,,,,,,,,,,,,,,,,,,
15,,,14469,,,,,,,,,,,,,,,,,,,,,,,,,,,,,,,,,,,,0.46319958567619324,,,,,,,,,,,,,,,,,,,,,,,,,,,,,,,,,,,,
15,,,14474,,,,,,,,,,,,,,,,,,,,,,,,,,,,,,,,,,,,0.44205242395401,,,,,,,,,,,,,,,,,,,,,,,,,,,,,,,,,,,,
15,,,14479,,,,,,,,,,,,,,,,,,,,,,,,,,,,,,,,,,,,0.3750470280647278,,,,,,,,,,,,,,,,,,,,,,,,,,,,,,,,,,,,
15,,,14484,,,,,,,,,,,,,,,,,,,,,,,,,,,,,,,,,,,,0.3519911468029022,,,,,,,,,,,,,,,,,,,,,,,,,,,,,,,,,,,,
15,,,14489,,,,,,,,,,,,,,,,,,,,,,,,,,,,,,,,,,,,0.25880351662635803,,,,,,,,,,,,,,,,,,,,,,,,,,,,,,,,,,,,
15,,,14494,,,,,,,,,,,,,,,,,,,,,,,,,,,,,,,,,,,,0.34706297516822815,,,,,,,,,,,,,,,,,,,,,,,,,,,,,,,,,,,,
15,,,14499,,,,,,,,,,,,,,,,,,,,,,,,,,,,,,,,,,,,0.23272475600242615,,,,,,,,,,,,,,,,,,,,,,,,,,,,,,,,,,,,
15,,,14504,,,,,,,,,,,,,,,,,,,,,,,,,,,,,,,,,,,,0.35281845927238464,,,,,,,,,,,,,,,,,,,,,,,,,,,,,,,,,,,,
15,,,14509,,,,,,,,,,,,,,,,,,,,,,,,,,,,,,,,,,,,0.2615256607532501,,,,,,,,,,,,,,,,,,,,,,,,,,,,,,,,,,,,
15,,,14514,,,,,,,,,,,,,,,,,,,,,,,,,,,,,,,,,,,,0.4828967750072479,,,,,,,,,,,,,,,,,,,,,,,,,,,,,,,,,,,,
15,,,14519,,,,,,,,,,,,,,,,,,,,,,,,,,,,,,,,,,,,0.495564341545105,,,,,,,,,,,,,,,,,,,,,,,,,,,,,,,,,,,,
15,,,14524,,,,,,,,,,,,,,,,,,,,,,,,,,,,,,,,,,,,0.3354094326496124,,,,,,,,,,,,,,,,,,,,,,,,,,,,,,,,,,,,
15,,,14529,,,,,,,,,,,,,,,,,,,,,,,,,,,,,,,,,,,,0.4211861789226532,,,,,,,,,,,,,,,,,,,,,,,,,,,,,,,,,,,,
15,,,14534,,,,,,,,,,,,,,,,,,,,,,,,,,,,,,,,,,,,0.2944958508014679,,,,,,,,,,,,,,,,,,,,,,,,,,,,,,,,,,,,
15,,,14539,,,,,,,,,,,,,,,,,,,,,,,,,,,,,,,,,,,,0.43427035212516785,,,,,,,,,,,,,,,,,,,,,,,,,,,,,,,,,,,,
15,,,14544,,,,,,,,,,,,,,,,,,,,,,,,,,,,,,,,,,,,0.500781774520874,,,,,,,,,,,,,,,,,,,,,,,,,,,,,,,,,,,,
15,,,14549,,,,,,,,,,,,,,,,,,,,,,,,,,,,,,,,,,,,0.46566569805145264,,,,,,,,,,,,,,,,,,,,,,,,,,,,,,,,,,,,
15,,,14554,,,,,,,,,,,,,,,,,,,,,,,,,,,,,,,,,,,,0.4631624221801758,,,,,,,,,,,,,,,,,,,,,,,,,,,,,,,,,,,,
15,,,14559,,,,,,,,,,,,,,,,,,,,,,,,,,,,,,,,,,,,0.34094858169555664,,,,,,,,,,,,,,,,,,,,,,,,,,,,,,,,,,,,
15,,,14564,,,,,,,,,,,,,,,,,,,,,,,,,,,,,,,,,,,,0.27549365162849426,,,,,,,,,,,,,,,,,,,,,,,,,,,,,,,,,,,,
15,,,14569,,,,,,,,,,,,,,,,,,,,,,,,,,,,,,,,,,,,0.31889641284942627,,,,,,,,,,,,,,,,,,,,,,,,,,,,,,,,,,,,
15,,,14574,,,,,,,,,,,,,,,,,,,,,,,,,,,,,,,,,,,,0.4369996190071106,,,,,,,,,,,,,,,,,,,,,,,,,,,,,,,,,,,,
15,,,14579,,,,,,,,,,,,,,,,,,,,,,,,,,,,,,,,,,,,0.2960463762283325,,,,,,,,,,,,,,,,,,,,,,,,,,,,,,,,,,,,
15,,,14584,,,,,,,,,,,,,,,,,,,,,,,,,,,,,,,,,,,,0.26495155692100525,,,,,,,,,,,,,,,,,,,,,,,,,,,,,,,,,,,,
15,,,14589,,,,,,,,,,,,,,,,,,,,,,,,,,,,,,,,,,,,0.47203606367111206,,,,,,,,,,,,,,,,,,,,,,,,,,,,,,,,,,,,
15,,,14594,,,,,,,,,,,,,,,,,,,,,,,,,,,,,,,,,,,,0.33491307497024536,,,,,,,,,,,,,,,,,,,,,,,,,,,,,,,,,,,,
15,,,14599,,,,,,,,,,,,,,,,,,,,,,,,,,,,,,,,,,,,0.43832457065582275,,,,,,,,,,,,,,,,,,,,,,,,,,,,,,,,,,,,
15,,,14604,,,,,,,,,,,,,,,,,,,,,,,,,,,,,,,,,,,,0.30491289496421814,,,,,,,,,,,,,,,,,,,,,,,,,,,,,,,,,,,,
15,,,14609,,,,,,,,,,,,,,,,,,,,,,,,,,,,,,,,,,,,0.32253432273864746,,,,,,,,,,,,,,,,,,,,,,,,,,,,,,,,,,,,
15,,,14614,,,,,,,,,,,,,,,,,,,,,,,,,,,,,,,,,,,,0.45977509021759033,,,,,,,,,,,,,,,,,,,,,,,,,,,,,,,,,,,,
15,,,14619,,,,,,,,,,,,,,,,,,,,,,,,,,,,,,,,,,,,0.4736483097076416,,,,,,,,,,,,,,,,,,,,,,,,,,,,,,,,,,,,
15,,,14624,,,,,,,,,,,,,,,,,,,,,,,,,,,,,,,,,,,,0.315967321395874,,,,,,,,,,,,,,,,,,,,,,,,,,,,,,,,,,,,
15,,,14629,,,,,,,,,,,,,,,,,,,,,,,,,,,,,,,,,,,,0.25976067781448364,,,,,,,,,,,,,,,,,,,,,,,,,,,,,,,,,,,,
15,,,14634,,,,,,,,,,,,,,,,,,,,,,,,,,,,,,,,,,,,0.4669056236743927,,,,,,,,,,,,,,,,,,,,,,,,,,,,,,,,,,,,
15,,,14639,,,,,,,,,,,,,,,,,,,,,,,,,,,,,,,,,,,,0.5335268974304199,,,,,,,,,,,,,,,,,,,,,,,,,,,,,,,,,,,,
15,,,14644,,,,,,,,,,,,,,,,,,,,,,,,,,,,,,,,,,,,0.47284626960754395,,,,,,,,,,,,,,,,,,,,,,,,,,,,,,,,,,,,
15,,,14649,,,,,,,,,,,,,,,,,,,,,,,,,,,,,,,,,,,,0.3432980179786682,,,,,,,,,,,,,,,,,,,,,,,,,,,,,,,,,,,,
15,,,14654,,,,,,,,,,,,,,,,,,,,,,,,,,,,,,,,,,,,0.3059554100036621,,,,,,,,,,,,,,,,,,,,,,,,,,,,,,,,,,,,
15,,,14659,,,,,,,,,,,,,,,,,,,,,,,,,,,,,,,,,,,,0.3204483985900879,,,,,,,,,,,,,,,,,,,,,,,,,,,,,,,,,,,,
15,,,14664,,,,,,,,,,,,,,,,,,,,,,,,,,,,,,,,,,,,0.19077256321907043,,,,,,,,,,,,,,,,,,,,,,,,,,,,,,,,,,,,
15,,,14669,,,,,,,,,,,,,,,,,,,,,,,,,,,,,,,,,,,,0.23090794682502747,,,,,,,,,,,,,,,,,,,,,,,,,,,,,,,,,,,,
15,,,14674,,,,,,,,,,,,,,,,,,,,,,,,,,,,,,,,,,,,0.3785673975944519,,,,,,,,,,,,,,,,,,,,,,,,,,,,,,,,,,,,
15,,,14679,,,,,,,,,,,,,,,,,,,,,,,,,,,,,,,,,,,,0.5351565480232239,,,,,,,,,,,,,,,,,,,,,,,,,,,,,,,,,,,,
15,,,14684,,,,,,,,,,,,,,,,,,,,,,,,,,,,,,,,,,,,0.4515147805213928,,,,,,,,,,,,,,,,,,,,,,,,,,,,,,,,,,,,
15,,,14689,,,,,,,,,,,,,,,,,,,,,,,,,,,,,,,,,,,,0.277197003364563,,,,,,,,,,,,,,,,,,,,,,,,,,,,,,,,,,,,
15,,,14694,,,,,,,,,,,,,,,,,,,,,,,,,,,,,,,,,,,,0.37606021761894226,,,,,,,,,,,,,,,,,,,,,,,,,,,,,,,,,,,,
15,,,14699,,,,,,,,,,,,,,,,,,,,,,,,,,,,,,,,,,,,0.28387850522994995,,,,,,,,,,,,,,,,,,,,,,,,,,,,,,,,,,,,
15,,,14704,,,,,,,,,,,,,,,,,,,,,,,,,,,,,,,,,,,,0.3206118047237396,,,,,,,,,,,,,,,,,,,,,,,,,,,,,,,,,,,,
15,,,14709,,,,,,,,,,,,,,,,,,,,,,,,,,,,,,,,,,,,0.5156776905059814,,,,,,,,,,,,,,,,,,,,,,,,,,,,,,,,,,,,
15,,,14714,,,,,,,,,,,,,,,,,,,,,,,,,,,,,,,,,,,,0.24725684523582458,,,,,,,,,,,,,,,,,,,,,,,,,,,,,,,,,,,,
15,,,14719,,,,,,,,,,,,,,,,,,,,,,,,,,,,,,,,,,,,0.3740914762020111,,,,,,,,,,,,,,,,,,,,,,,,,,,,,,,,,,,,
15,,,14724,,,,,,,,,,,,,,,,,,,,,,,,,,,,,,,,,,,,0.42918646335601807,,,,,,,,,,,,,,,,,,,,,,,,,,,,,,,,,,,,
15,,,14729,,,,,,,,,,,,,,,,,,,,,,,,,,,,,,,,,,,,0.32299113273620605,,,,,,,,,,,,,,,,,,,,,,,,,,,,,,,,,,,,
15,,,14734,,,,,,,,,,,,,,,,,,,,,,,,,,,,,,,,,,,,0.4771633446216583,,,,,,,,,,,,,,,,,,,,,,,,,,,,,,,,,,,,
15,,,14735,,,,,,,,,,,,,,,,,,,,,,,,,,,,,,,,,,,,,0.7879667282104492,0.759037435054779,0.6570879220962524,0.7435612082481384,0.7879667282104492,0.0,0.9009748101234436,0.8170019388198853,0.9289929866790771,0.5048970580101013,0.0,0.8995824456214905,0.8339654207229614,0.9274963736534119,0.375105619430542,0.0,0.817491888999939,0.7152150273323059,0.8647955060005188,0.2308492362499237,0.0,0.8981942534446716,0.851648211479187,0.9260045289993286,0.29839789867401123,0.0,0.9009748101234436,0.8170019388198853,0.9289929866790771,0.5048970580101013,0.8635280132293701,0.8635280132293701,0.7598323225975037,0.8635280132293701,0.8635280132293701,0.3867989182472229
15,,,14735,0.7731482982635498,0.7536913156509399,0.6508040428161621,0.739362359046936,0.7731482982635498,0.0,0.8885828256607056,0.8378170132637024,0.9322450160980225,0.4339483380317688,0.0,0.8958208560943604,0.8361811637878418,0.9200133085250854,0.36274993419647217,0.0,0.8113003373146057,0.7184804677963257,0.8518746495246887,0.2215604931116104,0.0,0.9031777381896973,0.8345516324043274,0.9080983400344849,0.3116217851638794,0.0,0.8885828256607056,0.8378170132637024,0.9322450160980225,0.4339483380317688,0.8625240921974182,0.862524151802063,0.7582790851593018,0.8625240921974182,0.8625240921974182,,,,,,,,,,,,,,,,,,,,,,,,,,,,,,,,,,,,,
,1e-05,0.0001,14736,,,,,,,,,,,,,,,,,,,,,,,,,,,,,,,,,,,,,,,,,,,,,,,,,,,,,,,,,,,,,,,,,,,,,,,,
16,,,14739,,,,,,,,,,,,,,,,,,,,,,,,,,,,,,,,,,,,0.48225754499435425,,,,,,,,,,,,,,,,,,,,,,,,,,,,,,,,,,,,
16,,,14744,,,,,,,,,,,,,,,,,,,,,,,,,,,,,,,,,,,,0.276729553937912,,,,,,,,,,,,,,,,,,,,,,,,,,,,,,,,,,,,
16,,,14749,,,,,,,,,,,,,,,,,,,,,,,,,,,,,,,,,,,,0.35020530223846436,,,,,,,,,,,,,,,,,,,,,,,,,,,,,,,,,,,,
16,,,14754,,,,,,,,,,,,,,,,,,,,,,,,,,,,,,,,,,,,0.3172343969345093,,,,,,,,,,,,,,,,,,,,,,,,,,,,,,,,,,,,
16,,,14759,,,,,,,,,,,,,,,,,,,,,,,,,,,,,,,,,,,,0.4304518401622772,,,,,,,,,,,,,,,,,,,,,,,,,,,,,,,,,,,,
16,,,14764,,,,,,,,,,,,,,,,,,,,,,,,,,,,,,,,,,,,0.3080102205276489,,,,,,,,,,,,,,,,,,,,,,,,,,,,,,,,,,,,
16,,,14769,,,,,,,,,,,,,,,,,,,,,,,,,,,,,,,,,,,,0.3071366250514984,,,,,,,,,,,,,,,,,,,,,,,,,,,,,,,,,,,,
16,,,14774,,,,,,,,,,,,,,,,,,,,,,,,,,,,,,,,,,,,0.4695468544960022,,,,,,,,,,,,,,,,,,,,,,,,,,,,,,,,,,,,
16,,,14779,,,,,,,,,,,,,,,,,,,,,,,,,,,,,,,,,,,,0.3438833951950073,,,,,,,,,,,,,,,,,,,,,,,,,,,,,,,,,,,,
16,,,14784,,,,,,,,,,,,,,,,,,,,,,,,,,,,,,,,,,,,0.3480018079280853,,,,,,,,,,,,,,,,,,,,,,,,,,,,,,,,,,,,
16,,,14789,,,,,,,,,,,,,,,,,,,,,,,,,,,,,,,,,,,,0.2760116755962372,,,,,,,,,,,,,,,,,,,,,,,,,,,,,,,,,,,,
16,,,14794,,,,,,,,,,,,,,,,,,,,,,,,,,,,,,,,,,,,0.28701314330101013,,,,,,,,,,,,,,,,,,,,,,,,,,,,,,,,,,,,
16,,,14799,,,,,,,,,,,,,,,,,,,,,,,,,,,,,,,,,,,,0.30050128698349,,,,,,,,,,,,,,,,,,,,,,,,,,,,,,,,,,,,
16,,,14804,,,,,,,,,,,,,,,,,,,,,,,,,,,,,,,,,,,,0.34496745467185974,,,,,,,,,,,,,,,,,,,,,,,,,,,,,,,,,,,,
16,,,14809,,,,,,,,,,,,,,,,,,,,,,,,,,,,,,,,,,,,0.48530906438827515,,,,,,,,,,,,,,,,,,,,,,,,,,,,,,,,,,,,
16,,,14814,,,,,,,,,,,,,,,,,,,,,,,,,,,,,,,,,,,,0.24755845963954926,,,,,,,,,,,,,,,,,,,,,,,,,,,,,,,,,,,,
16,,,14819,,,,,,,,,,,,,,,,,,,,,,,,,,,,,,,,,,,,0.3288571834564209,,,,,,,,,,,,,,,,,,,,,,,,,,,,,,,,,,,,
16,,,14824,,,,,,,,,,,,,,,,,,,,,,,,,,,,,,,,,,,,0.27494099736213684,,,,,,,,,,,,,,,,,,,,,,,,,,,,,,,,,,,,
16,,,14829,,,,,,,,,,,,,,,,,,,,,,,,,,,,,,,,,,,,0.3271241784095764,,,,,,,,,,,,,,,,,,,,,,,,,,,,,,,,,,,,
16,,,14834,,,,,,,,,,,,,,,,,,,,,,,,,,,,,,,,,,,,0.5646277666091919,,,,,,,,,,,,,,,,,,,,,,,,,,,,,,,,,,,,
16,,,14839,,,,,,,,,,,,,,,,,,,,,,,,,,,,,,,,,,,,0.2821331024169922,,,,,,,,,,,,,,,,,,,,,,,,,,,,,,,,,,,,
16,,,14844,,,,,,,,,,,,,,,,,,,,,,,,,,,,,,,,,,,,0.4259662926197052,,,,,,,,,,,,,,,,,,,,,,,,,,,,,,,,,,,,
16,,,14849,,,,,,,,,,,,,,,,,,,,,,,,,,,,,,,,,,,,0.2509201765060425,,,,,,,,,,,,,,,,,,,,,,,,,,,,,,,,,,,,
16,,,14854,,,,,,,,,,,,,,,,,,,,,,,,,,,,,,,,,,,,0.2865564823150635,,,,,,,,,,,,,,,,,,,,,,,,,,,,,,,,,,,,
16,,,14859,,,,,,,,,,,,,,,,,,,,,,,,,,,,,,,,,,,,0.30479878187179565,,,,,,,,,,,,,,,,,,,,,,,,,,,,,,,,,,,,
16,,,14864,,,,,,,,,,,,,,,,,,,,,,,,,,,,,,,,,,,,0.27199068665504456,,,,,,,,,,,,,,,,,,,,,,,,,,,,,,,,,,,,
16,,,14869,,,,,,,,,,,,,,,,,,,,,,,,,,,,,,,,,,,,0.484802782535553,,,,,,,,,,,,,,,,,,,,,,,,,,,,,,,,,,,,
16,,,14874,,,,,,,,,,,,,,,,,,,,,,,,,,,,,,,,,,,,0.3310239911079407,,,,,,,,,,,,,,,,,,,,,,,,,,,,,,,,,,,,
16,,,14879,,,,,,,,,,,,,,,,,,,,,,,,,,,,,,,,,,,,0.5066487789154053,,,,,,,,,,,,,,,,,,,,,,,,,,,,,,,,,,,,
16,,,14884,,,,,,,,,,,,,,,,,,,,,,,,,,,,,,,,,,,,0.4287225604057312,,,,,,,,,,,,,,,,,,,,,,,,,,,,,,,,,,,,
16,,,14889,,,,,,,,,,,,,,,,,,,,,,,,,,,,,,,,,,,,0.45122402906417847,,,,,,,,,,,,,,,,,,,,,,,,,,,,,,,,,,,,
16,,,14894,,,,,,,,,,,,,,,,,,,,,,,,,,,,,,,,,,,,0.4982754588127136,,,,,,,,,,,,,,,,,,,,,,,,,,,,,,,,,,,,
16,,,14899,,,,,,,,,,,,,,,,,,,,,,,,,,,,,,,,,,,,0.23284442722797394,,,,,,,,,,,,,,,,,,,,,,,,,,,,,,,,,,,,
16,,,14904,,,,,,,,,,,,,,,,,,,,,,,,,,,,,,,,,,,,0.5218157768249512,,,,,,,,,,,,,,,,,,,,,,,,,,,,,,,,,,,,
16,,,14909,,,,,,,,,,,,,,,,,,,,,,,,,,,,,,,,,,,,0.30934709310531616,,,,,,,,,,,,,,,,,,,,,,,,,,,,,,,,,,,,
16,,,14914,,,,,,,,,,,,,,,,,,,,,,,,,,,,,,,,,,,,0.33526894450187683,,,,,,,,,,,,,,,,,,,,,,,,,,,,,,,,,,,,
16,,,14919,,,,,,,,,,,,,,,,,,,,,,,,,,,,,,,,,,,,0.2222042679786682,,,,,,,,,,,,,,,,,,,,,,,,,,,,,,,,,,,,
16,,,14924,,,,,,,,,,,,,,,,,,,,,,,,,,,,,,,,,,,,0.18400490283966064,,,,,,,,,,,,,,,,,,,,,,,,,,,,,,,,,,,,
16,,,14929,,,,,,,,,,,,,,,,,,,,,,,,,,,,,,,,,,,,0.3334759473800659,,,,,,,,,,,,,,,,,,,,,,,,,,,,,,,,,,,,
16,,,14934,,,,,,,,,,,,,,,,,,,,,,,,,,,,,,,,,,,,0.33114463090896606,,,,,,,,,,,,,,,,,,,,,,,,,,,,,,,,,,,,
16,,,14939,,,,,,,,,,,,,,,,,,,,,,,,,,,,,,,,,,,,0.2342524379491806,,,,,,,,,,,,,,,,,,,,,,,,,,,,,,,,,,,,
16,,,14944,,,,,,,,,,,,,,,,,,,,,,,,,,,,,,,,,,,,0.24228975176811218,,,,,,,,,,,,,,,,,,,,,,,,,,,,,,,,,,,,
16,,,14949,,,,,,,,,,,,,,,,,,,,,,,,,,,,,,,,,,,,0.4337974190711975,,,,,,,,,,,,,,,,,,,,,,,,,,,,,,,,,,,,
16,,,14954,,,,,,,,,,,,,,,,,,,,,,,,,,,,,,,,,,,,0.3414585292339325,,,,,,,,,,,,,,,,,,,,,,,,,,,,,,,,,,,,
16,,,14959,,,,,,,,,,,,,,,,,,,,,,,,,,,,,,,,,,,,0.24827992916107178,,,,,,,,,,,,,,,,,,,,,,,,,,,,,,,,,,,,
16,,,14964,,,,,,,,,,,,,,,,,,,,,,,,,,,,,,,,,,,,0.37400785088539124,,,,,,,,,,,,,,,,,,,,,,,,,,,,,,,,,,,,
16,,,14969,,,,,,,,,,,,,,,,,,,,,,,,,,,,,,,,,,,,0.510096549987793,,,,,,,,,,,,,,,,,,,,,,,,,,,,,,,,,,,,
16,,,14974,,,,,,,,,,,,,,,,,,,,,,,,,,,,,,,,,,,,0.2325625717639923,,,,,,,,,,,,,,,,,,,,,,,,,,,,,,,,,,,,
16,,,14979,,,,,,,,,,,,,,,,,,,,,,,,,,,,,,,,,,,,0.2802998721599579,,,,,,,,,,,,,,,,,,,,,,,,,,,,,,,,,,,,
16,,,14984,,,,,,,,,,,,,,,,,,,,,,,,,,,,,,,,,,,,0.26930296421051025,,,,,,,,,,,,,,,,,,,,,,,,,,,,,,,,,,,,
16,,,14989,,,,,,,,,,,,,,,,,,,,,,,,,,,,,,,,,,,,0.2854847013950348,,,,,,,,,,,,,,,,,,,,,,,,,,,,,,,,,,,,
16,,,14994,,,,,,,,,,,,,,,,,,,,,,,,,,,,,,,,,,,,0.4471186399459839,,,,,,,,,,,,,,,,,,,,,,,,,,,,,,,,,,,,
16,,,14999,,,,,,,,,,,,,,,,,,,,,,,,,,,,,,,,,,,,0.4318855106830597,,,,,,,,,,,,,,,,,,,,,,,,,,,,,,,,,,,,
16,,,15004,,,,,,,,,,,,,,,,,,,,,,,,,,,,,,,,,,,,0.22953294217586517,,,,,,,,,,,,,,,,,,,,,,,,,,,,,,,,,,,,
16,,,15009,,,,,,,,,,,,,,,,,,,,,,,,,,,,,,,,,,,,0.4297897219657898,,,,,,,,,,,,,,,,,,,,,,,,,,,,,,,,,,,,
16,,,15014,,,,,,,,,,,,,,,,,,,,,,,,,,,,,,,,,,,,0.23071029782295227,,,,,,,,,,,,,,,,,,,,,,,,,,,,,,,,,,,,
16,,,15019,,,,,,,,,,,,,,,,,,,,,,,,,,,,,,,,,,,,0.2550758719444275,,,,,,,,,,,,,,,,,,,,,,,,,,,,,,,,,,,,
16,,,15024,,,,,,,,,,,,,,,,,,,,,,,,,,,,,,,,,,,,0.4017787575721741,,,,,,,,,,,,,,,,,,,,,,,,,,,,,,,,,,,,
16,,,15029,,,,,,,,,,,,,,,,,,,,,,,,,,,,,,,,,,,,0.48236119747161865,,,,,,,,,,,,,,,,,,,,,,,,,,,,,,,,,,,,
16,,,15034,,,,,,,,,,,,,,,,,,,,,,,,,,,,,,,,,,,,0.4388927221298218,,,,,,,,,,,,,,,,,,,,,,,,,,,,,,,,,,,,
16,,,15039,,,,,,,,,,,,,,,,,,,,,,,,,,,,,,,,,,,,0.3061915934085846,,,,,,,,,,,,,,,,,,,,,,,,,,,,,,,,,,,,
16,,,15044,,,,,,,,,,,,,,,,,,,,,,,,,,,,,,,,,,,,0.3146495223045349,,,,,,,,,,,,,,,,,,,,,,,,,,,,,,,,,,,,
16,,,15049,,,,,,,,,,,,,,,,,,,,,,,,,,,,,,,,,,,,0.4686150848865509,,,,,,,,,,,,,,,,,,,,,,,,,,,,,,,,,,,,
16,,,15054,,,,,,,,,,,,,,,,,,,,,,,,,,,,,,,,,,,,0.5444406867027283,,,,,,,,,,,,,,,,,,,,,,,,,,,,,,,,,,,,
16,,,15059,,,,,,,,,,,,,,,,,,,,,,,,,,,,,,,,,,,,0.30194395780563354,,,,,,,,,,,,,,,,,,,,,,,,,,,,,,,,,,,,
16,,,15064,,,,,,,,,,,,,,,,,,,,,,,,,,,,,,,,,,,,0.5067078471183777,,,,,,,,,,,,,,,,,,,,,,,,,,,,,,,,,,,,
16,,,15069,,,,,,,,,,,,,,,,,,,,,,,,,,,,,,,,,,,,0.3070504665374756,,,,,,,,,,,,,,,,,,,,,,,,,,,,,,,,,,,,
16,,,15074,,,,,,,,,,,,,,,,,,,,,,,,,,,,,,,,,,,,0.28564953804016113,,,,,,,,,,,,,,,,,,,,,,,,,,,,,,,,,,,,
16,,,15079,,,,,,,,,,,,,,,,,,,,,,,,,,,,,,,,,,,,0.26432958245277405,,,,,,,,,,,,,,,,,,,,,,,,,,,,,,,,,,,,
16,,,15084,,,,,,,,,,,,,,,,,,,,,,,,,,,,,,,,,,,,0.30535608530044556,,,,,,,,,,,,,,,,,,,,,,,,,,,,,,,,,,,,
16,,,15089,,,,,,,,,,,,,,,,,,,,,,,,,,,,,,,,,,,,0.46361422538757324,,,,,,,,,,,,,,,,,,,,,,,,,,,,,,,,,,,,
16,,,15094,,,,,,,,,,,,,,,,,,,,,,,,,,,,,,,,,,,,0.3046296238899231,,,,,,,,,,,,,,,,,,,,,,,,,,,,,,,,,,,,
16,,,15099,,,,,,,,,,,,,,,,,,,,,,,,,,,,,,,,,,,,0.38558411598205566,,,,,,,,,,,,,,,,,,,,,,,,,,,,,,,,,,,,
16,,,15104,,,,,,,,,,,,,,,,,,,,,,,,,,,,,,,,,,,,0.4845739006996155,,,,,,,,,,,,,,,,,,,,,,,,,,,,,,,,,,,,
16,,,15109,,,,,,,,,,,,,,,,,,,,,,,,,,,,,,,,,,,,0.3525499105453491,,,,,,,,,,,,,,,,,,,,,,,,,,,,,,,,,,,,
16,,,15114,,,,,,,,,,,,,,,,,,,,,,,,,,,,,,,,,,,,0.37879979610443115,,,,,,,,,,,,,,,,,,,,,,,,,,,,,,,,,,,,
16,,,15119,,,,,,,,,,,,,,,,,,,,,,,,,,,,,,,,,,,,0.4027146100997925,,,,,,,,,,,,,,,,,,,,,,,,,,,,,,,,,,,,
16,,,15124,,,,,,,,,,,,,,,,,,,,,,,,,,,,,,,,,,,,0.25326061248779297,,,,,,,,,,,,,,,,,,,,,,,,,,,,,,,,,,,,
16,,,15129,,,,,,,,,,,,,,,,,,,,,,,,,,,,,,,,,,,,0.47484540939331055,,,,,,,,,,,,,,,,,,,,,,,,,,,,,,,,,,,,
16,,,15134,,,,,,,,,,,,,,,,,,,,,,,,,,,,,,,,,,,,0.2645362615585327,,,,,,,,,,,,,,,,,,,,,,,,,,,,,,,,,,,,
16,,,15139,,,,,,,,,,,,,,,,,,,,,,,,,,,,,,,,,,,,0.516481339931488,,,,,,,,,,,,,,,,,,,,,,,,,,,,,,,,,,,,
16,,,15144,,,,,,,,,,,,,,,,,,,,,,,,,,,,,,,,,,,,0.42579758167266846,,,,,,,,,,,,,,,,,,,,,,,,,,,,,,,,,,,,
16,,,15149,,,,,,,,,,,,,,,,,,,,,,,,,,,,,,,,,,,,0.26577216386795044,,,,,,,,,,,,,,,,,,,,,,,,,,,,,,,,,,,,
16,,,15154,,,,,,,,,,,,,,,,,,,,,,,,,,,,,,,,,,,,0.40529486536979675,,,,,,,,,,,,,,,,,,,,,,,,,,,,,,,,,,,,
16,,,15159,,,,,,,,,,,,,,,,,,,,,,,,,,,,,,,,,,,,0.5274854898452759,,,,,,,,,,,,,,,,,,,,,,,,,,,,,,,,,,,,
16,,,15164,,,,,,,,,,,,,,,,,,,,,,,,,,,,,,,,,,,,0.46017390489578247,,,,,,,,,,,,,,,,,,,,,,,,,,,,,,,,,,,,
16,,,15169,,,,,,,,,,,,,,,,,,,,,,,,,,,,,,,,,,,,0.3233996033668518,,,,,,,,,,,,,,,,,,,,,,,,,,,,,,,,,,,,
16,,,15174,,,,,,,,,,,,,,,,,,,,,,,,,,,,,,,,,,,,0.46573734283447266,,,,,,,,,,,,,,,,,,,,,,,,,,,,,,,,,,,,
16,,,15179,,,,,,,,,,,,,,,,,,,,,,,,,,,,,,,,,,,,0.5174456238746643,,,,,,,,,,,,,,,,,,,,,,,,,,,,,,,,,,,,
16,,,15184,,,,,,,,,,,,,,,,,,,,,,,,,,,,,,,,,,,,0.37542033195495605,,,,,,,,,,,,,,,,,,,,,,,,,,,,,,,,,,,,
16,,,15189,,,,,,,,,,,,,,,,,,,,,,,,,,,,,,,,,,,,0.25233194231987,,,,,,,,,,,,,,,,,,,,,,,,,,,,,,,,,,,,
16,,,15194,,,,,,,,,,,,,,,,,,,,,,,,,,,,,,,,,,,,0.3418867588043213,,,,,,,,,,,,,,,,,,,,,,,,,,,,,,,,,,,,
16,,,15199,,,,,,,,,,,,,,,,,,,,,,,,,,,,,,,,,,,,0.48112112283706665,,,,,,,,,,,,,,,,,,,,,,,,,,,,,,,,,,,,
16,,,15204,,,,,,,,,,,,,,,,,,,,,,,,,,,,,,,,,,,,0.2380836308002472,,,,,,,,,,,,,,,,,,,,,,,,,,,,,,,,,,,,
16,,,15209,,,,,,,,,,,,,,,,,,,,,,,,,,,,,,,,,,,,0.29999053478240967,,,,,,,,,,,,,,,,,,,,,,,,,,,,,,,,,,,,
16,,,15214,,,,,,,,,,,,,,,,,,,,,,,,,,,,,,,,,,,,0.35024064779281616,,,,,,,,,,,,,,,,,,,,,,,,,,,,,,,,,,,,
16,,,15219,,,,,,,,,,,,,,,,,,,,,,,,,,,,,,,,,,,,0.32980698347091675,,,,,,,,,,,,,,,,,,,,,,,,,,,,,,,,,,,,
16,,,15224,,,,,,,,,,,,,,,,,,,,,,,,,,,,,,,,,,,,0.4433722198009491,,,,,,,,,,,,,,,,,,,,,,,,,,,,,,,,,,,,
16,,,15229,,,,,,,,,,,,,,,,,,,,,,,,,,,,,,,,,,,,0.4546111226081848,,,,,,,,,,,,,,,,,,,,,,,,,,,,,,,,,,,,
16,,,15234,,,,,,,,,,,,,,,,,,,,,,,,,,,,,,,,,,,,0.255281925201416,,,,,,,,,,,,,,,,,,,,,,,,,,,,,,,,,,,,
16,,,15239,,,,,,,,,,,,,,,,,,,,,,,,,,,,,,,,,,,,0.3176654577255249,,,,,,,,,,,,,,,,,,,,,,,,,,,,,,,,,,,,
16,,,15244,,,,,,,,,,,,,,,,,,,,,,,,,,,,,,,,,,,,0.42184165120124817,,,,,,,,,,,,,,,,,,,,,,,,,,,,,,,,,,,,
16,,,15249,,,,,,,,,,,,,,,,,,,,,,,,,,,,,,,,,,,,0.2882714569568634,,,,,,,,,,,,,,,,,,,,,,,,,,,,,,,,,,,,
16,,,15254,,,,,,,,,,,,,,,,,,,,,,,,,,,,,,,,,,,,0.3232208490371704,,,,,,,,,,,,,,,,,,,,,,,,,,,,,,,,,,,,
16,,,15259,,,,,,,,,,,,,,,,,,,,,,,,,,,,,,,,,,,,0.27920404076576233,,,,,,,,,,,,,,,,,,,,,,,,,,,,,,,,,,,,
16,,,15264,,,,,,,,,,,,,,,,,,,,,,,,,,,,,,,,,,,,0.4477747082710266,,,,,,,,,,,,,,,,,,,,,,,,,,,,,,,,,,,,
16,,,15269,,,,,,,,,,,,,,,,,,,,,,,,,,,,,,,,,,,,0.18579943478107452,,,,,,,,,,,,,,,,,,,,,,,,,,,,,,,,,,,,
16,,,15274,,,,,,,,,,,,,,,,,,,,,,,,,,,,,,,,,,,,0.4504975974559784,,,,,,,,,,,,,,,,,,,,,,,,,,,,,,,,,,,,
16,,,15279,,,,,,,,,,,,,,,,,,,,,,,,,,,,,,,,,,,,0.46644091606140137,,,,,,,,,,,,,,,,,,,,,,,,,,,,,,,,,,,,
16,,,15284,,,,,,,,,,,,,,,,,,,,,,,,,,,,,,,,,,,,0.33546480536460876,,,,,,,,,,,,,,,,,,,,,,,,,,,,,,,,,,,,
16,,,15289,,,,,,,,,,,,,,,,,,,,,,,,,,,,,,,,,,,,0.3074050545692444,,,,,,,,,,,,,,,,,,,,,,,,,,,,,,,,,,,,
16,,,15294,,,,,,,,,,,,,,,,,,,,,,,,,,,,,,,,,,,,0.48028260469436646,,,,,,,,,,,,,,,,,,,,,,,,,,,,,,,,,,,,
16,,,15299,,,,,,,,,,,,,,,,,,,,,,,,,,,,,,,,,,,,0.24830517172813416,,,,,,,,,,,,,,,,,,,,,,,,,,,,,,,,,,,,
16,,,15304,,,,,,,,,,,,,,,,,,,,,,,,,,,,,,,,,,,,0.2305252104997635,,,,,,,,,,,,,,,,,,,,,,,,,,,,,,,,,,,,
16,,,15309,,,,,,,,,,,,,,,,,,,,,,,,,,,,,,,,,,,,0.38980963826179504,,,,,,,,,,,,,,,,,,,,,,,,,,,,,,,,,,,,
16,,,15314,,,,,,,,,,,,,,,,,,,,,,,,,,,,,,,,,,,,0.2650376558303833,,,,,,,,,,,,,,,,,,,,,,,,,,,,,,,,,,,,
16,,,15319,,,,,,,,,,,,,,,,,,,,,,,,,,,,,,,,,,,,0.42709261178970337,,,,,,,,,,,,,,,,,,,,,,,,,,,,,,,,,,,,
16,,,15324,,,,,,,,,,,,,,,,,,,,,,,,,,,,,,,,,,,,0.2290864735841751,,,,,,,,,,,,,,,,,,,,,,,,,,,,,,,,,,,,
16,,,15329,,,,,,,,,,,,,,,,,,,,,,,,,,,,,,,,,,,,0.3354150056838989,,,,,,,,,,,,,,,,,,,,,,,,,,,,,,,,,,,,
16,,,15334,,,,,,,,,,,,,,,,,,,,,,,,,,,,,,,,,,,,0.28189000487327576,,,,,,,,,,,,,,,,,,,,,,,,,,,,,,,,,,,,
16,,,15339,,,,,,,,,,,,,,,,,,,,,,,,,,,,,,,,,,,,0.5465846061706543,,,,,,,,,,,,,,,,,,,,,,,,,,,,,,,,,,,,
16,,,15344,,,,,,,,,,,,,,,,,,,,,,,,,,,,,,,,,,,,0.30749964714050293,,,,,,,,,,,,,,,,,,,,,,,,,,,,,,,,,,,,
16,,,15349,,,,,,,,,,,,,,,,,,,,,,,,,,,,,,,,,,,,0.3461487889289856,,,,,,,,,,,,,,,,,,,,,,,,,,,,,,,,,,,,
16,,,15354,,,,,,,,,,,,,,,,,,,,,,,,,,,,,,,,,,,,0.3527451157569885,,,,,,,,,,,,,,,,,,,,,,,,,,,,,,,,,,,,
16,,,15359,,,,,,,,,,,,,,,,,,,,,,,,,,,,,,,,,,,,0.46859100461006165,,,,,,,,,,,,,,,,,,,,,,,,,,,,,,,,,,,,
16,,,15364,,,,,,,,,,,,,,,,,,,,,,,,,,,,,,,,,,,,0.361001580953598,,,,,,,,,,,,,,,,,,,,,,,,,,,,,,,,,,,,
16,,,15369,,,,,,,,,,,,,,,,,,,,,,,,,,,,,,,,,,,,0.43908241391181946,,,,,,,,,,,,,,,,,,,,,,,,,,,,,,,,,,,,
16,,,15374,,,,,,,,,,,,,,,,,,,,,,,,,,,,,,,,,,,,0.24568533897399902,,,,,,,,,,,,,,,,,,,,,,,,,,,,,,,,,,,,
16,,,15379,,,,,,,,,,,,,,,,,,,,,,,,,,,,,,,,,,,,0.3706057667732239,,,,,,,,,,,,,,,,,,,,,,,,,,,,,,,,,,,,
16,,,15384,,,,,,,,,,,,,,,,,,,,,,,,,,,,,,,,,,,,0.22191357612609863,,,,,,,,,,,,,,,,,,,,,,,,,,,,,,,,,,,,
16,,,15389,,,,,,,,,,,,,,,,,,,,,,,,,,,,,,,,,,,,0.23502779006958008,,,,,,,,,,,,,,,,,,,,,,,,,,,,,,,,,,,,
16,,,15394,,,,,,,,,,,,,,,,,,,,,,,,,,,,,,,,,,,,0.3445591330528259,,,,,,,,,,,,,,,,,,,,,,,,,,,,,,,,,,,,
16,,,15399,,,,,,,,,,,,,,,,,,,,,,,,,,,,,,,,,,,,0.2610411047935486,,,,,,,,,,,,,,,,,,,,,,,,,,,,,,,,,,,,
16,,,15404,,,,,,,,,,,,,,,,,,,,,,,,,,,,,,,,,,,,0.5342367887496948,,,,,,,,,,,,,,,,,,,,,,,,,,,,,,,,,,,,
16,,,15409,,,,,,,,,,,,,,,,,,,,,,,,,,,,,,,,,,,,0.3181488513946533,,,,,,,,,,,,,,,,,,,,,,,,,,,,,,,,,,,,
16,,,15414,,,,,,,,,,,,,,,,,,,,,,,,,,,,,,,,,,,,0.3599880337715149,,,,,,,,,,,,,,,,,,,,,,,,,,,,,,,,,,,,
16,,,15419,,,,,,,,,,,,,,,,,,,,,,,,,,,,,,,,,,,,0.3251657485961914,,,,,,,,,,,,,,,,,,,,,,,,,,,,,,,,,,,,
16,,,15424,,,,,,,,,,,,,,,,,,,,,,,,,,,,,,,,,,,,0.5122068524360657,,,,,,,,,,,,,,,,,,,,,,,,,,,,,,,,,,,,
16,,,15429,,,,,,,,,,,,,,,,,,,,,,,,,,,,,,,,,,,,0.3334634602069855,,,,,,,,,,,,,,,,,,,,,,,,,,,,,,,,,,,,
16,,,15434,,,,,,,,,,,,,,,,,,,,,,,,,,,,,,,,,,,,0.27563002705574036,,,,,,,,,,,,,,,,,,,,,,,,,,,,,,,,,,,,
16,,,15439,,,,,,,,,,,,,,,,,,,,,,,,,,,,,,,,,,,,0.2679750919342041,,,,,,,,,,,,,,,,,,,,,,,,,,,,,,,,,,,,
16,,,15444,,,,,,,,,,,,,,,,,,,,,,,,,,,,,,,,,,,,0.4613512456417084,,,,,,,,,,,,,,,,,,,,,,,,,,,,,,,,,,,,
16,,,15449,,,,,,,,,,,,,,,,,,,,,,,,,,,,,,,,,,,,0.46370184421539307,,,,,,,,,,,,,,,,,,,,,,,,,,,,,,,,,,,,
16,,,15454,,,,,,,,,,,,,,,,,,,,,,,,,,,,,,,,,,,,0.45156827569007874,,,,,,,,,,,,,,,,,,,,,,,,,,,,,,,,,,,,
16,,,15459,,,,,,,,,,,,,,,,,,,,,,,,,,,,,,,,,,,,0.3004087209701538,,,,,,,,,,,,,,,,,,,,,,,,,,,,,,,,,,,,
16,,,15464,,,,,,,,,,,,,,,,,,,,,,,,,,,,,,,,,,,,0.3198235332965851,,,,,,,,,,,,,,,,,,,,,,,,,,,,,,,,,,,,
16,,,15469,,,,,,,,,,,,,,,,,,,,,,,,,,,,,,,,,,,,0.24656453728675842,,,,,,,,,,,,,,,,,,,,,,,,,,,,,,,,,,,,
16,,,15474,,,,,,,,,,,,,,,,,,,,,,,,,,,,,,,,,,,,0.24955010414123535,,,,,,,,,,,,,,,,,,,,,,,,,,,,,,,,,,,,
16,,,15479,,,,,,,,,,,,,,,,,,,,,,,,,,,,,,,,,,,,0.3653263449668884,,,,,,,,,,,,,,,,,,,,,,,,,,,,,,,,,,,,
16,,,15484,,,,,,,,,,,,,,,,,,,,,,,,,,,,,,,,,,,,0.30892422795295715,,,,,,,,,,,,,,,,,,,,,,,,,,,,,,,,,,,,
16,,,15489,,,,,,,,,,,,,,,,,,,,,,,,,,,,,,,,,,,,0.36102381348609924,,,,,,,,,,,,,,,,,,,,,,,,,,,,,,,,,,,,
16,,,15494,,,,,,,,,,,,,,,,,,,,,,,,,,,,,,,,,,,,0.30147692561149597,,,,,,,,,,,,,,,,,,,,,,,,,,,,,,,,,,,,
16,,,15499,,,,,,,,,,,,,,,,,,,,,,,,,,,,,,,,,,,,0.43955549597740173,,,,,,,,,,,,,,,,,,,,,,,,,,,,,,,,,,,,
16,,,15504,,,,,,,,,,,,,,,,,,,,,,,,,,,,,,,,,,,,0.326491117477417,,,,,,,,,,,,,,,,,,,,,,,,,,,,,,,,,,,,
16,,,15509,,,,,,,,,,,,,,,,,,,,,,,,,,,,,,,,,,,,0.30751538276672363,,,,,,,,,,,,,,,,,,,,,,,,,,,,,,,,,,,,
16,,,15514,,,,,,,,,,,,,,,,,,,,,,,,,,,,,,,,,,,,0.33011215925216675,,,,,,,,,,,,,,,,,,,,,,,,,,,,,,,,,,,,
16,,,15519,,,,,,,,,,,,,,,,,,,,,,,,,,,,,,,,,,,,0.39566096663475037,,,,,,,,,,,,,,,,,,,,,,,,,,,,,,,,,,,,
16,,,15524,,,,,,,,,,,,,,,,,,,,,,,,,,,,,,,,,,,,0.5327314138412476,,,,,,,,,,,,,,,,,,,,,,,,,,,,,,,,,,,,
16,,,15529,,,,,,,,,,,,,,,,,,,,,,,,,,,,,,,,,,,,0.32242339849472046,,,,,,,,,,,,,,,,,,,,,,,,,,,,,,,,,,,,
16,,,15534,,,,,,,,,,,,,,,,,,,,,,,,,,,,,,,,,,,,0.22858446836471558,,,,,,,,,,,,,,,,,,,,,,,,,,,,,,,,,,,,
16,,,15539,,,,,,,,,,,,,,,,,,,,,,,,,,,,,,,,,,,,0.426646888256073,,,,,,,,,,,,,,,,,,,,,,,,,,,,,,,,,,,,
16,,,15544,,,,,,,,,,,,,,,,,,,,,,,,,,,,,,,,,,,,0.25091177225112915,,,,,,,,,,,,,,,,,,,,,,,,,,,,,,,,,,,,
16,,,15549,,,,,,,,,,,,,,,,,,,,,,,,,,,,,,,,,,,,0.33224570751190186,,,,,,,,,,,,,,,,,,,,,,,,,,,,,,,,,,,,
16,,,15554,,,,,,,,,,,,,,,,,,,,,,,,,,,,,,,,,,,,0.3011988699436188,,,,,,,,,,,,,,,,,,,,,,,,,,,,,,,,,,,,
16,,,15559,,,,,,,,,,,,,,,,,,,,,,,,,,,,,,,,,,,,0.340873658657074,,,,,,,,,,,,,,,,,,,,,,,,,,,,,,,,,,,,
16,,,15564,,,,,,,,,,,,,,,,,,,,,,,,,,,,,,,,,,,,0.4451369047164917,,,,,,,,,,,,,,,,,,,,,,,,,,,,,,,,,,,,
16,,,15569,,,,,,,,,,,,,,,,,,,,,,,,,,,,,,,,,,,,0.4983430504798889,,,,,,,,,,,,,,,,,,,,,,,,,,,,,,,,,,,,
16,,,15574,,,,,,,,,,,,,,,,,,,,,,,,,,,,,,,,,,,,0.4971415400505066,,,,,,,,,,,,,,,,,,,,,,,,,,,,,,,,,,,,
16,,,15579,,,,,,,,,,,,,,,,,,,,,,,,,,,,,,,,,,,,0.24118420481681824,,,,,,,,,,,,,,,,,,,,,,,,,,,,,,,,,,,,
16,,,15584,,,,,,,,,,,,,,,,,,,,,,,,,,,,,,,,,,,,0.48215773701667786,,,,,,,,,,,,,,,,,,,,,,,,,,,,,,,,,,,,
16,,,15589,,,,,,,,,,,,,,,,,,,,,,,,,,,,,,,,,,,,0.4606969952583313,,,,,,,,,,,,,,,,,,,,,,,,,,,,,,,,,,,,
16,,,15594,,,,,,,,,,,,,,,,,,,,,,,,,,,,,,,,,,,,0.2080940455198288,,,,,,,,,,,,,,,,,,,,,,,,,,,,,,,,,,,,
16,,,15599,,,,,,,,,,,,,,,,,,,,,,,,,,,,,,,,,,,,0.37728598713874817,,,,,,,,,,,,,,,,,,,,,,,,,,,,,,,,,,,,
16,,,15604,,,,,,,,,,,,,,,,,,,,,,,,,,,,,,,,,,,,0.45658087730407715,,,,,,,,,,,,,,,,,,,,,,,,,,,,,,,,,,,,
16,,,15609,,,,,,,,,,,,,,,,,,,,,,,,,,,,,,,,,,,,0.340712308883667,,,,,,,,,,,,,,,,,,,,,,,,,,,,,,,,,,,,
16,,,15614,,,,,,,,,,,,,,,,,,,,,,,,,,,,,,,,,,,,0.5167937874794006,,,,,,,,,,,,,,,,,,,,,,,,,,,,,,,,,,,,
16,,,15619,,,,,,,,,,,,,,,,,,,,,,,,,,,,,,,,,,,,0.3206949532032013,,,,,,,,,,,,,,,,,,,,,,,,,,,,,,,,,,,,
16,,,15624,,,,,,,,,,,,,,,,,,,,,,,,,,,,,,,,,,,,0.38864055275917053,,,,,,,,,,,,,,,,,,,,,,,,,,,,,,,,,,,,
16,,,15629,,,,,,,,,,,,,,,,,,,,,,,,,,,,,,,,,,,,0.42326536774635315,,,,,,,,,,,,,,,,,,,,,,,,,,,,,,,,,,,,
16,,,15634,,,,,,,,,,,,,,,,,,,,,,,,,,,,,,,,,,,,0.37198472023010254,,,,,,,,,,,,,,,,,,,,,,,,,,,,,,,,,,,,
16,,,15639,,,,,,,,,,,,,,,,,,,,,,,,,,,,,,,,,,,,0.31944072246551514,,,,,,,,,,,,,,,,,,,,,,,,,,,,,,,,,,,,
16,,,15644,,,,,,,,,,,,,,,,,,,,,,,,,,,,,,,,,,,,0.27756667137145996,,,,,,,,,,,,,,,,,,,,,,,,,,,,,,,,,,,,
16,,,15649,,,,,,,,,,,,,,,,,,,,,,,,,,,,,,,,,,,,0.28237003087997437,,,,,,,,,,,,,,,,,,,,,,,,,,,,,,,,,,,,
16,,,15654,,,,,,,,,,,,,,,,,,,,,,,,,,,,,,,,,,,,0.35217538475990295,,,,,,,,,,,,,,,,,,,,,,,,,,,,,,,,,,,,
16,,,15656,,,,,,,,,,,,,,,,,,,,,,,,,,,,,,,,,,,,,0.7938674688339233,0.7601308822631836,0.6572663187980652,0.737910270690918,0.7938674688339233,0.0,0.8917555809020996,0.836580216884613,0.9500664472579956,0.49706771969795227,0.0,0.9008467197418213,0.8386868238449097,0.9201258420944214,0.3808640241622925,0.0,0.8195824027061462,0.722188413143158,0.8520677089691162,0.23522670567035675,0.0,0.9101251363754272,0.8408041000366211,0.892014741897583,0.30869725346565247,0.0,0.8917555809020996,0.836580216884613,0.9500664472579956,0.49706771969795227,0.8658882975578308,0.8658882975578308,0.7634948492050171,0.8658882975578308,0.8658882975578308,0.37786048650741577
16,,,15656,0.7718673944473267,0.7537795305252075,0.6504096388816833,0.7407095432281494,0.7718673944473267,0.0,0.8891192674636841,0.8414041996002197,0.9217416644096375,0.43520453572273254,0.0,0.8968302607536316,0.8386189341545105,0.9152955412864685,0.36437326669692993,0.0,0.8129577040672302,0.7220876216888428,0.8438202738761902,0.22277288138866425,0.0,0.9046762585639954,0.8358520865440369,0.908939003944397,0.3133709132671356,0.0,0.8891192674636841,0.8414041996002197,0.9217416644096375,0.43520453572273254,0.8639070391654968,0.8639070987701416,0.7604194283485413,0.8639070391654968,0.8639070391654968,,,,,,,,,,,,,,,,,,,,,,,,,,,,,,,,,,,,,
,1e-05,0.0001,15657,,,,,,,,,,,,,,,,,,,,,,,,,,,,,,,,,,,,,,,,,,,,,,,,,,,,,,,,,,,,,,,,,,,,,,,,
17,,,15659,,,,,,,,,,,,,,,,,,,,,,,,,,,,,,,,,,,,0.44599491357803345,,,,,,,,,,,,,,,,,,,,,,,,,,,,,,,,,,,,
17,,,15664,,,,,,,,,,,,,,,,,,,,,,,,,,,,,,,,,,,,0.2280678153038025,,,,,,,,,,,,,,,,,,,,,,,,,,,,,,,,,,,,
17,,,15669,,,,,,,,,,,,,,,,,,,,,,,,,,,,,,,,,,,,0.4192744791507721,,,,,,,,,,,,,,,,,,,,,,,,,,,,,,,,,,,,
17,,,15674,,,,,,,,,,,,,,,,,,,,,,,,,,,,,,,,,,,,0.408790647983551,,,,,,,,,,,,,,,,,,,,,,,,,,,,,,,,,,,,
17,,,15679,,,,,,,,,,,,,,,,,,,,,,,,,,,,,,,,,,,,0.29803571105003357,,,,,,,,,,,,,,,,,,,,,,,,,,,,,,,,,,,,
17,,,15684,,,,,,,,,,,,,,,,,,,,,,,,,,,,,,,,,,,,0.42400670051574707,,,,,,,,,,,,,,,,,,,,,,,,,,,,,,,,,,,,
17,,,15689,,,,,,,,,,,,,,,,,,,,,,,,,,,,,,,,,,,,0.5136581063270569,,,,,,,,,,,,,,,,,,,,,,,,,,,,,,,,,,,,
17,,,15694,,,,,,,,,,,,,,,,,,,,,,,,,,,,,,,,,,,,0.4662148654460907,,,,,,,,,,,,,,,,,,,,,,,,,,,,,,,,,,,,
17,,,15699,,,,,,,,,,,,,,,,,,,,,,,,,,,,,,,,,,,,0.32333147525787354,,,,,,,,,,,,,,,,,,,,,,,,,,,,,,,,,,,,
17,,,15704,,,,,,,,,,,,,,,,,,,,,,,,,,,,,,,,,,,,0.32261767983436584,,,,,,,,,,,,,,,,,,,,,,,,,,,,,,,,,,,,
17,,,15709,,,,,,,,,,,,,,,,,,,,,,,,,,,,,,,,,,,,0.32070034742355347,,,,,,,,,,,,,,,,,,,,,,,,,,,,,,,,,,,,
17,,,15714,,,,,,,,,,,,,,,,,,,,,,,,,,,,,,,,,,,,0.4195224642753601,,,,,,,,,,,,,,,,,,,,,,,,,,,,,,,,,,,,
17,,,15719,,,,,,,,,,,,,,,,,,,,,,,,,,,,,,,,,,,,0.4753631055355072,,,,,,,,,,,,,,,,,,,,,,,,,,,,,,,,,,,,
17,,,15724,,,,,,,,,,,,,,,,,,,,,,,,,,,,,,,,,,,,0.46734753251075745,,,,,,,,,,,,,,,,,,,,,,,,,,,,,,,,,,,,
17,,,15729,,,,,,,,,,,,,,,,,,,,,,,,,,,,,,,,,,,,0.5056803226470947,,,,,,,,,,,,,,,,,,,,,,,,,,,,,,,,,,,,
17,,,15734,,,,,,,,,,,,,,,,,,,,,,,,,,,,,,,,,,,,0.2866073548793793,,,,,,,,,,,,,,,,,,,,,,,,,,,,,,,,,,,,
17,,,15739,,,,,,,,,,,,,,,,,,,,,,,,,,,,,,,,,,,,0.4590018391609192,,,,,,,,,,,,,,,,,,,,,,,,,,,,,,,,,,,,
17,,,15744,,,,,,,,,,,,,,,,,,,,,,,,,,,,,,,,,,,,0.2030450999736786,,,,,,,,,,,,,,,,,,,,,,,,,,,,,,,,,,,,
17,,,15749,,,,,,,,,,,,,,,,,,,,,,,,,,,,,,,,,,,,0.3517574071884155,,,,,,,,,,,,,,,,,,,,,,,,,,,,,,,,,,,,
17,,,15754,,,,,,,,,,,,,,,,,,,,,,,,,,,,,,,,,,,,0.2812191843986511,,,,,,,,,,,,,,,,,,,,,,,,,,,,,,,,,,,,
17,,,15759,,,,,,,,,,,,,,,,,,,,,,,,,,,,,,,,,,,,0.30465084314346313,,,,,,,,,,,,,,,,,,,,,,,,,,,,,,,,,,,,
17,,,15764,,,,,,,,,,,,,,,,,,,,,,,,,,,,,,,,,,,,0.33216041326522827,,,,,,,,,,,,,,,,,,,,,,,,,,,,,,,,,,,,
17,,,15769,,,,,,,,,,,,,,,,,,,,,,,,,,,,,,,,,,,,0.2592734396457672,,,,,,,,,,,,,,,,,,,,,,,,,,,,,,,,,,,,
17,,,15774,,,,,,,,,,,,,,,,,,,,,,,,,,,,,,,,,,,,0.4372898042201996,,,,,,,,,,,,,,,,,,,,,,,,,,,,,,,,,,,,
17,,,15779,,,,,,,,,,,,,,,,,,,,,,,,,,,,,,,,,,,,0.3346925973892212,,,,,,,,,,,,,,,,,,,,,,,,,,,,,,,,,,,,
17,,,15784,,,,,,,,,,,,,,,,,,,,,,,,,,,,,,,,,,,,0.3151051104068756,,,,,,,,,,,,,,,,,,,,,,,,,,,,,,,,,,,,
17,,,15789,,,,,,,,,,,,,,,,,,,,,,,,,,,,,,,,,,,,0.5134539604187012,,,,,,,,,,,,,,,,,,,,,,,,,,,,,,,,,,,,
17,,,15794,,,,,,,,,,,,,,,,,,,,,,,,,,,,,,,,,,,,0.25847727060317993,,,,,,,,,,,,,,,,,,,,,,,,,,,,,,,,,,,,
17,,,15799,,,,,,,,,,,,,,,,,,,,,,,,,,,,,,,,,,,,0.347617506980896,,,,,,,,,,,,,,,,,,,,,,,,,,,,,,,,,,,,
17,,,15804,,,,,,,,,,,,,,,,,,,,,,,,,,,,,,,,,,,,0.3482959568500519,,,,,,,,,,,,,,,,,,,,,,,,,,,,,,,,,,,,
17,,,15809,,,,,,,,,,,,,,,,,,,,,,,,,,,,,,,,,,,,0.30511021614074707,,,,,,,,,,,,,,,,,,,,,,,,,,,,,,,,,,,,
17,,,15814,,,,,,,,,,,,,,,,,,,,,,,,,,,,,,,,,,,,0.3426983952522278,,,,,,,,,,,,,,,,,,,,,,,,,,,,,,,,,,,,
17,,,15819,,,,,,,,,,,,,,,,,,,,,,,,,,,,,,,,,,,,0.21676084399223328,,,,,,,,,,,,,,,,,,,,,,,,,,,,,,,,,,,,
17,,,15824,,,,,,,,,,,,,,,,,,,,,,,,,,,,,,,,,,,,0.26090914011001587,,,,,,,,,,,,,,,,,,,,,,,,,,,,,,,,,,,,
17,,,15829,,,,,,,,,,,,,,,,,,,,,,,,,,,,,,,,,,,,0.2696205973625183,,,,,,,,,,,,,,,,,,,,,,,,,,,,,,,,,,,,
17,,,15834,,,,,,,,,,,,,,,,,,,,,,,,,,,,,,,,,,,,0.31859731674194336,,,,,,,,,,,,,,,,,,,,,,,,,,,,,,,,,,,,
17,,,15839,,,,,,,,,,,,,,,,,,,,,,,,,,,,,,,,,,,,0.3008330464363098,,,,,,,,,,,,,,,,,,,,,,,,,,,,,,,,,,,,
17,,,15844,,,,,,,,,,,,,,,,,,,,,,,,,,,,,,,,,,,,0.2810227572917938,,,,,,,,,,,,,,,,,,,,,,,,,,,,,,,,,,,,
17,,,15849,,,,,,,,,,,,,,,,,,,,,,,,,,,,,,,,,,,,0.47939181327819824,,,,,,,,,,,,,,,,,,,,,,,,,,,,,,,,,,,,
17,,,15854,,,,,,,,,,,,,,,,,,,,,,,,,,,,,,,,,,,,0.40334659814834595,,,,,,,,,,,,,,,,,,,,,,,,,,,,,,,,,,,,
17,,,15859,,,,,,,,,,,,,,,,,,,,,,,,,,,,,,,,,,,,0.4769691228866577,,,,,,,,,,,,,,,,,,,,,,,,,,,,,,,,,,,,
17,,,15864,,,,,,,,,,,,,,,,,,,,,,,,,,,,,,,,,,,,0.49372798204421997,,,,,,,,,,,,,,,,,,,,,,,,,,,,,,,,,,,,
17,,,15869,,,,,,,,,,,,,,,,,,,,,,,,,,,,,,,,,,,,0.4808594584465027,,,,,,,,,,,,,,,,,,,,,,,,,,,,,,,,,,,,
17,,,15874,,,,,,,,,,,,,,,,,,,,,,,,,,,,,,,,,,,,0.4700906276702881,,,,,,,,,,,,,,,,,,,,,,,,,,,,,,,,,,,,
17,,,15879,,,,,,,,,,,,,,,,,,,,,,,,,,,,,,,,,,,,0.2245379388332367,,,,,,,,,,,,,,,,,,,,,,,,,,,,,,,,,,,,
17,,,15884,,,,,,,,,,,,,,,,,,,,,,,,,,,,,,,,,,,,0.3384789824485779,,,,,,,,,,,,,,,,,,,,,,,,,,,,,,,,,,,,
17,,,15889,,,,,,,,,,,,,,,,,,,,,,,,,,,,,,,,,,,,0.2981874942779541,,,,,,,,,,,,,,,,,,,,,,,,,,,,,,,,,,,,
17,,,15894,,,,,,,,,,,,,,,,,,,,,,,,,,,,,,,,,,,,0.5062013864517212,,,,,,,,,,,,,,,,,,,,,,,,,,,,,,,,,,,,
17,,,15899,,,,,,,,,,,,,,,,,,,,,,,,,,,,,,,,,,,,0.33756476640701294,,,,,,,,,,,,,,,,,,,,,,,,,,,,,,,,,,,,
17,,,15904,,,,,,,,,,,,,,,,,,,,,,,,,,,,,,,,,,,,0.4626275300979614,,,,,,,,,,,,,,,,,,,,,,,,,,,,,,,,,,,,
17,,,15909,,,,,,,,,,,,,,,,,,,,,,,,,,,,,,,,,,,,0.4092400074005127,,,,,,,,,,,,,,,,,,,,,,,,,,,,,,,,,,,,
17,,,15914,,,,,,,,,,,,,,,,,,,,,,,,,,,,,,,,,,,,0.5258806943893433,,,,,,,,,,,,,,,,,,,,,,,,,,,,,,,,,,,,
17,,,15919,,,,,,,,,,,,,,,,,,,,,,,,,,,,,,,,,,,,0.38579633831977844,,,,,,,,,,,,,,,,,,,,,,,,,,,,,,,,,,,,
17,,,15924,,,,,,,,,,,,,,,,,,,,,,,,,,,,,,,,,,,,0.3479924201965332,,,,,,,,,,,,,,,,,,,,,,,,,,,,,,,,,,,,
17,,,15929,,,,,,,,,,,,,,,,,,,,,,,,,,,,,,,,,,,,0.4566127061843872,,,,,,,,,,,,,,,,,,,,,,,,,,,,,,,,,,,,
17,,,15934,,,,,,,,,,,,,,,,,,,,,,,,,,,,,,,,,,,,0.46845805644989014,,,,,,,,,,,,,,,,,,,,,,,,,,,,,,,,,,,,
17,,,15939,,,,,,,,,,,,,,,,,,,,,,,,,,,,,,,,,,,,0.4284006655216217,,,,,,,,,,,,,,,,,,,,,,,,,,,,,,,,,,,,
17,,,15944,,,,,,,,,,,,,,,,,,,,,,,,,,,,,,,,,,,,0.3239363729953766,,,,,,,,,,,,,,,,,,,,,,,,,,,,,,,,,,,,
17,,,15949,,,,,,,,,,,,,,,,,,,,,,,,,,,,,,,,,,,,0.2804607152938843,,,,,,,,,,,,,,,,,,,,,,,,,,,,,,,,,,,,
17,,,15954,,,,,,,,,,,,,,,,,,,,,,,,,,,,,,,,,,,,0.22530058026313782,,,,,,,,,,,,,,,,,,,,,,,,,,,,,,,,,,,,
17,,,15959,,,,,,,,,,,,,,,,,,,,,,,,,,,,,,,,,,,,0.31751081347465515,,,,,,,,,,,,,,,,,,,,,,,,,,,,,,,,,,,,
17,,,15964,,,,,,,,,,,,,,,,,,,,,,,,,,,,,,,,,,,,0.48153385519981384,,,,,,,,,,,,,,,,,,,,,,,,,,,,,,,,,,,,
17,,,15969,,,,,,,,,,,,,,,,,,,,,,,,,,,,,,,,,,,,0.36896568536758423,,,,,,,,,,,,,,,,,,,,,,,,,,,,,,,,,,,,
17,,,15974,,,,,,,,,,,,,,,,,,,,,,,,,,,,,,,,,,,,0.45232102274894714,,,,,,,,,,,,,,,,,,,,,,,,,,,,,,,,,,,,
17,,,15979,,,,,,,,,,,,,,,,,,,,,,,,,,,,,,,,,,,,0.3821616768836975,,,,,,,,,,,,,,,,,,,,,,,,,,,,,,,,,,,,
17,,,15984,,,,,,,,,,,,,,,,,,,,,,,,,,,,,,,,,,,,0.5354616045951843,,,,,,,,,,,,,,,,,,,,,,,,,,,,,,,,,,,,
17,,,15989,,,,,,,,,,,,,,,,,,,,,,,,,,,,,,,,,,,,0.26399680972099304,,,,,,,,,,,,,,,,,,,,,,,,,,,,,,,,,,,,
17,,,15994,,,,,,,,,,,,,,,,,,,,,,,,,,,,,,,,,,,,0.4006299078464508,,,,,,,,,,,,,,,,,,,,,,,,,,,,,,,,,,,,
17,,,15999,,,,,,,,,,,,,,,,,,,,,,,,,,,,,,,,,,,,0.319582462310791,,,,,,,,,,,,,,,,,,,,,,,,,,,,,,,,,,,,
17,,,16004,,,,,,,,,,,,,,,,,,,,,,,,,,,,,,,,,,,,0.43061625957489014,,,,,,,,,,,,,,,,,,,,,,,,,,,,,,,,,,,,
17,,,16009,,,,,,,,,,,,,,,,,,,,,,,,,,,,,,,,,,,,0.5028647184371948,,,,,,,,,,,,,,,,,,,,,,,,,,,,,,,,,,,,
17,,,16014,,,,,,,,,,,,,,,,,,,,,,,,,,,,,,,,,,,,0.2615621089935303,,,,,,,,,,,,,,,,,,,,,,,,,,,,,,,,,,,,
17,,,16019,,,,,,,,,,,,,,,,,,,,,,,,,,,,,,,,,,,,0.4804416596889496,,,,,,,,,,,,,,,,,,,,,,,,,,,,,,,,,,,,
17,,,16024,,,,,,,,,,,,,,,,,,,,,,,,,,,,,,,,,,,,0.3225686848163605,,,,,,,,,,,,,,,,,,,,,,,,,,,,,,,,,,,,
17,,,16029,,,,,,,,,,,,,,,,,,,,,,,,,,,,,,,,,,,,0.2917057275772095,,,,,,,,,,,,,,,,,,,,,,,,,,,,,,,,,,,,
17,,,16034,,,,,,,,,,,,,,,,,,,,,,,,,,,,,,,,,,,,0.44462376832962036,,,,,,,,,,,,,,,,,,,,,,,,,,,,,,,,,,,,
17,,,16039,,,,,,,,,,,,,,,,,,,,,,,,,,,,,,,,,,,,0.3179634213447571,,,,,,,,,,,,,,,,,,,,,,,,,,,,,,,,,,,,
17,,,16044,,,,,,,,,,,,,,,,,,,,,,,,,,,,,,,,,,,,0.2881125807762146,,,,,,,,,,,,,,,,,,,,,,,,,,,,,,,,,,,,
17,,,16049,,,,,,,,,,,,,,,,,,,,,,,,,,,,,,,,,,,,0.46683311462402344,,,,,,,,,,,,,,,,,,,,,,,,,,,,,,,,,,,,
17,,,16054,,,,,,,,,,,,,,,,,,,,,,,,,,,,,,,,,,,,0.2636747658252716,,,,,,,,,,,,,,,,,,,,,,,,,,,,,,,,,,,,
17,,,16059,,,,,,,,,,,,,,,,,,,,,,,,,,,,,,,,,,,,0.3376573324203491,,,,,,,,,,,,,,,,,,,,,,,,,,,,,,,,,,,,
17,,,16064,,,,,,,,,,,,,,,,,,,,,,,,,,,,,,,,,,,,0.4376818537712097,,,,,,,,,,,,,,,,,,,,,,,,,,,,,,,,,,,,
17,,,16069,,,,,,,,,,,,,,,,,,,,,,,,,,,,,,,,,,,,0.32252025604248047,,,,,,,,,,,,,,,,,,,,,,,,,,,,,,,,,,,,
17,,,16074,,,,,,,,,,,,,,,,,,,,,,,,,,,,,,,,,,,,0.27869367599487305,,,,,,,,,,,,,,,,,,,,,,,,,,,,,,,,,,,,
17,,,16079,,,,,,,,,,,,,,,,,,,,,,,,,,,,,,,,,,,,0.3471667766571045,,,,,,,,,,,,,,,,,,,,,,,,,,,,,,,,,,,,
17,,,16084,,,,,,,,,,,,,,,,,,,,,,,,,,,,,,,,,,,,0.33240213990211487,,,,,,,,,,,,,,,,,,,,,,,,,,,,,,,,,,,,
17,,,16089,,,,,,,,,,,,,,,,,,,,,,,,,,,,,,,,,,,,0.31022489070892334,,,,,,,,,,,,,,,,,,,,,,,,,,,,,,,,,,,,
17,,,16094,,,,,,,,,,,,,,,,,,,,,,,,,,,,,,,,,,,,0.4665265381336212,,,,,,,,,,,,,,,,,,,,,,,,,,,,,,,,,,,,
17,,,16099,,,,,,,,,,,,,,,,,,,,,,,,,,,,,,,,,,,,0.23146134614944458,,,,,,,,,,,,,,,,,,,,,,,,,,,,,,,,,,,,
17,,,16104,,,,,,,,,,,,,,,,,,,,,,,,,,,,,,,,,,,,0.5984082221984863,,,,,,,,,,,,,,,,,,,,,,,,,,,,,,,,,,,,
17,,,16109,,,,,,,,,,,,,,,,,,,,,,,,,,,,,,,,,,,,0.36920908093452454,,,,,,,,,,,,,,,,,,,,,,,,,,,,,,,,,,,,
17,,,16114,,,,,,,,,,,,,,,,,,,,,,,,,,,,,,,,,,,,0.2695872187614441,,,,,,,,,,,,,,,,,,,,,,,,,,,,,,,,,,,,
17,,,16119,,,,,,,,,,,,,,,,,,,,,,,,,,,,,,,,,,,,0.26878622174263,,,,,,,,,,,,,,,,,,,,,,,,,,,,,,,,,,,,
17,,,16124,,,,,,,,,,,,,,,,,,,,,,,,,,,,,,,,,,,,0.5255856513977051,,,,,,,,,,,,,,,,,,,,,,,,,,,,,,,,,,,,
17,,,16129,,,,,,,,,,,,,,,,,,,,,,,,,,,,,,,,,,,,0.24447068572044373,,,,,,,,,,,,,,,,,,,,,,,,,,,,,,,,,,,,
17,,,16134,,,,,,,,,,,,,,,,,,,,,,,,,,,,,,,,,,,,0.44595831632614136,,,,,,,,,,,,,,,,,,,,,,,,,,,,,,,,,,,,
17,,,16139,,,,,,,,,,,,,,,,,,,,,,,,,,,,,,,,,,,,0.2247283011674881,,,,,,,,,,,,,,,,,,,,,,,,,,,,,,,,,,,,
17,,,16144,,,,,,,,,,,,,,,,,,,,,,,,,,,,,,,,,,,,0.359880268573761,,,,,,,,,,,,,,,,,,,,,,,,,,,,,,,,,,,,
17,,,16149,,,,,,,,,,,,,,,,,,,,,,,,,,,,,,,,,,,,0.5514098405838013,,,,,,,,,,,,,,,,,,,,,,,,,,,,,,,,,,,,
17,,,16154,,,,,,,,,,,,,,,,,,,,,,,,,,,,,,,,,,,,0.3873281180858612,,,,,,,,,,,,,,,,,,,,,,,,,,,,,,,,,,,,
17,,,16159,,,,,,,,,,,,,,,,,,,,,,,,,,,,,,,,,,,,0.47393694519996643,,,,,,,,,,,,,,,,,,,,,,,,,,,,,,,,,,,,
17,,,16164,,,,,,,,,,,,,,,,,,,,,,,,,,,,,,,,,,,,0.49092406034469604,,,,,,,,,,,,,,,,,,,,,,,,,,,,,,,,,,,,
17,,,16169,,,,,,,,,,,,,,,,,,,,,,,,,,,,,,,,,,,,0.47243160009384155,,,,,,,,,,,,,,,,,,,,,,,,,,,,,,,,,,,,
17,,,16174,,,,,,,,,,,,,,,,,,,,,,,,,,,,,,,,,,,,0.4153599739074707,,,,,,,,,,,,,,,,,,,,,,,,,,,,,,,,,,,,
17,,,16179,,,,,,,,,,,,,,,,,,,,,,,,,,,,,,,,,,,,0.20558875799179077,,,,,,,,,,,,,,,,,,,,,,,,,,,,,,,,,,,,
17,,,16184,,,,,,,,,,,,,,,,,,,,,,,,,,,,,,,,,,,,0.29928338527679443,,,,,,,,,,,,,,,,,,,,,,,,,,,,,,,,,,,,
17,,,16189,,,,,,,,,,,,,,,,,,,,,,,,,,,,,,,,,,,,0.2060782015323639,,,,,,,,,,,,,,,,,,,,,,,,,,,,,,,,,,,,
17,,,16194,,,,,,,,,,,,,,,,,,,,,,,,,,,,,,,,,,,,0.4901851415634155,,,,,,,,,,,,,,,,,,,,,,,,,,,,,,,,,,,,
17,,,16199,,,,,,,,,,,,,,,,,,,,,,,,,,,,,,,,,,,,0.2769225239753723,,,,,,,,,,,,,,,,,,,,,,,,,,,,,,,,,,,,
17,,,16204,,,,,,,,,,,,,,,,,,,,,,,,,,,,,,,,,,,,0.2830287516117096,,,,,,,,,,,,,,,,,,,,,,,,,,,,,,,,,,,,
17,,,16209,,,,,,,,,,,,,,,,,,,,,,,,,,,,,,,,,,,,0.47530311346054077,,,,,,,,,,,,,,,,,,,,,,,,,,,,,,,,,,,,
17,,,16214,,,,,,,,,,,,,,,,,,,,,,,,,,,,,,,,,,,,0.28077176213264465,,,,,,,,,,,,,,,,,,,,,,,,,,,,,,,,,,,,
17,,,16219,,,,,,,,,,,,,,,,,,,,,,,,,,,,,,,,,,,,0.3273846209049225,,,,,,,,,,,,,,,,,,,,,,,,,,,,,,,,,,,,
17,,,16224,,,,,,,,,,,,,,,,,,,,,,,,,,,,,,,,,,,,0.27389955520629883,,,,,,,,,,,,,,,,,,,,,,,,,,,,,,,,,,,,
17,,,16229,,,,,,,,,,,,,,,,,,,,,,,,,,,,,,,,,,,,0.27710890769958496,,,,,,,,,,,,,,,,,,,,,,,,,,,,,,,,,,,,
17,,,16234,,,,,,,,,,,,,,,,,,,,,,,,,,,,,,,,,,,,0.5483919382095337,,,,,,,,,,,,,,,,,,,,,,,,,,,,,,,,,,,,
17,,,16239,,,,,,,,,,,,,,,,,,,,,,,,,,,,,,,,,,,,0.3913156986236572,,,,,,,,,,,,,,,,,,,,,,,,,,,,,,,,,,,,
17,,,16244,,,,,,,,,,,,,,,,,,,,,,,,,,,,,,,,,,,,0.41800788044929504,,,,,,,,,,,,,,,,,,,,,,,,,,,,,,,,,,,,
17,,,16249,,,,,,,,,,,,,,,,,,,,,,,,,,,,,,,,,,,,0.48196688294410706,,,,,,,,,,,,,,,,,,,,,,,,,,,,,,,,,,,,
17,,,16254,,,,,,,,,,,,,,,,,,,,,,,,,,,,,,,,,,,,0.37665483355522156,,,,,,,,,,,,,,,,,,,,,,,,,,,,,,,,,,,,
17,,,16259,,,,,,,,,,,,,,,,,,,,,,,,,,,,,,,,,,,,0.35776105523109436,,,,,,,,,,,,,,,,,,,,,,,,,,,,,,,,,,,,
17,,,16264,,,,,,,,,,,,,,,,,,,,,,,,,,,,,,,,,,,,0.2571149468421936,,,,,,,,,,,,,,,,,,,,,,,,,,,,,,,,,,,,
17,,,16269,,,,,,,,,,,,,,,,,,,,,,,,,,,,,,,,,,,,0.45696645975112915,,,,,,,,,,,,,,,,,,,,,,,,,,,,,,,,,,,,
17,,,16274,,,,,,,,,,,,,,,,,,,,,,,,,,,,,,,,,,,,0.28844666481018066,,,,,,,,,,,,,,,,,,,,,,,,,,,,,,,,,,,,
17,,,16279,,,,,,,,,,,,,,,,,,,,,,,,,,,,,,,,,,,,0.27218854427337646,,,,,,,,,,,,,,,,,,,,,,,,,,,,,,,,,,,,
17,,,16284,,,,,,,,,,,,,,,,,,,,,,,,,,,,,,,,,,,,0.4572400152683258,,,,,,,,,,,,,,,,,,,,,,,,,,,,,,,,,,,,
17,,,16289,,,,,,,,,,,,,,,,,,,,,,,,,,,,,,,,,,,,0.3177277445793152,,,,,,,,,,,,,,,,,,,,,,,,,,,,,,,,,,,,
17,,,16294,,,,,,,,,,,,,,,,,,,,,,,,,,,,,,,,,,,,0.3889445960521698,,,,,,,,,,,,,,,,,,,,,,,,,,,,,,,,,,,,
17,,,16299,,,,,,,,,,,,,,,,,,,,,,,,,,,,,,,,,,,,0.41223883628845215,,,,,,,,,,,,,,,,,,,,,,,,,,,,,,,,,,,,
17,,,16304,,,,,,,,,,,,,,,,,,,,,,,,,,,,,,,,,,,,0.3574993312358856,,,,,,,,,,,,,,,,,,,,,,,,,,,,,,,,,,,,
17,,,16309,,,,,,,,,,,,,,,,,,,,,,,,,,,,,,,,,,,,0.4979703426361084,,,,,,,,,,,,,,,,,,,,,,,,,,,,,,,,,,,,
17,,,16314,,,,,,,,,,,,,,,,,,,,,,,,,,,,,,,,,,,,0.26222407817840576,,,,,,,,,,,,,,,,,,,,,,,,,,,,,,,,,,,,
17,,,16319,,,,,,,,,,,,,,,,,,,,,,,,,,,,,,,,,,,,0.2483603060245514,,,,,,,,,,,,,,,,,,,,,,,,,,,,,,,,,,,,
17,,,16324,,,,,,,,,,,,,,,,,,,,,,,,,,,,,,,,,,,,0.25626131892204285,,,,,,,,,,,,,,,,,,,,,,,,,,,,,,,,,,,,
17,,,16329,,,,,,,,,,,,,,,,,,,,,,,,,,,,,,,,,,,,0.2402234971523285,,,,,,,,,,,,,,,,,,,,,,,,,,,,,,,,,,,,
17,,,16334,,,,,,,,,,,,,,,,,,,,,,,,,,,,,,,,,,,,0.3074278235435486,,,,,,,,,,,,,,,,,,,,,,,,,,,,,,,,,,,,
17,,,16339,,,,,,,,,,,,,,,,,,,,,,,,,,,,,,,,,,,,0.31672000885009766,,,,,,,,,,,,,,,,,,,,,,,,,,,,,,,,,,,,
17,,,16344,,,,,,,,,,,,,,,,,,,,,,,,,,,,,,,,,,,,0.2705969214439392,,,,,,,,,,,,,,,,,,,,,,,,,,,,,,,,,,,,
17,,,16349,,,,,,,,,,,,,,,,,,,,,,,,,,,,,,,,,,,,0.41399043798446655,,,,,,,,,,,,,,,,,,,,,,,,,,,,,,,,,,,,
17,,,16354,,,,,,,,,,,,,,,,,,,,,,,,,,,,,,,,,,,,0.30730679631233215,,,,,,,,,,,,,,,,,,,,,,,,,,,,,,,,,,,,
17,,,16359,,,,,,,,,,,,,,,,,,,,,,,,,,,,,,,,,,,,0.4959700107574463,,,,,,,,,,,,,,,,,,,,,,,,,,,,,,,,,,,,
17,,,16364,,,,,,,,,,,,,,,,,,,,,,,,,,,,,,,,,,,,0.30093351006507874,,,,,,,,,,,,,,,,,,,,,,,,,,,,,,,,,,,,
17,,,16369,,,,,,,,,,,,,,,,,,,,,,,,,,,,,,,,,,,,0.3733988404273987,,,,,,,,,,,,,,,,,,,,,,,,,,,,,,,,,,,,
17,,,16374,,,,,,,,,,,,,,,,,,,,,,,,,,,,,,,,,,,,0.45031502842903137,,,,,,,,,,,,,,,,,,,,,,,,,,,,,,,,,,,,
17,,,16379,,,,,,,,,,,,,,,,,,,,,,,,,,,,,,,,,,,,0.24477174878120422,,,,,,,,,,,,,,,,,,,,,,,,,,,,,,,,,,,,
17,,,16384,,,,,,,,,,,,,,,,,,,,,,,,,,,,,,,,,,,,0.3670571446418762,,,,,,,,,,,,,,,,,,,,,,,,,,,,,,,,,,,,
17,,,16389,,,,,,,,,,,,,,,,,,,,,,,,,,,,,,,,,,,,0.2666478455066681,,,,,,,,,,,,,,,,,,,,,,,,,,,,,,,,,,,,
17,,,16394,,,,,,,,,,,,,,,,,,,,,,,,,,,,,,,,,,,,0.2517772614955902,,,,,,,,,,,,,,,,,,,,,,,,,,,,,,,,,,,,
17,,,16399,,,,,,,,,,,,,,,,,,,,,,,,,,,,,,,,,,,,0.3147065341472626,,,,,,,,,,,,,,,,,,,,,,,,,,,,,,,,,,,,
17,,,16404,,,,,,,,,,,,,,,,,,,,,,,,,,,,,,,,,,,,0.38924553990364075,,,,,,,,,,,,,,,,,,,,,,,,,,,,,,,,,,,,
17,,,16409,,,,,,,,,,,,,,,,,,,,,,,,,,,,,,,,,,,,0.3194033205509186,,,,,,,,,,,,,,,,,,,,,,,,,,,,,,,,,,,,
17,,,16414,,,,,,,,,,,,,,,,,,,,,,,,,,,,,,,,,,,,0.5128508806228638,,,,,,,,,,,,,,,,,,,,,,,,,,,,,,,,,,,,
17,,,16419,,,,,,,,,,,,,,,,,,,,,,,,,,,,,,,,,,,,0.47823861241340637,,,,,,,,,,,,,,,,,,,,,,,,,,,,,,,,,,,,
17,,,16424,,,,,,,,,,,,,,,,,,,,,,,,,,,,,,,,,,,,0.37125182151794434,,,,,,,,,,,,,,,,,,,,,,,,,,,,,,,,,,,,
17,,,16429,,,,,,,,,,,,,,,,,,,,,,,,,,,,,,,,,,,,0.43049514293670654,,,,,,,,,,,,,,,,,,,,,,,,,,,,,,,,,,,,
17,,,16434,,,,,,,,,,,,,,,,,,,,,,,,,,,,,,,,,,,,0.23054087162017822,,,,,,,,,,,,,,,,,,,,,,,,,,,,,,,,,,,,
17,,,16439,,,,,,,,,,,,,,,,,,,,,,,,,,,,,,,,,,,,0.4973438084125519,,,,,,,,,,,,,,,,,,,,,,,,,,,,,,,,,,,,
17,,,16444,,,,,,,,,,,,,,,,,,,,,,,,,,,,,,,,,,,,0.4579511284828186,,,,,,,,,,,,,,,,,,,,,,,,,,,,,,,,,,,,
17,,,16449,,,,,,,,,,,,,,,,,,,,,,,,,,,,,,,,,,,,0.3055407404899597,,,,,,,,,,,,,,,,,,,,,,,,,,,,,,,,,,,,
17,,,16454,,,,,,,,,,,,,,,,,,,,,,,,,,,,,,,,,,,,0.2413811981678009,,,,,,,,,,,,,,,,,,,,,,,,,,,,,,,,,,,,
17,,,16459,,,,,,,,,,,,,,,,,,,,,,,,,,,,,,,,,,,,0.5197398662567139,,,,,,,,,,,,,,,,,,,,,,,,,,,,,,,,,,,,
17,,,16464,,,,,,,,,,,,,,,,,,,,,,,,,,,,,,,,,,,,0.24498960375785828,,,,,,,,,,,,,,,,,,,,,,,,,,,,,,,,,,,,
17,,,16469,,,,,,,,,,,,,,,,,,,,,,,,,,,,,,,,,,,,0.23702865839004517,,,,,,,,,,,,,,,,,,,,,,,,,,,,,,,,,,,,
17,,,16474,,,,,,,,,,,,,,,,,,,,,,,,,,,,,,,,,,,,0.3863176107406616,,,,,,,,,,,,,,,,,,,,,,,,,,,,,,,,,,,,
17,,,16479,,,,,,,,,,,,,,,,,,,,,,,,,,,,,,,,,,,,0.2458728402853012,,,,,,,,,,,,,,,,,,,,,,,,,,,,,,,,,,,,
17,,,16484,,,,,,,,,,,,,,,,,,,,,,,,,,,,,,,,,,,,0.45437783002853394,,,,,,,,,,,,,,,,,,,,,,,,,,,,,,,,,,,,
17,,,16489,,,,,,,,,,,,,,,,,,,,,,,,,,,,,,,,,,,,0.2899255156517029,,,,,,,,,,,,,,,,,,,,,,,,,,,,,,,,,,,,
17,,,16494,,,,,,,,,,,,,,,,,,,,,,,,,,,,,,,,,,,,0.28763169050216675,,,,,,,,,,,,,,,,,,,,,,,,,,,,,,,,,,,,
17,,,16499,,,,,,,,,,,,,,,,,,,,,,,,,,,,,,,,,,,,0.33034437894821167,,,,,,,,,,,,,,,,,,,,,,,,,,,,,,,,,,,,
17,,,16504,,,,,,,,,,,,,,,,,,,,,,,,,,,,,,,,,,,,0.2676757276058197,,,,,,,,,,,,,,,,,,,,,,,,,,,,,,,,,,,,
17,,,16509,,,,,,,,,,,,,,,,,,,,,,,,,,,,,,,,,,,,0.3071155548095703,,,,,,,,,,,,,,,,,,,,,,,,,,,,,,,,,,,,
17,,,16514,,,,,,,,,,,,,,,,,,,,,,,,,,,,,,,,,,,,0.21026933193206787,,,,,,,,,,,,,,,,,,,,,,,,,,,,,,,,,,,,
17,,,16519,,,,,,,,,,,,,,,,,,,,,,,,,,,,,,,,,,,,0.4673182964324951,,,,,,,,,,,,,,,,,,,,,,,,,,,,,,,,,,,,
17,,,16524,,,,,,,,,,,,,,,,,,,,,,,,,,,,,,,,,,,,0.44574475288391113,,,,,,,,,,,,,,,,,,,,,,,,,,,,,,,,,,,,
17,,,16529,,,,,,,,,,,,,,,,,,,,,,,,,,,,,,,,,,,,0.39616239070892334,,,,,,,,,,,,,,,,,,,,,,,,,,,,,,,,,,,,
17,,,16534,,,,,,,,,,,,,,,,,,,,,,,,,,,,,,,,,,,,0.4608995318412781,,,,,,,,,,,,,,,,,,,,,,,,,,,,,,,,,,,,
17,,,16539,,,,,,,,,,,,,,,,,,,,,,,,,,,,,,,,,,,,0.4938714802265167,,,,,,,,,,,,,,,,,,,,,,,,,,,,,,,,,,,,
17,,,16544,,,,,,,,,,,,,,,,,,,,,,,,,,,,,,,,,,,,0.3268725275993347,,,,,,,,,,,,,,,,,,,,,,,,,,,,,,,,,,,,
17,,,16549,,,,,,,,,,,,,,,,,,,,,,,,,,,,,,,,,,,,0.31921839714050293,,,,,,,,,,,,,,,,,,,,,,,,,,,,,,,,,,,,
17,,,16554,,,,,,,,,,,,,,,,,,,,,,,,,,,,,,,,,,,,0.360802561044693,,,,,,,,,,,,,,,,,,,,,,,,,,,,,,,,,,,,
17,,,16559,,,,,,,,,,,,,,,,,,,,,,,,,,,,,,,,,,,,0.4437900185585022,,,,,,,,,,,,,,,,,,,,,,,,,,,,,,,,,,,,
17,,,16564,,,,,,,,,,,,,,,,,,,,,,,,,,,,,,,,,,,,0.2893020808696747,,,,,,,,,,,,,,,,,,,,,,,,,,,,,,,,,,,,
17,,,16569,,,,,,,,,,,,,,,,,,,,,,,,,,,,,,,,,,,,0.3661745488643646,,,,,,,,,,,,,,,,,,,,,,,,,,,,,,,,,,,,
17,,,16574,,,,,,,,,,,,,,,,,,,,,,,,,,,,,,,,,,,,0.30615055561065674,,,,,,,,,,,,,,,,,,,,,,,,,,,,,,,,,,,,
17,,,16577,,,,,,,,,,,,,,,,,,,,,,,,,,,,,,,,,,,,,0.7957722544670105,0.7564104199409485,0.6538996696472168,0.7348020076751709,0.7957722544670105,0.0,0.9096671342849731,0.8026033639907837,0.9520154595375061,0.5188029408454895,0.0,0.9025837779045105,0.8326259255409241,0.9207457304000854,0.36968615651130676,0.0,0.8224625587463379,0.7132468819618225,0.8531314134597778,0.22675766050815582,0.0,0.8956099152565002,0.8649817109107971,0.8914648294448853,0.28715166449546814,0.0,0.9096671342849731,0.8026033639907837,0.9520154595375061,0.5188029408454895,0.8642871975898743,0.8642871975898743,0.7610085606575012,0.8642871975898743,0.8642871975898743,0.37764427065849304
17,,,16577,0.7717819213867188,0.7541468143463135,0.6508570909500122,0.741426408290863,0.7717819213867188,0.0,0.890781044960022,0.8413236737251282,0.9200598001480103,0.43496304750442505,0.0,0.8975908160209656,0.8397259712219238,0.9144479036331177,0.3648223876953125,0.0,0.814208447933197,0.723730742931366,0.8423804640769958,0.22310872375965118,0.0,0.9045055508613586,0.8381342887878418,0.9089040756225586,0.3141617476940155,0.0,0.890781044960022,0.8413236737251282,0.9200598001480103,0.43496304750442505,0.8647969365119934,0.8647969961166382,0.7617993950843811,0.8647969365119934,0.8647969365119934,,,,,,,,,,,,,,,,,,,,,,,,,,,,,,,,,,,,,
,1e-05,0.0001,16578,,,,,,,,,,,,,,,,,,,,,,,,,,,,,,,,,,,,,,,,,,,,,,,,,,,,,,,,,,,,,,,,,,,,,,,,
18,,,16579,,,,,,,,,,,,,,,,,,,,,,,,,,,,,,,,,,,,0.31269899010658264,,,,,,,,,,,,,,,,,,,,,,,,,,,,,,,,,,,,
18,,,16584,,,,,,,,,,,,,,,,,,,,,,,,,,,,,,,,,,,,0.2303837239742279,,,,,,,,,,,,,,,,,,,,,,,,,,,,,,,,,,,,
18,,,16589,,,,,,,,,,,,,,,,,,,,,,,,,,,,,,,,,,,,0.22149574756622314,,,,,,,,,,,,,,,,,,,,,,,,,,,,,,,,,,,,
18,,,16594,,,,,,,,,,,,,,,,,,,,,,,,,,,,,,,,,,,,0.3181350827217102,,,,,,,,,,,,,,,,,,,,,,,,,,,,,,,,,,,,
18,,,16599,,,,,,,,,,,,,,,,,,,,,,,,,,,,,,,,,,,,0.45473814010620117,,,,,,,,,,,,,,,,,,,,,,,,,,,,,,,,,,,,
18,,,16604,,,,,,,,,,,,,,,,,,,,,,,,,,,,,,,,,,,,0.2745125889778137,,,,,,,,,,,,,,,,,,,,,,,,,,,,,,,,,,,,
18,,,16609,,,,,,,,,,,,,,,,,,,,,,,,,,,,,,,,,,,,0.33420658111572266,,,,,,,,,,,,,,,,,,,,,,,,,,,,,,,,,,,,
18,,,16614,,,,,,,,,,,,,,,,,,,,,,,,,,,,,,,,,,,,0.2205192744731903,,,,,,,,,,,,,,,,,,,,,,,,,,,,,,,,,,,,
18,,,16619,,,,,,,,,,,,,,,,,,,,,,,,,,,,,,,,,,,,0.47177377343177795,,,,,,,,,,,,,,,,,,,,,,,,,,,,,,,,,,,,
18,,,16624,,,,,,,,,,,,,,,,,,,,,,,,,,,,,,,,,,,,0.28729912638664246,,,,,,,,,,,,,,,,,,,,,,,,,,,,,,,,,,,,
18,,,16629,,,,,,,,,,,,,,,,,,,,,,,,,,,,,,,,,,,,0.5141009092330933,,,,,,,,,,,,,,,,,,,,,,,,,,,,,,,,,,,,
18,,,16634,,,,,,,,,,,,,,,,,,,,,,,,,,,,,,,,,,,,0.2855437099933624,,,,,,,,,,,,,,,,,,,,,,,,,,,,,,,,,,,,
18,,,16639,,,,,,,,,,,,,,,,,,,,,,,,,,,,,,,,,,,,0.5269689559936523,,,,,,,,,,,,,,,,,,,,,,,,,,,,,,,,,,,,
18,,,16644,,,,,,,,,,,,,,,,,,,,,,,,,,,,,,,,,,,,0.25539326667785645,,,,,,,,,,,,,,,,,,,,,,,,,,,,,,,,,,,,
18,,,16649,,,,,,,,,,,,,,,,,,,,,,,,,,,,,,,,,,,,0.45400574803352356,,,,,,,,,,,,,,,,,,,,,,,,,,,,,,,,,,,,
18,,,16654,,,,,,,,,,,,,,,,,,,,,,,,,,,,,,,,,,,,0.3374708592891693,,,,,,,,,,,,,,,,,,,,,,,,,,,,,,,,,,,,
18,,,16659,,,,,,,,,,,,,,,,,,,,,,,,,,,,,,,,,,,,0.2924712896347046,,,,,,,,,,,,,,,,,,,,,,,,,,,,,,,,,,,,
18,,,16664,,,,,,,,,,,,,,,,,,,,,,,,,,,,,,,,,,,,0.24868983030319214,,,,,,,,,,,,,,,,,,,,,,,,,,,,,,,,,,,,
18,,,16669,,,,,,,,,,,,,,,,,,,,,,,,,,,,,,,,,,,,0.4724714159965515,,,,,,,,,,,,,,,,,,,,,,,,,,,,,,,,,,,,
18,,,16674,,,,,,,,,,,,,,,,,,,,,,,,,,,,,,,,,,,,0.3563648462295532,,,,,,,,,,,,,,,,,,,,,,,,,,,,,,,,,,,,
18,,,16679,,,,,,,,,,,,,,,,,,,,,,,,,,,,,,,,,,,,0.28975892066955566,,,,,,,,,,,,,,,,,,,,,,,,,,,,,,,,,,,,
18,,,16684,,,,,,,,,,,,,,,,,,,,,,,,,,,,,,,,,,,,0.2472565472126007,,,,,,,,,,,,,,,,,,,,,,,,,,,,,,,,,,,,
18,,,16689,,,,,,,,,,,,,,,,,,,,,,,,,,,,,,,,,,,,0.2571945786476135,,,,,,,,,,,,,,,,,,,,,,,,,,,,,,,,,,,,
18,,,16694,,,,,,,,,,,,,,,,,,,,,,,,,,,,,,,,,,,,0.2891305088996887,,,,,,,,,,,,,,,,,,,,,,,,,,,,,,,,,,,,
18,,,16699,,,,,,,,,,,,,,,,,,,,,,,,,,,,,,,,,,,,0.4047531485557556,,,,,,,,,,,,,,,,,,,,,,,,,,,,,,,,,,,,
18,,,16704,,,,,,,,,,,,,,,,,,,,,,,,,,,,,,,,,,,,0.36639758944511414,,,,,,,,,,,,,,,,,,,,,,,,,,,,,,,,,,,,
18,,,16709,,,,,,,,,,,,,,,,,,,,,,,,,,,,,,,,,,,,0.37341368198394775,,,,,,,,,,,,,,,,,,,,,,,,,,,,,,,,,,,,
18,,,16714,,,,,,,,,,,,,,,,,,,,,,,,,,,,,,,,,,,,0.176641047000885,,,,,,,,,,,,,,,,,,,,,,,,,,,,,,,,,,,,
18,,,16719,,,,,,,,,,,,,,,,,,,,,,,,,,,,,,,,,,,,0.2887057662010193,,,,,,,,,,,,,,,,,,,,,,,,,,,,,,,,,,,,
18,,,16724,,,,,,,,,,,,,,,,,,,,,,,,,,,,,,,,,,,,0.2657669186592102,,,,,,,,,,,,,,,,,,,,,,,,,,,,,,,,,,,,
18,,,16729,,,,,,,,,,,,,,,,,,,,,,,,,,,,,,,,,,,,0.4192917048931122,,,,,,,,,,,,,,,,,,,,,,,,,,,,,,,,,,,,
18,,,16734,,,,,,,,,,,,,,,,,,,,,,,,,,,,,,,,,,,,0.28094613552093506,,,,,,,,,,,,,,,,,,,,,,,,,,,,,,,,,,,,
18,,,16739,,,,,,,,,,,,,,,,,,,,,,,,,,,,,,,,,,,,0.500346839427948,,,,,,,,,,,,,,,,,,,,,,,,,,,,,,,,,,,,
18,,,16744,,,,,,,,,,,,,,,,,,,,,,,,,,,,,,,,,,,,0.2782878577709198,,,,,,,,,,,,,,,,,,,,,,,,,,,,,,,,,,,,
18,,,16749,,,,,,,,,,,,,,,,,,,,,,,,,,,,,,,,,,,,0.34021708369255066,,,,,,,,,,,,,,,,,,,,,,,,,,,,,,,,,,,,
18,,,16754,,,,,,,,,,,,,,,,,,,,,,,,,,,,,,,,,,,,0.23026150465011597,,,,,,,,,,,,,,,,,,,,,,,,,,,,,,,,,,,,
18,,,16759,,,,,,,,,,,,,,,,,,,,,,,,,,,,,,,,,,,,0.24039387702941895,,,,,,,,,,,,,,,,,,,,,,,,,,,,,,,,,,,,
18,,,16764,,,,,,,,,,,,,,,,,,,,,,,,,,,,,,,,,,,,0.26568347215652466,,,,,,,,,,,,,,,,,,,,,,,,,,,,,,,,,,,,
18,,,16769,,,,,,,,,,,,,,,,,,,,,,,,,,,,,,,,,,,,0.34296223521232605,,,,,,,,,,,,,,,,,,,,,,,,,,,,,,,,,,,,
18,,,16774,,,,,,,,,,,,,,,,,,,,,,,,,,,,,,,,,,,,0.2357107698917389,,,,,,,,,,,,,,,,,,,,,,,,,,,,,,,,,,,,
18,,,16779,,,,,,,,,,,,,,,,,,,,,,,,,,,,,,,,,,,,0.35355088114738464,,,,,,,,,,,,,,,,,,,,,,,,,,,,,,,,,,,,
18,,,16784,,,,,,,,,,,,,,,,,,,,,,,,,,,,,,,,,,,,0.25638633966445923,,,,,,,,,,,,,,,,,,,,,,,,,,,,,,,,,,,,
18,,,16789,,,,,,,,,,,,,,,,,,,,,,,,,,,,,,,,,,,,0.2382075935602188,,,,,,,,,,,,,,,,,,,,,,,,,,,,,,,,,,,,
18,,,16794,,,,,,,,,,,,,,,,,,,,,,,,,,,,,,,,,,,,0.30386942625045776,,,,,,,,,,,,,,,,,,,,,,,,,,,,,,,,,,,,
18,,,16799,,,,,,,,,,,,,,,,,,,,,,,,,,,,,,,,,,,,0.3147594928741455,,,,,,,,,,,,,,,,,,,,,,,,,,,,,,,,,,,,
18,,,16804,,,,,,,,,,,,,,,,,,,,,,,,,,,,,,,,,,,,0.30227404832839966,,,,,,,,,,,,,,,,,,,,,,,,,,,,,,,,,,,,
18,,,16809,,,,,,,,,,,,,,,,,,,,,,,,,,,,,,,,,,,,0.47248733043670654,,,,,,,,,,,,,,,,,,,,,,,,,,,,,,,,,,,,
18,,,16814,,,,,,,,,,,,,,,,,,,,,,,,,,,,,,,,,,,,0.2424391508102417,,,,,,,,,,,,,,,,,,,,,,,,,,,,,,,,,,,,
18,,,16819,,,,,,,,,,,,,,,,,,,,,,,,,,,,,,,,,,,,0.44223183393478394,,,,,,,,,,,,,,,,,,,,,,,,,,,,,,,,,,,,
18,,,16824,,,,,,,,,,,,,,,,,,,,,,,,,,,,,,,,,,,,0.3936927914619446,,,,,,,,,,,,,,,,,,,,,,,,,,,,,,,,,,,,
18,,,16829,,,,,,,,,,,,,,,,,,,,,,,,,,,,,,,,,,,,0.3097413182258606,,,,,,,,,,,,,,,,,,,,,,,,,,,,,,,,,,,,
18,,,16834,,,,,,,,,,,,,,,,,,,,,,,,,,,,,,,,,,,,0.27023014426231384,,,,,,,,,,,,,,,,,,,,,,,,,,,,,,,,,,,,
18,,,16839,,,,,,,,,,,,,,,,,,,,,,,,,,,,,,,,,,,,0.40430229902267456,,,,,,,,,,,,,,,,,,,,,,,,,,,,,,,,,,,,
18,,,16844,,,,,,,,,,,,,,,,,,,,,,,,,,,,,,,,,,,,0.32263967394828796,,,,,,,,,,,,,,,,,,,,,,,,,,,,,,,,,,,,
18,,,16849,,,,,,,,,,,,,,,,,,,,,,,,,,,,,,,,,,,,0.4033486843109131,,,,,,,,,,,,,,,,,,,,,,,,,,,,,,,,,,,,
18,,,16854,,,,,,,,,,,,,,,,,,,,,,,,,,,,,,,,,,,,0.45041418075561523,,,,,,,,,,,,,,,,,,,,,,,,,,,,,,,,,,,,
18,,,16859,,,,,,,,,,,,,,,,,,,,,,,,,,,,,,,,,,,,0.2964617609977722,,,,,,,,,,,,,,,,,,,,,,,,,,,,,,,,,,,,
18,,,16864,,,,,,,,,,,,,,,,,,,,,,,,,,,,,,,,,,,,0.3348557949066162,,,,,,,,,,,,,,,,,,,,,,,,,,,,,,,,,,,,
18,,,16869,,,,,,,,,,,,,,,,,,,,,,,,,,,,,,,,,,,,0.31707727909088135,,,,,,,,,,,,,,,,,,,,,,,,,,,,,,,,,,,,
18,,,16874,,,,,,,,,,,,,,,,,,,,,,,,,,,,,,,,,,,,0.3894687294960022,,,,,,,,,,,,,,,,,,,,,,,,,,,,,,,,,,,,
18,,,16879,,,,,,,,,,,,,,,,,,,,,,,,,,,,,,,,,,,,0.29923945665359497,,,,,,,,,,,,,,,,,,,,,,,,,,,,,,,,,,,,
18,,,16884,,,,,,,,,,,,,,,,,,,,,,,,,,,,,,,,,,,,0.3024335205554962,,,,,,,,,,,,,,,,,,,,,,,,,,,,,,,,,,,,
18,,,16889,,,,,,,,,,,,,,,,,,,,,,,,,,,,,,,,,,,,0.3447297513484955,,,,,,,,,,,,,,,,,,,,,,,,,,,,,,,,,,,,
18,,,16894,,,,,,,,,,,,,,,,,,,,,,,,,,,,,,,,,,,,0.2527939975261688,,,,,,,,,,,,,,,,,,,,,,,,,,,,,,,,,,,,
18,,,16899,,,,,,,,,,,,,,,,,,,,,,,,,,,,,,,,,,,,0.46081745624542236,,,,,,,,,,,,,,,,,,,,,,,,,,,,,,,,,,,,
18,,,16904,,,,,,,,,,,,,,,,,,,,,,,,,,,,,,,,,,,,0.30522072315216064,,,,,,,,,,,,,,,,,,,,,,,,,,,,,,,,,,,,
18,,,16909,,,,,,,,,,,,,,,,,,,,,,,,,,,,,,,,,,,,0.4763549864292145,,,,,,,,,,,,,,,,,,,,,,,,,,,,,,,,,,,,
18,,,16914,,,,,,,,,,,,,,,,,,,,,,,,,,,,,,,,,,,,0.21761706471443176,,,,,,,,,,,,,,,,,,,,,,,,,,,,,,,,,,,,
18,,,16919,,,,,,,,,,,,,,,,,,,,,,,,,,,,,,,,,,,,0.3271028995513916,,,,,,,,,,,,,,,,,,,,,,,,,,,,,,,,,,,,
18,,,16924,,,,,,,,,,,,,,,,,,,,,,,,,,,,,,,,,,,,0.22096195816993713,,,,,,,,,,,,,,,,,,,,,,,,,,,,,,,,,,,,
18,,,16929,,,,,,,,,,,,,,,,,,,,,,,,,,,,,,,,,,,,0.5041631460189819,,,,,,,,,,,,,,,,,,,,,,,,,,,,,,,,,,,,
18,,,16934,,,,,,,,,,,,,,,,,,,,,,,,,,,,,,,,,,,,0.48956817388534546,,,,,,,,,,,,,,,,,,,,,,,,,,,,,,,,,,,,
18,,,16939,,,,,,,,,,,,,,,,,,,,,,,,,,,,,,,,,,,,0.3067215085029602,,,,,,,,,,,,,,,,,,,,,,,,,,,,,,,,,,,,
18,,,16944,,,,,,,,,,,,,,,,,,,,,,,,,,,,,,,,,,,,0.2840960621833801,,,,,,,,,,,,,,,,,,,,,,,,,,,,,,,,,,,,
18,,,16949,,,,,,,,,,,,,,,,,,,,,,,,,,,,,,,,,,,,0.18793880939483643,,,,,,,,,,,,,,,,,,,,,,,,,,,,,,,,,,,,
18,,,16954,,,,,,,,,,,,,,,,,,,,,,,,,,,,,,,,,,,,0.5073196291923523,,,,,,,,,,,,,,,,,,,,,,,,,,,,,,,,,,,,
18,,,16959,,,,,,,,,,,,,,,,,,,,,,,,,,,,,,,,,,,,0.27884727716445923,,,,,,,,,,,,,,,,,,,,,,,,,,,,,,,,,,,,
18,,,16964,,,,,,,,,,,,,,,,,,,,,,,,,,,,,,,,,,,,0.3344964385032654,,,,,,,,,,,,,,,,,,,,,,,,,,,,,,,,,,,,
18,,,16969,,,,,,,,,,,,,,,,,,,,,,,,,,,,,,,,,,,,0.44350525736808777,,,,,,,,,,,,,,,,,,,,,,,,,,,,,,,,,,,,
18,,,16974,,,,,,,,,,,,,,,,,,,,,,,,,,,,,,,,,,,,0.17612168192863464,,,,,,,,,,,,,,,,,,,,,,,,,,,,,,,,,,,,
18,,,16979,,,,,,,,,,,,,,,,,,,,,,,,,,,,,,,,,,,,0.4960118234157562,,,,,,,,,,,,,,,,,,,,,,,,,,,,,,,,,,,,
18,,,16984,,,,,,,,,,,,,,,,,,,,,,,,,,,,,,,,,,,,0.31628119945526123,,,,,,,,,,,,,,,,,,,,,,,,,,,,,,,,,,,,
18,,,16989,,,,,,,,,,,,,,,,,,,,,,,,,,,,,,,,,,,,0.26724013686180115,,,,,,,,,,,,,,,,,,,,,,,,,,,,,,,,,,,,
18,,,16994,,,,,,,,,,,,,,,,,,,,,,,,,,,,,,,,,,,,0.39073798060417175,,,,,,,,,,,,,,,,,,,,,,,,,,,,,,,,,,,,
18,,,16999,,,,,,,,,,,,,,,,,,,,,,,,,,,,,,,,,,,,0.33560046553611755,,,,,,,,,,,,,,,,,,,,,,,,,,,,,,,,,,,,
18,,,17004,,,,,,,,,,,,,,,,,,,,,,,,,,,,,,,,,,,,0.2705685496330261,,,,,,,,,,,,,,,,,,,,,,,,,,,,,,,,,,,,
18,,,17009,,,,,,,,,,,,,,,,,,,,,,,,,,,,,,,,,,,,0.5606696605682373,,,,,,,,,,,,,,,,,,,,,,,,,,,,,,,,,,,,
18,,,17014,,,,,,,,,,,,,,,,,,,,,,,,,,,,,,,,,,,,0.48848938941955566,,,,,,,,,,,,,,,,,,,,,,,,,,,,,,,,,,,,
18,,,17019,,,,,,,,,,,,,,,,,,,,,,,,,,,,,,,,,,,,0.30507755279541016,,,,,,,,,,,,,,,,,,,,,,,,,,,,,,,,,,,,
18,,,17024,,,,,,,,,,,,,,,,,,,,,,,,,,,,,,,,,,,,0.3057311773300171,,,,,,,,,,,,,,,,,,,,,,,,,,,,,,,,,,,,
18,,,17029,,,,,,,,,,,,,,,,,,,,,,,,,,,,,,,,,,,,0.3136129379272461,,,,,,,,,,,,,,,,,,,,,,,,,,,,,,,,,,,,
18,,,17034,,,,,,,,,,,,,,,,,,,,,,,,,,,,,,,,,,,,0.48584797978401184,,,,,,,,,,,,,,,,,,,,,,,,,,,,,,,,,,,,
18,,,17039,,,,,,,,,,,,,,,,,,,,,,,,,,,,,,,,,,,,0.41179367899894714,,,,,,,,,,,,,,,,,,,,,,,,,,,,,,,,,,,,
18,,,17044,,,,,,,,,,,,,,,,,,,,,,,,,,,,,,,,,,,,0.5071951746940613,,,,,,,,,,,,,,,,,,,,,,,,,,,,,,,,,,,,
18,,,17049,,,,,,,,,,,,,,,,,,,,,,,,,,,,,,,,,,,,0.1941751390695572,,,,,,,,,,,,,,,,,,,,,,,,,,,,,,,,,,,,
18,,,17054,,,,,,,,,,,,,,,,,,,,,,,,,,,,,,,,,,,,0.40201252698898315,,,,,,,,,,,,,,,,,,,,,,,,,,,,,,,,,,,,
18,,,17059,,,,,,,,,,,,,,,,,,,,,,,,,,,,,,,,,,,,0.4424787163734436,,,,,,,,,,,,,,,,,,,,,,,,,,,,,,,,,,,,
18,,,17064,,,,,,,,,,,,,,,,,,,,,,,,,,,,,,,,,,,,0.32199639081954956,,,,,,,,,,,,,,,,,,,,,,,,,,,,,,,,,,,,
18,,,17069,,,,,,,,,,,,,,,,,,,,,,,,,,,,,,,,,,,,0.16207684576511383,,,,,,,,,,,,,,,,,,,,,,,,,,,,,,,,,,,,
18,,,17074,,,,,,,,,,,,,,,,,,,,,,,,,,,,,,,,,,,,0.3277250826358795,,,,,,,,,,,,,,,,,,,,,,,,,,,,,,,,,,,,
18,,,17079,,,,,,,,,,,,,,,,,,,,,,,,,,,,,,,,,,,,0.38215941190719604,,,,,,,,,,,,,,,,,,,,,,,,,,,,,,,,,,,,
18,,,17084,,,,,,,,,,,,,,,,,,,,,,,,,,,,,,,,,,,,0.4319951832294464,,,,,,,,,,,,,,,,,,,,,,,,,,,,,,,,,,,,
18,,,17089,,,,,,,,,,,,,,,,,,,,,,,,,,,,,,,,,,,,0.488261342048645,,,,,,,,,,,,,,,,,,,,,,,,,,,,,,,,,,,,
18,,,17094,,,,,,,,,,,,,,,,,,,,,,,,,,,,,,,,,,,,0.26214736700057983,,,,,,,,,,,,,,,,,,,,,,,,,,,,,,,,,,,,
18,,,17099,,,,,,,,,,,,,,,,,,,,,,,,,,,,,,,,,,,,0.38493189215660095,,,,,,,,,,,,,,,,,,,,,,,,,,,,,,,,,,,,
18,,,17104,,,,,,,,,,,,,,,,,,,,,,,,,,,,,,,,,,,,0.27239173650741577,,,,,,,,,,,,,,,,,,,,,,,,,,,,,,,,,,,,
18,,,17109,,,,,,,,,,,,,,,,,,,,,,,,,,,,,,,,,,,,0.526323139667511,,,,,,,,,,,,,,,,,,,,,,,,,,,,,,,,,,,,
18,,,17114,,,,,,,,,,,,,,,,,,,,,,,,,,,,,,,,,,,,0.2966463565826416,,,,,,,,,,,,,,,,,,,,,,,,,,,,,,,,,,,,
18,,,17119,,,,,,,,,,,,,,,,,,,,,,,,,,,,,,,,,,,,0.3189796805381775,,,,,,,,,,,,,,,,,,,,,,,,,,,,,,,,,,,,
18,,,17124,,,,,,,,,,,,,,,,,,,,,,,,,,,,,,,,,,,,0.450411319732666,,,,,,,,,,,,,,,,,,,,,,,,,,,,,,,,,,,,
18,,,17129,,,,,,,,,,,,,,,,,,,,,,,,,,,,,,,,,,,,0.3456956148147583,,,,,,,,,,,,,,,,,,,,,,,,,,,,,,,,,,,,
18,,,17134,,,,,,,,,,,,,,,,,,,,,,,,,,,,,,,,,,,,0.5355629324913025,,,,,,,,,,,,,,,,,,,,,,,,,,,,,,,,,,,,
18,,,17139,,,,,,,,,,,,,,,,,,,,,,,,,,,,,,,,,,,,0.31204065680503845,,,,,,,,,,,,,,,,,,,,,,,,,,,,,,,,,,,,
18,,,17144,,,,,,,,,,,,,,,,,,,,,,,,,,,,,,,,,,,,0.36796778440475464,,,,,,,,,,,,,,,,,,,,,,,,,,,,,,,,,,,,
18,,,17149,,,,,,,,,,,,,,,,,,,,,,,,,,,,,,,,,,,,0.2555627226829529,,,,,,,,,,,,,,,,,,,,,,,,,,,,,,,,,,,,
18,,,17154,,,,,,,,,,,,,,,,,,,,,,,,,,,,,,,,,,,,0.27985498309135437,,,,,,,,,,,,,,,,,,,,,,,,,,,,,,,,,,,,
18,,,17159,,,,,,,,,,,,,,,,,,,,,,,,,,,,,,,,,,,,0.44440189003944397,,,,,,,,,,,,,,,,,,,,,,,,,,,,,,,,,,,,
18,,,17164,,,,,,,,,,,,,,,,,,,,,,,,,,,,,,,,,,,,0.3166278600692749,,,,,,,,,,,,,,,,,,,,,,,,,,,,,,,,,,,,
18,,,17169,,,,,,,,,,,,,,,,,,,,,,,,,,,,,,,,,,,,0.3466154932975769,,,,,,,,,,,,,,,,,,,,,,,,,,,,,,,,,,,,
18,,,17174,,,,,,,,,,,,,,,,,,,,,,,,,,,,,,,,,,,,0.4720878005027771,,,,,,,,,,,,,,,,,,,,,,,,,,,,,,,,,,,,
18,,,17179,,,,,,,,,,,,,,,,,,,,,,,,,,,,,,,,,,,,0.2634103000164032,,,,,,,,,,,,,,,,,,,,,,,,,,,,,,,,,,,,
18,,,17184,,,,,,,,,,,,,,,,,,,,,,,,,,,,,,,,,,,,0.2657780945301056,,,,,,,,,,,,,,,,,,,,,,,,,,,,,,,,,,,,
18,,,17189,,,,,,,,,,,,,,,,,,,,,,,,,,,,,,,,,,,,0.3407154083251953,,,,,,,,,,,,,,,,,,,,,,,,,,,,,,,,,,,,
18,,,17194,,,,,,,,,,,,,,,,,,,,,,,,,,,,,,,,,,,,0.3312862813472748,,,,,,,,,,,,,,,,,,,,,,,,,,,,,,,,,,,,
18,,,17199,,,,,,,,,,,,,,,,,,,,,,,,,,,,,,,,,,,,0.3125891387462616,,,,,,,,,,,,,,,,,,,,,,,,,,,,,,,,,,,,
18,,,17204,,,,,,,,,,,,,,,,,,,,,,,,,,,,,,,,,,,,0.5586162209510803,,,,,,,,,,,,,,,,,,,,,,,,,,,,,,,,,,,,
18,,,17209,,,,,,,,,,,,,,,,,,,,,,,,,,,,,,,,,,,,0.4563387334346771,,,,,,,,,,,,,,,,,,,,,,,,,,,,,,,,,,,,
18,,,17214,,,,,,,,,,,,,,,,,,,,,,,,,,,,,,,,,,,,0.24945011734962463,,,,,,,,,,,,,,,,,,,,,,,,,,,,,,,,,,,,
18,,,17219,,,,,,,,,,,,,,,,,,,,,,,,,,,,,,,,,,,,0.45006585121154785,,,,,,,,,,,,,,,,,,,,,,,,,,,,,,,,,,,,
18,,,17224,,,,,,,,,,,,,,,,,,,,,,,,,,,,,,,,,,,,0.2525002658367157,,,,,,,,,,,,,,,,,,,,,,,,,,,,,,,,,,,,
18,,,17229,,,,,,,,,,,,,,,,,,,,,,,,,,,,,,,,,,,,0.2926807999610901,,,,,,,,,,,,,,,,,,,,,,,,,,,,,,,,,,,,
18,,,17234,,,,,,,,,,,,,,,,,,,,,,,,,,,,,,,,,,,,0.31797778606414795,,,,,,,,,,,,,,,,,,,,,,,,,,,,,,,,,,,,
18,,,17239,,,,,,,,,,,,,,,,,,,,,,,,,,,,,,,,,,,,0.381682813167572,,,,,,,,,,,,,,,,,,,,,,,,,,,,,,,,,,,,
18,,,17244,,,,,,,,,,,,,,,,,,,,,,,,,,,,,,,,,,,,0.3335634171962738,,,,,,,,,,,,,,,,,,,,,,,,,,,,,,,,,,,,
18,,,17249,,,,,,,,,,,,,,,,,,,,,,,,,,,,,,,,,,,,0.45949748158454895,,,,,,,,,,,,,,,,,,,,,,,,,,,,,,,,,,,,
18,,,17254,,,,,,,,,,,,,,,,,,,,,,,,,,,,,,,,,,,,0.2629735469818115,,,,,,,,,,,,,,,,,,,,,,,,,,,,,,,,,,,,
18,,,17259,,,,,,,,,,,,,,,,,,,,,,,,,,,,,,,,,,,,0.41490936279296875,,,,,,,,,,,,,,,,,,,,,,,,,,,,,,,,,,,,
18,,,17264,,,,,,,,,,,,,,,,,,,,,,,,,,,,,,,,,,,,0.22808310389518738,,,,,,,,,,,,,,,,,,,,,,,,,,,,,,,,,,,,
18,,,17269,,,,,,,,,,,,,,,,,,,,,,,,,,,,,,,,,,,,0.45330047607421875,,,,,,,,,,,,,,,,,,,,,,,,,,,,,,,,,,,,
18,,,17274,,,,,,,,,,,,,,,,,,,,,,,,,,,,,,,,,,,,0.42759013175964355,,,,,,,,,,,,,,,,,,,,,,,,,,,,,,,,,,,,
18,,,17279,,,,,,,,,,,,,,,,,,,,,,,,,,,,,,,,,,,,0.221737340092659,,,,,,,,,,,,,,,,,,,,,,,,,,,,,,,,,,,,
18,,,17284,,,,,,,,,,,,,,,,,,,,,,,,,,,,,,,,,,,,0.4075774550437927,,,,,,,,,,,,,,,,,,,,,,,,,,,,,,,,,,,,
18,,,17289,,,,,,,,,,,,,,,,,,,,,,,,,,,,,,,,,,,,0.40272364020347595,,,,,,,,,,,,,,,,,,,,,,,,,,,,,,,,,,,,
18,,,17294,,,,,,,,,,,,,,,,,,,,,,,,,,,,,,,,,,,,0.37923896312713623,,,,,,,,,,,,,,,,,,,,,,,,,,,,,,,,,,,,
18,,,17299,,,,,,,,,,,,,,,,,,,,,,,,,,,,,,,,,,,,0.32478657364845276,,,,,,,,,,,,,,,,,,,,,,,,,,,,,,,,,,,,
18,,,17304,,,,,,,,,,,,,,,,,,,,,,,,,,,,,,,,,,,,0.32879120111465454,,,,,,,,,,,,,,,,,,,,,,,,,,,,,,,,,,,,
18,,,17309,,,,,,,,,,,,,,,,,,,,,,,,,,,,,,,,,,,,0.23737621307373047,,,,,,,,,,,,,,,,,,,,,,,,,,,,,,,,,,,,
18,,,17314,,,,,,,,,,,,,,,,,,,,,,,,,,,,,,,,,,,,0.30072125792503357,,,,,,,,,,,,,,,,,,,,,,,,,,,,,,,,,,,,
18,,,17319,,,,,,,,,,,,,,,,,,,,,,,,,,,,,,,,,,,,0.5287855267524719,,,,,,,,,,,,,,,,,,,,,,,,,,,,,,,,,,,,
18,,,17324,,,,,,,,,,,,,,,,,,,,,,,,,,,,,,,,,,,,0.22037489712238312,,,,,,,,,,,,,,,,,,,,,,,,,,,,,,,,,,,,
18,,,17329,,,,,,,,,,,,,,,,,,,,,,,,,,,,,,,,,,,,0.32495248317718506,,,,,,,,,,,,,,,,,,,,,,,,,,,,,,,,,,,,
18,,,17334,,,,,,,,,,,,,,,,,,,,,,,,,,,,,,,,,,,,0.28411638736724854,,,,,,,,,,,,,,,,,,,,,,,,,,,,,,,,,,,,
18,,,17339,,,,,,,,,,,,,,,,,,,,,,,,,,,,,,,,,,,,0.25122618675231934,,,,,,,,,,,,,,,,,,,,,,,,,,,,,,,,,,,,
18,,,17344,,,,,,,,,,,,,,,,,,,,,,,,,,,,,,,,,,,,0.28880035877227783,,,,,,,,,,,,,,,,,,,,,,,,,,,,,,,,,,,,
18,,,17349,,,,,,,,,,,,,,,,,,,,,,,,,,,,,,,,,,,,0.5549442172050476,,,,,,,,,,,,,,,,,,,,,,,,,,,,,,,,,,,,
18,,,17354,,,,,,,,,,,,,,,,,,,,,,,,,,,,,,,,,,,,0.43217793107032776,,,,,,,,,,,,,,,,,,,,,,,,,,,,,,,,,,,,
18,,,17359,,,,,,,,,,,,,,,,,,,,,,,,,,,,,,,,,,,,0.2842371165752411,,,,,,,,,,,,,,,,,,,,,,,,,,,,,,,,,,,,
18,,,17364,,,,,,,,,,,,,,,,,,,,,,,,,,,,,,,,,,,,0.5396595001220703,,,,,,,,,,,,,,,,,,,,,,,,,,,,,,,,,,,,
18,,,17369,,,,,,,,,,,,,,,,,,,,,,,,,,,,,,,,,,,,0.40251046419143677,,,,,,,,,,,,,,,,,,,,,,,,,,,,,,,,,,,,
18,,,17374,,,,,,,,,,,,,,,,,,,,,,,,,,,,,,,,,,,,0.29192396998405457,,,,,,,,,,,,,,,,,,,,,,,,,,,,,,,,,,,,
18,,,17379,,,,,,,,,,,,,,,,,,,,,,,,,,,,,,,,,,,,0.3157784640789032,,,,,,,,,,,,,,,,,,,,,,,,,,,,,,,,,,,,
18,,,17384,,,,,,,,,,,,,,,,,,,,,,,,,,,,,,,,,,,,0.5110753774642944,,,,,,,,,,,,,,,,,,,,,,,,,,,,,,,,,,,,
18,,,17389,,,,,,,,,,,,,,,,,,,,,,,,,,,,,,,,,,,,0.4381742775440216,,,,,,,,,,,,,,,,,,,,,,,,,,,,,,,,,,,,
18,,,17394,,,,,,,,,,,,,,,,,,,,,,,,,,,,,,,,,,,,0.38819199800491333,,,,,,,,,,,,,,,,,,,,,,,,,,,,,,,,,,,,
18,,,17399,,,,,,,,,,,,,,,,,,,,,,,,,,,,,,,,,,,,0.2282339483499527,,,,,,,,,,,,,,,,,,,,,,,,,,,,,,,,,,,,
18,,,17404,,,,,,,,,,,,,,,,,,,,,,,,,,,,,,,,,,,,0.2995566725730896,,,,,,,,,,,,,,,,,,,,,,,,,,,,,,,,,,,,
18,,,17409,,,,,,,,,,,,,,,,,,,,,,,,,,,,,,,,,,,,0.28103554248809814,,,,,,,,,,,,,,,,,,,,,,,,,,,,,,,,,,,,
18,,,17414,,,,,,,,,,,,,,,,,,,,,,,,,,,,,,,,,,,,0.4565342664718628,,,,,,,,,,,,,,,,,,,,,,,,,,,,,,,,,,,,
18,,,17419,,,,,,,,,,,,,,,,,,,,,,,,,,,,,,,,,,,,0.25283879041671753,,,,,,,,,,,,,,,,,,,,,,,,,,,,,,,,,,,,
18,,,17424,,,,,,,,,,,,,,,,,,,,,,,,,,,,,,,,,,,,0.47897762060165405,,,,,,,,,,,,,,,,,,,,,,,,,,,,,,,,,,,,
18,,,17429,,,,,,,,,,,,,,,,,,,,,,,,,,,,,,,,,,,,0.28504472970962524,,,,,,,,,,,,,,,,,,,,,,,,,,,,,,,,,,,,
18,,,17434,,,,,,,,,,,,,,,,,,,,,,,,,,,,,,,,,,,,0.28554263710975647,,,,,,,,,,,,,,,,,,,,,,,,,,,,,,,,,,,,
18,,,17439,,,,,,,,,,,,,,,,,,,,,,,,,,,,,,,,,,,,0.4272075891494751,,,,,,,,,,,,,,,,,,,,,,,,,,,,,,,,,,,,
18,,,17444,,,,,,,,,,,,,,,,,,,,,,,,,,,,,,,,,,,,0.3427605628967285,,,,,,,,,,,,,,,,,,,,,,,,,,,,,,,,,,,,
18,,,17449,,,,,,,,,,,,,,,,,,,,,,,,,,,,,,,,,,,,0.354255735874176,,,,,,,,,,,,,,,,,,,,,,,,,,,,,,,,,,,,
18,,,17454,,,,,,,,,,,,,,,,,,,,,,,,,,,,,,,,,,,,0.24272027611732483,,,,,,,,,,,,,,,,,,,,,,,,,,,,,,,,,,,,
18,,,17459,,,,,,,,,,,,,,,,,,,,,,,,,,,,,,,,,,,,0.38902735710144043,,,,,,,,,,,,,,,,,,,,,,,,,,,,,,,,,,,,
18,,,17464,,,,,,,,,,,,,,,,,,,,,,,,,,,,,,,,,,,,0.2821808457374573,,,,,,,,,,,,,,,,,,,,,,,,,,,,,,,,,,,,
18,,,17469,,,,,,,,,,,,,,,,,,,,,,,,,,,,,,,,,,,,0.24652203917503357,,,,,,,,,,,,,,,,,,,,,,,,,,,,,,,,,,,,
18,,,17474,,,,,,,,,,,,,,,,,,,,,,,,,,,,,,,,,,,,0.3658828139305115,,,,,,,,,,,,,,,,,,,,,,,,,,,,,,,,,,,,
18,,,17479,,,,,,,,,,,,,,,,,,,,,,,,,,,,,,,,,,,,0.2439855933189392,,,,,,,,,,,,,,,,,,,,,,,,,,,,,,,,,,,,
18,,,17484,,,,,,,,,,,,,,,,,,,,,,,,,,,,,,,,,,,,0.36426082253456116,,,,,,,,,,,,,,,,,,,,,,,,,,,,,,,,,,,,
18,,,17489,,,,,,,,,,,,,,,,,,,,,,,,,,,,,,,,,,,,0.1926228106021881,,,,,,,,,,,,,,,,,,,,,,,,,,,,,,,,,,,,
18,,,17494,,,,,,,,,,,,,,,,,,,,,,,,,,,,,,,,,,,,0.3108677268028259,,,,,,,,,,,,,,,,,,,,,,,,,,,,,,,,,,,,
18,,,17498,,,,,,,,,,,,,,,,,,,,,,,,,,,,,,,,,,,,,0.7578579783439636,0.7329714894294739,0.6164039969444275,0.7303550243377686,0.7578579783439636,0.0,0.8801214098930359,0.8465798497200012,0.7683129906654358,0.5364176630973816,0.0,0.8939782381057739,0.8401049971580505,0.8275862336158752,0.3702165186405182,0.0,0.8082826733589172,0.7242940664291382,0.7058824300765991,0.2271568775177002,0.0,0.9082784652709961,0.833728551864624,0.8967695832252502,0.28264355659484863,0.0,0.8801214098930359,0.8465798497200012,0.7683129906654358,0.5364176630973816,0.8577405214309692,0.8577405214309692,0.7509155869483948,0.8577405214309692,0.8577405214309692,0.38112810254096985
18,,,17498,0.7761741876602173,0.7565593123435974,0.6544454097747803,0.7420083284378052,0.7761741876602173,0.0,0.8897184133529663,0.8422514796257019,0.9347332715988159,0.4379937946796417,0.0,0.8976725935935974,0.8394779562950134,0.9219837188720703,0.36710286140441895,0.0,0.8143428564071655,0.7233622670173645,0.8552595376968384,0.22481688857078552,0.0,0.9057704210281372,0.8367224335670471,0.9095772504806519,0.3159630596637726,0.0,0.8897184133529663,0.8422514796257019,0.9347332715988159,0.4379937946796417,0.8649738430976868,0.8649739027023315,0.762073814868927,0.8649738430976868,0.8649738430976868,,,,,,,,,,,,,,,,,,,,,,,,,,,,,,,,,,,,,
,1e-05,0.0001,17499,,,,,,,,,,,,,,,,,,,,,,,,,,,,,,,,,,,,,,,,,,,,,,,,,,,,,,,,,,,,,,,,,,,,,,,,
19,,,17499,,,,,,,,,,,,,,,,,,,,,,,,,,,,,,,,,,,,0.32198598980903625,,,,,,,,,,,,,,,,,,,,,,,,,,,,,,,,,,,,
19,,,17504,,,,,,,,,,,,,,,,,,,,,,,,,,,,,,,,,,,,0.36533740162849426,,,,,,,,,,,,,,,,,,,,,,,,,,,,,,,,,,,,
19,,,17509,,,,,,,,,,,,,,,,,,,,,,,,,,,,,,,,,,,,0.37342241406440735,,,,,,,,,,,,,,,,,,,,,,,,,,,,,,,,,,,,
19,,,17514,,,,,,,,,,,,,,,,,,,,,,,,,,,,,,,,,,,,0.42742031812667847,,,,,,,,,,,,,,,,,,,,,,,,,,,,,,,,,,,,
19,,,17519,,,,,,,,,,,,,,,,,,,,,,,,,,,,,,,,,,,,0.30811887979507446,,,,,,,,,,,,,,,,,,,,,,,,,,,,,,,,,,,,
19,,,17524,,,,,,,,,,,,,,,,,,,,,,,,,,,,,,,,,,,,0.3751659691333771,,,,,,,,,,,,,,,,,,,,,,,,,,,,,,,,,,,,
19,,,17529,,,,,,,,,,,,,,,,,,,,,,,,,,,,,,,,,,,,0.33413755893707275,,,,,,,,,,,,,,,,,,,,,,,,,,,,,,,,,,,,
19,,,17534,,,,,,,,,,,,,,,,,,,,,,,,,,,,,,,,,,,,0.27525195479393005,,,,,,,,,,,,,,,,,,,,,,,,,,,,,,,,,,,,
19,,,17539,,,,,,,,,,,,,,,,,,,,,,,,,,,,,,,,,,,,0.3838074803352356,,,,,,,,,,,,,,,,,,,,,,,,,,,,,,,,,,,,
19,,,17544,,,,,,,,,,,,,,,,,,,,,,,,,,,,,,,,,,,,0.21237394213676453,,,,,,,,,,,,,,,,,,,,,,,,,,,,,,,,,,,,
19,,,17549,,,,,,,,,,,,,,,,,,,,,,,,,,,,,,,,,,,,0.43527108430862427,,,,,,,,,,,,,,,,,,,,,,,,,,,,,,,,,,,,
19,,,17554,,,,,,,,,,,,,,,,,,,,,,,,,,,,,,,,,,,,0.4922279715538025,,,,,,,,,,,,,,,,,,,,,,,,,,,,,,,,,,,,
19,,,17559,,,,,,,,,,,,,,,,,,,,,,,,,,,,,,,,,,,,0.2585603892803192,,,,,,,,,,,,,,,,,,,,,,,,,,,,,,,,,,,,
19,,,17564,,,,,,,,,,,,,,,,,,,,,,,,,,,,,,,,,,,,0.30252230167388916,,,,,,,,,,,,,,,,,,,,,,,,,,,,,,,,,,,,
19,,,17569,,,,,,,,,,,,,,,,,,,,,,,,,,,,,,,,,,,,0.26072531938552856,,,,,,,,,,,,,,,,,,,,,,,,,,,,,,,,,,,,
19,,,17574,,,,,,,,,,,,,,,,,,,,,,,,,,,,,,,,,,,,0.44717511534690857,,,,,,,,,,,,,,,,,,,,,,,,,,,,,,,,,,,,
19,,,17579,,,,,,,,,,,,,,,,,,,,,,,,,,,,,,,,,,,,0.3889930546283722,,,,,,,,,,,,,,,,,,,,,,,,,,,,,,,,,,,,
19,,,17584,,,,,,,,,,,,,,,,,,,,,,,,,,,,,,,,,,,,0.49954307079315186,,,,,,,,,,,,,,,,,,,,,,,,,,,,,,,,,,,,
19,,,17589,,,,,,,,,,,,,,,,,,,,,,,,,,,,,,,,,,,,0.2508704364299774,,,,,,,,,,,,,,,,,,,,,,,,,,,,,,,,,,,,
19,,,17594,,,,,,,,,,,,,,,,,,,,,,,,,,,,,,,,,,,,0.35162267088890076,,,,,,,,,,,,,,,,,,,,,,,,,,,,,,,,,,,,
19,,,17599,,,,,,,,,,,,,,,,,,,,,,,,,,,,,,,,,,,,0.26475393772125244,,,,,,,,,,,,,,,,,,,,,,,,,,,,,,,,,,,,
19,,,17604,,,,,,,,,,,,,,,,,,,,,,,,,,,,,,,,,,,,0.207560732960701,,,,,,,,,,,,,,,,,,,,,,,,,,,,,,,,,,,,
19,,,17609,,,,,,,,,,,,,,,,,,,,,,,,,,,,,,,,,,,,0.558082103729248,,,,,,,,,,,,,,,,,,,,,,,,,,,,,,,,,,,,
19,,,17614,,,,,,,,,,,,,,,,,,,,,,,,,,,,,,,,,,,,0.22612449526786804,,,,,,,,,,,,,,,,,,,,,,,,,,,,,,,,,,,,
19,,,17619,,,,,,,,,,,,,,,,,,,,,,,,,,,,,,,,,,,,0.3022279739379883,,,,,,,,,,,,,,,,,,,,,,,,,,,,,,,,,,,,
19,,,17624,,,,,,,,,,,,,,,,,,,,,,,,,,,,,,,,,,,,0.4882819652557373,,,,,,,,,,,,,,,,,,,,,,,,,,,,,,,,,,,,
19,,,17629,,,,,,,,,,,,,,,,,,,,,,,,,,,,,,,,,,,,0.31010308861732483,,,,,,,,,,,,,,,,,,,,,,,,,,,,,,,,,,,,
19,,,17634,,,,,,,,,,,,,,,,,,,,,,,,,,,,,,,,,,,,0.4168921709060669,,,,,,,,,,,,,,,,,,,,,,,,,,,,,,,,,,,,
19,,,17639,,,,,,,,,,,,,,,,,,,,,,,,,,,,,,,,,,,,0.31541702151298523,,,,,,,,,,,,,,,,,,,,,,,,,,,,,,,,,,,,
19,,,17644,,,,,,,,,,,,,,,,,,,,,,,,,,,,,,,,,,,,0.3320167660713196,,,,,,,,,,,,,,,,,,,,,,,,,,,,,,,,,,,,
19,,,17649,,,,,,,,,,,,,,,,,,,,,,,,,,,,,,,,,,,,0.39861515164375305,,,,,,,,,,,,,,,,,,,,,,,,,,,,,,,,,,,,
19,,,17654,,,,,,,,,,,,,,,,,,,,,,,,,,,,,,,,,,,,0.41924548149108887,,,,,,,,,,,,,,,,,,,,,,,,,,,,,,,,,,,,
19,,,17659,,,,,,,,,,,,,,,,,,,,,,,,,,,,,,,,,,,,0.4613801836967468,,,,,,,,,,,,,,,,,,,,,,,,,,,,,,,,,,,,
19,,,17664,,,,,,,,,,,,,,,,,,,,,,,,,,,,,,,,,,,,0.43999719619750977,,,,,,,,,,,,,,,,,,,,,,,,,,,,,,,,,,,,
19,,,17669,,,,,,,,,,,,,,,,,,,,,,,,,,,,,,,,,,,,0.4923587143421173,,,,,,,,,,,,,,,,,,,,,,,,,,,,,,,,,,,,
19,,,17674,,,,,,,,,,,,,,,,,,,,,,,,,,,,,,,,,,,,0.24613860249519348,,,,,,,,,,,,,,,,,,,,,,,,,,,,,,,,,,,,
19,,,17679,,,,,,,,,,,,,,,,,,,,,,,,,,,,,,,,,,,,0.27006110548973083,,,,,,,,,,,,,,,,,,,,,,,,,,,,,,,,,,,,
19,,,17684,,,,,,,,,,,,,,,,,,,,,,,,,,,,,,,,,,,,0.3434394598007202,,,,,,,,,,,,,,,,,,,,,,,,,,,,,,,,,,,,
19,,,17689,,,,,,,,,,,,,,,,,,,,,,,,,,,,,,,,,,,,0.2631062865257263,,,,,,,,,,,,,,,,,,,,,,,,,,,,,,,,,,,,
19,,,17694,,,,,,,,,,,,,,,,,,,,,,,,,,,,,,,,,,,,0.5045258402824402,,,,,,,,,,,,,,,,,,,,,,,,,,,,,,,,,,,,
19,,,17699,,,,,,,,,,,,,,,,,,,,,,,,,,,,,,,,,,,,0.251356840133667,,,,,,,,,,,,,,,,,,,,,,,,,,,,,,,,,,,,
19,,,17704,,,,,,,,,,,,,,,,,,,,,,,,,,,,,,,,,,,,0.4148285686969757,,,,,,,,,,,,,,,,,,,,,,,,,,,,,,,,,,,,
19,,,17709,,,,,,,,,,,,,,,,,,,,,,,,,,,,,,,,,,,,0.38252896070480347,,,,,,,,,,,,,,,,,,,,,,,,,,,,,,,,,,,,
19,,,17714,,,,,,,,,,,,,,,,,,,,,,,,,,,,,,,,,,,,0.3427807688713074,,,,,,,,,,,,,,,,,,,,,,,,,,,,,,,,,,,,
19,,,17719,,,,,,,,,,,,,,,,,,,,,,,,,,,,,,,,,,,,0.4389071464538574,,,,,,,,,,,,,,,,,,,,,,,,,,,,,,,,,,,,
19,,,17724,,,,,,,,,,,,,,,,,,,,,,,,,,,,,,,,,,,,0.44229620695114136,,,,,,,,,,,,,,,,,,,,,,,,,,,,,,,,,,,,
19,,,17729,,,,,,,,,,,,,,,,,,,,,,,,,,,,,,,,,,,,0.26874876022338867,,,,,,,,,,,,,,,,,,,,,,,,,,,,,,,,,,,,
19,,,17734,,,,,,,,,,,,,,,,,,,,,,,,,,,,,,,,,,,,0.4928776025772095,,,,,,,,,,,,,,,,,,,,,,,,,,,,,,,,,,,,
19,,,17739,,,,,,,,,,,,,,,,,,,,,,,,,,,,,,,,,,,,0.34805411100387573,,,,,,,,,,,,,,,,,,,,,,,,,,,,,,,,,,,,
19,,,17744,,,,,,,,,,,,,,,,,,,,,,,,,,,,,,,,,,,,0.528995156288147,,,,,,,,,,,,,,,,,,,,,,,,,,,,,,,,,,,,
19,,,17749,,,,,,,,,,,,,,,,,,,,,,,,,,,,,,,,,,,,0.42937910556793213,,,,,,,,,,,,,,,,,,,,,,,,,,,,,,,,,,,,
19,,,17754,,,,,,,,,,,,,,,,,,,,,,,,,,,,,,,,,,,,0.3436248004436493,,,,,,,,,,,,,,,,,,,,,,,,,,,,,,,,,,,,
19,,,17759,,,,,,,,,,,,,,,,,,,,,,,,,,,,,,,,,,,,0.4102405309677124,,,,,,,,,,,,,,,,,,,,,,,,,,,,,,,,,,,,
19,,,17764,,,,,,,,,,,,,,,,,,,,,,,,,,,,,,,,,,,,0.5199528932571411,,,,,,,,,,,,,,,,,,,,,,,,,,,,,,,,,,,,
19,,,17769,,,,,,,,,,,,,,,,,,,,,,,,,,,,,,,,,,,,0.32740697264671326,,,,,,,,,,,,,,,,,,,,,,,,,,,,,,,,,,,,
19,,,17774,,,,,,,,,,,,,,,,,,,,,,,,,,,,,,,,,,,,0.42530250549316406,,,,,,,,,,,,,,,,,,,,,,,,,,,,,,,,,,,,
19,,,17779,,,,,,,,,,,,,,,,,,,,,,,,,,,,,,,,,,,,0.31184619665145874,,,,,,,,,,,,,,,,,,,,,,,,,,,,,,,,,,,,
19,,,17784,,,,,,,,,,,,,,,,,,,,,,,,,,,,,,,,,,,,0.32593750953674316,,,,,,,,,,,,,,,,,,,,,,,,,,,,,,,,,,,,
19,,,17789,,,,,,,,,,,,,,,,,,,,,,,,,,,,,,,,,,,,0.35136550664901733,,,,,,,,,,,,,,,,,,,,,,,,,,,,,,,,,,,,
19,,,17794,,,,,,,,,,,,,,,,,,,,,,,,,,,,,,,,,,,,0.28410980105400085,,,,,,,,,,,,,,,,,,,,,,,,,,,,,,,,,,,,
19,,,17799,,,,,,,,,,,,,,,,,,,,,,,,,,,,,,,,,,,,0.4236674904823303,,,,,,,,,,,,,,,,,,,,,,,,,,,,,,,,,,,,
19,,,17804,,,,,,,,,,,,,,,,,,,,,,,,,,,,,,,,,,,,0.4332079291343689,,,,,,,,,,,,,,,,,,,,,,,,,,,,,,,,,,,,
19,,,17809,,,,,,,,,,,,,,,,,,,,,,,,,,,,,,,,,,,,0.24986407160758972,,,,,,,,,,,,,,,,,,,,,,,,,,,,,,,,,,,,
19,,,17814,,,,,,,,,,,,,,,,,,,,,,,,,,,,,,,,,,,,0.5226632356643677,,,,,,,,,,,,,,,,,,,,,,,,,,,,,,,,,,,,
19,,,17819,,,,,,,,,,,,,,,,,,,,,,,,,,,,,,,,,,,,0.30113351345062256,,,,,,,,,,,,,,,,,,,,,,,,,,,,,,,,,,,,
19,,,17824,,,,,,,,,,,,,,,,,,,,,,,,,,,,,,,,,,,,0.4103984236717224,,,,,,,,,,,,,,,,,,,,,,,,,,,,,,,,,,,,
19,,,17829,,,,,,,,,,,,,,,,,,,,,,,,,,,,,,,,,,,,0.4380396604537964,,,,,,,,,,,,,,,,,,,,,,,,,,,,,,,,,,,,
19,,,17834,,,,,,,,,,,,,,,,,,,,,,,,,,,,,,,,,,,,0.29601505398750305,,,,,,,,,,,,,,,,,,,,,,,,,,,,,,,,,,,,
19,,,17839,,,,,,,,,,,,,,,,,,,,,,,,,,,,,,,,,,,,0.2745383381843567,,,,,,,,,,,,,,,,,,,,,,,,,,,,,,,,,,,,
19,,,17844,,,,,,,,,,,,,,,,,,,,,,,,,,,,,,,,,,,,0.30907437205314636,,,,,,,,,,,,,,,,,,,,,,,,,,,,,,,,,,,,
19,,,17849,,,,,,,,,,,,,,,,,,,,,,,,,,,,,,,,,,,,0.32655155658721924,,,,,,,,,,,,,,,,,,,,,,,,,,,,,,,,,,,,
19,,,17854,,,,,,,,,,,,,,,,,,,,,,,,,,,,,,,,,,,,0.26846009492874146,,,,,,,,,,,,,,,,,,,,,,,,,,,,,,,,,,,,
19,,,17859,,,,,,,,,,,,,,,,,,,,,,,,,,,,,,,,,,,,0.3147426247596741,,,,,,,,,,,,,,,,,,,,,,,,,,,,,,,,,,,,
19,,,17864,,,,,,,,,,,,,,,,,,,,,,,,,,,,,,,,,,,,0.32025137543678284,,,,,,,,,,,,,,,,,,,,,,,,,,,,,,,,,,,,
19,,,17869,,,,,,,,,,,,,,,,,,,,,,,,,,,,,,,,,,,,0.3148704171180725,,,,,,,,,,,,,,,,,,,,,,,,,,,,,,,,,,,,
19,,,17874,,,,,,,,,,,,,,,,,,,,,,,,,,,,,,,,,,,,0.3267233967781067,,,,,,,,,,,,,,,,,,,,,,,,,,,,,,,,,,,,
19,,,17879,,,,,,,,,,,,,,,,,,,,,,,,,,,,,,,,,,,,0.40506625175476074,,,,,,,,,,,,,,,,,,,,,,,,,,,,,,,,,,,,
19,,,17884,,,,,,,,,,,,,,,,,,,,,,,,,,,,,,,,,,,,0.32521870732307434,,,,,,,,,,,,,,,,,,,,,,,,,,,,,,,,,,,,
19,,,17889,,,,,,,,,,,,,,,,,,,,,,,,,,,,,,,,,,,,0.3134991526603699,,,,,,,,,,,,,,,,,,,,,,,,,,,,,,,,,,,,
19,,,17894,,,,,,,,,,,,,,,,,,,,,,,,,,,,,,,,,,,,0.21041035652160645,,,,,,,,,,,,,,,,,,,,,,,,,,,,,,,,,,,,
19,,,17899,,,,,,,,,,,,,,,,,,,,,,,,,,,,,,,,,,,,0.3172527253627777,,,,,,,,,,,,,,,,,,,,,,,,,,,,,,,,,,,,
19,,,17904,,,,,,,,,,,,,,,,,,,,,,,,,,,,,,,,,,,,0.519840657711029,,,,,,,,,,,,,,,,,,,,,,,,,,,,,,,,,,,,
19,,,17909,,,,,,,,,,,,,,,,,,,,,,,,,,,,,,,,,,,,0.24767179787158966,,,,,,,,,,,,,,,,,,,,,,,,,,,,,,,,,,,,
19,,,17914,,,,,,,,,,,,,,,,,,,,,,,,,,,,,,,,,,,,0.26288077235221863,,,,,,,,,,,,,,,,,,,,,,,,,,,,,,,,,,,,
19,,,17919,,,,,,,,,,,,,,,,,,,,,,,,,,,,,,,,,,,,0.3421228229999542,,,,,,,,,,,,,,,,,,,,,,,,,,,,,,,,,,,,
19,,,17924,,,,,,,,,,,,,,,,,,,,,,,,,,,,,,,,,,,,0.21064668893814087,,,,,,,,,,,,,,,,,,,,,,,,,,,,,,,,,,,,
19,,,17929,,,,,,,,,,,,,,,,,,,,,,,,,,,,,,,,,,,,0.4509316384792328,,,,,,,,,,,,,,,,,,,,,,,,,,,,,,,,,,,,
19,,,17934,,,,,,,,,,,,,,,,,,,,,,,,,,,,,,,,,,,,0.5230511426925659,,,,,,,,,,,,,,,,,,,,,,,,,,,,,,,,,,,,
19,,,17939,,,,,,,,,,,,,,,,,,,,,,,,,,,,,,,,,,,,0.3603230118751526,,,,,,,,,,,,,,,,,,,,,,,,,,,,,,,,,,,,
19,,,17944,,,,,,,,,,,,,,,,,,,,,,,,,,,,,,,,,,,,0.33992770314216614,,,,,,,,,,,,,,,,,,,,,,,,,,,,,,,,,,,,
19,,,17949,,,,,,,,,,,,,,,,,,,,,,,,,,,,,,,,,,,,0.32275131344795227,,,,,,,,,,,,,,,,,,,,,,,,,,,,,,,,,,,,
19,,,17954,,,,,,,,,,,,,,,,,,,,,,,,,,,,,,,,,,,,0.276468962430954,,,,,,,,,,,,,,,,,,,,,,,,,,,,,,,,,,,,
19,,,17959,,,,,,,,,,,,,,,,,,,,,,,,,,,,,,,,,,,,0.22194287180900574,,,,,,,,,,,,,,,,,,,,,,,,,,,,,,,,,,,,
19,,,17964,,,,,,,,,,,,,,,,,,,,,,,,,,,,,,,,,,,,0.5358908772468567,,,,,,,,,,,,,,,,,,,,,,,,,,,,,,,,,,,,
19,,,17969,,,,,,,,,,,,,,,,,,,,,,,,,,,,,,,,,,,,0.3718707263469696,,,,,,,,,,,,,,,,,,,,,,,,,,,,,,,,,,,,
19,,,17974,,,,,,,,,,,,,,,,,,,,,,,,,,,,,,,,,,,,0.2682829201221466,,,,,,,,,,,,,,,,,,,,,,,,,,,,,,,,,,,,
19,,,17979,,,,,,,,,,,,,,,,,,,,,,,,,,,,,,,,,,,,0.46041011810302734,,,,,,,,,,,,,,,,,,,,,,,,,,,,,,,,,,,,
19,,,17984,,,,,,,,,,,,,,,,,,,,,,,,,,,,,,,,,,,,0.3368806838989258,,,,,,,,,,,,,,,,,,,,,,,,,,,,,,,,,,,,
19,,,17989,,,,,,,,,,,,,,,,,,,,,,,,,,,,,,,,,,,,0.3849446177482605,,,,,,,,,,,,,,,,,,,,,,,,,,,,,,,,,,,,
19,,,17994,,,,,,,,,,,,,,,,,,,,,,,,,,,,,,,,,,,,0.31638044118881226,,,,,,,,,,,,,,,,,,,,,,,,,,,,,,,,,,,,
19,,,17999,,,,,,,,,,,,,,,,,,,,,,,,,,,,,,,,,,,,0.49211084842681885,,,,,,,,,,,,,,,,,,,,,,,,,,,,,,,,,,,,
19,,,18004,,,,,,,,,,,,,,,,,,,,,,,,,,,,,,,,,,,,0.39534300565719604,,,,,,,,,,,,,,,,,,,,,,,,,,,,,,,,,,,,
19,,,18009,,,,,,,,,,,,,,,,,,,,,,,,,,,,,,,,,,,,0.38899219036102295,,,,,,,,,,,,,,,,,,,,,,,,,,,,,,,,,,,,
19,,,18014,,,,,,,,,,,,,,,,,,,,,,,,,,,,,,,,,,,,0.3576366603374481,,,,,,,,,,,,,,,,,,,,,,,,,,,,,,,,,,,,
19,,,18019,,,,,,,,,,,,,,,,,,,,,,,,,,,,,,,,,,,,0.337226539850235,,,,,,,,,,,,,,,,,,,,,,,,,,,,,,,,,,,,
19,,,18024,,,,,,,,,,,,,,,,,,,,,,,,,,,,,,,,,,,,0.20845595002174377,,,,,,,,,,,,,,,,,,,,,,,,,,,,,,,,,,,,
19,,,18029,,,,,,,,,,,,,,,,,,,,,,,,,,,,,,,,,,,,0.5123395323753357,,,,,,,,,,,,,,,,,,,,,,,,,,,,,,,,,,,,
19,,,18034,,,,,,,,,,,,,,,,,,,,,,,,,,,,,,,,,,,,0.4116959869861603,,,,,,,,,,,,,,,,,,,,,,,,,,,,,,,,,,,,
19,,,18039,,,,,,,,,,,,,,,,,,,,,,,,,,,,,,,,,,,,0.27776214480400085,,,,,,,,,,,,,,,,,,,,,,,,,,,,,,,,,,,,
19,,,18044,,,,,,,,,,,,,,,,,,,,,,,,,,,,,,,,,,,,0.536045253276825,,,,,,,,,,,,,,,,,,,,,,,,,,,,,,,,,,,,
19,,,18049,,,,,,,,,,,,,,,,,,,,,,,,,,,,,,,,,,,,0.38956430554389954,,,,,,,,,,,,,,,,,,,,,,,,,,,,,,,,,,,,
19,,,18054,,,,,,,,,,,,,,,,,,,,,,,,,,,,,,,,,,,,0.5054238438606262,,,,,,,,,,,,,,,,,,,,,,,,,,,,,,,,,,,,
19,,,18059,,,,,,,,,,,,,,,,,,,,,,,,,,,,,,,,,,,,0.29200559854507446,,,,,,,,,,,,,,,,,,,,,,,,,,,,,,,,,,,,
19,,,18064,,,,,,,,,,,,,,,,,,,,,,,,,,,,,,,,,,,,0.37501513957977295,,,,,,,,,,,,,,,,,,,,,,,,,,,,,,,,,,,,
19,,,18069,,,,,,,,,,,,,,,,,,,,,,,,,,,,,,,,,,,,0.24678882956504822,,,,,,,,,,,,,,,,,,,,,,,,,,,,,,,,,,,,
19,,,18074,,,,,,,,,,,,,,,,,,,,,,,,,,,,,,,,,,,,0.4171438217163086,,,,,,,,,,,,,,,,,,,,,,,,,,,,,,,,,,,,
19,,,18079,,,,,,,,,,,,,,,,,,,,,,,,,,,,,,,,,,,,0.4802600145339966,,,,,,,,,,,,,,,,,,,,,,,,,,,,,,,,,,,,
19,,,18084,,,,,,,,,,,,,,,,,,,,,,,,,,,,,,,,,,,,0.32924818992614746,,,,,,,,,,,,,,,,,,,,,,,,,,,,,,,,,,,,
19,,,18089,,,,,,,,,,,,,,,,,,,,,,,,,,,,,,,,,,,,0.23533371090888977,,,,,,,,,,,,,,,,,,,,,,,,,,,,,,,,,,,,
19,,,18094,,,,,,,,,,,,,,,,,,,,,,,,,,,,,,,,,,,,0.47568151354789734,,,,,,,,,,,,,,,,,,,,,,,,,,,,,,,,,,,,
19,,,18099,,,,,,,,,,,,,,,,,,,,,,,,,,,,,,,,,,,,0.32206839323043823,,,,,,,,,,,,,,,,,,,,,,,,,,,,,,,,,,,,
19,,,18104,,,,,,,,,,,,,,,,,,,,,,,,,,,,,,,,,,,,0.29444628953933716,,,,,,,,,,,,,,,,,,,,,,,,,,,,,,,,,,,,
19,,,18109,,,,,,,,,,,,,,,,,,,,,,,,,,,,,,,,,,,,0.35089749097824097,,,,,,,,,,,,,,,,,,,,,,,,,,,,,,,,,,,,
19,,,18114,,,,,,,,,,,,,,,,,,,,,,,,,,,,,,,,,,,,0.31211069226264954,,,,,,,,,,,,,,,,,,,,,,,,,,,,,,,,,,,,
19,,,18119,,,,,,,,,,,,,,,,,,,,,,,,,,,,,,,,,,,,0.28664630651474,,,,,,,,,,,,,,,,,,,,,,,,,,,,,,,,,,,,
19,,,18124,,,,,,,,,,,,,,,,,,,,,,,,,,,,,,,,,,,,0.3414722681045532,,,,,,,,,,,,,,,,,,,,,,,,,,,,,,,,,,,,
19,,,18129,,,,,,,,,,,,,,,,,,,,,,,,,,,,,,,,,,,,0.34483402967453003,,,,,,,,,,,,,,,,,,,,,,,,,,,,,,,,,,,,
19,,,18134,,,,,,,,,,,,,,,,,,,,,,,,,,,,,,,,,,,,0.29738354682922363,,,,,,,,,,,,,,,,,,,,,,,,,,,,,,,,,,,,
19,,,18139,,,,,,,,,,,,,,,,,,,,,,,,,,,,,,,,,,,,0.30760541558265686,,,,,,,,,,,,,,,,,,,,,,,,,,,,,,,,,,,,
19,,,18144,,,,,,,,,,,,,,,,,,,,,,,,,,,,,,,,,,,,0.32357537746429443,,,,,,,,,,,,,,,,,,,,,,,,,,,,,,,,,,,,
19,,,18149,,,,,,,,,,,,,,,,,,,,,,,,,,,,,,,,,,,,0.30534234642982483,,,,,,,,,,,,,,,,,,,,,,,,,,,,,,,,,,,,
19,,,18154,,,,,,,,,,,,,,,,,,,,,,,,,,,,,,,,,,,,0.41100868582725525,,,,,,,,,,,,,,,,,,,,,,,,,,,,,,,,,,,,
19,,,18159,,,,,,,,,,,,,,,,,,,,,,,,,,,,,,,,,,,,0.4724777936935425,,,,,,,,,,,,,,,,,,,,,,,,,,,,,,,,,,,,
19,,,18164,,,,,,,,,,,,,,,,,,,,,,,,,,,,,,,,,,,,0.3521023392677307,,,,,,,,,,,,,,,,,,,,,,,,,,,,,,,,,,,,
19,,,18169,,,,,,,,,,,,,,,,,,,,,,,,,,,,,,,,,,,,0.2820011377334595,,,,,,,,,,,,,,,,,,,,,,,,,,,,,,,,,,,,
19,,,18174,,,,,,,,,,,,,,,,,,,,,,,,,,,,,,,,,,,,0.4575328826904297,,,,,,,,,,,,,,,,,,,,,,,,,,,,,,,,,,,,
19,,,18179,,,,,,,,,,,,,,,,,,,,,,,,,,,,,,,,,,,,0.2942168116569519,,,,,,,,,,,,,,,,,,,,,,,,,,,,,,,,,,,,
19,,,18184,,,,,,,,,,,,,,,,,,,,,,,,,,,,,,,,,,,,0.2950001060962677,,,,,,,,,,,,,,,,,,,,,,,,,,,,,,,,,,,,
19,,,18189,,,,,,,,,,,,,,,,,,,,,,,,,,,,,,,,,,,,0.26004648208618164,,,,,,,,,,,,,,,,,,,,,,,,,,,,,,,,,,,,
19,,,18194,,,,,,,,,,,,,,,,,,,,,,,,,,,,,,,,,,,,0.3088747560977936,,,,,,,,,,,,,,,,,,,,,,,,,,,,,,,,,,,,
19,,,18199,,,,,,,,,,,,,,,,,,,,,,,,,,,,,,,,,,,,0.432197630405426,,,,,,,,,,,,,,,,,,,,,,,,,,,,,,,,,,,,
19,,,18204,,,,,,,,,,,,,,,,,,,,,,,,,,,,,,,,,,,,0.4230424463748932,,,,,,,,,,,,,,,,,,,,,,,,,,,,,,,,,,,,
19,,,18209,,,,,,,,,,,,,,,,,,,,,,,,,,,,,,,,,,,,0.30581995844841003,,,,,,,,,,,,,,,,,,,,,,,,,,,,,,,,,,,,
19,,,18214,,,,,,,,,,,,,,,,,,,,,,,,,,,,,,,,,,,,0.39036357402801514,,,,,,,,,,,,,,,,,,,,,,,,,,,,,,,,,,,,
19,,,18219,,,,,,,,,,,,,,,,,,,,,,,,,,,,,,,,,,,,0.45460861921310425,,,,,,,,,,,,,,,,,,,,,,,,,,,,,,,,,,,,
19,,,18224,,,,,,,,,,,,,,,,,,,,,,,,,,,,,,,,,,,,0.4956221878528595,,,,,,,,,,,,,,,,,,,,,,,,,,,,,,,,,,,,
19,,,18229,,,,,,,,,,,,,,,,,,,,,,,,,,,,,,,,,,,,0.3730250298976898,,,,,,,,,,,,,,,,,,,,,,,,,,,,,,,,,,,,
19,,,18234,,,,,,,,,,,,,,,,,,,,,,,,,,,,,,,,,,,,0.3270542025566101,,,,,,,,,,,,,,,,,,,,,,,,,,,,,,,,,,,,
19,,,18239,,,,,,,,,,,,,,,,,,,,,,,,,,,,,,,,,,,,0.22626249492168427,,,,,,,,,,,,,,,,,,,,,,,,,,,,,,,,,,,,
19,,,18244,,,,,,,,,,,,,,,,,,,,,,,,,,,,,,,,,,,,0.35061442852020264,,,,,,,,,,,,,,,,,,,,,,,,,,,,,,,,,,,,
19,,,18249,,,,,,,,,,,,,,,,,,,,,,,,,,,,,,,,,,,,0.5061820149421692,,,,,,,,,,,,,,,,,,,,,,,,,,,,,,,,,,,,
19,,,18254,,,,,,,,,,,,,,,,,,,,,,,,,,,,,,,,,,,,0.36072903871536255,,,,,,,,,,,,,,,,,,,,,,,,,,,,,,,,,,,,
19,,,18259,,,,,,,,,,,,,,,,,,,,,,,,,,,,,,,,,,,,0.39687150716781616,,,,,,,,,,,,,,,,,,,,,,,,,,,,,,,,,,,,
19,,,18264,,,,,,,,,,,,,,,,,,,,,,,,,,,,,,,,,,,,0.38908088207244873,,,,,,,,,,,,,,,,,,,,,,,,,,,,,,,,,,,,
19,,,18269,,,,,,,,,,,,,,,,,,,,,,,,,,,,,,,,,,,,0.3599664568901062,,,,,,,,,,,,,,,,,,,,,,,,,,,,,,,,,,,,
19,,,18274,,,,,,,,,,,,,,,,,,,,,,,,,,,,,,,,,,,,0.43432947993278503,,,,,,,,,,,,,,,,,,,,,,,,,,,,,,,,,,,,
19,,,18279,,,,,,,,,,,,,,,,,,,,,,,,,,,,,,,,,,,,0.4822131395339966,,,,,,,,,,,,,,,,,,,,,,,,,,,,,,,,,,,,
19,,,18284,,,,,,,,,,,,,,,,,,,,,,,,,,,,,,,,,,,,0.5402567386627197,,,,,,,,,,,,,,,,,,,,,,,,,,,,,,,,,,,,
19,,,18289,,,,,,,,,,,,,,,,,,,,,,,,,,,,,,,,,,,,0.3029024600982666,,,,,,,,,,,,,,,,,,,,,,,,,,,,,,,,,,,,
19,,,18294,,,,,,,,,,,,,,,,,,,,,,,,,,,,,,,,,,,,0.26626718044281006,,,,,,,,,,,,,,,,,,,,,,,,,,,,,,,,,,,,
19,,,18299,,,,,,,,,,,,,,,,,,,,,,,,,,,,,,,,,,,,0.24696508049964905,,,,,,,,,,,,,,,,,,,,,,,,,,,,,,,,,,,,
19,,,18304,,,,,,,,,,,,,,,,,,,,,,,,,,,,,,,,,,,,0.32237064838409424,,,,,,,,,,,,,,,,,,,,,,,,,,,,,,,,,,,,
19,,,18309,,,,,,,,,,,,,,,,,,,,,,,,,,,,,,,,,,,,0.39293596148490906,,,,,,,,,,,,,,,,,,,,,,,,,,,,,,,,,,,,
19,,,18314,,,,,,,,,,,,,,,,,,,,,,,,,,,,,,,,,,,,0.33347249031066895,,,,,,,,,,,,,,,,,,,,,,,,,,,,,,,,,,,,
19,,,18319,,,,,,,,,,,,,,,,,,,,,,,,,,,,,,,,,,,,0.38692158460617065,,,,,,,,,,,,,,,,,,,,,,,,,,,,,,,,,,,,
19,,,18324,,,,,,,,,,,,,,,,,,,,,,,,,,,,,,,,,,,,0.4092589318752289,,,,,,,,,,,,,,,,,,,,,,,,,,,,,,,,,,,,
19,,,18329,,,,,,,,,,,,,,,,,,,,,,,,,,,,,,,,,,,,0.2959219217300415,,,,,,,,,,,,,,,,,,,,,,,,,,,,,,,,,,,,
19,,,18334,,,,,,,,,,,,,,,,,,,,,,,,,,,,,,,,,,,,0.22851285338401794,,,,,,,,,,,,,,,,,,,,,,,,,,,,,,,,,,,,
19,,,18339,,,,,,,,,,,,,,,,,,,,,,,,,,,,,,,,,,,,0.46129465103149414,,,,,,,,,,,,,,,,,,,,,,,,,,,,,,,,,,,,
19,,,18344,,,,,,,,,,,,,,,,,,,,,,,,,,,,,,,,,,,,0.2394355684518814,,,,,,,,,,,,,,,,,,,,,,,,,,,,,,,,,,,,
19,,,18349,,,,,,,,,,,,,,,,,,,,,,,,,,,,,,,,,,,,0.38947752118110657,,,,,,,,,,,,,,,,,,,,,,,,,,,,,,,,,,,,
19,,,18354,,,,,,,,,,,,,,,,,,,,,,,,,,,,,,,,,,,,0.26288920640945435,,,,,,,,,,,,,,,,,,,,,,,,,,,,,,,,,,,,
19,,,18359,,,,,,,,,,,,,,,,,,,,,,,,,,,,,,,,,,,,0.2299320250749588,,,,,,,,,,,,,,,,,,,,,,,,,,,,,,,,,,,,
19,,,18364,,,,,,,,,,,,,,,,,,,,,,,,,,,,,,,,,,,,0.26235532760620117,,,,,,,,,,,,,,,,,,,,,,,,,,,,,,,,,,,,
19,,,18369,,,,,,,,,,,,,,,,,,,,,,,,,,,,,,,,,,,,0.2199760377407074,,,,,,,,,,,,,,,,,,,,,,,,,,,,,,,,,,,,
19,,,18374,,,,,,,,,,,,,,,,,,,,,,,,,,,,,,,,,,,,0.26613420248031616,,,,,,,,,,,,,,,,,,,,,,,,,,,,,,,,,,,,
19,,,18379,,,,,,,,,,,,,,,,,,,,,,,,,,,,,,,,,,,,0.3071309030056,,,,,,,,,,,,,,,,,,,,,,,,,,,,,,,,,,,,
19,,,18384,,,,,,,,,,,,,,,,,,,,,,,,,,,,,,,,,,,,0.2740683853626251,,,,,,,,,,,,,,,,,,,,,,,,,,,,,,,,,,,,
19,,,18389,,,,,,,,,,,,,,,,,,,,,,,,,,,,,,,,,,,,0.2672184109687805,,,,,,,,,,,,,,,,,,,,,,,,,,,,,,,,,,,,
19,,,18394,,,,,,,,,,,,,,,,,,,,,,,,,,,,,,,,,,,,0.3460444509983063,,,,,,,,,,,,,,,,,,,,,,,,,,,,,,,,,,,,
19,,,18399,,,,,,,,,,,,,,,,,,,,,,,,,,,,,,,,,,,,0.37031251192092896,,,,,,,,,,,,,,,,,,,,,,,,,,,,,,,,,,,,
19,,,18404,,,,,,,,,,,,,,,,,,,,,,,,,,,,,,,,,,,,0.15870194137096405,,,,,,,,,,,,,,,,,,,,,,,,,,,,,,,,,,,,
19,,,18409,,,,,,,,,,,,,,,,,,,,,,,,,,,,,,,,,,,,0.27912580966949463,,,,,,,,,,,,,,,,,,,,,,,,,,,,,,,,,,,,
19,,,18414,,,,,,,,,,,,,,,,,,,,,,,,,,,,,,,,,,,,0.24065294861793518,,,,,,,,,,,,,,,,,,,,,,,,,,,,,,,,,,,,
19,,,18419,,,,,,,,,,,,,,,,,,,,,,,,,,,,,,,,,,,,0.4502471685409546,,,,,,,,,,,,,,,,,,,,,,,,,,,,,,,,,,,,
19,,,18419,,,,,,,,,,,,,,,,,,,,,,,,,,,,,,,,,,,,,0.692810595035553,0.6926855444908142,0.5643739700317383,0.7275270223617554,0.692810595035553,0.0,0.8866039514541626,0.8448612093925476,0.5382686257362366,0.5015085935592651,0.0,0.8913662433624268,0.8386461138725281,0.6701131463050842,0.3706166446208954,0.0,0.8040223121643066,0.7221279144287109,0.5038873553276062,0.22745820879936218,0.0,0.8961799144744873,0.8325216770172119,0.8874987959861755,0.2939077615737915,0.0,0.8866039514541626,0.8448612093925476,0.5382686257362366,0.5015085935592651,0.8528798818588257,0.8528798818588257,0.7434965968132019,0.8528798818588257,0.8528798818588257,0.3845214545726776
19,,,18419,0.7680754661560059,0.7536441087722778,0.6483548879623413,0.7438236474990845,0.7680754661560059,0.0,0.8911726474761963,0.8429741263389587,0.8983514904975891,0.43980368971824646,0.0,0.897549569606781,0.8408401608467102,0.9044739007949829,0.37171265482902527,0.0,0.8141404986381531,0.7253875732421875,0.8256069421768188,0.22828444838523865,0.0,0.9040185213088989,0.8387168049812317,0.91068035364151,0.32187891006469727,0.0,0.8911726474761963,0.8429741263389587,0.8983514904975891,0.43980368971824646,0.8651401996612549,0.8651401996612549,0.7623322606086731,0.8651401996612549,0.8651401996612549,,,,,,,,,,,,,,,,,,,,,,,,,,,,,,,,,,,,,
,1e-05,0.0001,18420,,,,,,,,,,,,,,,,,,,,,,,,,,,,,,,,,,,,,,,,,,,,,,,,,,,,,,,,,,,,,,,,,,,,,,,,
20,,,18424,,,,,,,,,,,,,,,,,,,,,,,,,,,,,,,,,,,,0.2384096086025238,,,,,,,,,,,,,,,,,,,,,,,,,,,,,,,,,,,,
20,,,18429,,,,,,,,,,,,,,,,,,,,,,,,,,,,,,,,,,,,0.28883007168769836,,,,,,,,,,,,,,,,,,,,,,,,,,,,,,,,,,,,
20,,,18434,,,,,,,,,,,,,,,,,,,,,,,,,,,,,,,,,,,,0.27282342314720154,,,,,,,,,,,,,,,,,,,,,,,,,,,,,,,,,,,,
20,,,18439,,,,,,,,,,,,,,,,,,,,,,,,,,,,,,,,,,,,0.272987425327301,,,,,,,,,,,,,,,,,,,,,,,,,,,,,,,,,,,,
20,,,18444,,,,,,,,,,,,,,,,,,,,,,,,,,,,,,,,,,,,0.4053078293800354,,,,,,,,,,,,,,,,,,,,,,,,,,,,,,,,,,,,
20,,,18449,,,,,,,,,,,,,,,,,,,,,,,,,,,,,,,,,,,,0.30608242750167847,,,,,,,,,,,,,,,,,,,,,,,,,,,,,,,,,,,,
20,,,18454,,,,,,,,,,,,,,,,,,,,,,,,,,,,,,,,,,,,0.28468984365463257,,,,,,,,,,,,,,,,,,,,,,,,,,,,,,,,,,,,
20,,,18459,,,,,,,,,,,,,,,,,,,,,,,,,,,,,,,,,,,,0.3575121760368347,,,,,,,,,,,,,,,,,,,,,,,,,,,,,,,,,,,,
20,,,18464,,,,,,,,,,,,,,,,,,,,,,,,,,,,,,,,,,,,0.30423563718795776,,,,,,,,,,,,,,,,,,,,,,,,,,,,,,,,,,,,
20,,,18469,,,,,,,,,,,,,,,,,,,,,,,,,,,,,,,,,,,,0.32368844747543335,,,,,,,,,,,,,,,,,,,,,,,,,,,,,,,,,,,,
20,,,18474,,,,,,,,,,,,,,,,,,,,,,,,,,,,,,,,,,,,0.27390551567077637,,,,,,,,,,,,,,,,,,,,,,,,,,,,,,,,,,,,
20,,,18479,,,,,,,,,,,,,,,,,,,,,,,,,,,,,,,,,,,,0.3829421401023865,,,,,,,,,,,,,,,,,,,,,,,,,,,,,,,,,,,,
20,,,18484,,,,,,,,,,,,,,,,,,,,,,,,,,,,,,,,,,,,0.4171401262283325,,,,,,,,,,,,,,,,,,,,,,,,,,,,,,,,,,,,
20,,,18489,,,,,,,,,,,,,,,,,,,,,,,,,,,,,,,,,,,,0.2507721483707428,,,,,,,,,,,,,,,,,,,,,,,,,,,,,,,,,,,,
20,,,18494,,,,,,,,,,,,,,,,,,,,,,,,,,,,,,,,,,,,0.3430601954460144,,,,,,,,,,,,,,,,,,,,,,,,,,,,,,,,,,,,
20,,,18499,,,,,,,,,,,,,,,,,,,,,,,,,,,,,,,,,,,,0.2997775375843048,,,,,,,,,,,,,,,,,,,,,,,,,,,,,,,,,,,,
20,,,18504,,,,,,,,,,,,,,,,,,,,,,,,,,,,,,,,,,,,0.1765138804912567,,,,,,,,,,,,,,,,,,,,,,,,,,,,,,,,,,,,
20,,,18509,,,,,,,,,,,,,,,,,,,,,,,,,,,,,,,,,,,,0.25523924827575684,,,,,,,,,,,,,,,,,,,,,,,,,,,,,,,,,,,,
20,,,18514,,,,,,,,,,,,,,,,,,,,,,,,,,,,,,,,,,,,0.27461472153663635,,,,,,,,,,,,,,,,,,,,,,,,,,,,,,,,,,,,
20,,,18519,,,,,,,,,,,,,,,,,,,,,,,,,,,,,,,,,,,,0.38725391030311584,,,,,,,,,,,,,,,,,,,,,,,,,,,,,,,,,,,,
20,,,18524,,,,,,,,,,,,,,,,,,,,,,,,,,,,,,,,,,,,0.30337291955947876,,,,,,,,,,,,,,,,,,,,,,,,,,,,,,,,,,,,
20,,,18529,,,,,,,,,,,,,,,,,,,,,,,,,,,,,,,,,,,,0.3173752427101135,,,,,,,,,,,,,,,,,,,,,,,,,,,,,,,,,,,,
20,,,18534,,,,,,,,,,,,,,,,,,,,,,,,,,,,,,,,,,,,0.2714177966117859,,,,,,,,,,,,,,,,,,,,,,,,,,,,,,,,,,,,
20,,,18539,,,,,,,,,,,,,,,,,,,,,,,,,,,,,,,,,,,,0.5198733806610107,,,,,,,,,,,,,,,,,,,,,,,,,,,,,,,,,,,,
20,,,18544,,,,,,,,,,,,,,,,,,,,,,,,,,,,,,,,,,,,0.2976951599121094,,,,,,,,,,,,,,,,,,,,,,,,,,,,,,,,,,,,
20,,,18549,,,,,,,,,,,,,,,,,,,,,,,,,,,,,,,,,,,,0.4149191677570343,,,,,,,,,,,,,,,,,,,,,,,,,,,,,,,,,,,,
20,,,18554,,,,,,,,,,,,,,,,,,,,,,,,,,,,,,,,,,,,0.28230056166648865,,,,,,,,,,,,,,,,,,,,,,,,,,,,,,,,,,,,
20,,,18559,,,,,,,,,,,,,,,,,,,,,,,,,,,,,,,,,,,,0.32091057300567627,,,,,,,,,,,,,,,,,,,,,,,,,,,,,,,,,,,,
20,,,18564,,,,,,,,,,,,,,,,,,,,,,,,,,,,,,,,,,,,0.30171650648117065,,,,,,,,,,,,,,,,,,,,,,,,,,,,,,,,,,,,
20,,,18569,,,,,,,,,,,,,,,,,,,,,,,,,,,,,,,,,,,,0.33885467052459717,,,,,,,,,,,,,,,,,,,,,,,,,,,,,,,,,,,,
20,,,18574,,,,,,,,,,,,,,,,,,,,,,,,,,,,,,,,,,,,0.23016592860221863,,,,,,,,,,,,,,,,,,,,,,,,,,,,,,,,,,,,
20,,,18579,,,,,,,,,,,,,,,,,,,,,,,,,,,,,,,,,,,,0.36975741386413574,,,,,,,,,,,,,,,,,,,,,,,,,,,,,,,,,,,,
20,,,18584,,,,,,,,,,,,,,,,,,,,,,,,,,,,,,,,,,,,0.32923635840415955,,,,,,,,,,,,,,,,,,,,,,,,,,,,,,,,,,,,
20,,,18589,,,,,,,,,,,,,,,,,,,,,,,,,,,,,,,,,,,,0.29458093643188477,,,,,,,,,,,,,,,,,,,,,,,,,,,,,,,,,,,,
20,,,18594,,,,,,,,,,,,,,,,,,,,,,,,,,,,,,,,,,,,0.40016746520996094,,,,,,,,,,,,,,,,,,,,,,,,,,,,,,,,,,,,
20,,,18599,,,,,,,,,,,,,,,,,,,,,,,,,,,,,,,,,,,,0.29461047053337097,,,,,,,,,,,,,,,,,,,,,,,,,,,,,,,,,,,,
20,,,18604,,,,,,,,,,,,,,,,,,,,,,,,,,,,,,,,,,,,0.36559027433395386,,,,,,,,,,,,,,,,,,,,,,,,,,,,,,,,,,,,
20,,,18609,,,,,,,,,,,,,,,,,,,,,,,,,,,,,,,,,,,,0.5052091479301453,,,,,,,,,,,,,,,,,,,,,,,,,,,,,,,,,,,,
20,,,18614,,,,,,,,,,,,,,,,,,,,,,,,,,,,,,,,,,,,0.30554571747779846,,,,,,,,,,,,,,,,,,,,,,,,,,,,,,,,,,,,
20,,,18619,,,,,,,,,,,,,,,,,,,,,,,,,,,,,,,,,,,,0.34171736240386963,,,,,,,,,,,,,,,,,,,,,,,,,,,,,,,,,,,,
20,,,18624,,,,,,,,,,,,,,,,,,,,,,,,,,,,,,,,,,,,0.24806731939315796,,,,,,,,,,,,,,,,,,,,,,,,,,,,,,,,,,,,
20,,,18629,,,,,,,,,,,,,,,,,,,,,,,,,,,,,,,,,,,,0.2419039011001587,,,,,,,,,,,,,,,,,,,,,,,,,,,,,,,,,,,,
20,,,18634,,,,,,,,,,,,,,,,,,,,,,,,,,,,,,,,,,,,0.29002732038497925,,,,,,,,,,,,,,,,,,,,,,,,,,,,,,,,,,,,
20,,,18639,,,,,,,,,,,,,,,,,,,,,,,,,,,,,,,,,,,,0.2918365001678467,,,,,,,,,,,,,,,,,,,,,,,,,,,,,,,,,,,,
20,,,18644,,,,,,,,,,,,,,,,,,,,,,,,,,,,,,,,,,,,0.38136982917785645,,,,,,,,,,,,,,,,,,,,,,,,,,,,,,,,,,,,
20,,,18649,,,,,,,,,,,,,,,,,,,,,,,,,,,,,,,,,,,,0.4664754867553711,,,,,,,,,,,,,,,,,,,,,,,,,,,,,,,,,,,,
20,,,18654,,,,,,,,,,,,,,,,,,,,,,,,,,,,,,,,,,,,0.28175780177116394,,,,,,,,,,,,,,,,,,,,,,,,,,,,,,,,,,,,
20,,,18659,,,,,,,,,,,,,,,,,,,,,,,,,,,,,,,,,,,,0.4400275945663452,,,,,,,,,,,,,,,,,,,,,,,,,,,,,,,,,,,,
20,,,18664,,,,,,,,,,,,,,,,,,,,,,,,,,,,,,,,,,,,0.4844743609428406,,,,,,,,,,,,,,,,,,,,,,,,,,,,,,,,,,,,
20,,,18669,,,,,,,,,,,,,,,,,,,,,,,,,,,,,,,,,,,,0.37523558735847473,,,,,,,,,,,,,,,,,,,,,,,,,,,,,,,,,,,,
20,,,18674,,,,,,,,,,,,,,,,,,,,,,,,,,,,,,,,,,,,0.4982145428657532,,,,,,,,,,,,,,,,,,,,,,,,,,,,,,,,,,,,
20,,,18679,,,,,,,,,,,,,,,,,,,,,,,,,,,,,,,,,,,,0.23227529227733612,,,,,,,,,,,,,,,,,,,,,,,,,,,,,,,,,,,,
20,,,18684,,,,,,,,,,,,,,,,,,,,,,,,,,,,,,,,,,,,0.45991575717926025,,,,,,,,,,,,,,,,,,,,,,,,,,,,,,,,,,,,
20,,,18689,,,,,,,,,,,,,,,,,,,,,,,,,,,,,,,,,,,,0.33109498023986816,,,,,,,,,,,,,,,,,,,,,,,,,,,,,,,,,,,,
20,,,18694,,,,,,,,,,,,,,,,,,,,,,,,,,,,,,,,,,,,0.26050519943237305,,,,,,,,,,,,,,,,,,,,,,,,,,,,,,,,,,,,
20,,,18699,,,,,,,,,,,,,,,,,,,,,,,,,,,,,,,,,,,,0.2620161771774292,,,,,,,,,,,,,,,,,,,,,,,,,,,,,,,,,,,,
20,,,18704,,,,,,,,,,,,,,,,,,,,,,,,,,,,,,,,,,,,0.3091510832309723,,,,,,,,,,,,,,,,,,,,,,,,,,,,,,,,,,,,
20,,,18709,,,,,,,,,,,,,,,,,,,,,,,,,,,,,,,,,,,,0.240919291973114,,,,,,,,,,,,,,,,,,,,,,,,,,,,,,,,,,,,
20,,,18714,,,,,,,,,,,,,,,,,,,,,,,,,,,,,,,,,,,,0.3192714750766754,,,,,,,,,,,,,,,,,,,,,,,,,,,,,,,,,,,,
20,,,18719,,,,,,,,,,,,,,,,,,,,,,,,,,,,,,,,,,,,0.3742096424102783,,,,,,,,,,,,,,,,,,,,,,,,,,,,,,,,,,,,
20,,,18724,,,,,,,,,,,,,,,,,,,,,,,,,,,,,,,,,,,,0.33010008931159973,,,,,,,,,,,,,,,,,,,,,,,,,,,,,,,,,,,,
20,,,18729,,,,,,,,,,,,,,,,,,,,,,,,,,,,,,,,,,,,0.34744226932525635,,,,,,,,,,,,,,,,,,,,,,,,,,,,,,,,,,,,
20,,,18734,,,,,,,,,,,,,,,,,,,,,,,,,,,,,,,,,,,,0.2722904086112976,,,,,,,,,,,,,,,,,,,,,,,,,,,,,,,,,,,,
20,,,18739,,,,,,,,,,,,,,,,,,,,,,,,,,,,,,,,,,,,0.21678605675697327,,,,,,,,,,,,,,,,,,,,,,,,,,,,,,,,,,,,
20,,,18744,,,,,,,,,,,,,,,,,,,,,,,,,,,,,,,,,,,,0.20724424719810486,,,,,,,,,,,,,,,,,,,,,,,,,,,,,,,,,,,,
20,,,18749,,,,,,,,,,,,,,,,,,,,,,,,,,,,,,,,,,,,0.41908159852027893,,,,,,,,,,,,,,,,,,,,,,,,,,,,,,,,,,,,
20,,,18754,,,,,,,,,,,,,,,,,,,,,,,,,,,,,,,,,,,,0.2167995572090149,,,,,,,,,,,,,,,,,,,,,,,,,,,,,,,,,,,,
20,,,18759,,,,,,,,,,,,,,,,,,,,,,,,,,,,,,,,,,,,0.5514565706253052,,,,,,,,,,,,,,,,,,,,,,,,,,,,,,,,,,,,
20,,,18764,,,,,,,,,,,,,,,,,,,,,,,,,,,,,,,,,,,,0.48155707120895386,,,,,,,,,,,,,,,,,,,,,,,,,,,,,,,,,,,,
20,,,18769,,,,,,,,,,,,,,,,,,,,,,,,,,,,,,,,,,,,0.2661421298980713,,,,,,,,,,,,,,,,,,,,,,,,,,,,,,,,,,,,
20,,,18774,,,,,,,,,,,,,,,,,,,,,,,,,,,,,,,,,,,,0.545384407043457,,,,,,,,,,,,,,,,,,,,,,,,,,,,,,,,,,,,
20,,,18779,,,,,,,,,,,,,,,,,,,,,,,,,,,,,,,,,,,,0.24141523241996765,,,,,,,,,,,,,,,,,,,,,,,,,,,,,,,,,,,,
20,,,18784,,,,,,,,,,,,,,,,,,,,,,,,,,,,,,,,,,,,0.3948308229446411,,,,,,,,,,,,,,,,,,,,,,,,,,,,,,,,,,,,
20,,,18789,,,,,,,,,,,,,,,,,,,,,,,,,,,,,,,,,,,,0.35188788175582886,,,,,,,,,,,,,,,,,,,,,,,,,,,,,,,,,,,,
20,,,18794,,,,,,,,,,,,,,,,,,,,,,,,,,,,,,,,,,,,0.36978673934936523,,,,,,,,,,,,,,,,,,,,,,,,,,,,,,,,,,,,
20,,,18799,,,,,,,,,,,,,,,,,,,,,,,,,,,,,,,,,,,,0.5374674797058105,,,,,,,,,,,,,,,,,,,,,,,,,,,,,,,,,,,,
20,,,18804,,,,,,,,,,,,,,,,,,,,,,,,,,,,,,,,,,,,0.2670888900756836,,,,,,,,,,,,,,,,,,,,,,,,,,,,,,,,,,,,
20,,,18809,,,,,,,,,,,,,,,,,,,,,,,,,,,,,,,,,,,,0.2543139159679413,,,,,,,,,,,,,,,,,,,,,,,,,,,,,,,,,,,,
20,,,18814,,,,,,,,,,,,,,,,,,,,,,,,,,,,,,,,,,,,0.31260883808135986,,,,,,,,,,,,,,,,,,,,,,,,,,,,,,,,,,,,
20,,,18819,,,,,,,,,,,,,,,,,,,,,,,,,,,,,,,,,,,,0.5124577283859253,,,,,,,,,,,,,,,,,,,,,,,,,,,,,,,,,,,,
20,,,18824,,,,,,,,,,,,,,,,,,,,,,,,,,,,,,,,,,,,0.2865896224975586,,,,,,,,,,,,,,,,,,,,,,,,,,,,,,,,,,,,
20,,,18829,,,,,,,,,,,,,,,,,,,,,,,,,,,,,,,,,,,,0.3893049657344818,,,,,,,,,,,,,,,,,,,,,,,,,,,,,,,,,,,,
20,,,18834,,,,,,,,,,,,,,,,,,,,,,,,,,,,,,,,,,,,0.39284801483154297,,,,,,,,,,,,,,,,,,,,,,,,,,,,,,,,,,,,
20,,,18839,,,,,,,,,,,,,,,,,,,,,,,,,,,,,,,,,,,,0.4624466896057129,,,,,,,,,,,,,,,,,,,,,,,,,,,,,,,,,,,,
20,,,18844,,,,,,,,,,,,,,,,,,,,,,,,,,,,,,,,,,,,0.3120548129081726,,,,,,,,,,,,,,,,,,,,,,,,,,,,,,,,,,,,
20,,,18849,,,,,,,,,,,,,,,,,,,,,,,,,,,,,,,,,,,,0.37311720848083496,,,,,,,,,,,,,,,,,,,,,,,,,,,,,,,,,,,,
20,,,18854,,,,,,,,,,,,,,,,,,,,,,,,,,,,,,,,,,,,0.3208366930484772,,,,,,,,,,,,,,,,,,,,,,,,,,,,,,,,,,,,
20,,,18859,,,,,,,,,,,,,,,,,,,,,,,,,,,,,,,,,,,,0.3140556812286377,,,,,,,,,,,,,,,,,,,,,,,,,,,,,,,,,,,,
20,,,18864,,,,,,,,,,,,,,,,,,,,,,,,,,,,,,,,,,,,0.28213512897491455,,,,,,,,,,,,,,,,,,,,,,,,,,,,,,,,,,,,
20,,,18869,,,,,,,,,,,,,,,,,,,,,,,,,,,,,,,,,,,,0.28883010149002075,,,,,,,,,,,,,,,,,,,,,,,,,,,,,,,,,,,,
20,,,18874,,,,,,,,,,,,,,,,,,,,,,,,,,,,,,,,,,,,0.4658147692680359,,,,,,,,,,,,,,,,,,,,,,,,,,,,,,,,,,,,
20,,,18879,,,,,,,,,,,,,,,,,,,,,,,,,,,,,,,,,,,,0.41682252287864685,,,,,,,,,,,,,,,,,,,,,,,,,,,,,,,,,,,,
20,,,18884,,,,,,,,,,,,,,,,,,,,,,,,,,,,,,,,,,,,0.46809014678001404,,,,,,,,,,,,,,,,,,,,,,,,,,,,,,,,,,,,
20,,,18889,,,,,,,,,,,,,,,,,,,,,,,,,,,,,,,,,,,,0.23187509179115295,,,,,,,,,,,,,,,,,,,,,,,,,,,,,,,,,,,,
20,,,18894,,,,,,,,,,,,,,,,,,,,,,,,,,,,,,,,,,,,0.4401373267173767,,,,,,,,,,,,,,,,,,,,,,,,,,,,,,,,,,,,
20,,,18899,,,,,,,,,,,,,,,,,,,,,,,,,,,,,,,,,,,,0.2834439277648926,,,,,,,,,,,,,,,,,,,,,,,,,,,,,,,,,,,,
20,,,18904,,,,,,,,,,,,,,,,,,,,,,,,,,,,,,,,,,,,0.2835657000541687,,,,,,,,,,,,,,,,,,,,,,,,,,,,,,,,,,,,
20,,,18909,,,,,,,,,,,,,,,,,,,,,,,,,,,,,,,,,,,,0.3910794258117676,,,,,,,,,,,,,,,,,,,,,,,,,,,,,,,,,,,,
20,,,18914,,,,,,,,,,,,,,,,,,,,,,,,,,,,,,,,,,,,0.2682930827140808,,,,,,,,,,,,,,,,,,,,,,,,,,,,,,,,,,,,
20,,,18919,,,,,,,,,,,,,,,,,,,,,,,,,,,,,,,,,,,,0.3178858757019043,,,,,,,,,,,,,,,,,,,,,,,,,,,,,,,,,,,,
20,,,18924,,,,,,,,,,,,,,,,,,,,,,,,,,,,,,,,,,,,0.36788517236709595,,,,,,,,,,,,,,,,,,,,,,,,,,,,,,,,,,,,
20,,,18929,,,,,,,,,,,,,,,,,,,,,,,,,,,,,,,,,,,,0.32774174213409424,,,,,,,,,,,,,,,,,,,,,,,,,,,,,,,,,,,,
20,,,18934,,,,,,,,,,,,,,,,,,,,,,,,,,,,,,,,,,,,0.4438804090023041,,,,,,,,,,,,,,,,,,,,,,,,,,,,,,,,,,,,
20,,,18939,,,,,,,,,,,,,,,,,,,,,,,,,,,,,,,,,,,,0.34024637937545776,,,,,,,,,,,,,,,,,,,,,,,,,,,,,,,,,,,,
20,,,18944,,,,,,,,,,,,,,,,,,,,,,,,,,,,,,,,,,,,0.3289200961589813,,,,,,,,,,,,,,,,,,,,,,,,,,,,,,,,,,,,
20,,,18949,,,,,,,,,,,,,,,,,,,,,,,,,,,,,,,,,,,,0.4008011817932129,,,,,,,,,,,,,,,,,,,,,,,,,,,,,,,,,,,,
20,,,18954,,,,,,,,,,,,,,,,,,,,,,,,,,,,,,,,,,,,0.2978569269180298,,,,,,,,,,,,,,,,,,,,,,,,,,,,,,,,,,,,
20,,,18959,,,,,,,,,,,,,,,,,,,,,,,,,,,,,,,,,,,,0.36732208728790283,,,,,,,,,,,,,,,,,,,,,,,,,,,,,,,,,,,,
20,,,18964,,,,,,,,,,,,,,,,,,,,,,,,,,,,,,,,,,,,0.2553826570510864,,,,,,,,,,,,,,,,,,,,,,,,,,,,,,,,,,,,
20,,,18969,,,,,,,,,,,,,,,,,,,,,,,,,,,,,,,,,,,,0.36045390367507935,,,,,,,,,,,,,,,,,,,,,,,,,,,,,,,,,,,,
20,,,18974,,,,,,,,,,,,,,,,,,,,,,,,,,,,,,,,,,,,0.4254443049430847,,,,,,,,,,,,,,,,,,,,,,,,,,,,,,,,,,,,
20,,,18979,,,,,,,,,,,,,,,,,,,,,,,,,,,,,,,,,,,,0.28272515535354614,,,,,,,,,,,,,,,,,,,,,,,,,,,,,,,,,,,,
20,,,18984,,,,,,,,,,,,,,,,,,,,,,,,,,,,,,,,,,,,0.4572933316230774,,,,,,,,,,,,,,,,,,,,,,,,,,,,,,,,,,,,
20,,,18989,,,,,,,,,,,,,,,,,,,,,,,,,,,,,,,,,,,,0.311434268951416,,,,,,,,,,,,,,,,,,,,,,,,,,,,,,,,,,,,
20,,,18994,,,,,,,,,,,,,,,,,,,,,,,,,,,,,,,,,,,,0.3153189420700073,,,,,,,,,,,,,,,,,,,,,,,,,,,,,,,,,,,,
20,,,18999,,,,,,,,,,,,,,,,,,,,,,,,,,,,,,,,,,,,0.3262614607810974,,,,,,,,,,,,,,,,,,,,,,,,,,,,,,,,,,,,
20,,,19004,,,,,,,,,,,,,,,,,,,,,,,,,,,,,,,,,,,,0.45829862356185913,,,,,,,,,,,,,,,,,,,,,,,,,,,,,,,,,,,,
20,,,19009,,,,,,,,,,,,,,,,,,,,,,,,,,,,,,,,,,,,0.4667019844055176,,,,,,,,,,,,,,,,,,,,,,,,,,,,,,,,,,,,
20,,,19014,,,,,,,,,,,,,,,,,,,,,,,,,,,,,,,,,,,,0.44185906648635864,,,,,,,,,,,,,,,,,,,,,,,,,,,,,,,,,,,,
20,,,19019,,,,,,,,,,,,,,,,,,,,,,,,,,,,,,,,,,,,0.25408267974853516,,,,,,,,,,,,,,,,,,,,,,,,,,,,,,,,,,,,
20,,,19024,,,,,,,,,,,,,,,,,,,,,,,,,,,,,,,,,,,,0.4483855962753296,,,,,,,,,,,,,,,,,,,,,,,,,,,,,,,,,,,,
20,,,19029,,,,,,,,,,,,,,,,,,,,,,,,,,,,,,,,,,,,0.26905521750450134,,,,,,,,,,,,,,,,,,,,,,,,,,,,,,,,,,,,
20,,,19034,,,,,,,,,,,,,,,,,,,,,,,,,,,,,,,,,,,,0.3487905263900757,,,,,,,,,,,,,,,,,,,,,,,,,,,,,,,,,,,,
20,,,19039,,,,,,,,,,,,,,,,,,,,,,,,,,,,,,,,,,,,0.5005440711975098,,,,,,,,,,,,,,,,,,,,,,,,,,,,,,,,,,,,
20,,,19044,,,,,,,,,,,,,,,,,,,,,,,,,,,,,,,,,,,,0.3484266400337219,,,,,,,,,,,,,,,,,,,,,,,,,,,,,,,,,,,,
20,,,19049,,,,,,,,,,,,,,,,,,,,,,,,,,,,,,,,,,,,0.4523756206035614,,,,,,,,,,,,,,,,,,,,,,,,,,,,,,,,,,,,
20,,,19054,,,,,,,,,,,,,,,,,,,,,,,,,,,,,,,,,,,,0.5047618746757507,,,,,,,,,,,,,,,,,,,,,,,,,,,,,,,,,,,,
20,,,19059,,,,,,,,,,,,,,,,,,,,,,,,,,,,,,,,,,,,0.26888927817344666,,,,,,,,,,,,,,,,,,,,,,,,,,,,,,,,,,,,
20,,,19064,,,,,,,,,,,,,,,,,,,,,,,,,,,,,,,,,,,,0.25166794657707214,,,,,,,,,,,,,,,,,,,,,,,,,,,,,,,,,,,,
20,,,19069,,,,,,,,,,,,,,,,,,,,,,,,,,,,,,,,,,,,0.3594024181365967,,,,,,,,,,,,,,,,,,,,,,,,,,,,,,,,,,,,
20,,,19074,,,,,,,,,,,,,,,,,,,,,,,,,,,,,,,,,,,,0.21091216802597046,,,,,,,,,,,,,,,,,,,,,,,,,,,,,,,,,,,,
20,,,19079,,,,,,,,,,,,,,,,,,,,,,,,,,,,,,,,,,,,0.3819900155067444,,,,,,,,,,,,,,,,,,,,,,,,,,,,,,,,,,,,
20,,,19084,,,,,,,,,,,,,,,,,,,,,,,,,,,,,,,,,,,,0.3637421429157257,,,,,,,,,,,,,,,,,,,,,,,,,,,,,,,,,,,,
20,,,19089,,,,,,,,,,,,,,,,,,,,,,,,,,,,,,,,,,,,0.31139034032821655,,,,,,,,,,,,,,,,,,,,,,,,,,,,,,,,,,,,
20,,,19094,,,,,,,,,,,,,,,,,,,,,,,,,,,,,,,,,,,,0.3687887191772461,,,,,,,,,,,,,,,,,,,,,,,,,,,,,,,,,,,,
20,,,19099,,,,,,,,,,,,,,,,,,,,,,,,,,,,,,,,,,,,0.5044516921043396,,,,,,,,,,,,,,,,,,,,,,,,,,,,,,,,,,,,
20,,,19104,,,,,,,,,,,,,,,,,,,,,,,,,,,,,,,,,,,,0.27607461810112,,,,,,,,,,,,,,,,,,,,,,,,,,,,,,,,,,,,
20,,,19109,,,,,,,,,,,,,,,,,,,,,,,,,,,,,,,,,,,,0.18264713883399963,,,,,,,,,,,,,,,,,,,,,,,,,,,,,,,,,,,,
20,,,19114,,,,,,,,,,,,,,,,,,,,,,,,,,,,,,,,,,,,0.34609201550483704,,,,,,,,,,,,,,,,,,,,,,,,,,,,,,,,,,,,
20,,,19119,,,,,,,,,,,,,,,,,,,,,,,,,,,,,,,,,,,,0.39287644624710083,,,,,,,,,,,,,,,,,,,,,,,,,,,,,,,,,,,,
20,,,19124,,,,,,,,,,,,,,,,,,,,,,,,,,,,,,,,,,,,0.4106341004371643,,,,,,,,,,,,,,,,,,,,,,,,,,,,,,,,,,,,
20,,,19129,,,,,,,,,,,,,,,,,,,,,,,,,,,,,,,,,,,,0.38620445132255554,,,,,,,,,,,,,,,,,,,,,,,,,,,,,,,,,,,,
20,,,19134,,,,,,,,,,,,,,,,,,,,,,,,,,,,,,,,,,,,0.4533977210521698,,,,,,,,,,,,,,,,,,,,,,,,,,,,,,,,,,,,
20,,,19139,,,,,,,,,,,,,,,,,,,,,,,,,,,,,,,,,,,,0.3411177396774292,,,,,,,,,,,,,,,,,,,,,,,,,,,,,,,,,,,,
20,,,19144,,,,,,,,,,,,,,,,,,,,,,,,,,,,,,,,,,,,0.384572297334671,,,,,,,,,,,,,,,,,,,,,,,,,,,,,,,,,,,,
20,,,19149,,,,,,,,,,,,,,,,,,,,,,,,,,,,,,,,,,,,0.2934332489967346,,,,,,,,,,,,,,,,,,,,,,,,,,,,,,,,,,,,
20,,,19154,,,,,,,,,,,,,,,,,,,,,,,,,,,,,,,,,,,,0.36464086174964905,,,,,,,,,,,,,,,,,,,,,,,,,,,,,,,,,,,,
20,,,19159,,,,,,,,,,,,,,,,,,,,,,,,,,,,,,,,,,,,0.2227572202682495,,,,,,,,,,,,,,,,,,,,,,,,,,,,,,,,,,,,
20,,,19164,,,,,,,,,,,,,,,,,,,,,,,,,,,,,,,,,,,,0.20683139562606812,,,,,,,,,,,,,,,,,,,,,,,,,,,,,,,,,,,,
20,,,19169,,,,,,,,,,,,,,,,,,,,,,,,,,,,,,,,,,,,0.25244954228401184,,,,,,,,,,,,,,,,,,,,,,,,,,,,,,,,,,,,
20,,,19174,,,,,,,,,,,,,,,,,,,,,,,,,,,,,,,,,,,,0.48798638582229614,,,,,,,,,,,,,,,,,,,,,,,,,,,,,,,,,,,,
20,,,19179,,,,,,,,,,,,,,,,,,,,,,,,,,,,,,,,,,,,0.2806170582771301,,,,,,,,,,,,,,,,,,,,,,,,,,,,,,,,,,,,
20,,,19184,,,,,,,,,,,,,,,,,,,,,,,,,,,,,,,,,,,,0.3519585430622101,,,,,,,,,,,,,,,,,,,,,,,,,,,,,,,,,,,,
20,,,19189,,,,,,,,,,,,,,,,,,,,,,,,,,,,,,,,,,,,0.36515122652053833,,,,,,,,,,,,,,,,,,,,,,,,,,,,,,,,,,,,
20,,,19194,,,,,,,,,,,,,,,,,,,,,,,,,,,,,,,,,,,,0.5233410596847534,,,,,,,,,,,,,,,,,,,,,,,,,,,,,,,,,,,,
20,,,19199,,,,,,,,,,,,,,,,,,,,,,,,,,,,,,,,,,,,0.345595121383667,,,,,,,,,,,,,,,,,,,,,,,,,,,,,,,,,,,,
20,,,19204,,,,,,,,,,,,,,,,,,,,,,,,,,,,,,,,,,,,0.26139238476753235,,,,,,,,,,,,,,,,,,,,,,,,,,,,,,,,,,,,
20,,,19209,,,,,,,,,,,,,,,,,,,,,,,,,,,,,,,,,,,,0.4621897339820862,,,,,,,,,,,,,,,,,,,,,,,,,,,,,,,,,,,,
20,,,19214,,,,,,,,,,,,,,,,,,,,,,,,,,,,,,,,,,,,0.27382391691207886,,,,,,,,,,,,,,,,,,,,,,,,,,,,,,,,,,,,
20,,,19219,,,,,,,,,,,,,,,,,,,,,,,,,,,,,,,,,,,,0.2757195830345154,,,,,,,,,,,,,,,,,,,,,,,,,,,,,,,,,,,,
20,,,19224,,,,,,,,,,,,,,,,,,,,,,,,,,,,,,,,,,,,0.5328922271728516,,,,,,,,,,,,,,,,,,,,,,,,,,,,,,,,,,,,
20,,,19229,,,,,,,,,,,,,,,,,,,,,,,,,,,,,,,,,,,,0.4285118579864502,,,,,,,,,,,,,,,,,,,,,,,,,,,,,,,,,,,,
20,,,19234,,,,,,,,,,,,,,,,,,,,,,,,,,,,,,,,,,,,0.5164362788200378,,,,,,,,,,,,,,,,,,,,,,,,,,,,,,,,,,,,
20,,,19239,,,,,,,,,,,,,,,,,,,,,,,,,,,,,,,,,,,,0.4449836015701294,,,,,,,,,,,,,,,,,,,,,,,,,,,,,,,,,,,,
20,,,19244,,,,,,,,,,,,,,,,,,,,,,,,,,,,,,,,,,,,0.2971849739551544,,,,,,,,,,,,,,,,,,,,,,,,,,,,,,,,,,,,
20,,,19249,,,,,,,,,,,,,,,,,,,,,,,,,,,,,,,,,,,,0.5099051594734192,,,,,,,,,,,,,,,,,,,,,,,,,,,,,,,,,,,,
20,,,19254,,,,,,,,,,,,,,,,,,,,,,,,,,,,,,,,,,,,0.22784113883972168,,,,,,,,,,,,,,,,,,,,,,,,,,,,,,,,,,,,
20,,,19259,,,,,,,,,,,,,,,,,,,,,,,,,,,,,,,,,,,,0.3374474048614502,,,,,,,,,,,,,,,,,,,,,,,,,,,,,,,,,,,,
20,,,19264,,,,,,,,,,,,,,,,,,,,,,,,,,,,,,,,,,,,0.4242015480995178,,,,,,,,,,,,,,,,,,,,,,,,,,,,,,,,,,,,
20,,,19269,,,,,,,,,,,,,,,,,,,,,,,,,,,,,,,,,,,,0.3285214900970459,,,,,,,,,,,,,,,,,,,,,,,,,,,,,,,,,,,,
20,,,19274,,,,,,,,,,,,,,,,,,,,,,,,,,,,,,,,,,,,0.5151283144950867,,,,,,,,,,,,,,,,,,,,,,,,,,,,,,,,,,,,
20,,,19279,,,,,,,,,,,,,,,,,,,,,,,,,,,,,,,,,,,,0.25156426429748535,,,,,,,,,,,,,,,,,,,,,,,,,,,,,,,,,,,,
20,,,19284,,,,,,,,,,,,,,,,,,,,,,,,,,,,,,,,,,,,0.3943609595298767,,,,,,,,,,,,,,,,,,,,,,,,,,,,,,,,,,,,
20,,,19289,,,,,,,,,,,,,,,,,,,,,,,,,,,,,,,,,,,,0.2604488730430603,,,,,,,,,,,,,,,,,,,,,,,,,,,,,,,,,,,,
20,,,19294,,,,,,,,,,,,,,,,,,,,,,,,,,,,,,,,,,,,0.27189844846725464,,,,,,,,,,,,,,,,,,,,,,,,,,,,,,,,,,,,
20,,,19299,,,,,,,,,,,,,,,,,,,,,,,,,,,,,,,,,,,,0.4926108419895172,,,,,,,,,,,,,,,,,,,,,,,,,,,,,,,,,,,,
20,,,19304,,,,,,,,,,,,,,,,,,,,,,,,,,,,,,,,,,,,0.41692572832107544,,,,,,,,,,,,,,,,,,,,,,,,,,,,,,,,,,,,
20,,,19309,,,,,,,,,,,,,,,,,,,,,,,,,,,,,,,,,,,,0.25344955921173096,,,,,,,,,,,,,,,,,,,,,,,,,,,,,,,,,,,,
20,,,19314,,,,,,,,,,,,,,,,,,,,,,,,,,,,,,,,,,,,0.4611928462982178,,,,,,,,,,,,,,,,,,,,,,,,,,,,,,,,,,,,
20,,,19319,,,,,,,,,,,,,,,,,,,,,,,,,,,,,,,,,,,,0.21991071105003357,,,,,,,,,,,,,,,,,,,,,,,,,,,,,,,,,,,,
20,,,19324,,,,,,,,,,,,,,,,,,,,,,,,,,,,,,,,,,,,0.33704280853271484,,,,,,,,,,,,,,,,,,,,,,,,,,,,,,,,,,,,
20,,,19329,,,,,,,,,,,,,,,,,,,,,,,,,,,,,,,,,,,,0.48946595191955566,,,,,,,,,,,,,,,,,,,,,,,,,,,,,,,,,,,,
20,,,19334,,,,,,,,,,,,,,,,,,,,,,,,,,,,,,,,,,,,0.44228968024253845,,,,,,,,,,,,,,,,,,,,,,,,,,,,,,,,,,,,
20,,,19339,,,,,,,,,,,,,,,,,,,,,,,,,,,,,,,,,,,,0.2560572922229767,,,,,,,,,,,,,,,,,,,,,,,,,,,,,,,,,,,,
